run_id,stage,operation,baseline_type,simulation_id,started_at_utc,ended_at_utc,elapsed_seconds,status,rows_in,rows_out,output_path,error_message
20260705T193434Z,rolling_baselines,read_baseline_returns,shuffle,0,2026-07-05T19:34:35.335291+00:00,2026-07-05T19:34:35.421982+00:00,0.08665980002842844,success,735232,735232,data\derived\monte_carlo_baselines\returns\shuffle\shuffle_sim_000.parquet,
20260705T193434Z,rolling_baselines,compute_rolling_metrics_w2048,shuffle,0,2026-07-05T19:34:35.422016+00:00,2026-07-05T19:34:36.552726+00:00,1.1306805999483913,success,735232,162,,
20260705T193434Z,rolling_baselines,compute_rolling_metrics_w8192,shuffle,0,2026-07-05T19:34:36.552742+00:00,2026-07-05T19:34:41.909445+00:00,5.356673200032674,success,735232,162,,
20260705T193434Z,rolling_baselines,compute_simulation_rolling_correlations,shuffle,0,2026-07-05T19:34:35.335272+00:00,2026-07-05T19:34:41.909488+00:00,6.5741965000052005,success,735232,324,data\derived\monte_carlo_baselines\returns\shuffle\shuffle_sim_000.parquet,
20260705T193434Z,rolling_baselines,read_baseline_returns,shuffle,1,2026-07-05T19:34:35.397446+00:00,2026-07-05T19:34:35.494698+00:00,0.09722749993670732,success,735232,735232,data\derived\monte_carlo_baselines\returns\shuffle\shuffle_sim_001.parquet,
20260705T193434Z,rolling_baselines,compute_rolling_metrics_w2048,shuffle,1,2026-07-05T19:34:35.494721+00:00,2026-07-05T19:34:36.545893+00:00,1.051139699993655,success,735232,162,,
20260705T193434Z,rolling_baselines,compute_rolling_metrics_w8192,shuffle,1,2026-07-05T19:34:36.545909+00:00,2026-07-05T19:34:40.483694+00:00,3.9377633000258356,success,735232,162,,
20260705T193434Z,rolling_baselines,compute_simulation_rolling_correlations,shuffle,1,2026-07-05T19:34:35.397428+00:00,2026-07-05T19:34:40.484020+00:00,5.0865657000103965,success,735232,324,data\derived\monte_carlo_baselines\returns\shuffle\shuffle_sim_001.parquet,
20260705T193434Z,rolling_baselines,read_baseline_returns,shuffle,2,2026-07-05T19:34:35.382295+00:00,2026-07-05T19:34:35.479728+00:00,0.09740770002827048,success,735232,735232,data\derived\monte_carlo_baselines\returns\shuffle\shuffle_sim_002.parquet,
20260705T193434Z,rolling_baselines,compute_rolling_metrics_w2048,shuffle,2,2026-07-05T19:34:35.479753+00:00,2026-07-05T19:34:36.525711+00:00,1.0459265999961644,success,735232,162,,
20260705T193434Z,rolling_baselines,compute_rolling_metrics_w8192,shuffle,2,2026-07-05T19:34:36.525727+00:00,2026-07-05T19:34:40.493781+00:00,3.9680303999921307,success,735232,162,,
20260705T193434Z,rolling_baselines,compute_simulation_rolling_correlations,shuffle,2,2026-07-05T19:34:35.382278+00:00,2026-07-05T19:34:40.494084+00:00,5.1117863999679685,success,735232,324,data\derived\monte_carlo_baselines\returns\shuffle\shuffle_sim_002.parquet,
20260705T193434Z,rolling_baselines,read_baseline_returns,shuffle,3,2026-07-05T19:34:35.353159+00:00,2026-07-05T19:34:35.433270+00:00,0.08008969994261861,success,735232,735232,data\derived\monte_carlo_baselines\returns\shuffle\shuffle_sim_003.parquet,
20260705T193434Z,rolling_baselines,compute_rolling_metrics_w2048,shuffle,3,2026-07-05T19:34:35.433294+00:00,2026-07-05T19:34:36.496326+00:00,1.0629811000544578,success,735232,162,,
20260705T193434Z,rolling_baselines,compute_rolling_metrics_w8192,shuffle,3,2026-07-05T19:34:36.496346+00:00,2026-07-05T19:34:40.428755+00:00,3.932384500047192,success,735232,162,,
20260705T193434Z,rolling_baselines,compute_simulation_rolling_correlations,shuffle,3,2026-07-05T19:34:35.353142+00:00,2026-07-05T19:34:40.428782+00:00,5.0756248000543565,success,735232,324,data\derived\monte_carlo_baselines\returns\shuffle\shuffle_sim_003.parquet,
20260705T193434Z,rolling_baselines,read_baseline_returns,shuffle,4,2026-07-05T19:34:40.429859+00:00,2026-07-05T19:34:40.458929+00:00,0.029043199960142374,success,735232,735232,data\derived\monte_carlo_baselines\returns\shuffle\shuffle_sim_004.parquet,
20260705T193434Z,rolling_baselines,compute_rolling_metrics_w2048,shuffle,4,2026-07-05T19:34:40.458959+00:00,2026-07-05T19:34:41.881362+00:00,1.4223808000097051,success,735232,162,,
20260705T193434Z,rolling_baselines,compute_rolling_metrics_w8192,shuffle,4,2026-07-05T19:34:41.881374+00:00,2026-07-05T19:34:45.808919+00:00,3.927515299990773,success,735232,162,,
20260705T193434Z,rolling_baselines,compute_simulation_rolling_correlations,shuffle,4,2026-07-05T19:34:40.429847+00:00,2026-07-05T19:34:45.808969+00:00,5.379109600093216,success,735232,324,data\derived\monte_carlo_baselines\returns\shuffle\shuffle_sim_004.parquet,
20260705T193434Z,rolling_baselines,read_baseline_returns,shuffle,5,2026-07-05T19:34:40.485074+00:00,2026-07-05T19:34:40.525475+00:00,0.040373100084252656,success,735232,735232,data\derived\monte_carlo_baselines\returns\shuffle\shuffle_sim_005.parquet,
20260705T193434Z,rolling_baselines,compute_rolling_metrics_w2048,shuffle,5,2026-07-05T19:34:40.525505+00:00,2026-07-05T19:34:41.957133+00:00,1.4316063999431208,success,735232,162,,
20260705T193434Z,rolling_baselines,compute_rolling_metrics_w8192,shuffle,5,2026-07-05T19:34:41.957141+00:00,2026-07-05T19:34:46.014458+00:00,4.057297000079416,success,735232,162,,
20260705T193434Z,rolling_baselines,compute_simulation_rolling_correlations,shuffle,5,2026-07-05T19:34:40.485065+00:00,2026-07-05T19:34:46.014482+00:00,5.529405999928713,success,735232,324,data\derived\monte_carlo_baselines\returns\shuffle\shuffle_sim_005.parquet,
20260705T193434Z,rolling_baselines,read_baseline_returns,shuffle,6,2026-07-05T19:34:40.495022+00:00,2026-07-05T19:34:40.529884+00:00,0.03483249992132187,success,735232,735232,data\derived\monte_carlo_baselines\returns\shuffle\shuffle_sim_006.parquet,
20260705T193434Z,rolling_baselines,compute_rolling_metrics_w2048,shuffle,6,2026-07-05T19:34:40.529915+00:00,2026-07-05T19:34:41.897399+00:00,1.367456200066954,success,735232,162,,
20260705T193434Z,rolling_baselines,compute_rolling_metrics_w8192,shuffle,6,2026-07-05T19:34:41.897416+00:00,2026-07-05T19:34:45.944915+00:00,4.047480899957009,success,735232,162,,
20260705T193434Z,rolling_baselines,compute_simulation_rolling_correlations,shuffle,6,2026-07-05T19:34:40.495011+00:00,2026-07-05T19:34:45.944950+00:00,5.449929199996404,success,735232,324,data\derived\monte_carlo_baselines\returns\shuffle\shuffle_sim_006.parquet,
20260705T193434Z,rolling_baselines,read_baseline_returns,shuffle,7,2026-07-05T19:34:41.910785+00:00,2026-07-05T19:34:41.944743+00:00,0.033930699923075736,success,735232,735232,data\derived\monte_carlo_baselines\returns\shuffle\shuffle_sim_007.parquet,
20260705T193434Z,rolling_baselines,compute_rolling_metrics_w2048,shuffle,7,2026-07-05T19:34:41.944774+00:00,2026-07-05T19:34:43.317254+00:00,1.3724580000853166,success,735232,162,,
20260705T193434Z,rolling_baselines,compute_rolling_metrics_w8192,shuffle,7,2026-07-05T19:34:43.317266+00:00,2026-07-05T19:34:48.426336+00:00,5.109052100102417,success,735232,162,,
20260705T193434Z,rolling_baselines,compute_simulation_rolling_correlations,shuffle,7,2026-07-05T19:34:41.910770+00:00,2026-07-05T19:34:48.426361+00:00,6.515580100007355,success,735232,324,data\derived\monte_carlo_baselines\returns\shuffle\shuffle_sim_007.parquet,
20260705T193434Z,rolling_baselines,read_baseline_returns,shuffle,8,2026-07-05T19:34:45.819011+00:00,2026-07-05T19:34:45.883554+00:00,0.06451789999846369,success,735232,735232,data\derived\monte_carlo_baselines\returns\shuffle\shuffle_sim_008.parquet,
20260705T193434Z,rolling_baselines,compute_rolling_metrics_w2048,shuffle,8,2026-07-05T19:34:45.883580+00:00,2026-07-05T19:34:48.348077+00:00,2.4644846000010148,success,735232,162,,
20260705T193434Z,rolling_baselines,compute_rolling_metrics_w8192,shuffle,8,2026-07-05T19:34:48.348082+00:00,2026-07-05T19:34:52.201000+00:00,3.8528876999625936,success,735232,162,,
20260705T193434Z,rolling_baselines,compute_simulation_rolling_correlations,shuffle,8,2026-07-05T19:34:45.819002+00:00,2026-07-05T19:34:52.201034+00:00,6.382016299990937,success,735232,324,data\derived\monte_carlo_baselines\returns\shuffle\shuffle_sim_008.parquet,
20260705T193434Z,rolling_baselines,read_baseline_returns,shuffle,9,2026-07-05T19:34:45.955395+00:00,2026-07-05T19:34:46.017438+00:00,0.06202579999808222,success,735232,735232,data\derived\monte_carlo_baselines\returns\shuffle\shuffle_sim_009.parquet,
20260705T193434Z,rolling_baselines,compute_rolling_metrics_w2048,shuffle,9,2026-07-05T19:34:46.017461+00:00,2026-07-05T19:34:48.431636+00:00,2.41416060004849,success,735232,162,,
20260705T193434Z,rolling_baselines,compute_rolling_metrics_w8192,shuffle,9,2026-07-05T19:34:48.431645+00:00,2026-07-05T19:34:52.177572+00:00,3.745906600030139,success,735232,162,,
20260705T193434Z,rolling_baselines,compute_simulation_rolling_correlations,shuffle,9,2026-07-05T19:34:45.955378+00:00,2026-07-05T19:34:52.177601+00:00,6.222209900035523,success,735232,324,data\derived\monte_carlo_baselines\returns\shuffle\shuffle_sim_009.parquet,
20260705T193434Z,rolling_baselines,read_baseline_returns,shuffle,10,2026-07-05T19:34:46.015517+00:00,2026-07-05T19:34:46.054667+00:00,0.03912640002090484,success,735232,735232,data\derived\monte_carlo_baselines\returns\shuffle\shuffle_sim_010.parquet,
20260705T193434Z,rolling_baselines,compute_rolling_metrics_w2048,shuffle,10,2026-07-05T19:34:46.054691+00:00,2026-07-05T19:34:48.375464+00:00,2.320735999965109,success,735232,162,,
20260705T193434Z,rolling_baselines,compute_rolling_metrics_w8192,shuffle,10,2026-07-05T19:34:48.375481+00:00,2026-07-05T19:34:52.134735+00:00,3.759233899996616,success,735232,162,,
20260705T193434Z,rolling_baselines,compute_simulation_rolling_correlations,shuffle,10,2026-07-05T19:34:46.015511+00:00,2026-07-05T19:34:52.134758+00:00,6.119240899919532,success,735232,324,data\derived\monte_carlo_baselines\returns\shuffle\shuffle_sim_010.parquet,
20260705T193434Z,rolling_baselines,read_baseline_returns,shuffle,11,2026-07-05T19:34:48.437363+00:00,2026-07-05T19:34:48.507784+00:00,0.07039430004078895,success,735232,735232,data\derived\monte_carlo_baselines\returns\shuffle\shuffle_sim_011.parquet,
20260705T193434Z,rolling_baselines,compute_rolling_metrics_w2048,shuffle,11,2026-07-05T19:34:48.507811+00:00,2026-07-05T19:34:50.673011+00:00,2.165180000010878,success,735232,162,,
20260705T193434Z,rolling_baselines,compute_rolling_metrics_w8192,shuffle,11,2026-07-05T19:34:50.673021+00:00,2026-07-05T19:34:53.174868+00:00,2.501825600047596,success,735232,162,,
20260705T193434Z,rolling_baselines,compute_simulation_rolling_correlations,shuffle,11,2026-07-05T19:34:48.437355+00:00,2026-07-05T19:34:53.174900+00:00,4.737534200074151,success,735232,324,data\derived\monte_carlo_baselines\returns\shuffle\shuffle_sim_011.parquet,
20260705T193434Z,rolling_baselines,read_baseline_returns,shuffle,12,2026-07-05T19:34:52.135481+00:00,2026-07-05T19:34:52.161154+00:00,0.025643799919635057,success,735232,735232,data\derived\monte_carlo_baselines\returns\shuffle\shuffle_sim_012.parquet,
20260705T193434Z,rolling_baselines,compute_rolling_metrics_w2048,shuffle,12,2026-07-05T19:34:52.161182+00:00,2026-07-05T19:34:53.283961+00:00,1.1227576999226585,success,735232,162,,
20260705T193434Z,rolling_baselines,compute_rolling_metrics_w8192,shuffle,12,2026-07-05T19:34:53.283971+00:00,2026-07-05T19:34:56.163521+00:00,2.8795297000324354,success,735232,162,,
20260705T193434Z,rolling_baselines,compute_simulation_rolling_correlations,shuffle,12,2026-07-05T19:34:52.135471+00:00,2026-07-05T19:34:56.163555+00:00,4.028074500034563,success,735232,324,data\derived\monte_carlo_baselines\returns\shuffle\shuffle_sim_012.parquet,
20260705T193434Z,rolling_baselines,read_baseline_returns,shuffle,13,2026-07-05T19:34:52.178549+00:00,2026-07-05T19:34:52.208597+00:00,0.03002159995958209,success,735232,735232,data\derived\monte_carlo_baselines\returns\shuffle\shuffle_sim_013.parquet,
20260705T193434Z,rolling_baselines,compute_rolling_metrics_w2048,shuffle,13,2026-07-05T19:34:52.208627+00:00,2026-07-05T19:34:53.312971+00:00,1.104323000065051,success,735232,162,,
20260705T193434Z,rolling_baselines,compute_rolling_metrics_w8192,shuffle,13,2026-07-05T19:34:53.312981+00:00,2026-07-05T19:34:56.123282+00:00,2.810270299902186,success,735232,162,,
20260705T193434Z,rolling_baselines,compute_simulation_rolling_correlations,shuffle,13,2026-07-05T19:34:52.178538+00:00,2026-07-05T19:34:56.123363+00:00,3.944795100018382,success,735232,324,data\derived\monte_carlo_baselines\returns\shuffle\shuffle_sim_013.parquet,
20260705T193434Z,rolling_baselines,read_baseline_returns,shuffle,14,2026-07-05T19:34:52.202314+00:00,2026-07-05T19:34:52.231528+00:00,0.029188200016506016,success,735232,735232,data\derived\monte_carlo_baselines\returns\shuffle\shuffle_sim_014.parquet,
20260705T193434Z,rolling_baselines,compute_rolling_metrics_w2048,shuffle,14,2026-07-05T19:34:52.231555+00:00,2026-07-05T19:34:53.413012+00:00,1.181436299928464,success,735232,162,,
20260705T193434Z,rolling_baselines,compute_rolling_metrics_w8192,shuffle,14,2026-07-05T19:34:53.413024+00:00,2026-07-05T19:34:56.214679+00:00,2.801635400042869,success,735232,162,,
20260705T193434Z,rolling_baselines,compute_simulation_rolling_correlations,shuffle,14,2026-07-05T19:34:52.202298+00:00,2026-07-05T19:34:56.214701+00:00,4.012389299925417,success,735232,324,data\derived\monte_carlo_baselines\returns\shuffle\shuffle_sim_014.parquet,
20260705T193434Z,rolling_baselines,read_baseline_returns,shuffle,15,2026-07-05T19:34:53.176435+00:00,2026-07-05T19:34:53.211853+00:00,0.03539420000743121,success,735232,735232,data\derived\monte_carlo_baselines\returns\shuffle\shuffle_sim_015.parquet,
20260705T193434Z,rolling_baselines,compute_rolling_metrics_w2048,shuffle,15,2026-07-05T19:34:53.211878+00:00,2026-07-05T19:34:54.343846+00:00,1.1319473999319598,success,735232,162,,
20260705T193434Z,rolling_baselines,compute_rolling_metrics_w8192,shuffle,15,2026-07-05T19:34:54.343856+00:00,2026-07-05T19:34:57.223256+00:00,2.879374500014819,success,735232,162,,
20260705T193434Z,rolling_baselines,compute_simulation_rolling_correlations,shuffle,15,2026-07-05T19:34:53.176423+00:00,2026-07-05T19:34:57.223281+00:00,4.046846100012772,success,735232,324,data\derived\monte_carlo_baselines\returns\shuffle\shuffle_sim_015.parquet,
20260705T193434Z,rolling_baselines,read_baseline_returns,shuffle,16,2026-07-05T19:34:56.124671+00:00,2026-07-05T19:34:56.153668+00:00,0.028973500011488795,success,735232,735232,data\derived\monte_carlo_baselines\returns\shuffle\shuffle_sim_016.parquet,
20260705T193434Z,rolling_baselines,compute_rolling_metrics_w2048,shuffle,16,2026-07-05T19:34:56.153694+00:00,2026-07-05T19:34:57.316872+00:00,1.163159399991855,success,735232,162,,
20260705T193434Z,rolling_baselines,compute_rolling_metrics_w8192,shuffle,16,2026-07-05T19:34:57.316882+00:00,2026-07-05T19:35:00.876941+00:00,3.5600366999860853,success,735232,162,,
20260705T193434Z,rolling_baselines,compute_simulation_rolling_correlations,shuffle,16,2026-07-05T19:34:56.124660+00:00,2026-07-05T19:35:00.876979+00:00,4.752307799994014,success,735232,324,data\derived\monte_carlo_baselines\returns\shuffle\shuffle_sim_016.parquet,
20260705T193434Z,rolling_baselines,read_baseline_returns,shuffle,17,2026-07-05T19:34:56.164391+00:00,2026-07-05T19:34:56.197037+00:00,0.032622599974274635,success,735232,735232,data\derived\monte_carlo_baselines\returns\shuffle\shuffle_sim_017.parquet,
20260705T193434Z,rolling_baselines,compute_rolling_metrics_w2048,shuffle,17,2026-07-05T19:34:56.197060+00:00,2026-07-05T19:34:57.426973+00:00,1.229886999935843,success,735232,162,,
20260705T193434Z,rolling_baselines,compute_rolling_metrics_w8192,shuffle,17,2026-07-05T19:34:57.426987+00:00,2026-07-05T19:35:01.115949+00:00,3.6889409999130294,success,735232,162,,
20260705T193434Z,rolling_baselines,compute_simulation_rolling_correlations,shuffle,17,2026-07-05T19:34:56.164380+00:00,2026-07-05T19:35:01.115971+00:00,4.951580900000408,success,735232,324,data\derived\monte_carlo_baselines\returns\shuffle\shuffle_sim_017.parquet,
20260705T193434Z,rolling_baselines,read_baseline_returns,shuffle,18,2026-07-05T19:34:56.215962+00:00,2026-07-05T19:34:56.247774+00:00,0.03178650001063943,success,735232,735232,data\derived\monte_carlo_baselines\returns\shuffle\shuffle_sim_018.parquet,
20260705T193434Z,rolling_baselines,compute_rolling_metrics_w2048,shuffle,18,2026-07-05T19:34:56.247800+00:00,2026-07-05T19:34:57.412893+00:00,1.1650722000049427,success,735232,162,,
20260705T193434Z,rolling_baselines,compute_rolling_metrics_w8192,shuffle,18,2026-07-05T19:34:57.412903+00:00,2026-07-05T19:35:00.982028+00:00,3.569104599999264,success,735232,162,,
20260705T193434Z,rolling_baselines,compute_simulation_rolling_correlations,shuffle,18,2026-07-05T19:34:56.215952+00:00,2026-07-05T19:35:00.982048+00:00,4.7660866000223905,success,735232,324,data\derived\monte_carlo_baselines\returns\shuffle\shuffle_sim_018.parquet,
20260705T193434Z,rolling_baselines,read_baseline_returns,shuffle,19,2026-07-05T19:34:57.224051+00:00,2026-07-05T19:34:57.253556+00:00,0.029482900048606098,success,735232,735232,data\derived\monte_carlo_baselines\returns\shuffle\shuffle_sim_019.parquet,
20260705T193434Z,rolling_baselines,compute_rolling_metrics_w2048,shuffle,19,2026-07-05T19:34:57.253580+00:00,2026-07-05T19:34:58.391896+00:00,1.138283499982208,success,735232,162,,
20260705T193434Z,rolling_baselines,compute_rolling_metrics_w8192,shuffle,19,2026-07-05T19:34:58.391906+00:00,2026-07-05T19:35:01.933298+00:00,3.541370899998583,success,735232,162,,
20260705T193434Z,rolling_baselines,compute_simulation_rolling_correlations,shuffle,19,2026-07-05T19:34:57.224042+00:00,2026-07-05T19:35:01.933330+00:00,4.70927779993508,success,735232,324,data\derived\monte_carlo_baselines\returns\shuffle\shuffle_sim_019.parquet,
20260705T193434Z,rolling_baselines,read_baseline_returns,shuffle,20,2026-07-05T19:35:00.877877+00:00,2026-07-05T19:35:00.902169+00:00,0.024267700035125017,success,735232,735232,data\derived\monte_carlo_baselines\returns\shuffle\shuffle_sim_020.parquet,
20260705T193434Z,rolling_baselines,compute_rolling_metrics_w2048,shuffle,20,2026-07-05T19:35:00.902192+00:00,2026-07-05T19:35:01.948181+00:00,1.0459644999355078,success,735232,162,,
20260705T193434Z,rolling_baselines,compute_rolling_metrics_w8192,shuffle,20,2026-07-05T19:35:01.948192+00:00,2026-07-05T19:35:04.545278+00:00,2.597065999987535,success,735232,162,,
20260705T193434Z,rolling_baselines,compute_simulation_rolling_correlations,shuffle,20,2026-07-05T19:35:00.877867+00:00,2026-07-05T19:35:04.545297+00:00,3.6674203000729904,success,735232,324,data\derived\monte_carlo_baselines\returns\shuffle\shuffle_sim_020.parquet,
20260705T193434Z,rolling_baselines,read_baseline_returns,shuffle,21,2026-07-05T19:35:00.984350+00:00,2026-07-05T19:35:01.009507+00:00,0.025131399976089597,success,735232,735232,data\derived\monte_carlo_baselines\returns\shuffle\shuffle_sim_021.parquet,
20260705T193434Z,rolling_baselines,compute_rolling_metrics_w2048,shuffle,21,2026-07-05T19:35:01.009533+00:00,2026-07-05T19:35:02.055979+00:00,1.0464223999297246,success,735232,162,,
20260705T193434Z,rolling_baselines,compute_rolling_metrics_w8192,shuffle,21,2026-07-05T19:35:02.055991+00:00,2026-07-05T19:35:04.699019+00:00,2.643007899983786,success,735232,162,,
20260705T193434Z,rolling_baselines,compute_simulation_rolling_correlations,shuffle,21,2026-07-05T19:35:00.984336+00:00,2026-07-05T19:35:04.699038+00:00,3.714689000044018,success,735232,324,data\derived\monte_carlo_baselines\returns\shuffle\shuffle_sim_021.parquet,
20260705T193434Z,rolling_baselines,read_baseline_returns,shuffle,22,2026-07-05T19:35:01.116858+00:00,2026-07-05T19:35:01.152078+00:00,0.035197599907405674,success,735232,735232,data\derived\monte_carlo_baselines\returns\shuffle\shuffle_sim_022.parquet,
20260705T193434Z,rolling_baselines,compute_rolling_metrics_w2048,shuffle,22,2026-07-05T19:35:01.152102+00:00,2026-07-05T19:35:02.245190+00:00,1.0930473000044003,success,735232,162,,
20260705T193434Z,rolling_baselines,compute_rolling_metrics_w8192,shuffle,22,2026-07-05T19:35:02.245203+00:00,2026-07-05T19:35:04.779136+00:00,2.5339122000150383,success,735232,162,,
20260705T193434Z,rolling_baselines,compute_simulation_rolling_correlations,shuffle,22,2026-07-05T19:35:01.116845+00:00,2026-07-05T19:35:04.779158+00:00,3.6623024999862537,success,735232,324,data\derived\monte_carlo_baselines\returns\shuffle\shuffle_sim_022.parquet,
20260705T193434Z,rolling_baselines,read_baseline_returns,shuffle,23,2026-07-05T19:35:01.934182+00:00,2026-07-05T19:35:01.975443+00:00,0.041235500015318394,success,735232,735232,data\derived\monte_carlo_baselines\returns\shuffle\shuffle_sim_023.parquet,
20260705T193434Z,rolling_baselines,compute_rolling_metrics_w2048,shuffle,23,2026-07-05T19:35:01.975472+00:00,2026-07-05T19:35:03.140549+00:00,1.1650558999972418,success,735232,162,,
20260705T193434Z,rolling_baselines,compute_rolling_metrics_w8192,shuffle,23,2026-07-05T19:35:03.140560+00:00,2026-07-05T19:35:06.002248+00:00,2.8616697000106797,success,735232,162,,
20260705T193434Z,rolling_baselines,compute_simulation_rolling_correlations,shuffle,23,2026-07-05T19:35:01.934171+00:00,2026-07-05T19:35:06.002264+00:00,4.068083199905232,success,735232,324,data\derived\monte_carlo_baselines\returns\shuffle\shuffle_sim_023.parquet,
20260705T193434Z,rolling_baselines,read_baseline_returns,shuffle,24,2026-07-05T19:35:04.546249+00:00,2026-07-05T19:35:04.581904+00:00,0.035627500037662685,success,735232,735232,data\derived\monte_carlo_baselines\returns\shuffle\shuffle_sim_024.parquet,
20260705T193434Z,rolling_baselines,compute_rolling_metrics_w2048,shuffle,24,2026-07-05T19:35:04.581930+00:00,2026-07-05T19:35:06.179339+00:00,1.5973960000555962,success,735232,162,,
20260705T193434Z,rolling_baselines,compute_rolling_metrics_w8192,shuffle,24,2026-07-05T19:35:06.179345+00:00,2026-07-05T19:35:09.161128+00:00,2.9817646999144927,success,735232,162,,
20260705T193434Z,rolling_baselines,compute_simulation_rolling_correlations,shuffle,24,2026-07-05T19:35:04.546237+00:00,2026-07-05T19:35:09.161155+00:00,4.614907999988645,success,735232,324,data\derived\monte_carlo_baselines\returns\shuffle\shuffle_sim_024.parquet,
20260705T193434Z,rolling_baselines,read_baseline_returns,shuffle,25,2026-07-05T19:35:04.699971+00:00,2026-07-05T19:35:04.731822+00:00,0.03182660008314997,success,735232,735232,data\derived\monte_carlo_baselines\returns\shuffle\shuffle_sim_025.parquet,
20260705T193434Z,rolling_baselines,compute_rolling_metrics_w2048,shuffle,25,2026-07-05T19:35:04.731848+00:00,2026-07-05T19:35:06.467081+00:00,1.7352126000914723,success,735232,162,,
20260705T193434Z,rolling_baselines,compute_rolling_metrics_w8192,shuffle,25,2026-07-05T19:35:06.467090+00:00,2026-07-05T19:35:09.281238+00:00,2.814128899946809,success,735232,162,,
20260705T193434Z,rolling_baselines,compute_simulation_rolling_correlations,shuffle,25,2026-07-05T19:35:04.699959+00:00,2026-07-05T19:35:09.281255+00:00,4.581285399966873,success,735232,324,data\derived\monte_carlo_baselines\returns\shuffle\shuffle_sim_025.parquet,
20260705T193434Z,rolling_baselines,read_baseline_returns,shuffle,26,2026-07-05T19:35:04.780013+00:00,2026-07-05T19:35:04.811314+00:00,0.03127679997123778,success,735232,735232,data\derived\monte_carlo_baselines\returns\shuffle\shuffle_sim_026.parquet,
20260705T193434Z,rolling_baselines,compute_rolling_metrics_w2048,shuffle,26,2026-07-05T19:35:04.811338+00:00,2026-07-05T19:35:06.592780+00:00,1.781422800035216,success,735232,162,,
20260705T193434Z,rolling_baselines,compute_rolling_metrics_w8192,shuffle,26,2026-07-05T19:35:06.592789+00:00,2026-07-05T19:35:09.476265+00:00,2.88345510000363,success,735232,162,,
20260705T193434Z,rolling_baselines,compute_simulation_rolling_correlations,shuffle,26,2026-07-05T19:35:04.780003+00:00,2026-07-05T19:35:09.476284+00:00,4.696271700086072,success,735232,324,data\derived\monte_carlo_baselines\returns\shuffle\shuffle_sim_026.parquet,
20260705T193434Z,rolling_baselines,read_baseline_returns,shuffle,27,2026-07-05T19:35:06.003236+00:00,2026-07-05T19:35:06.077776+00:00,0.07449039991479367,success,735232,735232,data\derived\monte_carlo_baselines\returns\shuffle\shuffle_sim_027.parquet,
20260705T193434Z,rolling_baselines,compute_rolling_metrics_w2048,shuffle,27,2026-07-05T19:35:06.077824+00:00,2026-07-05T19:35:07.344592+00:00,1.2667495999485254,success,735232,162,,
20260705T193434Z,rolling_baselines,compute_rolling_metrics_w8192,shuffle,27,2026-07-05T19:35:07.344601+00:00,2026-07-05T19:35:10.345776+00:00,3.001156400074251,success,735232,162,,
20260705T193434Z,rolling_baselines,compute_simulation_rolling_correlations,shuffle,27,2026-07-05T19:35:06.003229+00:00,2026-07-05T19:35:10.345803+00:00,4.342565899947658,success,735232,324,data\derived\monte_carlo_baselines\returns\shuffle\shuffle_sim_027.parquet,
20260705T193434Z,rolling_baselines,read_baseline_returns,shuffle,28,2026-07-05T19:35:09.161869+00:00,2026-07-05T19:35:09.201569+00:00,0.03967859991826117,success,735232,735232,data\derived\monte_carlo_baselines\returns\shuffle\shuffle_sim_028.parquet,
20260705T193434Z,rolling_baselines,compute_rolling_metrics_w2048,shuffle,28,2026-07-05T19:35:09.201592+00:00,2026-07-05T19:35:10.465348+00:00,1.2637366000562906,success,735232,162,,
20260705T193434Z,rolling_baselines,compute_rolling_metrics_w8192,shuffle,28,2026-07-05T19:35:10.465358+00:00,2026-07-05T19:35:13.439176+00:00,2.9737933999858797,success,735232,162,,
20260705T193434Z,rolling_baselines,compute_simulation_rolling_correlations,shuffle,28,2026-07-05T19:35:09.161860+00:00,2026-07-05T19:35:13.439259+00:00,4.277386800036766,success,735232,324,data\derived\monte_carlo_baselines\returns\shuffle\shuffle_sim_028.parquet,
20260705T193434Z,rolling_baselines,read_baseline_returns,shuffle,29,2026-07-05T19:35:09.282318+00:00,2026-07-05T19:35:09.314219+00:00,0.031876299995929,success,735232,735232,data\derived\monte_carlo_baselines\returns\shuffle\shuffle_sim_029.parquet,
20260705T193434Z,rolling_baselines,compute_rolling_metrics_w2048,shuffle,29,2026-07-05T19:35:09.316738+00:00,2026-07-05T19:35:10.512473+00:00,1.195708699990064,success,735232,162,,
20260705T193434Z,rolling_baselines,compute_rolling_metrics_w8192,shuffle,29,2026-07-05T19:35:10.512484+00:00,2026-07-05T19:35:13.423219+00:00,2.910712099983357,success,735232,162,,
20260705T193434Z,rolling_baselines,compute_simulation_rolling_correlations,shuffle,29,2026-07-05T19:35:09.282308+00:00,2026-07-05T19:35:13.423444+00:00,4.141118799918331,success,735232,324,data\derived\monte_carlo_baselines\returns\shuffle\shuffle_sim_029.parquet,
20260705T193434Z,rolling_baselines,read_baseline_returns,shuffle,30,2026-07-05T19:35:09.482023+00:00,2026-07-05T19:35:09.519247+00:00,0.03720360004808754,success,735232,735232,data\derived\monte_carlo_baselines\returns\shuffle\shuffle_sim_030.parquet,
20260705T193434Z,rolling_baselines,compute_rolling_metrics_w2048,shuffle,30,2026-07-05T19:35:09.519269+00:00,2026-07-05T19:35:10.621898+00:00,1.1026070999214426,success,735232,162,,
20260705T193434Z,rolling_baselines,compute_rolling_metrics_w8192,shuffle,30,2026-07-05T19:35:10.621909+00:00,2026-07-05T19:35:13.595738+00:00,2.973804600071162,success,735232,162,,
20260705T193434Z,rolling_baselines,compute_simulation_rolling_correlations,shuffle,30,2026-07-05T19:35:09.482012+00:00,2026-07-05T19:35:13.596007+00:00,4.1139792000176385,success,735232,324,data\derived\monte_carlo_baselines\returns\shuffle\shuffle_sim_030.parquet,
20260705T193434Z,rolling_baselines,read_baseline_returns,shuffle,31,2026-07-05T19:35:10.346556+00:00,2026-07-05T19:35:10.380926+00:00,0.03434669994749129,success,735232,735232,data\derived\monte_carlo_baselines\returns\shuffle\shuffle_sim_031.parquet,
20260705T193434Z,rolling_baselines,compute_rolling_metrics_w2048,shuffle,31,2026-07-05T19:35:10.380951+00:00,2026-07-05T19:35:11.513220+00:00,1.1322464999975637,success,735232,162,,
20260705T193434Z,rolling_baselines,compute_rolling_metrics_w8192,shuffle,31,2026-07-05T19:35:11.513232+00:00,2026-07-05T19:35:14.807208+00:00,3.293952999985777,success,735232,162,,
20260705T193434Z,rolling_baselines,compute_simulation_rolling_correlations,shuffle,31,2026-07-05T19:35:10.346545+00:00,2026-07-05T19:35:14.807232+00:00,4.460676099988632,success,735232,324,data\derived\monte_carlo_baselines\returns\shuffle\shuffle_sim_031.parquet,
20260705T193434Z,rolling_baselines,read_baseline_returns,shuffle,32,2026-07-05T19:35:13.425127+00:00,2026-07-05T19:35:13.464671+00:00,0.03950740001164377,success,735232,735232,data\derived\monte_carlo_baselines\returns\shuffle\shuffle_sim_032.parquet,
20260705T193434Z,rolling_baselines,compute_rolling_metrics_w2048,shuffle,32,2026-07-05T19:35:13.464713+00:00,2026-07-05T19:35:14.842488+00:00,1.377750499988906,success,735232,162,,
20260705T193434Z,rolling_baselines,compute_rolling_metrics_w8192,shuffle,32,2026-07-05T19:35:14.842500+00:00,2026-07-05T19:35:19.491872+00:00,4.649351199972443,success,735232,162,,
20260705T193434Z,rolling_baselines,compute_simulation_rolling_correlations,shuffle,32,2026-07-05T19:35:13.425116+00:00,2026-07-05T19:35:19.492003+00:00,6.066876100027002,success,735232,324,data\derived\monte_carlo_baselines\returns\shuffle\shuffle_sim_032.parquet,
20260705T193434Z,rolling_baselines,read_baseline_returns,shuffle,33,2026-07-05T19:35:13.440928+00:00,2026-07-05T19:35:13.470402+00:00,0.029450200032442808,success,735232,735232,data\derived\monte_carlo_baselines\returns\shuffle\shuffle_sim_033.parquet,
20260705T193434Z,rolling_baselines,compute_rolling_metrics_w2048,shuffle,33,2026-07-05T19:35:13.470429+00:00,2026-07-05T19:35:14.794638+00:00,1.3241864000447094,success,735232,162,,
20260705T193434Z,rolling_baselines,compute_rolling_metrics_w8192,shuffle,33,2026-07-05T19:35:14.794651+00:00,2026-07-05T19:35:19.474371+00:00,4.679703300003894,success,735232,162,,
20260705T193434Z,rolling_baselines,compute_simulation_rolling_correlations,shuffle,33,2026-07-05T19:35:13.440917+00:00,2026-07-05T19:35:19.474386+00:00,6.033460900071077,success,735232,324,data\derived\monte_carlo_baselines\returns\shuffle\shuffle_sim_033.parquet,
20260705T193434Z,rolling_baselines,read_baseline_returns,shuffle,34,2026-07-05T19:35:13.597034+00:00,2026-07-05T19:35:13.627170+00:00,0.030109700048342347,success,735232,735232,data\derived\monte_carlo_baselines\returns\shuffle\shuffle_sim_034.parquet,
20260705T193434Z,rolling_baselines,compute_rolling_metrics_w2048,shuffle,34,2026-07-05T19:35:13.627201+00:00,2026-07-05T19:35:14.933579+00:00,1.3063547000056133,success,735232,162,,
20260705T193434Z,rolling_baselines,compute_rolling_metrics_w8192,shuffle,34,2026-07-05T19:35:14.933591+00:00,2026-07-05T19:35:19.764253+00:00,4.830643899971619,success,735232,162,,
20260705T193434Z,rolling_baselines,compute_simulation_rolling_correlations,shuffle,34,2026-07-05T19:35:13.597023+00:00,2026-07-05T19:35:19.764272+00:00,6.1672394999768585,success,735232,324,data\derived\monte_carlo_baselines\returns\shuffle\shuffle_sim_034.parquet,
20260705T193434Z,rolling_baselines,read_baseline_returns,shuffle,35,2026-07-05T19:35:14.808127+00:00,2026-07-05T19:35:14.835869+00:00,0.027715499978512526,success,735232,735232,data\derived\monte_carlo_baselines\returns\shuffle\shuffle_sim_035.parquet,
20260705T193434Z,rolling_baselines,compute_rolling_metrics_w2048,shuffle,35,2026-07-05T19:35:14.835899+00:00,2026-07-05T19:35:16.775948+00:00,1.9400279999244958,success,735232,162,,
20260705T193434Z,rolling_baselines,compute_rolling_metrics_w8192,shuffle,35,2026-07-05T19:35:16.775957+00:00,2026-07-05T19:35:22.486276+00:00,5.710301500046626,success,735232,162,,
20260705T193434Z,rolling_baselines,compute_simulation_rolling_correlations,shuffle,35,2026-07-05T19:35:14.808116+00:00,2026-07-05T19:35:22.486298+00:00,7.678172399988398,success,735232,324,data\derived\monte_carlo_baselines\returns\shuffle\shuffle_sim_035.parquet,
20260705T193434Z,rolling_baselines,read_baseline_returns,shuffle,36,2026-07-05T19:35:19.476704+00:00,2026-07-05T19:35:19.515912+00:00,0.03918139997404069,success,735232,735232,data\derived\monte_carlo_baselines\returns\shuffle\shuffle_sim_036.parquet,
20260705T193434Z,rolling_baselines,compute_rolling_metrics_w2048,shuffle,36,2026-07-05T19:35:19.515940+00:00,2026-07-05T19:35:22.388565+00:00,2.872598599991761,success,735232,162,,
20260705T193434Z,rolling_baselines,compute_rolling_metrics_w8192,shuffle,36,2026-07-05T19:35:22.388574+00:00,2026-07-05T19:35:24.983746+00:00,2.5951536999782547,success,735232,162,,
20260705T193434Z,rolling_baselines,compute_simulation_rolling_correlations,shuffle,36,2026-07-05T19:35:19.476693+00:00,2026-07-05T19:35:24.984020+00:00,5.5070680000353605,success,735232,324,data\derived\monte_carlo_baselines\returns\shuffle\shuffle_sim_036.parquet,
20260705T193434Z,rolling_baselines,read_baseline_returns,shuffle,37,2026-07-05T19:35:19.492994+00:00,2026-07-05T19:35:19.523432+00:00,0.030414200038649142,success,735232,735232,data\derived\monte_carlo_baselines\returns\shuffle\shuffle_sim_037.parquet,
20260705T193434Z,rolling_baselines,compute_rolling_metrics_w2048,shuffle,37,2026-07-05T19:35:19.523456+00:00,2026-07-05T19:35:22.428834+00:00,2.905360099975951,success,735232,162,,
20260705T193434Z,rolling_baselines,compute_rolling_metrics_w8192,shuffle,37,2026-07-05T19:35:22.428843+00:00,2026-07-05T19:35:25.030537+00:00,2.601677400059998,success,735232,162,,
20260705T193434Z,rolling_baselines,compute_simulation_rolling_correlations,shuffle,37,2026-07-05T19:35:19.492986+00:00,2026-07-05T19:35:25.030763+00:00,5.5377666999120265,success,735232,324,data\derived\monte_carlo_baselines\returns\shuffle\shuffle_sim_037.parquet,
20260705T193434Z,rolling_baselines,read_baseline_returns,shuffle,38,2026-07-05T19:35:19.765411+00:00,2026-07-05T19:35:19.811511+00:00,0.046074400073848665,success,735232,735232,data\derived\monte_carlo_baselines\returns\shuffle\shuffle_sim_038.parquet,
20260705T193434Z,rolling_baselines,compute_rolling_metrics_w2048,shuffle,38,2026-07-05T19:35:19.811540+00:00,2026-07-05T19:35:22.538505+00:00,2.7269483000272885,success,735232,162,,
20260705T193434Z,rolling_baselines,compute_rolling_metrics_w8192,shuffle,38,2026-07-05T19:35:22.538514+00:00,2026-07-05T19:35:25.102064+00:00,2.5635326999472454,success,735232,162,,
20260705T193434Z,rolling_baselines,compute_simulation_rolling_correlations,shuffle,38,2026-07-05T19:35:19.765403+00:00,2026-07-05T19:35:25.102246+00:00,5.336830100044608,success,735232,324,data\derived\monte_carlo_baselines\returns\shuffle\shuffle_sim_038.parquet,
20260705T193434Z,rolling_baselines,read_baseline_returns,shuffle,39,2026-07-05T19:35:22.489997+00:00,2026-07-05T19:35:22.517305+00:00,0.027286000084131956,success,735232,735232,data\derived\monte_carlo_baselines\returns\shuffle\shuffle_sim_039.parquet,
20260705T193434Z,rolling_baselines,compute_rolling_metrics_w2048,shuffle,39,2026-07-05T19:35:22.517326+00:00,2026-07-05T19:35:23.429169+00:00,0.9118241999531165,success,735232,162,,
20260705T193434Z,rolling_baselines,compute_rolling_metrics_w8192,shuffle,39,2026-07-05T19:35:23.429177+00:00,2026-07-05T19:35:26.883139+00:00,3.4539412000449374,success,735232,162,,
20260705T193434Z,rolling_baselines,compute_simulation_rolling_correlations,shuffle,39,2026-07-05T19:35:22.489986+00:00,2026-07-05T19:35:26.883171+00:00,4.393173299962655,success,735232,324,data\derived\monte_carlo_baselines\returns\shuffle\shuffle_sim_039.parquet,
20260705T193434Z,rolling_baselines,read_baseline_returns,shuffle,40,2026-07-05T19:35:24.984767+00:00,2026-07-05T19:35:25.023343+00:00,0.03854999993927777,success,735232,735232,data\derived\monte_carlo_baselines\returns\shuffle\shuffle_sim_040.parquet,
20260705T193434Z,rolling_baselines,compute_rolling_metrics_w2048,shuffle,40,2026-07-05T19:35:25.023374+00:00,2026-07-05T19:35:26.816712+00:00,1.7933233000803739,success,735232,162,,
20260705T193434Z,rolling_baselines,compute_rolling_metrics_w8192,shuffle,40,2026-07-05T19:35:26.816719+00:00,2026-07-05T19:35:30.281956+00:00,3.465223800041713,success,735232,162,,
20260705T193434Z,rolling_baselines,compute_simulation_rolling_correlations,shuffle,40,2026-07-05T19:35:24.984756+00:00,2026-07-05T19:35:30.281967+00:00,5.29720389994327,success,735232,324,data\derived\monte_carlo_baselines\returns\shuffle\shuffle_sim_040.parquet,
20260705T193434Z,rolling_baselines,read_baseline_returns,shuffle,41,2026-07-05T19:35:25.032226+00:00,2026-07-05T19:35:25.065503+00:00,0.03325320000294596,success,735232,735232,data\derived\monte_carlo_baselines\returns\shuffle\shuffle_sim_041.parquet,
20260705T193434Z,rolling_baselines,compute_rolling_metrics_w2048,shuffle,41,2026-07-05T19:35:25.065525+00:00,2026-07-05T19:35:26.814352+00:00,1.7488083000062034,success,735232,162,,
20260705T193434Z,rolling_baselines,compute_rolling_metrics_w8192,shuffle,41,2026-07-05T19:35:26.814362+00:00,2026-07-05T19:35:30.517560+00:00,3.703178600058891,success,735232,162,,
20260705T193434Z,rolling_baselines,compute_simulation_rolling_correlations,shuffle,41,2026-07-05T19:35:25.032217+00:00,2026-07-05T19:35:30.517767+00:00,5.485538900014944,success,735232,324,data\derived\monte_carlo_baselines\returns\shuffle\shuffle_sim_041.parquet,
20260705T193434Z,rolling_baselines,read_baseline_returns,shuffle,42,2026-07-05T19:35:25.103303+00:00,2026-07-05T19:35:25.131288+00:00,0.02796390000730753,success,735232,735232,data\derived\monte_carlo_baselines\returns\shuffle\shuffle_sim_042.parquet,
20260705T193434Z,rolling_baselines,compute_rolling_metrics_w2048,shuffle,42,2026-07-05T19:35:25.131312+00:00,2026-07-05T19:35:26.866879+00:00,1.7355491999769583,success,735232,162,,
20260705T193434Z,rolling_baselines,compute_rolling_metrics_w8192,shuffle,42,2026-07-05T19:35:26.866888+00:00,2026-07-05T19:35:30.839276+00:00,3.9723696999717504,success,735232,162,,
20260705T193434Z,rolling_baselines,compute_simulation_rolling_correlations,shuffle,42,2026-07-05T19:35:25.103290+00:00,2026-07-05T19:35:30.839293+00:00,5.735993699985556,success,735232,324,data\derived\monte_carlo_baselines\returns\shuffle\shuffle_sim_042.parquet,
20260705T193434Z,rolling_baselines,read_baseline_returns,shuffle,43,2026-07-05T19:35:26.885513+00:00,2026-07-05T19:35:26.918714+00:00,0.033182499930262566,success,735232,735232,data\derived\monte_carlo_baselines\returns\shuffle\shuffle_sim_043.parquet,
20260705T193434Z,rolling_baselines,compute_rolling_metrics_w2048,shuffle,43,2026-07-05T19:35:26.918732+00:00,2026-07-05T19:35:28.079837+00:00,1.1610852999147028,success,735232,162,,
20260705T193434Z,rolling_baselines,compute_rolling_metrics_w8192,shuffle,43,2026-07-05T19:35:28.079847+00:00,2026-07-05T19:35:33.057387+00:00,4.977517800056376,success,735232,162,,
20260705T193434Z,rolling_baselines,compute_simulation_rolling_correlations,shuffle,43,2026-07-05T19:35:26.885502+00:00,2026-07-05T19:35:33.057407+00:00,6.17189400002826,success,735232,324,data\derived\monte_carlo_baselines\returns\shuffle\shuffle_sim_043.parquet,
20260705T193434Z,rolling_baselines,read_baseline_returns,shuffle,44,2026-07-05T19:35:30.282703+00:00,2026-07-05T19:35:30.323908+00:00,0.041188000002875924,success,735232,735232,data\derived\monte_carlo_baselines\returns\shuffle\shuffle_sim_044.parquet,
20260705T193434Z,rolling_baselines,compute_rolling_metrics_w2048,shuffle,44,2026-07-05T19:35:30.323922+00:00,2026-07-05T19:35:32.845192+00:00,2.5212522000074387,success,735232,162,,
20260705T193434Z,rolling_baselines,compute_rolling_metrics_w8192,shuffle,44,2026-07-05T19:35:32.845201+00:00,2026-07-05T19:35:35.373356+00:00,2.5281389000592753,success,735232,162,,
20260705T193434Z,rolling_baselines,compute_simulation_rolling_correlations,shuffle,44,2026-07-05T19:35:30.282698+00:00,2026-07-05T19:35:35.373371+00:00,5.090667200041935,success,735232,324,data\derived\monte_carlo_baselines\returns\shuffle\shuffle_sim_044.parquet,
20260705T193434Z,rolling_baselines,read_baseline_returns,shuffle,45,2026-07-05T19:35:30.518904+00:00,2026-07-05T19:35:30.555390+00:00,0.036460199975408614,success,735232,735232,data\derived\monte_carlo_baselines\returns\shuffle\shuffle_sim_045.parquet,
20260705T193434Z,rolling_baselines,compute_rolling_metrics_w2048,shuffle,45,2026-07-05T19:35:30.555415+00:00,2026-07-05T19:35:32.963471+00:00,2.408036599983461,success,735232,162,,
20260705T193434Z,rolling_baselines,compute_rolling_metrics_w8192,shuffle,45,2026-07-05T19:35:32.963479+00:00,2026-07-05T19:35:35.505905+00:00,2.542404899955727,success,735232,162,,
20260705T193434Z,rolling_baselines,compute_simulation_rolling_correlations,shuffle,45,2026-07-05T19:35:30.518895+00:00,2026-07-05T19:35:35.506040+00:00,4.987134700058959,success,735232,324,data\derived\monte_carlo_baselines\returns\shuffle\shuffle_sim_045.parquet,
20260705T193434Z,rolling_baselines,read_baseline_returns,shuffle,46,2026-07-05T19:35:30.849435+00:00,2026-07-05T19:35:30.884026+00:00,0.0345699000172317,success,735232,735232,data\derived\monte_carlo_baselines\returns\shuffle\shuffle_sim_046.parquet,
20260705T193434Z,rolling_baselines,compute_rolling_metrics_w2048,shuffle,46,2026-07-05T19:35:30.884047+00:00,2026-07-05T19:35:33.035182+00:00,2.151115700020455,success,735232,162,,
20260705T193434Z,rolling_baselines,compute_rolling_metrics_w8192,shuffle,46,2026-07-05T19:35:33.035192+00:00,2026-07-05T19:35:35.653535+00:00,2.618317099986598,success,735232,162,,
20260705T193434Z,rolling_baselines,compute_simulation_rolling_correlations,shuffle,46,2026-07-05T19:35:30.849422+00:00,2026-07-05T19:35:35.653780+00:00,4.804329199949279,success,735232,324,data\derived\monte_carlo_baselines\returns\shuffle\shuffle_sim_046.parquet,
20260705T193434Z,rolling_baselines,read_baseline_returns,shuffle,47,2026-07-05T19:35:33.058333+00:00,2026-07-05T19:35:33.077929+00:00,0.019573899917304516,success,735232,735232,data\derived\monte_carlo_baselines\returns\shuffle\shuffle_sim_047.parquet,
20260705T193434Z,rolling_baselines,compute_rolling_metrics_w2048,shuffle,47,2026-07-05T19:35:33.077951+00:00,2026-07-05T19:35:34.019250+00:00,0.9412759999977425,success,735232,162,,
20260705T193434Z,rolling_baselines,compute_rolling_metrics_w8192,shuffle,47,2026-07-05T19:35:34.019261+00:00,2026-07-05T19:35:37.080546+00:00,3.0612650000257418,success,735232,162,,
20260705T193434Z,rolling_baselines,compute_simulation_rolling_correlations,shuffle,47,2026-07-05T19:35:33.058324+00:00,2026-07-05T19:35:37.080564+00:00,4.022231600014493,success,735232,324,data\derived\monte_carlo_baselines\returns\shuffle\shuffle_sim_047.parquet,
20260705T193434Z,rolling_baselines,read_baseline_returns,shuffle,48,2026-07-05T19:35:35.374290+00:00,2026-07-05T19:35:35.401824+00:00,0.027506599901244044,success,735232,735232,data\derived\monte_carlo_baselines\returns\shuffle\shuffle_sim_048.parquet,
20260705T193434Z,rolling_baselines,compute_rolling_metrics_w2048,shuffle,48,2026-07-05T19:35:35.401857+00:00,2026-07-05T19:35:36.789148+00:00,1.3872711000731215,success,735232,162,,
20260705T193434Z,rolling_baselines,compute_rolling_metrics_w8192,shuffle,48,2026-07-05T19:35:36.789158+00:00,2026-07-05T19:35:39.845862+00:00,3.0566812999313697,success,735232,162,,
20260705T193434Z,rolling_baselines,compute_simulation_rolling_correlations,shuffle,48,2026-07-05T19:35:35.374277+00:00,2026-07-05T19:35:39.845884+00:00,4.471596300019883,success,735232,324,data\derived\monte_carlo_baselines\returns\shuffle\shuffle_sim_048.parquet,
20260705T193434Z,rolling_baselines,read_baseline_returns,shuffle,49,2026-07-05T19:35:35.506949+00:00,2026-07-05T19:35:35.535773+00:00,0.028793599922209978,success,735232,735232,data\derived\monte_carlo_baselines\returns\shuffle\shuffle_sim_049.parquet,
20260705T193434Z,rolling_baselines,compute_rolling_metrics_w2048,shuffle,49,2026-07-05T19:35:35.535803+00:00,2026-07-05T19:35:36.918585+00:00,1.3827612000750378,success,735232,162,,
20260705T193434Z,rolling_baselines,compute_rolling_metrics_w8192,shuffle,49,2026-07-05T19:35:36.918595+00:00,2026-07-05T19:35:39.950355+00:00,3.031730099930428,success,735232,162,,
20260705T193434Z,rolling_baselines,compute_simulation_rolling_correlations,shuffle,49,2026-07-05T19:35:35.506941+00:00,2026-07-05T19:35:39.950685+00:00,4.443725000019185,success,735232,324,data\derived\monte_carlo_baselines\returns\shuffle\shuffle_sim_049.parquet,
20260705T193434Z,rolling_baselines,read_baseline_returns,shuffle,50,2026-07-05T19:35:35.655593+00:00,2026-07-05T19:35:35.684439+00:00,0.0288169999839738,success,735232,735232,data\derived\monte_carlo_baselines\returns\shuffle\shuffle_sim_050.parquet,
20260705T193434Z,rolling_baselines,compute_rolling_metrics_w2048,shuffle,50,2026-07-05T19:35:35.684468+00:00,2026-07-05T19:35:37.084696+00:00,1.4002114000031725,success,735232,162,,
20260705T193434Z,rolling_baselines,compute_rolling_metrics_w8192,shuffle,50,2026-07-05T19:35:37.084705+00:00,2026-07-05T19:35:40.196986+00:00,3.1122565999394283,success,735232,162,,
20260705T193434Z,rolling_baselines,compute_simulation_rolling_correlations,shuffle,50,2026-07-05T19:35:35.655580+00:00,2026-07-05T19:35:40.197049+00:00,4.541450399905443,success,735232,324,data\derived\monte_carlo_baselines\returns\shuffle\shuffle_sim_050.parquet,
20260705T193434Z,rolling_baselines,read_baseline_returns,shuffle,51,2026-07-05T19:35:37.081780+00:00,2026-07-05T19:35:37.110899+00:00,0.029096400015987456,success,735232,735232,data\derived\monte_carlo_baselines\returns\shuffle\shuffle_sim_051.parquet,
20260705T193434Z,rolling_baselines,compute_rolling_metrics_w2048,shuffle,51,2026-07-05T19:35:37.110924+00:00,2026-07-05T19:35:38.536788+00:00,1.4257484999252483,success,735232,162,,
20260705T193434Z,rolling_baselines,compute_rolling_metrics_w8192,shuffle,51,2026-07-05T19:35:38.536805+00:00,2026-07-05T19:35:41.515588+00:00,2.978759399964474,success,735232,162,,
20260705T193434Z,rolling_baselines,compute_simulation_rolling_correlations,shuffle,51,2026-07-05T19:35:37.081769+00:00,2026-07-05T19:35:41.515610+00:00,4.433829899993725,success,735232,324,data\derived\monte_carlo_baselines\returns\shuffle\shuffle_sim_051.parquet,
20260705T193434Z,rolling_baselines,read_baseline_returns,shuffle,52,2026-07-05T19:35:39.846790+00:00,2026-07-05T19:35:39.878823+00:00,0.03200730006210506,success,735232,735232,data\derived\monte_carlo_baselines\returns\shuffle\shuffle_sim_052.parquet,
20260705T193434Z,rolling_baselines,compute_rolling_metrics_w2048,shuffle,52,2026-07-05T19:35:39.878852+00:00,2026-07-05T19:35:41.271653+00:00,1.392778499983251,success,735232,162,,
20260705T193434Z,rolling_baselines,compute_rolling_metrics_w8192,shuffle,52,2026-07-05T19:35:41.271665+00:00,2026-07-05T19:35:44.544855+00:00,3.27316940005403,success,735232,162,,
20260705T193434Z,rolling_baselines,compute_simulation_rolling_correlations,shuffle,52,2026-07-05T19:35:39.846777+00:00,2026-07-05T19:35:44.544876+00:00,4.698086499935016,success,735232,324,data\derived\monte_carlo_baselines\returns\shuffle\shuffle_sim_052.parquet,
20260705T193434Z,rolling_baselines,read_baseline_returns,shuffle,53,2026-07-05T19:35:39.951882+00:00,2026-07-05T19:35:39.982710+00:00,0.030797000043094158,success,735232,735232,data\derived\monte_carlo_baselines\returns\shuffle\shuffle_sim_053.parquet,
20260705T193434Z,rolling_baselines,compute_rolling_metrics_w2048,shuffle,53,2026-07-05T19:35:39.982744+00:00,2026-07-05T19:35:41.413408+00:00,1.4306401999201626,success,735232,162,,
20260705T193434Z,rolling_baselines,compute_rolling_metrics_w8192,shuffle,53,2026-07-05T19:35:41.413419+00:00,2026-07-05T19:35:44.572354+00:00,3.158901200047694,success,735232,162,,
20260705T193434Z,rolling_baselines,compute_simulation_rolling_correlations,shuffle,53,2026-07-05T19:35:39.951869+00:00,2026-07-05T19:35:44.572838+00:00,4.620949400006793,success,735232,324,data\derived\monte_carlo_baselines\returns\shuffle\shuffle_sim_053.parquet,
20260705T193434Z,rolling_baselines,read_baseline_returns,shuffle,54,2026-07-05T19:35:40.198454+00:00,2026-07-05T19:35:40.226828+00:00,0.028344899998046458,success,735232,735232,data\derived\monte_carlo_baselines\returns\shuffle\shuffle_sim_054.parquet,
20260705T193434Z,rolling_baselines,compute_rolling_metrics_w2048,shuffle,54,2026-07-05T19:35:40.226859+00:00,2026-07-05T19:35:41.640222+00:00,1.4133417999837548,success,735232,162,,
20260705T193434Z,rolling_baselines,compute_rolling_metrics_w8192,shuffle,54,2026-07-05T19:35:41.640233+00:00,2026-07-05T19:35:44.872580+00:00,3.232326400000602,success,735232,162,,
20260705T193434Z,rolling_baselines,compute_simulation_rolling_correlations,shuffle,54,2026-07-05T19:35:40.198441+00:00,2026-07-05T19:35:44.872599+00:00,4.674146700068377,success,735232,324,data\derived\monte_carlo_baselines\returns\shuffle\shuffle_sim_054.parquet,
20260705T193434Z,rolling_baselines,read_baseline_returns,shuffle,55,2026-07-05T19:35:41.516456+00:00,2026-07-05T19:35:41.557198+00:00,0.04071610001847148,success,735232,735232,data\derived\monte_carlo_baselines\returns\shuffle\shuffle_sim_055.parquet,
20260705T193434Z,rolling_baselines,compute_rolling_metrics_w2048,shuffle,55,2026-07-05T19:35:41.557226+00:00,2026-07-05T19:35:42.747858+00:00,1.1906116000609472,success,735232,162,,
20260705T193434Z,rolling_baselines,compute_rolling_metrics_w8192,shuffle,55,2026-07-05T19:35:42.747869+00:00,2026-07-05T19:35:46.444136+00:00,3.696244499995373,success,735232,162,,
20260705T193434Z,rolling_baselines,compute_simulation_rolling_correlations,shuffle,55,2026-07-05T19:35:41.516444+00:00,2026-07-05T19:35:46.444156+00:00,4.9277014000108466,success,735232,324,data\derived\monte_carlo_baselines\returns\shuffle\shuffle_sim_055.parquet,
20260705T193434Z,rolling_baselines,read_baseline_returns,shuffle,56,2026-07-05T19:35:44.546224+00:00,2026-07-05T19:35:44.577246+00:00,0.03100089996587485,success,735232,735232,data\derived\monte_carlo_baselines\returns\shuffle\shuffle_sim_056.parquet,
20260705T193434Z,rolling_baselines,compute_rolling_metrics_w2048,shuffle,56,2026-07-05T19:35:44.577272+00:00,2026-07-05T19:35:46.606481+00:00,2.0291791999479756,success,735232,162,,
20260705T193434Z,rolling_baselines,compute_rolling_metrics_w8192,shuffle,56,2026-07-05T19:35:46.606493+00:00,2026-07-05T19:35:50.172819+00:00,3.5662902999902144,success,735232,162,,
20260705T193434Z,rolling_baselines,compute_simulation_rolling_correlations,shuffle,56,2026-07-05T19:35:44.546214+00:00,2026-07-05T19:35:50.172848+00:00,5.626620600000024,success,735232,324,data\derived\monte_carlo_baselines\returns\shuffle\shuffle_sim_056.parquet,
20260705T193434Z,rolling_baselines,read_baseline_returns,shuffle,57,2026-07-05T19:35:44.573743+00:00,2026-07-05T19:35:44.600527+00:00,0.02675199997611344,success,735232,735232,data\derived\monte_carlo_baselines\returns\shuffle\shuffle_sim_057.parquet,
20260705T193434Z,rolling_baselines,compute_rolling_metrics_w2048,shuffle,57,2026-07-05T19:35:44.600564+00:00,2026-07-05T19:35:46.628956+00:00,2.0283719000872225,success,735232,162,,
20260705T193434Z,rolling_baselines,compute_rolling_metrics_w8192,shuffle,57,2026-07-05T19:35:46.628964+00:00,2026-07-05T19:35:50.191655+00:00,3.562668800004758,success,735232,162,,
20260705T193434Z,rolling_baselines,compute_simulation_rolling_correlations,shuffle,57,2026-07-05T19:35:44.573734+00:00,2026-07-05T19:35:50.191675+00:00,5.617930699954741,success,735232,324,data\derived\monte_carlo_baselines\returns\shuffle\shuffle_sim_057.parquet,
20260705T193434Z,rolling_baselines,read_baseline_returns,shuffle,58,2026-07-05T19:35:44.873571+00:00,2026-07-05T19:35:44.912456+00:00,0.03886109997984022,success,735232,735232,data\derived\monte_carlo_baselines\returns\shuffle\shuffle_sim_058.parquet,
20260705T193434Z,rolling_baselines,compute_rolling_metrics_w2048,shuffle,58,2026-07-05T19:35:44.912480+00:00,2026-07-05T19:35:47.348969+00:00,2.436470999964513,success,735232,162,,
20260705T193434Z,rolling_baselines,compute_rolling_metrics_w8192,shuffle,58,2026-07-05T19:35:47.348976+00:00,2026-07-05T19:35:50.534352+00:00,3.185349200037308,success,735232,162,,
20260705T193434Z,rolling_baselines,compute_simulation_rolling_correlations,shuffle,58,2026-07-05T19:35:44.873561+00:00,2026-07-05T19:35:50.534379+00:00,5.660805799998343,success,735232,324,data\derived\monte_carlo_baselines\returns\shuffle\shuffle_sim_058.parquet,
20260705T193434Z,rolling_baselines,read_baseline_returns,shuffle,59,2026-07-05T19:35:46.447711+00:00,2026-07-05T19:35:46.494308+00:00,0.046574900043196976,success,735232,735232,data\derived\monte_carlo_baselines\returns\shuffle\shuffle_sim_059.parquet,
20260705T193434Z,rolling_baselines,compute_rolling_metrics_w2048,shuffle,59,2026-07-05T19:35:46.494331+00:00,2026-07-05T19:35:48.394721+00:00,1.9003675000276417,success,735232,162,,
20260705T193434Z,rolling_baselines,compute_rolling_metrics_w8192,shuffle,59,2026-07-05T19:35:48.394732+00:00,2026-07-05T19:35:51.212955+00:00,2.8182038000086322,success,735232,162,,
20260705T193434Z,rolling_baselines,compute_simulation_rolling_correlations,shuffle,59,2026-07-05T19:35:46.447701+00:00,2026-07-05T19:35:51.212975+00:00,4.765264599933289,success,735232,324,data\derived\monte_carlo_baselines\returns\shuffle\shuffle_sim_059.parquet,
20260705T193434Z,rolling_baselines,read_baseline_returns,shuffle,60,2026-07-05T19:35:50.174438+00:00,2026-07-05T19:35:50.207863+00:00,0.03340219997335225,success,735232,735232,data\derived\monte_carlo_baselines\returns\shuffle\shuffle_sim_060.parquet,
20260705T193434Z,rolling_baselines,compute_rolling_metrics_w2048,shuffle,60,2026-07-05T19:35:50.207888+00:00,2026-07-05T19:35:51.354769+00:00,1.1468540999339893,success,735232,162,,
20260705T193434Z,rolling_baselines,compute_rolling_metrics_w8192,shuffle,60,2026-07-05T19:35:51.354781+00:00,2026-07-05T19:35:55.582522+00:00,4.227713999920525,success,735232,162,,
20260705T193434Z,rolling_baselines,compute_simulation_rolling_correlations,shuffle,60,2026-07-05T19:35:50.174428+00:00,2026-07-05T19:35:55.582545+00:00,5.408107699942775,success,735232,324,data\derived\monte_carlo_baselines\returns\shuffle\shuffle_sim_060.parquet,
20260705T193434Z,rolling_baselines,read_baseline_returns,shuffle,61,2026-07-05T19:35:50.192769+00:00,2026-07-05T19:35:50.222952+00:00,0.030155900050885975,success,735232,735232,data\derived\monte_carlo_baselines\returns\shuffle\shuffle_sim_061.parquet,
20260705T193434Z,rolling_baselines,compute_rolling_metrics_w2048,shuffle,61,2026-07-05T19:35:50.222981+00:00,2026-07-05T19:35:51.372621+00:00,1.1496206000447273,success,735232,162,,
20260705T193434Z,rolling_baselines,compute_rolling_metrics_w8192,shuffle,61,2026-07-05T19:35:51.372631+00:00,2026-07-05T19:35:55.668604+00:00,4.29590589995496,success,735232,162,,
20260705T193434Z,rolling_baselines,compute_simulation_rolling_correlations,shuffle,61,2026-07-05T19:35:50.192761+00:00,2026-07-05T19:35:55.668822+00:00,5.4760523999575526,success,735232,324,data\derived\monte_carlo_baselines\returns\shuffle\shuffle_sim_061.parquet,
20260705T193434Z,rolling_baselines,read_baseline_returns,shuffle,62,2026-07-05T19:35:50.535979+00:00,2026-07-05T19:35:50.567556+00:00,0.03155529999639839,success,735232,735232,data\derived\monte_carlo_baselines\returns\shuffle\shuffle_sim_062.parquet,
20260705T193434Z,rolling_baselines,compute_rolling_metrics_w2048,shuffle,62,2026-07-05T19:35:50.567582+00:00,2026-07-05T19:35:51.811806+00:00,1.2442043999908492,success,735232,162,,
20260705T193434Z,rolling_baselines,compute_rolling_metrics_w8192,shuffle,62,2026-07-05T19:35:51.811816+00:00,2026-07-05T19:35:56.655945+00:00,4.844114299979992,success,735232,162,,
20260705T193434Z,rolling_baselines,compute_simulation_rolling_correlations,shuffle,62,2026-07-05T19:35:50.535965+00:00,2026-07-05T19:35:56.655955+00:00,6.119981600088067,success,735232,324,data\derived\monte_carlo_baselines\returns\shuffle\shuffle_sim_062.parquet,
20260705T193434Z,rolling_baselines,read_baseline_returns,shuffle,63,2026-07-05T19:35:51.213785+00:00,2026-07-05T19:35:51.239558+00:00,0.025751300039701164,success,735232,735232,data\derived\monte_carlo_baselines\returns\shuffle\shuffle_sim_063.parquet,
20260705T193434Z,rolling_baselines,compute_rolling_metrics_w2048,shuffle,63,2026-07-05T19:35:51.239585+00:00,2026-07-05T19:35:52.523498+00:00,1.283887500059791,success,735232,162,,
20260705T193434Z,rolling_baselines,compute_rolling_metrics_w8192,shuffle,63,2026-07-05T19:35:52.523510+00:00,2026-07-05T19:35:58.477248+00:00,5.953725200030021,success,735232,162,,
20260705T193434Z,rolling_baselines,compute_simulation_rolling_correlations,shuffle,63,2026-07-05T19:35:51.213774+00:00,2026-07-05T19:35:58.477257+00:00,7.263475600047968,success,735232,324,data\derived\monte_carlo_baselines\returns\shuffle\shuffle_sim_063.parquet,
20260705T193434Z,rolling_baselines,read_baseline_returns,shuffle,64,2026-07-05T19:35:55.589073+00:00,2026-07-05T19:35:55.644273+00:00,0.0551851000636816,success,735232,735232,data\derived\monte_carlo_baselines\returns\shuffle\shuffle_sim_064.parquet,
20260705T193434Z,rolling_baselines,compute_rolling_metrics_w2048,shuffle,64,2026-07-05T19:35:55.644287+00:00,2026-07-05T19:35:58.505914+00:00,2.8616146999411285,success,735232,162,,
20260705T193434Z,rolling_baselines,compute_rolling_metrics_w8192,shuffle,64,2026-07-05T19:35:58.505918+00:00,2026-07-05T19:36:01.878316+00:00,3.3723685999866575,success,735232,162,,
20260705T193434Z,rolling_baselines,compute_simulation_rolling_correlations,shuffle,64,2026-07-05T19:35:55.589056+00:00,2026-07-05T19:36:01.878342+00:00,6.28927119995933,success,735232,324,data\derived\monte_carlo_baselines\returns\shuffle\shuffle_sim_064.parquet,
20260705T193434Z,rolling_baselines,read_baseline_returns,shuffle,65,2026-07-05T19:35:55.671480+00:00,2026-07-05T19:35:55.714424+00:00,0.04291269998066127,success,735232,735232,data\derived\monte_carlo_baselines\returns\shuffle\shuffle_sim_065.parquet,
20260705T193434Z,rolling_baselines,compute_rolling_metrics_w2048,shuffle,65,2026-07-05T19:35:55.714456+00:00,2026-07-05T19:35:58.740505+00:00,3.026029499946162,success,735232,162,,
20260705T193434Z,rolling_baselines,compute_rolling_metrics_w8192,shuffle,65,2026-07-05T19:35:58.740513+00:00,2026-07-05T19:36:01.892637+00:00,3.152091800002381,success,735232,162,,
20260705T193434Z,rolling_baselines,compute_simulation_rolling_correlations,shuffle,65,2026-07-05T19:35:55.671471+00:00,2026-07-05T19:36:01.892970+00:00,6.221471199998632,success,735232,324,data\derived\monte_carlo_baselines\returns\shuffle\shuffle_sim_065.parquet,
20260705T193434Z,rolling_baselines,read_baseline_returns,shuffle,66,2026-07-05T19:35:56.656465+00:00,2026-07-05T19:35:56.682799+00:00,0.026314100017771125,success,735232,735232,data\derived\monte_carlo_baselines\returns\shuffle\shuffle_sim_066.parquet,
20260705T193434Z,rolling_baselines,compute_rolling_metrics_w2048,shuffle,66,2026-07-05T19:35:56.682820+00:00,2026-07-05T19:35:59.371884+00:00,2.689050000044517,success,735232,162,,
20260705T193434Z,rolling_baselines,compute_rolling_metrics_w8192,shuffle,66,2026-07-05T19:35:59.371890+00:00,2026-07-05T19:36:02.684725+00:00,3.312804799992591,success,735232,162,,
20260705T193434Z,rolling_baselines,compute_simulation_rolling_correlations,shuffle,66,2026-07-05T19:35:56.656460+00:00,2026-07-05T19:36:02.684760+00:00,6.028288000030443,success,735232,324,data\derived\monte_carlo_baselines\returns\shuffle\shuffle_sim_066.parquet,
20260705T193434Z,rolling_baselines,read_baseline_returns,shuffle,67,2026-07-05T19:35:58.479004+00:00,2026-07-05T19:35:58.538306+00:00,0.05928060004953295,success,735232,735232,data\derived\monte_carlo_baselines\returns\shuffle\shuffle_sim_067.parquet,
20260705T193434Z,rolling_baselines,compute_rolling_metrics_w2048,shuffle,67,2026-07-05T19:35:58.538330+00:00,2026-07-05T19:35:59.923820+00:00,1.3854713999899104,success,735232,162,,
20260705T193434Z,rolling_baselines,compute_rolling_metrics_w8192,shuffle,67,2026-07-05T19:35:59.923832+00:00,2026-07-05T19:36:03.536682+00:00,3.6128289999905974,success,735232,162,,
20260705T193434Z,rolling_baselines,compute_simulation_rolling_correlations,shuffle,67,2026-07-05T19:35:58.478999+00:00,2026-07-05T19:36:03.536702+00:00,5.057695999974385,success,735232,324,data\derived\monte_carlo_baselines\returns\shuffle\shuffle_sim_067.parquet,
20260705T193434Z,rolling_baselines,read_baseline_returns,shuffle,68,2026-07-05T19:36:01.879636+00:00,2026-07-05T19:36:01.930936+00:00,0.05126899993047118,success,735232,735232,data\derived\monte_carlo_baselines\returns\shuffle\shuffle_sim_068.parquet,
20260705T193434Z,rolling_baselines,compute_rolling_metrics_w2048,shuffle,68,2026-07-05T19:36:01.930972+00:00,2026-07-05T19:36:03.605983+00:00,1.6749911999795586,success,735232,162,,
20260705T193434Z,rolling_baselines,compute_rolling_metrics_w8192,shuffle,68,2026-07-05T19:36:03.605993+00:00,2026-07-05T19:36:07.005114+00:00,3.3991012000478804,success,735232,162,,
20260705T193434Z,rolling_baselines,compute_simulation_rolling_correlations,shuffle,68,2026-07-05T19:36:01.879620+00:00,2026-07-05T19:36:07.005133+00:00,5.12550059997011,success,735232,324,data\derived\monte_carlo_baselines\returns\shuffle\shuffle_sim_068.parquet,
20260705T193434Z,rolling_baselines,read_baseline_returns,shuffle,69,2026-07-05T19:36:01.894387+00:00,2026-07-05T19:36:01.945323+00:00,0.05089880002196878,success,735232,735232,data\derived\monte_carlo_baselines\returns\shuffle\shuffle_sim_069.parquet,
20260705T193434Z,rolling_baselines,compute_rolling_metrics_w2048,shuffle,69,2026-07-05T19:36:01.945365+00:00,2026-07-05T19:36:03.584126+00:00,1.6382904999190941,success,735232,162,,
20260705T193434Z,rolling_baselines,compute_rolling_metrics_w8192,shuffle,69,2026-07-05T19:36:03.584163+00:00,2026-07-05T19:36:06.912918+00:00,3.328731399960816,success,735232,162,,
20260705T193434Z,rolling_baselines,compute_simulation_rolling_correlations,shuffle,69,2026-07-05T19:36:01.894371+00:00,2026-07-05T19:36:06.913105+00:00,5.018720799940638,success,735232,324,data\derived\monte_carlo_baselines\returns\shuffle\shuffle_sim_069.parquet,
20260705T193434Z,rolling_baselines,read_baseline_returns,shuffle,70,2026-07-05T19:36:02.687347+00:00,2026-07-05T19:36:02.761271+00:00,0.07388939999509603,success,735232,735232,data\derived\monte_carlo_baselines\returns\shuffle\shuffle_sim_070.parquet,
20260705T193434Z,rolling_baselines,compute_rolling_metrics_w2048,shuffle,70,2026-07-05T19:36:02.761313+00:00,2026-07-05T19:36:04.001647+00:00,1.2403040999779478,success,735232,162,,
20260705T193434Z,rolling_baselines,compute_rolling_metrics_w8192,shuffle,70,2026-07-05T19:36:04.001744+00:00,2026-07-05T19:36:07.405929+00:00,3.404159899917431,success,735232,162,,
20260705T193434Z,rolling_baselines,compute_simulation_rolling_correlations,shuffle,70,2026-07-05T19:36:02.687327+00:00,2026-07-05T19:36:07.405961+00:00,4.718618599930778,success,735232,324,data\derived\monte_carlo_baselines\returns\shuffle\shuffle_sim_070.parquet,
20260705T193434Z,rolling_baselines,read_baseline_returns,shuffle,71,2026-07-05T19:36:03.537507+00:00,2026-07-05T19:36:03.562336+00:00,0.024807299952954054,success,735232,735232,data\derived\monte_carlo_baselines\returns\shuffle\shuffle_sim_071.parquet,
20260705T193434Z,rolling_baselines,compute_rolling_metrics_w2048,shuffle,71,2026-07-05T19:36:03.562360+00:00,2026-07-05T19:36:05.040934+00:00,1.4785522000165656,success,735232,162,,
20260705T193434Z,rolling_baselines,compute_rolling_metrics_w8192,shuffle,71,2026-07-05T19:36:05.040946+00:00,2026-07-05T19:36:08.128617+00:00,3.0876519000157714,success,735232,162,,
20260705T193434Z,rolling_baselines,compute_simulation_rolling_correlations,shuffle,71,2026-07-05T19:36:03.537496+00:00,2026-07-05T19:36:08.128641+00:00,4.591134599992074,success,735232,324,data\derived\monte_carlo_baselines\returns\shuffle\shuffle_sim_071.parquet,
20260705T193434Z,rolling_baselines,read_baseline_returns,shuffle,72,2026-07-05T19:36:06.913934+00:00,2026-07-05T19:36:06.946076+00:00,0.032114199944771826,success,735232,735232,data\derived\monte_carlo_baselines\returns\shuffle\shuffle_sim_072.parquet,
20260705T193434Z,rolling_baselines,compute_rolling_metrics_w2048,shuffle,72,2026-07-05T19:36:06.946109+00:00,2026-07-05T19:36:08.155499+00:00,1.209369800053537,success,735232,162,,
20260705T193434Z,rolling_baselines,compute_rolling_metrics_w8192,shuffle,72,2026-07-05T19:36:08.155508+00:00,2026-07-05T19:36:11.461905+00:00,3.306375699932687,success,735232,162,,
20260705T193434Z,rolling_baselines,compute_simulation_rolling_correlations,shuffle,72,2026-07-05T19:36:06.913924+00:00,2026-07-05T19:36:11.462243+00:00,4.548300400027074,success,735232,324,data\derived\monte_carlo_baselines\returns\shuffle\shuffle_sim_072.parquet,
20260705T193434Z,rolling_baselines,read_baseline_returns,shuffle,73,2026-07-05T19:36:07.005895+00:00,2026-07-05T19:36:07.032131+00:00,0.026208999915979803,success,735232,735232,data\derived\monte_carlo_baselines\returns\shuffle\shuffle_sim_073.parquet,
20260705T193434Z,rolling_baselines,compute_rolling_metrics_w2048,shuffle,73,2026-07-05T19:36:07.032172+00:00,2026-07-05T19:36:08.276505+00:00,1.244312800001353,success,735232,162,,
20260705T193434Z,rolling_baselines,compute_rolling_metrics_w8192,shuffle,73,2026-07-05T19:36:08.276514+00:00,2026-07-05T19:36:12.961663+00:00,4.6851292999926955,success,735232,162,,
20260705T193434Z,rolling_baselines,compute_simulation_rolling_correlations,shuffle,73,2026-07-05T19:36:07.005886+00:00,2026-07-05T19:36:12.961680+00:00,5.955784299992956,success,735232,324,data\derived\monte_carlo_baselines\returns\shuffle\shuffle_sim_073.parquet,
20260705T193434Z,rolling_baselines,read_baseline_returns,shuffle,74,2026-07-05T19:36:07.407135+00:00,2026-07-05T19:36:07.446976+00:00,0.03981690004002303,success,735232,735232,data\derived\monte_carlo_baselines\returns\shuffle\shuffle_sim_074.parquet,
20260705T193434Z,rolling_baselines,compute_rolling_metrics_w2048,shuffle,74,2026-07-05T19:36:07.447000+00:00,2026-07-05T19:36:08.642237+00:00,1.1952159999636933,success,735232,162,,
20260705T193434Z,rolling_baselines,compute_rolling_metrics_w8192,shuffle,74,2026-07-05T19:36:08.642247+00:00,2026-07-05T19:36:12.080914+00:00,3.4386469000019133,success,735232,162,,
20260705T193434Z,rolling_baselines,compute_simulation_rolling_correlations,shuffle,74,2026-07-05T19:36:07.407126+00:00,2026-07-05T19:36:12.081078+00:00,4.673939400003292,success,735232,324,data\derived\monte_carlo_baselines\returns\shuffle\shuffle_sim_074.parquet,
20260705T193434Z,rolling_baselines,read_baseline_returns,shuffle,75,2026-07-05T19:36:08.129505+00:00,2026-07-05T19:36:08.166141+00:00,0.0366138000972569,success,735232,735232,data\derived\monte_carlo_baselines\returns\shuffle\shuffle_sim_075.parquet,
20260705T193434Z,rolling_baselines,compute_rolling_metrics_w2048,shuffle,75,2026-07-05T19:36:08.166165+00:00,2026-07-05T19:36:09.345199+00:00,1.1790113999741152,success,735232,162,,
20260705T193434Z,rolling_baselines,compute_rolling_metrics_w8192,shuffle,75,2026-07-05T19:36:09.345209+00:00,2026-07-05T19:36:12.824570+00:00,3.4793405999662355,success,735232,162,,
20260705T193434Z,rolling_baselines,compute_simulation_rolling_correlations,shuffle,75,2026-07-05T19:36:08.129491+00:00,2026-07-05T19:36:12.824589+00:00,4.695086700026877,success,735232,324,data\derived\monte_carlo_baselines\returns\shuffle\shuffle_sim_075.parquet,
20260705T193434Z,rolling_baselines,read_baseline_returns,shuffle,76,2026-07-05T19:36:11.463156+00:00,2026-07-05T19:36:11.498433+00:00,0.03524190001189709,success,735232,735232,data\derived\monte_carlo_baselines\returns\shuffle\shuffle_sim_076.parquet,
20260705T193434Z,rolling_baselines,compute_rolling_metrics_w2048,shuffle,76,2026-07-05T19:36:11.498473+00:00,2026-07-05T19:36:12.870238+00:00,1.371741499984637,success,735232,162,,
20260705T193434Z,rolling_baselines,compute_rolling_metrics_w8192,shuffle,76,2026-07-05T19:36:12.870248+00:00,2026-07-05T19:36:15.740817+00:00,2.870548199978657,success,735232,162,,
20260705T193434Z,rolling_baselines,compute_simulation_rolling_correlations,shuffle,76,2026-07-05T19:36:11.463145+00:00,2026-07-05T19:36:15.740992+00:00,4.277832500054501,success,735232,324,data\derived\monte_carlo_baselines\returns\shuffle\shuffle_sim_076.parquet,
20260705T193434Z,rolling_baselines,read_baseline_returns,shuffle,77,2026-07-05T19:36:12.089745+00:00,2026-07-05T19:36:12.140900+00:00,0.05095399997662753,success,735232,735232,data\derived\monte_carlo_baselines\returns\shuffle\shuffle_sim_077.parquet,
20260705T193434Z,rolling_baselines,compute_rolling_metrics_w2048,shuffle,77,2026-07-05T19:36:12.140936+00:00,2026-07-05T19:36:13.246454+00:00,1.1054966999217868,success,735232,162,,
20260705T193434Z,rolling_baselines,compute_rolling_metrics_w8192,shuffle,77,2026-07-05T19:36:13.246464+00:00,2026-07-05T19:36:16.193376+00:00,2.946888900012709,success,735232,162,,
20260705T193434Z,rolling_baselines,compute_simulation_rolling_correlations,shuffle,77,2026-07-05T19:36:12.089733+00:00,2026-07-05T19:36:16.193400+00:00,4.103653399972245,success,735232,324,data\derived\monte_carlo_baselines\returns\shuffle\shuffle_sim_077.parquet,
20260705T193434Z,rolling_baselines,read_baseline_returns,shuffle,78,2026-07-05T19:36:12.825363+00:00,2026-07-05T19:36:12.861612+00:00,0.0362245999276638,success,735232,735232,data\derived\monte_carlo_baselines\returns\shuffle\shuffle_sim_078.parquet,
20260705T193434Z,rolling_baselines,compute_rolling_metrics_w2048,shuffle,78,2026-07-05T19:36:12.861641+00:00,2026-07-05T19:36:13.947146+00:00,1.0854634999996051,success,735232,162,,
20260705T193434Z,rolling_baselines,compute_rolling_metrics_w8192,shuffle,78,2026-07-05T19:36:13.947156+00:00,2026-07-05T19:36:16.872451+00:00,2.925275699933991,success,735232,162,,
20260705T193434Z,rolling_baselines,compute_simulation_rolling_correlations,shuffle,78,2026-07-05T19:36:12.825355+00:00,2026-07-05T19:36:16.872469+00:00,4.047105800011195,success,735232,324,data\derived\monte_carlo_baselines\returns\shuffle\shuffle_sim_078.parquet,
20260705T193434Z,rolling_baselines,read_baseline_returns,shuffle,79,2026-07-05T19:36:12.962462+00:00,2026-07-05T19:36:12.995628+00:00,0.033143200096674263,success,735232,735232,data\derived\monte_carlo_baselines\returns\shuffle\shuffle_sim_079.parquet,
20260705T193434Z,rolling_baselines,compute_rolling_metrics_w2048,shuffle,79,2026-07-05T19:36:12.995651+00:00,2026-07-05T19:36:14.092703+00:00,1.0969958999194205,success,735232,162,,
20260705T193434Z,rolling_baselines,compute_rolling_metrics_w8192,shuffle,79,2026-07-05T19:36:14.092716+00:00,2026-07-05T19:36:17.129240+00:00,3.0364975999109447,success,735232,162,,
20260705T193434Z,rolling_baselines,compute_simulation_rolling_correlations,shuffle,79,2026-07-05T19:36:12.962453+00:00,2026-07-05T19:36:17.129314+00:00,4.166814700001851,success,735232,324,data\derived\monte_carlo_baselines\returns\shuffle\shuffle_sim_079.parquet,
20260705T193434Z,rolling_baselines,read_baseline_returns,shuffle,80,2026-07-05T19:36:15.741875+00:00,2026-07-05T19:36:15.780538+00:00,0.038633499993011355,success,735232,735232,data\derived\monte_carlo_baselines\returns\shuffle\shuffle_sim_080.parquet,
20260705T193434Z,rolling_baselines,compute_rolling_metrics_w2048,shuffle,80,2026-07-05T19:36:15.780573+00:00,2026-07-05T19:36:17.045402+00:00,1.2648098000790924,success,735232,162,,
20260705T193434Z,rolling_baselines,compute_rolling_metrics_w8192,shuffle,80,2026-07-05T19:36:17.045412+00:00,2026-07-05T19:36:20.228340+00:00,3.182904399931431,success,735232,162,,
20260705T193434Z,rolling_baselines,compute_simulation_rolling_correlations,shuffle,80,2026-07-05T19:36:15.741862+00:00,2026-07-05T19:36:20.228699+00:00,4.486820099991746,success,735232,324,data\derived\monte_carlo_baselines\returns\shuffle\shuffle_sim_080.parquet,
20260705T193434Z,rolling_baselines,read_baseline_returns,shuffle,81,2026-07-05T19:36:16.194404+00:00,2026-07-05T19:36:16.228359+00:00,0.033929399913176894,success,735232,735232,data\derived\monte_carlo_baselines\returns\shuffle\shuffle_sim_081.parquet,
20260705T193434Z,rolling_baselines,compute_rolling_metrics_w2048,shuffle,81,2026-07-05T19:36:16.228393+00:00,2026-07-05T19:36:17.439728+00:00,1.2113086000317708,success,735232,162,,
20260705T193434Z,rolling_baselines,compute_rolling_metrics_w8192,shuffle,81,2026-07-05T19:36:17.439742+00:00,2026-07-05T19:36:20.711129+00:00,3.2713660000590608,success,735232,162,,
20260705T193434Z,rolling_baselines,compute_simulation_rolling_correlations,shuffle,81,2026-07-05T19:36:16.194395+00:00,2026-07-05T19:36:20.711309+00:00,4.516898200032301,success,735232,324,data\derived\monte_carlo_baselines\returns\shuffle\shuffle_sim_081.parquet,
20260705T193434Z,rolling_baselines,read_baseline_returns,shuffle,82,2026-07-05T19:36:16.875282+00:00,2026-07-05T19:36:16.903714+00:00,0.028414399945177138,success,735232,735232,data\derived\monte_carlo_baselines\returns\shuffle\shuffle_sim_082.parquet,
20260705T193434Z,rolling_baselines,compute_rolling_metrics_w2048,shuffle,82,2026-07-05T19:36:16.903730+00:00,2026-07-05T19:36:18.064649+00:00,1.1608926999615505,success,735232,162,,
20260705T193434Z,rolling_baselines,compute_rolling_metrics_w8192,shuffle,82,2026-07-05T19:36:18.064664+00:00,2026-07-05T19:36:21.259567+00:00,3.194882299983874,success,735232,162,,
20260705T193434Z,rolling_baselines,compute_simulation_rolling_correlations,shuffle,82,2026-07-05T19:36:16.875271+00:00,2026-07-05T19:36:21.259586+00:00,4.384304700070061,success,735232,324,data\derived\monte_carlo_baselines\returns\shuffle\shuffle_sim_082.parquet,
20260705T193434Z,rolling_baselines,read_baseline_returns,shuffle,83,2026-07-05T19:36:17.130369+00:00,2026-07-05T19:36:17.152570+00:00,0.022176999947987497,success,735232,735232,data\derived\monte_carlo_baselines\returns\shuffle\shuffle_sim_083.parquet,
20260705T193434Z,rolling_baselines,compute_rolling_metrics_w2048,shuffle,83,2026-07-05T19:36:17.152595+00:00,2026-07-05T19:36:18.325923+00:00,1.1733016000362113,success,735232,162,,
20260705T193434Z,rolling_baselines,compute_rolling_metrics_w8192,shuffle,83,2026-07-05T19:36:18.325937+00:00,2026-07-05T19:36:21.749602+00:00,3.423644299968146,success,735232,162,,
20260705T193434Z,rolling_baselines,compute_simulation_rolling_correlations,shuffle,83,2026-07-05T19:36:17.130361+00:00,2026-07-05T19:36:21.749629+00:00,4.619258800055832,success,735232,324,data\derived\monte_carlo_baselines\returns\shuffle\shuffle_sim_083.parquet,
20260705T193434Z,rolling_baselines,read_baseline_returns,shuffle,84,2026-07-05T19:36:20.229828+00:00,2026-07-05T19:36:20.265296+00:00,0.03544599993620068,success,735232,735232,data\derived\monte_carlo_baselines\returns\shuffle\shuffle_sim_084.parquet,
20260705T193434Z,rolling_baselines,compute_rolling_metrics_w2048,shuffle,84,2026-07-05T19:36:20.265319+00:00,2026-07-05T19:36:21.586474+00:00,1.3211261000251397,success,735232,162,,
20260705T193434Z,rolling_baselines,compute_rolling_metrics_w8192,shuffle,84,2026-07-05T19:36:21.586487+00:00,2026-07-05T19:36:25.950192+00:00,4.363684799987823,success,735232,162,,
20260705T193434Z,rolling_baselines,compute_simulation_rolling_correlations,shuffle,84,2026-07-05T19:36:20.229819+00:00,2026-07-05T19:36:25.950339+00:00,5.720507199992426,success,735232,324,data\derived\monte_carlo_baselines\returns\shuffle\shuffle_sim_084.parquet,
20260705T193434Z,rolling_baselines,read_baseline_returns,shuffle,85,2026-07-05T19:36:20.712139+00:00,2026-07-05T19:36:20.743819+00:00,0.03164439997635782,success,735232,735232,data\derived\monte_carlo_baselines\returns\shuffle\shuffle_sim_085.parquet,
20260705T193434Z,rolling_baselines,compute_rolling_metrics_w2048,shuffle,85,2026-07-05T19:36:20.743860+00:00,2026-07-05T19:36:22.076552+00:00,1.3326694999122992,success,735232,162,,
20260705T193434Z,rolling_baselines,compute_rolling_metrics_w8192,shuffle,85,2026-07-05T19:36:22.076563+00:00,2026-07-05T19:36:25.242232+00:00,3.165647300076671,success,735232,162,,
20260705T193434Z,rolling_baselines,compute_simulation_rolling_correlations,shuffle,85,2026-07-05T19:36:20.712132+00:00,2026-07-05T19:36:25.242425+00:00,4.530281099956483,success,735232,324,data\derived\monte_carlo_baselines\returns\shuffle\shuffle_sim_085.parquet,
20260705T193434Z,rolling_baselines,read_baseline_returns,shuffle,86,2026-07-05T19:36:21.261994+00:00,2026-07-05T19:36:21.290221+00:00,0.028204399975948036,success,735232,735232,data\derived\monte_carlo_baselines\returns\shuffle\shuffle_sim_086.parquet,
20260705T193434Z,rolling_baselines,compute_rolling_metrics_w2048,shuffle,86,2026-07-05T19:36:21.290244+00:00,2026-07-05T19:36:22.573585+00:00,1.2833217999432236,success,735232,162,,
20260705T193434Z,rolling_baselines,compute_rolling_metrics_w8192,shuffle,86,2026-07-05T19:36:22.573596+00:00,2026-07-05T19:36:25.744401+00:00,3.1707819000585005,success,735232,162,,
20260705T193434Z,rolling_baselines,compute_simulation_rolling_correlations,shuffle,86,2026-07-05T19:36:21.261982+00:00,2026-07-05T19:36:25.744434+00:00,4.482438700040802,success,735232,324,data\derived\monte_carlo_baselines\returns\shuffle\shuffle_sim_086.parquet,
20260705T193434Z,rolling_baselines,read_baseline_returns,shuffle,87,2026-07-05T19:36:21.751806+00:00,2026-07-05T19:36:21.783116+00:00,0.031286500045098364,success,735232,735232,data\derived\monte_carlo_baselines\returns\shuffle\shuffle_sim_087.parquet,
20260705T193434Z,rolling_baselines,compute_rolling_metrics_w2048,shuffle,87,2026-07-05T19:36:21.783141+00:00,2026-07-05T19:36:23.145055+00:00,1.3618897000560537,success,735232,162,,
20260705T193434Z,rolling_baselines,compute_rolling_metrics_w8192,shuffle,87,2026-07-05T19:36:23.145070+00:00,2026-07-05T19:36:26.175758+00:00,3.030668599996716,success,735232,162,,
20260705T193434Z,rolling_baselines,compute_simulation_rolling_correlations,shuffle,87,2026-07-05T19:36:21.751794+00:00,2026-07-05T19:36:26.175775+00:00,4.423970600008033,success,735232,324,data\derived\monte_carlo_baselines\returns\shuffle\shuffle_sim_087.parquet,
20260705T193434Z,rolling_baselines,read_baseline_returns,shuffle,88,2026-07-05T19:36:25.243351+00:00,2026-07-05T19:36:25.295342+00:00,0.05196389998309314,success,735232,735232,data\derived\monte_carlo_baselines\returns\shuffle\shuffle_sim_088.parquet,
20260705T193434Z,rolling_baselines,compute_rolling_metrics_w2048,shuffle,88,2026-07-05T19:36:25.295372+00:00,2026-07-05T19:36:26.475501+00:00,1.1801083000609651,success,735232,162,,
20260705T193434Z,rolling_baselines,compute_rolling_metrics_w8192,shuffle,88,2026-07-05T19:36:26.475512+00:00,2026-07-05T19:36:30.083117+00:00,3.6075829999754205,success,735232,162,,
20260705T193434Z,rolling_baselines,compute_simulation_rolling_correlations,shuffle,88,2026-07-05T19:36:25.243340+00:00,2026-07-05T19:36:30.083281+00:00,4.83992859988939,success,735232,324,data\derived\monte_carlo_baselines\returns\shuffle\shuffle_sim_088.parquet,
20260705T193434Z,rolling_baselines,read_baseline_returns,shuffle,89,2026-07-05T19:36:25.775257+00:00,2026-07-05T19:36:25.801435+00:00,0.02535630005877465,success,735232,735232,data\derived\monte_carlo_baselines\returns\shuffle\shuffle_sim_089.parquet,
20260705T193434Z,rolling_baselines,compute_rolling_metrics_w2048,shuffle,89,2026-07-05T19:36:25.801469+00:00,2026-07-05T19:36:27.031356+00:00,1.2298651998862624,success,735232,162,,
20260705T193434Z,rolling_baselines,compute_rolling_metrics_w8192,shuffle,89,2026-07-05T19:36:27.031365+00:00,2026-07-05T19:36:30.492993+00:00,3.461608699988574,success,735232,162,,
20260705T193434Z,rolling_baselines,compute_simulation_rolling_correlations,shuffle,89,2026-07-05T19:36:25.775242+00:00,2026-07-05T19:36:30.493011+00:00,4.717756800004281,success,735232,324,data\derived\monte_carlo_baselines\returns\shuffle\shuffle_sim_089.parquet,
20260705T193434Z,rolling_baselines,read_baseline_returns,shuffle,90,2026-07-05T19:36:25.951460+00:00,2026-07-05T19:36:25.978422+00:00,0.02693679998628795,success,735232,735232,data\derived\monte_carlo_baselines\returns\shuffle\shuffle_sim_090.parquet,
20260705T193434Z,rolling_baselines,compute_rolling_metrics_w2048,shuffle,90,2026-07-05T19:36:25.978448+00:00,2026-07-05T19:36:27.216533+00:00,1.2379684000043198,success,735232,162,,
20260705T193434Z,rolling_baselines,compute_rolling_metrics_w8192,shuffle,90,2026-07-05T19:36:27.216547+00:00,2026-07-05T19:36:30.620782+00:00,3.404213499976322,success,735232,162,,
20260705T193434Z,rolling_baselines,compute_simulation_rolling_correlations,shuffle,90,2026-07-05T19:36:25.951449+00:00,2026-07-05T19:36:30.621119+00:00,4.669652700074948,success,735232,324,data\derived\monte_carlo_baselines\returns\shuffle\shuffle_sim_090.parquet,
20260705T193434Z,rolling_baselines,read_baseline_returns,shuffle,91,2026-07-05T19:36:26.176537+00:00,2026-07-05T19:36:26.207448+00:00,0.03088880004361272,success,735232,735232,data\derived\monte_carlo_baselines\returns\shuffle\shuffle_sim_091.parquet,
20260705T193434Z,rolling_baselines,compute_rolling_metrics_w2048,shuffle,91,2026-07-05T19:36:26.207474+00:00,2026-07-05T19:36:27.532526+00:00,1.3250327999703586,success,735232,162,,
20260705T193434Z,rolling_baselines,compute_rolling_metrics_w8192,shuffle,91,2026-07-05T19:36:27.532534+00:00,2026-07-05T19:36:31.116757+00:00,3.5841980000259355,success,735232,162,,
20260705T193434Z,rolling_baselines,compute_simulation_rolling_correlations,shuffle,91,2026-07-05T19:36:26.176528+00:00,2026-07-05T19:36:31.116789+00:00,4.940249999985099,success,735232,324,data\derived\monte_carlo_baselines\returns\shuffle\shuffle_sim_091.parquet,
20260705T193434Z,rolling_baselines,read_baseline_returns,shuffle,92,2026-07-05T19:36:30.085632+00:00,2026-07-05T19:36:30.117373+00:00,0.03171060001477599,success,735232,735232,data\derived\monte_carlo_baselines\returns\shuffle\shuffle_sim_092.parquet,
20260705T193434Z,rolling_baselines,compute_rolling_metrics_w2048,shuffle,92,2026-07-05T19:36:30.117405+00:00,2026-07-05T19:36:31.336176+00:00,1.2187460999703035,success,735232,162,,
20260705T193434Z,rolling_baselines,compute_rolling_metrics_w8192,shuffle,92,2026-07-05T19:36:31.336189+00:00,2026-07-05T19:36:34.680473+00:00,3.3442656999686733,success,735232,162,,
20260705T193434Z,rolling_baselines,compute_simulation_rolling_correlations,shuffle,92,2026-07-05T19:36:30.085622+00:00,2026-07-05T19:36:34.680675+00:00,4.595040699932724,success,735232,324,data\derived\monte_carlo_baselines\returns\shuffle\shuffle_sim_092.parquet,
20260705T193434Z,rolling_baselines,read_baseline_returns,shuffle,93,2026-07-05T19:36:30.493793+00:00,2026-07-05T19:36:30.522767+00:00,0.028945800033397973,success,735232,735232,data\derived\monte_carlo_baselines\returns\shuffle\shuffle_sim_093.parquet,
20260705T193434Z,rolling_baselines,compute_rolling_metrics_w2048,shuffle,93,2026-07-05T19:36:30.522798+00:00,2026-07-05T19:36:31.966471+00:00,1.4436520000454038,success,735232,162,,
20260705T193434Z,rolling_baselines,compute_rolling_metrics_w8192,shuffle,93,2026-07-05T19:36:31.966481+00:00,2026-07-05T19:36:35.187386+00:00,3.2208852999610826,success,735232,162,,
20260705T193434Z,rolling_baselines,compute_simulation_rolling_correlations,shuffle,93,2026-07-05T19:36:30.493784+00:00,2026-07-05T19:36:35.187407+00:00,4.693614099989645,success,735232,324,data\derived\monte_carlo_baselines\returns\shuffle\shuffle_sim_093.parquet,
20260705T193434Z,rolling_baselines,read_baseline_returns,shuffle,94,2026-07-05T19:36:30.621996+00:00,2026-07-05T19:36:30.671093+00:00,0.04906619992107153,success,735232,735232,data\derived\monte_carlo_baselines\returns\shuffle\shuffle_sim_094.parquet,
20260705T193434Z,rolling_baselines,compute_rolling_metrics_w2048,shuffle,94,2026-07-05T19:36:30.671121+00:00,2026-07-05T19:36:31.942366+00:00,1.2712203999981284,success,735232,162,,
20260705T193434Z,rolling_baselines,compute_rolling_metrics_w8192,shuffle,94,2026-07-05T19:36:31.942379+00:00,2026-07-05T19:36:35.428682+00:00,3.4862777000525966,success,735232,162,,
20260705T193434Z,rolling_baselines,compute_simulation_rolling_correlations,shuffle,94,2026-07-05T19:36:30.621986+00:00,2026-07-05T19:36:35.428952+00:00,4.8069461999693885,success,735232,324,data\derived\monte_carlo_baselines\returns\shuffle\shuffle_sim_094.parquet,
20260705T193434Z,rolling_baselines,read_baseline_returns,shuffle,95,2026-07-05T19:36:31.118842+00:00,2026-07-05T19:36:31.149670+00:00,0.030805999995209277,success,735232,735232,data\derived\monte_carlo_baselines\returns\shuffle\shuffle_sim_095.parquet,
20260705T193434Z,rolling_baselines,compute_rolling_metrics_w2048,shuffle,95,2026-07-05T19:36:31.149697+00:00,2026-07-05T19:36:32.612332+00:00,1.4626063000177965,success,735232,162,,
20260705T193434Z,rolling_baselines,compute_rolling_metrics_w8192,shuffle,95,2026-07-05T19:36:32.612345+00:00,2026-07-05T19:36:35.893071+00:00,3.2807043000357226,success,735232,162,,
20260705T193434Z,rolling_baselines,compute_simulation_rolling_correlations,shuffle,95,2026-07-05T19:36:31.118831+00:00,2026-07-05T19:36:35.893091+00:00,4.774248700006865,success,735232,324,data\derived\monte_carlo_baselines\returns\shuffle\shuffle_sim_095.parquet,
20260705T193434Z,rolling_baselines,read_baseline_returns,shuffle,96,2026-07-05T19:36:34.681623+00:00,2026-07-05T19:36:34.712893+00:00,0.031240399926900864,success,735232,735232,data\derived\monte_carlo_baselines\returns\shuffle\shuffle_sim_096.parquet,
20260705T193434Z,rolling_baselines,compute_rolling_metrics_w2048,shuffle,96,2026-07-05T19:36:34.712927+00:00,2026-07-05T19:36:35.990247+00:00,1.277294100029394,success,735232,162,,
20260705T193434Z,rolling_baselines,compute_rolling_metrics_w8192,shuffle,96,2026-07-05T19:36:35.990262+00:00,2026-07-05T19:36:40.030540+00:00,4.040254599996842,success,735232,162,,
20260705T193434Z,rolling_baselines,compute_simulation_rolling_correlations,shuffle,96,2026-07-05T19:36:34.681613+00:00,2026-07-05T19:36:40.030780+00:00,5.34914960002061,success,735232,324,data\derived\monte_carlo_baselines\returns\shuffle\shuffle_sim_096.parquet,
20260705T193434Z,rolling_baselines,read_baseline_returns,shuffle,97,2026-07-05T19:36:35.188188+00:00,2026-07-05T19:36:35.226109+00:00,0.03789769997820258,success,735232,735232,data\derived\monte_carlo_baselines\returns\shuffle\shuffle_sim_097.parquet,
20260705T193434Z,rolling_baselines,compute_rolling_metrics_w2048,shuffle,97,2026-07-05T19:36:35.226134+00:00,2026-07-05T19:36:36.851812+00:00,1.6256519999587908,success,735232,162,,
20260705T193434Z,rolling_baselines,compute_rolling_metrics_w8192,shuffle,97,2026-07-05T19:36:36.851825+00:00,2026-07-05T19:36:40.566565+00:00,3.714716300019063,success,735232,162,,
20260705T193434Z,rolling_baselines,compute_simulation_rolling_correlations,shuffle,97,2026-07-05T19:36:35.188178+00:00,2026-07-05T19:36:40.566591+00:00,5.378401099937037,success,735232,324,data\derived\monte_carlo_baselines\returns\shuffle\shuffle_sim_097.parquet,
20260705T193434Z,rolling_baselines,read_baseline_returns,shuffle,98,2026-07-05T19:36:35.430637+00:00,2026-07-05T19:36:35.473617+00:00,0.04295300005469471,success,735232,735232,data\derived\monte_carlo_baselines\returns\shuffle\shuffle_sim_098.parquet,
20260705T193434Z,rolling_baselines,compute_rolling_metrics_w2048,shuffle,98,2026-07-05T19:36:35.473644+00:00,2026-07-05T19:36:37.098546+00:00,1.6248855999438092,success,735232,162,,
20260705T193434Z,rolling_baselines,compute_rolling_metrics_w8192,shuffle,98,2026-07-05T19:36:37.098553+00:00,2026-07-05T19:36:40.798343+00:00,3.6997669000411406,success,735232,162,,
20260705T193434Z,rolling_baselines,compute_simulation_rolling_correlations,shuffle,98,2026-07-05T19:36:35.430626+00:00,2026-07-05T19:36:40.798689+00:00,5.368036599946208,success,735232,324,data\derived\monte_carlo_baselines\returns\shuffle\shuffle_sim_098.parquet,
20260705T193434Z,rolling_baselines,read_baseline_returns,shuffle,99,2026-07-05T19:36:35.893980+00:00,2026-07-05T19:36:35.925595+00:00,0.03158609999809414,success,735232,735232,data\derived\monte_carlo_baselines\returns\shuffle\shuffle_sim_099.parquet,
20260705T193434Z,rolling_baselines,compute_rolling_metrics_w2048,shuffle,99,2026-07-05T19:36:35.925630+00:00,2026-07-05T19:36:37.665052+00:00,1.7394005000824109,success,735232,162,,
20260705T193434Z,rolling_baselines,compute_rolling_metrics_w8192,shuffle,99,2026-07-05T19:36:37.665128+00:00,2026-07-05T19:36:41.515425+00:00,3.850263000000268,success,735232,162,,
20260705T193434Z,rolling_baselines,compute_simulation_rolling_correlations,shuffle,99,2026-07-05T19:36:35.893969+00:00,2026-07-05T19:36:41.515487+00:00,5.621500600012951,success,735232,324,data\derived\monte_carlo_baselines\returns\shuffle\shuffle_sim_099.parquet,
20260705T193434Z,rolling_baselines,read_baseline_returns,gaussian,0,2026-07-05T19:36:40.031900+00:00,2026-07-05T19:36:40.061836+00:00,0.029912499943748116,success,735232,735232,data\derived\monte_carlo_baselines\returns\gaussian\gaussian_sim_000.parquet,
20260705T193434Z,rolling_baselines,compute_rolling_metrics_w2048,gaussian,0,2026-07-05T19:36:40.061861+00:00,2026-07-05T19:36:41.743890+00:00,1.6819984000176191,success,735232,162,,
20260705T193434Z,rolling_baselines,compute_rolling_metrics_w8192,gaussian,0,2026-07-05T19:36:41.743907+00:00,2026-07-05T19:36:46.639533+00:00,4.8956030999543145,success,735232,162,,
20260705T193434Z,rolling_baselines,compute_simulation_rolling_correlations,gaussian,0,2026-07-05T19:36:40.031887+00:00,2026-07-05T19:36:46.639557+00:00,6.607657599961385,success,735232,324,data\derived\monte_carlo_baselines\returns\gaussian\gaussian_sim_000.parquet,
20260705T193434Z,rolling_baselines,read_baseline_returns,gaussian,1,2026-07-05T19:36:40.567673+00:00,2026-07-05T19:36:40.598621+00:00,0.03092119994107634,success,735232,735232,data\derived\monte_carlo_baselines\returns\gaussian\gaussian_sim_001.parquet,
20260705T193434Z,rolling_baselines,compute_rolling_metrics_w2048,gaussian,1,2026-07-05T19:36:40.598652+00:00,2026-07-05T19:36:42.320005+00:00,1.7213182999985293,success,735232,162,,
20260705T193434Z,rolling_baselines,compute_rolling_metrics_w8192,gaussian,1,2026-07-05T19:36:42.320023+00:00,2026-07-05T19:36:47.224348+00:00,4.904304999974556,success,735232,162,,
20260705T193434Z,rolling_baselines,compute_simulation_rolling_correlations,gaussian,1,2026-07-05T19:36:40.567657+00:00,2026-07-05T19:36:47.224376+00:00,6.6567062000976875,success,735232,324,data\derived\monte_carlo_baselines\returns\gaussian\gaussian_sim_001.parquet,
20260705T193434Z,rolling_baselines,read_baseline_returns,gaussian,2,2026-07-05T19:36:40.800571+00:00,2026-07-05T19:36:40.836474+00:00,0.03587260004132986,success,735232,735232,data\derived\monte_carlo_baselines\returns\gaussian\gaussian_sim_002.parquet,
20260705T193434Z,rolling_baselines,compute_rolling_metrics_w2048,gaussian,2,2026-07-05T19:36:40.836506+00:00,2026-07-05T19:36:42.552577+00:00,1.7160445000045002,success,735232,162,,
20260705T193434Z,rolling_baselines,compute_rolling_metrics_w8192,gaussian,2,2026-07-05T19:36:42.552591+00:00,2026-07-05T19:36:47.159791+00:00,4.607168800081126,success,735232,162,,
20260705T193434Z,rolling_baselines,compute_simulation_rolling_correlations,gaussian,2,2026-07-05T19:36:40.800558+00:00,2026-07-05T19:36:47.160066+00:00,6.35948450001888,success,735232,324,data\derived\monte_carlo_baselines\returns\gaussian\gaussian_sim_002.parquet,
20260705T193434Z,rolling_baselines,read_baseline_returns,gaussian,3,2026-07-05T19:36:41.518857+00:00,2026-07-05T19:36:41.564310+00:00,0.045423700008541346,success,735232,735232,data\derived\monte_carlo_baselines\returns\gaussian\gaussian_sim_003.parquet,
20260705T193434Z,rolling_baselines,compute_rolling_metrics_w2048,gaussian,3,2026-07-05T19:36:41.564341+00:00,2026-07-05T19:36:43.609999+00:00,2.0456291999435052,success,735232,162,,
20260705T193434Z,rolling_baselines,compute_rolling_metrics_w8192,gaussian,3,2026-07-05T19:36:43.610016+00:00,2026-07-05T19:36:48.033809+00:00,4.423769999993965,success,735232,162,,
20260705T193434Z,rolling_baselines,compute_simulation_rolling_correlations,gaussian,3,2026-07-05T19:36:41.518836+00:00,2026-07-05T19:36:48.034147+00:00,6.514981099986471,success,735232,324,data\derived\monte_carlo_baselines\returns\gaussian\gaussian_sim_003.parquet,
20260705T193434Z,rolling_baselines,read_baseline_returns,gaussian,4,2026-07-05T19:36:46.640851+00:00,2026-07-05T19:36:46.673536+00:00,0.032661500037647784,success,735232,735232,data\derived\monte_carlo_baselines\returns\gaussian\gaussian_sim_004.parquet,
20260705T193434Z,rolling_baselines,compute_rolling_metrics_w2048,gaussian,4,2026-07-05T19:36:46.673561+00:00,2026-07-05T19:36:48.159553+00:00,1.4859705999260768,success,735232,162,,
20260705T193434Z,rolling_baselines,compute_rolling_metrics_w8192,gaussian,4,2026-07-05T19:36:48.159565+00:00,2026-07-05T19:36:52.842721+00:00,4.683136900071986,success,735232,162,,
20260705T193434Z,rolling_baselines,compute_simulation_rolling_correlations,gaussian,4,2026-07-05T19:36:46.640841+00:00,2026-07-05T19:36:52.842748+00:00,6.201896199956536,success,735232,324,data\derived\monte_carlo_baselines\returns\gaussian\gaussian_sim_004.parquet,
20260705T193434Z,rolling_baselines,read_baseline_returns,gaussian,5,2026-07-05T19:36:47.161641+00:00,2026-07-05T19:36:47.197158+00:00,0.03548149997368455,success,735232,735232,data\derived\monte_carlo_baselines\returns\gaussian\gaussian_sim_005.parquet,
20260705T193434Z,rolling_baselines,compute_rolling_metrics_w2048,gaussian,5,2026-07-05T19:36:47.197200+00:00,2026-07-05T19:36:48.610335+00:00,1.4131062999367714,success,735232,162,,
20260705T193434Z,rolling_baselines,compute_rolling_metrics_w8192,gaussian,5,2026-07-05T19:36:48.610350+00:00,2026-07-05T19:36:53.068971+00:00,4.458603100036271,success,735232,162,,
20260705T193434Z,rolling_baselines,compute_simulation_rolling_correlations,gaussian,5,2026-07-05T19:36:47.161625+00:00,2026-07-05T19:36:53.069212+00:00,5.9075711000477895,success,735232,324,data\derived\monte_carlo_baselines\returns\gaussian\gaussian_sim_005.parquet,
20260705T193434Z,rolling_baselines,read_baseline_returns,gaussian,6,2026-07-05T19:36:47.225465+00:00,2026-07-05T19:36:47.259109+00:00,0.03361929999664426,success,735232,735232,data\derived\monte_carlo_baselines\returns\gaussian\gaussian_sim_006.parquet,
20260705T193434Z,rolling_baselines,compute_rolling_metrics_w2048,gaussian,6,2026-07-05T19:36:47.259136+00:00,2026-07-05T19:36:48.660513+00:00,1.4013485999312252,success,735232,162,,
20260705T193434Z,rolling_baselines,compute_rolling_metrics_w8192,gaussian,6,2026-07-05T19:36:48.660530+00:00,2026-07-05T19:36:53.285327+00:00,4.624777700053528,success,735232,162,,
20260705T193434Z,rolling_baselines,compute_simulation_rolling_correlations,gaussian,6,2026-07-05T19:36:47.225451+00:00,2026-07-05T19:36:53.285356+00:00,6.059894600068219,success,735232,324,data\derived\monte_carlo_baselines\returns\gaussian\gaussian_sim_006.parquet,
20260705T193434Z,rolling_baselines,read_baseline_returns,gaussian,7,2026-07-05T19:36:48.036437+00:00,2026-07-05T19:36:48.061592+00:00,0.025131299975328147,success,735232,735232,data\derived\monte_carlo_baselines\returns\gaussian\gaussian_sim_007.parquet,
20260705T193434Z,rolling_baselines,compute_rolling_metrics_w2048,gaussian,7,2026-07-05T19:36:48.061629+00:00,2026-07-05T19:36:49.531500+00:00,1.4698455999605358,success,735232,162,,
20260705T193434Z,rolling_baselines,compute_rolling_metrics_w8192,gaussian,7,2026-07-05T19:36:49.531513+00:00,2026-07-05T19:36:53.798144+00:00,4.266607100027613,success,735232,162,,
20260705T193434Z,rolling_baselines,compute_simulation_rolling_correlations,gaussian,7,2026-07-05T19:36:48.036427+00:00,2026-07-05T19:36:53.798167+00:00,5.761729000019841,success,735232,324,data\derived\monte_carlo_baselines\returns\gaussian\gaussian_sim_007.parquet,
20260705T193434Z,rolling_baselines,read_baseline_returns,gaussian,8,2026-07-05T19:36:52.843809+00:00,2026-07-05T19:36:52.872206+00:00,0.0283655000384897,success,735232,735232,data\derived\monte_carlo_baselines\returns\gaussian\gaussian_sim_008.parquet,
20260705T193434Z,rolling_baselines,compute_rolling_metrics_w2048,gaussian,8,2026-07-05T19:36:52.872237+00:00,2026-07-05T19:36:53.876064+00:00,1.0038016999606043,success,735232,162,,
20260705T193434Z,rolling_baselines,compute_rolling_metrics_w8192,gaussian,8,2026-07-05T19:36:53.876077+00:00,2026-07-05T19:36:58.105850+00:00,4.229756299988367,success,735232,162,,
20260705T193434Z,rolling_baselines,compute_simulation_rolling_correlations,gaussian,8,2026-07-05T19:36:52.843796+00:00,2026-07-05T19:36:58.105874+00:00,5.262067699921317,success,735232,324,data\derived\monte_carlo_baselines\returns\gaussian\gaussian_sim_008.parquet,
20260705T193434Z,rolling_baselines,read_baseline_returns,gaussian,9,2026-07-05T19:36:53.071312+00:00,2026-07-05T19:36:53.103351+00:00,0.032005799934268,success,735232,735232,data\derived\monte_carlo_baselines\returns\gaussian\gaussian_sim_009.parquet,
20260705T193434Z,rolling_baselines,compute_rolling_metrics_w2048,gaussian,9,2026-07-05T19:36:53.103388+00:00,2026-07-05T19:36:54.101965+00:00,0.9985447999788448,success,735232,162,,
20260705T193434Z,rolling_baselines,compute_rolling_metrics_w8192,gaussian,9,2026-07-05T19:36:54.101977+00:00,2026-07-05T19:36:58.402682+00:00,4.300684900023043,success,735232,162,,
20260705T193434Z,rolling_baselines,compute_simulation_rolling_correlations,gaussian,9,2026-07-05T19:36:53.071303+00:00,2026-07-05T19:36:58.402885+00:00,5.331569500034675,success,735232,324,data\derived\monte_carlo_baselines\returns\gaussian\gaussian_sim_009.parquet,
20260705T193434Z,rolling_baselines,read_baseline_returns,gaussian,10,2026-07-05T19:36:53.285991+00:00,2026-07-05T19:36:53.315139+00:00,0.02912369999103248,success,735232,735232,data\derived\monte_carlo_baselines\returns\gaussian\gaussian_sim_010.parquet,
20260705T193434Z,rolling_baselines,compute_rolling_metrics_w2048,gaussian,10,2026-07-05T19:36:53.315168+00:00,2026-07-05T19:36:54.315886+00:00,1.0006939999293536,success,735232,162,,
20260705T193434Z,rolling_baselines,compute_rolling_metrics_w8192,gaussian,10,2026-07-05T19:36:54.315898+00:00,2026-07-05T19:36:58.717650+00:00,4.401734199956991,success,735232,162,,
20260705T193434Z,rolling_baselines,compute_simulation_rolling_correlations,gaussian,10,2026-07-05T19:36:53.285983+00:00,2026-07-05T19:36:58.717668+00:00,5.431676700012758,success,735232,324,data\derived\monte_carlo_baselines\returns\gaussian\gaussian_sim_010.parquet,
20260705T193434Z,rolling_baselines,read_baseline_returns,gaussian,11,2026-07-05T19:36:53.799479+00:00,2026-07-05T19:36:53.827280+00:00,0.02777239994611591,success,735232,735232,data\derived\monte_carlo_baselines\returns\gaussian\gaussian_sim_011.parquet,
20260705T193434Z,rolling_baselines,compute_rolling_metrics_w2048,gaussian,11,2026-07-05T19:36:53.827312+00:00,2026-07-05T19:36:55.060248+00:00,1.232910000020638,success,735232,162,,
20260705T193434Z,rolling_baselines,compute_rolling_metrics_w8192,gaussian,11,2026-07-05T19:36:55.060261+00:00,2026-07-05T19:36:59.209633+00:00,4.14935099997092,success,735232,162,,
20260705T193434Z,rolling_baselines,compute_simulation_rolling_correlations,gaussian,11,2026-07-05T19:36:53.799470+00:00,2026-07-05T19:36:59.209652+00:00,5.410172800067812,success,735232,324,data\derived\monte_carlo_baselines\returns\gaussian\gaussian_sim_011.parquet,
20260705T193434Z,rolling_baselines,read_baseline_returns,gaussian,12,2026-07-05T19:36:58.106613+00:00,2026-07-05T19:36:58.136853+00:00,0.030203599948436022,success,735232,735232,data\derived\monte_carlo_baselines\returns\gaussian\gaussian_sim_012.parquet,
20260705T193434Z,rolling_baselines,compute_rolling_metrics_w2048,gaussian,12,2026-07-05T19:36:58.136885+00:00,2026-07-05T19:36:59.417241+00:00,1.280338199925609,success,735232,162,,
20260705T193434Z,rolling_baselines,compute_rolling_metrics_w8192,gaussian,12,2026-07-05T19:36:59.417249+00:00,2026-07-05T19:37:04.228915+00:00,4.811648099916056,success,735232,162,,
20260705T193434Z,rolling_baselines,compute_simulation_rolling_correlations,gaussian,12,2026-07-05T19:36:58.106603+00:00,2026-07-05T19:37:04.228931+00:00,6.122318800073117,success,735232,324,data\derived\monte_carlo_baselines\returns\gaussian\gaussian_sim_012.parquet,
20260705T193434Z,rolling_baselines,read_baseline_returns,gaussian,13,2026-07-05T19:36:58.403705+00:00,2026-07-05T19:36:58.435934+00:00,0.032185399904847145,success,735232,735232,data\derived\monte_carlo_baselines\returns\gaussian\gaussian_sim_013.parquet,
20260705T193434Z,rolling_baselines,compute_rolling_metrics_w2048,gaussian,13,2026-07-05T19:36:58.435970+00:00,2026-07-05T19:37:00.060699+00:00,1.6247076999861747,success,735232,162,,
20260705T193434Z,rolling_baselines,compute_rolling_metrics_w8192,gaussian,13,2026-07-05T19:37:00.060708+00:00,2026-07-05T19:37:04.445936+00:00,4.385204500053078,success,735232,162,,
20260705T193434Z,rolling_baselines,compute_simulation_rolling_correlations,gaussian,13,2026-07-05T19:36:58.403696+00:00,2026-07-05T19:37:04.446138+00:00,6.042425799998455,success,735232,324,data\derived\monte_carlo_baselines\returns\gaussian\gaussian_sim_013.parquet,
20260705T193434Z,rolling_baselines,read_baseline_returns,gaussian,14,2026-07-05T19:36:58.718954+00:00,2026-07-05T19:36:58.751518+00:00,0.03253289998974651,success,735232,735232,data\derived\monte_carlo_baselines\returns\gaussian\gaussian_sim_014.parquet,
20260705T193434Z,rolling_baselines,compute_rolling_metrics_w2048,gaussian,14,2026-07-05T19:36:58.751551+00:00,2026-07-05T19:37:00.792761+00:00,2.041189800016582,success,735232,162,,
20260705T193434Z,rolling_baselines,compute_rolling_metrics_w8192,gaussian,14,2026-07-05T19:37:00.792772+00:00,2026-07-05T19:37:04.792617+00:00,3.9998263999586925,success,735232,162,,
20260705T193434Z,rolling_baselines,compute_simulation_rolling_correlations,gaussian,14,2026-07-05T19:36:58.718946+00:00,2026-07-05T19:37:04.792645+00:00,6.073689699987881,success,735232,324,data\derived\monte_carlo_baselines\returns\gaussian\gaussian_sim_014.parquet,
20260705T193434Z,rolling_baselines,read_baseline_returns,gaussian,15,2026-07-05T19:36:59.210464+00:00,2026-07-05T19:36:59.242355+00:00,0.0318653000285849,success,735232,735232,data\derived\monte_carlo_baselines\returns\gaussian\gaussian_sim_015.parquet,
20260705T193434Z,rolling_baselines,compute_rolling_metrics_w2048,gaussian,15,2026-07-05T19:36:59.242385+00:00,2026-07-05T19:37:01.712180+00:00,2.469775200006552,success,735232,162,,
20260705T193434Z,rolling_baselines,compute_rolling_metrics_w8192,gaussian,15,2026-07-05T19:37:01.712189+00:00,2026-07-05T19:37:05.214485+00:00,3.502277299994603,success,735232,162,,
20260705T193434Z,rolling_baselines,compute_simulation_rolling_correlations,gaussian,15,2026-07-05T19:36:59.210456+00:00,2026-07-05T19:37:05.214510+00:00,6.004046399961226,success,735232,324,data\derived\monte_carlo_baselines\returns\gaussian\gaussian_sim_015.parquet,
20260705T193434Z,rolling_baselines,read_baseline_returns,gaussian,16,2026-07-05T19:37:04.229962+00:00,2026-07-05T19:37:04.265188+00:00,0.03520849999040365,success,735232,735232,data\derived\monte_carlo_baselines\returns\gaussian\gaussian_sim_016.parquet,
20260705T193434Z,rolling_baselines,compute_rolling_metrics_w2048,gaussian,16,2026-07-05T19:37:04.265204+00:00,2026-07-05T19:37:06.047579+00:00,1.7823613999644294,success,735232,162,,
20260705T193434Z,rolling_baselines,compute_rolling_metrics_w8192,gaussian,16,2026-07-05T19:37:06.047585+00:00,2026-07-05T19:37:10.224086+00:00,4.1764845999423414,success,735232,162,,
20260705T193434Z,rolling_baselines,compute_simulation_rolling_correlations,gaussian,16,2026-07-05T19:37:04.229953+00:00,2026-07-05T19:37:10.224107+00:00,5.994144900003448,success,735232,324,data\derived\monte_carlo_baselines\returns\gaussian\gaussian_sim_016.parquet,
20260705T193434Z,rolling_baselines,read_baseline_returns,gaussian,17,2026-07-05T19:37:04.447859+00:00,2026-07-05T19:37:04.472812+00:00,0.024924299912527204,success,735232,735232,data\derived\monte_carlo_baselines\returns\gaussian\gaussian_sim_017.parquet,
20260705T193434Z,rolling_baselines,compute_rolling_metrics_w2048,gaussian,17,2026-07-05T19:37:04.472841+00:00,2026-07-05T19:37:06.288625+00:00,1.8157630999339744,success,735232,162,,
20260705T193434Z,rolling_baselines,compute_rolling_metrics_w8192,gaussian,17,2026-07-05T19:37:06.288635+00:00,2026-07-05T19:37:10.217286+00:00,3.9286242000525817,success,735232,162,,
20260705T193434Z,rolling_baselines,compute_simulation_rolling_correlations,gaussian,17,2026-07-05T19:37:04.447849+00:00,2026-07-05T19:37:10.217672+00:00,5.769809699966572,success,735232,324,data\derived\monte_carlo_baselines\returns\gaussian\gaussian_sim_017.parquet,
20260705T193434Z,rolling_baselines,read_baseline_returns,gaussian,18,2026-07-05T19:37:04.793585+00:00,2026-07-05T19:37:04.821278+00:00,0.027665800065733492,success,735232,735232,data\derived\monte_carlo_baselines\returns\gaussian\gaussian_sim_018.parquet,
20260705T193434Z,rolling_baselines,compute_rolling_metrics_w2048,gaussian,18,2026-07-05T19:37:04.821305+00:00,2026-07-05T19:37:07.323285+00:00,2.501960000023246,success,735232,162,,
20260705T193434Z,rolling_baselines,compute_rolling_metrics_w8192,gaussian,18,2026-07-05T19:37:07.323295+00:00,2026-07-05T19:37:10.879808+00:00,3.556488599977456,success,735232,162,,
20260705T193434Z,rolling_baselines,compute_simulation_rolling_correlations,gaussian,18,2026-07-05T19:37:04.793574+00:00,2026-07-05T19:37:10.879962+00:00,6.086375999962911,success,735232,324,data\derived\monte_carlo_baselines\returns\gaussian\gaussian_sim_018.parquet,
20260705T193434Z,rolling_baselines,read_baseline_returns,gaussian,19,2026-07-05T19:37:05.215260+00:00,2026-07-05T19:37:05.251713+00:00,0.03614270000252873,success,735232,735232,data\derived\monte_carlo_baselines\returns\gaussian\gaussian_sim_019.parquet,
20260705T193434Z,rolling_baselines,compute_rolling_metrics_w2048,gaussian,19,2026-07-05T19:37:05.251751+00:00,2026-07-05T19:37:08.195734+00:00,2.9439632000867277,success,735232,162,,
20260705T193434Z,rolling_baselines,compute_rolling_metrics_w8192,gaussian,19,2026-07-05T19:37:08.195742+00:00,2026-07-05T19:37:11.705844+00:00,3.510084899957292,success,735232,162,,
20260705T193434Z,rolling_baselines,compute_simulation_rolling_correlations,gaussian,19,2026-07-05T19:37:05.215251+00:00,2026-07-05T19:37:11.705861+00:00,6.4906010000268,success,735232,324,data\derived\monte_carlo_baselines\returns\gaussian\gaussian_sim_019.parquet,
20260705T193434Z,rolling_baselines,read_baseline_returns,gaussian,20,2026-07-05T19:37:10.218865+00:00,2026-07-05T19:37:10.255347+00:00,0.03645769995637238,success,735232,735232,data\derived\monte_carlo_baselines\returns\gaussian\gaussian_sim_020.parquet,
20260705T193434Z,rolling_baselines,compute_rolling_metrics_w2048,gaussian,20,2026-07-05T19:37:10.255371+00:00,2026-07-05T19:37:12.547528+00:00,2.2921386000234634,success,735232,162,,
20260705T193434Z,rolling_baselines,compute_rolling_metrics_w8192,gaussian,20,2026-07-05T19:37:12.547536+00:00,2026-07-05T19:37:16.326531+00:00,3.778976400033571,success,735232,162,,
20260705T193434Z,rolling_baselines,compute_simulation_rolling_correlations,gaussian,20,2026-07-05T19:37:10.218851+00:00,2026-07-05T19:37:16.326733+00:00,6.107871000072919,success,735232,324,data\derived\monte_carlo_baselines\returns\gaussian\gaussian_sim_020.parquet,
20260705T193434Z,rolling_baselines,read_baseline_returns,gaussian,21,2026-07-05T19:37:10.225282+00:00,2026-07-05T19:37:10.259331+00:00,0.03402339993044734,success,735232,735232,data\derived\monte_carlo_baselines\returns\gaussian\gaussian_sim_021.parquet,
20260705T193434Z,rolling_baselines,compute_rolling_metrics_w2048,gaussian,21,2026-07-05T19:37:10.259363+00:00,2026-07-05T19:37:12.685101+00:00,2.42571959993802,success,735232,162,,
20260705T193434Z,rolling_baselines,compute_rolling_metrics_w8192,gaussian,21,2026-07-05T19:37:12.685109+00:00,2026-07-05T19:37:16.478002+00:00,3.7928747999249026,success,735232,162,,
20260705T193434Z,rolling_baselines,compute_simulation_rolling_correlations,gaussian,21,2026-07-05T19:37:10.225271+00:00,2026-07-05T19:37:16.478120+00:00,6.2528382000746205,success,735232,324,data\derived\monte_carlo_baselines\returns\gaussian\gaussian_sim_021.parquet,
20260705T193434Z,rolling_baselines,read_baseline_returns,gaussian,22,2026-07-05T19:37:10.888409+00:00,2026-07-05T19:37:10.952778+00:00,0.06433189997915179,success,735232,735232,data\derived\monte_carlo_baselines\returns\gaussian\gaussian_sim_022.parquet,
20260705T193434Z,rolling_baselines,compute_rolling_metrics_w2048,gaussian,22,2026-07-05T19:37:10.952816+00:00,2026-07-05T19:37:13.680560+00:00,2.727721899980679,success,735232,162,,
20260705T193434Z,rolling_baselines,compute_rolling_metrics_w8192,gaussian,22,2026-07-05T19:37:13.680570+00:00,2026-07-05T19:37:17.217099+00:00,3.5365127000259236,success,735232,162,,
20260705T193434Z,rolling_baselines,compute_simulation_rolling_correlations,gaussian,22,2026-07-05T19:37:10.888399+00:00,2026-07-05T19:37:17.217121+00:00,6.328714000061154,success,735232,324,data\derived\monte_carlo_baselines\returns\gaussian\gaussian_sim_022.parquet,
20260705T193434Z,rolling_baselines,read_baseline_returns,gaussian,23,2026-07-05T19:37:11.707368+00:00,2026-07-05T19:37:11.804041+00:00,0.09665689989924431,success,735232,735232,data\derived\monte_carlo_baselines\returns\gaussian\gaussian_sim_023.parquet,
20260705T193434Z,rolling_baselines,compute_rolling_metrics_w2048,gaussian,23,2026-07-05T19:37:11.804054+00:00,2026-07-05T19:37:14.090830+00:00,2.2867593999253586,success,735232,162,,
20260705T193434Z,rolling_baselines,compute_rolling_metrics_w8192,gaussian,23,2026-07-05T19:37:14.090839+00:00,2026-07-05T19:37:17.951709+00:00,3.8608432998880744,success,735232,162,,
20260705T193434Z,rolling_baselines,compute_simulation_rolling_correlations,gaussian,23,2026-07-05T19:37:11.707355+00:00,2026-07-05T19:37:17.951732+00:00,6.244365300051868,success,735232,324,data\derived\monte_carlo_baselines\returns\gaussian\gaussian_sim_023.parquet,
20260705T193434Z,rolling_baselines,read_baseline_returns,gaussian,24,2026-07-05T19:37:16.329239+00:00,2026-07-05T19:37:16.370665+00:00,0.041410300065763295,success,735232,735232,data\derived\monte_carlo_baselines\returns\gaussian\gaussian_sim_024.parquet,
20260705T193434Z,rolling_baselines,compute_rolling_metrics_w2048,gaussian,24,2026-07-05T19:37:16.370680+00:00,2026-07-05T19:37:18.388623+00:00,2.0179234999231994,success,735232,162,,
20260705T193434Z,rolling_baselines,compute_rolling_metrics_w8192,gaussian,24,2026-07-05T19:37:18.388634+00:00,2026-07-05T19:37:22.851235+00:00,4.46258100005798,success,735232,162,,
20260705T193434Z,rolling_baselines,compute_simulation_rolling_correlations,gaussian,24,2026-07-05T19:37:16.329230+00:00,2026-07-05T19:37:22.852464+00:00,6.523197999922559,success,735232,324,data\derived\monte_carlo_baselines\returns\gaussian\gaussian_sim_024.parquet,
20260705T193434Z,rolling_baselines,read_baseline_returns,gaussian,25,2026-07-05T19:37:16.488144+00:00,2026-07-05T19:37:16.539208+00:00,0.05103639990556985,success,735232,735232,data\derived\monte_carlo_baselines\returns\gaussian\gaussian_sim_025.parquet,
20260705T193434Z,rolling_baselines,compute_rolling_metrics_w2048,gaussian,25,2026-07-05T19:37:16.539238+00:00,2026-07-05T19:37:18.510122+00:00,1.9708644999191165,success,735232,162,,
20260705T193434Z,rolling_baselines,compute_rolling_metrics_w8192,gaussian,25,2026-07-05T19:37:18.510132+00:00,2026-07-05T19:37:23.102790+00:00,4.59264340007212,success,735232,162,,
20260705T193434Z,rolling_baselines,compute_simulation_rolling_correlations,gaussian,25,2026-07-05T19:37:16.488132+00:00,2026-07-05T19:37:23.103034+00:00,6.614876499981619,success,735232,324,data\derived\monte_carlo_baselines\returns\gaussian\gaussian_sim_025.parquet,
20260705T193434Z,rolling_baselines,read_baseline_returns,gaussian,26,2026-07-05T19:37:17.219258+00:00,2026-07-05T19:37:17.287222+00:00,0.06794219999574125,success,735232,735232,data\derived\monte_carlo_baselines\returns\gaussian\gaussian_sim_026.parquet,
20260705T193434Z,rolling_baselines,compute_rolling_metrics_w2048,gaussian,26,2026-07-05T19:37:17.287245+00:00,2026-07-05T19:37:19.194061+00:00,1.9067954999627545,success,735232,162,,
20260705T193434Z,rolling_baselines,compute_rolling_metrics_w8192,gaussian,26,2026-07-05T19:37:19.194071+00:00,2026-07-05T19:37:23.536999+00:00,4.342903700075112,success,735232,162,,
20260705T193434Z,rolling_baselines,compute_simulation_rolling_correlations,gaussian,26,2026-07-05T19:37:17.219252+00:00,2026-07-05T19:37:23.537029+00:00,6.317768100067042,success,735232,324,data\derived\monte_carlo_baselines\returns\gaussian\gaussian_sim_026.parquet,
20260705T193434Z,rolling_baselines,read_baseline_returns,gaussian,27,2026-07-05T19:37:17.952782+00:00,2026-07-05T19:37:17.995872+00:00,0.04306729999370873,success,735232,735232,data\derived\monte_carlo_baselines\returns\gaussian\gaussian_sim_027.parquet,
20260705T193434Z,rolling_baselines,compute_rolling_metrics_w2048,gaussian,27,2026-07-05T19:37:17.995895+00:00,2026-07-05T19:37:20.059164+00:00,2.0632458999753,success,735232,162,,
20260705T193434Z,rolling_baselines,compute_rolling_metrics_w8192,gaussian,27,2026-07-05T19:37:20.059174+00:00,2026-07-05T19:37:24.032924+00:00,3.9737300999695435,success,735232,162,,
20260705T193434Z,rolling_baselines,compute_simulation_rolling_correlations,gaussian,27,2026-07-05T19:37:17.952774+00:00,2026-07-05T19:37:24.032945+00:00,6.0801623000297695,success,735232,324,data\derived\monte_carlo_baselines\returns\gaussian\gaussian_sim_027.parquet,
20260705T193434Z,rolling_baselines,read_baseline_returns,gaussian,28,2026-07-05T19:37:22.853688+00:00,2026-07-05T19:37:22.909338+00:00,0.05563069996424019,success,735232,735232,data\derived\monte_carlo_baselines\returns\gaussian\gaussian_sim_028.parquet,
20260705T193434Z,rolling_baselines,compute_rolling_metrics_w2048,gaussian,28,2026-07-05T19:37:22.909358+00:00,2026-07-05T19:37:24.441038+00:00,1.5316631000023335,success,735232,162,,
20260705T193434Z,rolling_baselines,compute_rolling_metrics_w8192,gaussian,28,2026-07-05T19:37:24.441047+00:00,2026-07-05T19:37:27.364393+00:00,2.9233153000241145,success,735232,162,,
20260705T193434Z,rolling_baselines,compute_simulation_rolling_correlations,gaussian,28,2026-07-05T19:37:22.853674+00:00,2026-07-05T19:37:27.364942+00:00,4.5112338999751955,success,735232,324,data\derived\monte_carlo_baselines\returns\gaussian\gaussian_sim_028.parquet,
20260705T193434Z,rolling_baselines,read_baseline_returns,gaussian,29,2026-07-05T19:37:23.103742+00:00,2026-07-05T19:37:23.134671+00:00,0.030905499937944114,success,735232,735232,data\derived\monte_carlo_baselines\returns\gaussian\gaussian_sim_029.parquet,
20260705T193434Z,rolling_baselines,compute_rolling_metrics_w2048,gaussian,29,2026-07-05T19:37:23.134696+00:00,2026-07-05T19:37:24.622446+00:00,1.487731899949722,success,735232,162,,
20260705T193434Z,rolling_baselines,compute_rolling_metrics_w8192,gaussian,29,2026-07-05T19:37:24.622455+00:00,2026-07-05T19:37:29.345885+00:00,4.723347199964337,success,735232,162,,
20260705T193434Z,rolling_baselines,compute_simulation_rolling_correlations,gaussian,29,2026-07-05T19:37:23.103735+00:00,2026-07-05T19:37:29.346241+00:00,6.242474399972707,success,735232,324,data\derived\monte_carlo_baselines\returns\gaussian\gaussian_sim_029.parquet,
20260705T193434Z,rolling_baselines,read_baseline_returns,gaussian,30,2026-07-05T19:37:23.541737+00:00,2026-07-05T19:37:23.580870+00:00,0.0391125000314787,success,735232,735232,data\derived\monte_carlo_baselines\returns\gaussian\gaussian_sim_030.parquet,
20260705T193434Z,rolling_baselines,compute_rolling_metrics_w2048,gaussian,30,2026-07-05T19:37:23.580893+00:00,2026-07-05T19:37:24.841848+00:00,1.2609301999909803,success,735232,162,,
20260705T193434Z,rolling_baselines,compute_rolling_metrics_w8192,gaussian,30,2026-07-05T19:37:24.841861+00:00,2026-07-05T19:37:27.911178+00:00,3.0692910000216216,success,735232,162,,
20260705T193434Z,rolling_baselines,compute_simulation_rolling_correlations,gaussian,30,2026-07-05T19:37:23.541724+00:00,2026-07-05T19:37:27.911217+00:00,4.369479399989359,success,735232,324,data\derived\monte_carlo_baselines\returns\gaussian\gaussian_sim_030.parquet,
20260705T193434Z,rolling_baselines,read_baseline_returns,gaussian,31,2026-07-05T19:37:24.149614+00:00,2026-07-05T19:37:24.210782+00:00,0.061146500054746866,success,735232,735232,data\derived\monte_carlo_baselines\returns\gaussian\gaussian_sim_031.parquet,
20260705T193434Z,rolling_baselines,compute_rolling_metrics_w2048,gaussian,31,2026-07-05T19:37:24.210807+00:00,2026-07-05T19:37:25.312902+00:00,1.1020688000135124,success,735232,162,,
20260705T193434Z,rolling_baselines,compute_rolling_metrics_w8192,gaussian,31,2026-07-05T19:37:25.312916+00:00,2026-07-05T19:37:28.466510+00:00,3.1535642000380903,success,735232,162,,
20260705T193434Z,rolling_baselines,compute_simulation_rolling_correlations,gaussian,31,2026-07-05T19:37:24.149605+00:00,2026-07-05T19:37:28.466539+00:00,4.316922199912369,success,735232,324,data\derived\monte_carlo_baselines\returns\gaussian\gaussian_sim_031.parquet,
20260705T193434Z,rolling_baselines,read_baseline_returns,gaussian,32,2026-07-05T19:37:27.366850+00:00,2026-07-05T19:37:27.394878+00:00,0.02799660002347082,success,735232,735232,data\derived\monte_carlo_baselines\returns\gaussian\gaussian_sim_032.parquet,
20260705T193434Z,rolling_baselines,compute_rolling_metrics_w2048,gaussian,32,2026-07-05T19:37:27.394911+00:00,2026-07-05T19:37:29.040521+00:00,1.6455773999914527,success,735232,162,,
20260705T193434Z,rolling_baselines,compute_rolling_metrics_w8192,gaussian,32,2026-07-05T19:37:29.040539+00:00,2026-07-05T19:37:32.803371+00:00,3.7628108999924734,success,735232,162,,
20260705T193434Z,rolling_baselines,compute_simulation_rolling_correlations,gaussian,32,2026-07-05T19:37:27.366837+00:00,2026-07-05T19:37:32.803560+00:00,5.436709499917924,success,735232,324,data\derived\monte_carlo_baselines\returns\gaussian\gaussian_sim_032.parquet,
20260705T193434Z,rolling_baselines,read_baseline_returns,gaussian,33,2026-07-05T19:37:27.912509+00:00,2026-07-05T19:37:27.952474+00:00,0.03989849996287376,success,735232,735232,data\derived\monte_carlo_baselines\returns\gaussian\gaussian_sim_033.parquet,
20260705T193434Z,rolling_baselines,compute_rolling_metrics_w2048,gaussian,33,2026-07-05T19:37:27.952511+00:00,2026-07-05T19:37:29.813832+00:00,1.8612858999986202,success,735232,162,,
20260705T193434Z,rolling_baselines,compute_rolling_metrics_w8192,gaussian,33,2026-07-05T19:37:29.813850+00:00,2026-07-05T19:37:33.167134+00:00,3.3532639000331983,success,735232,162,,
20260705T193434Z,rolling_baselines,compute_simulation_rolling_correlations,gaussian,33,2026-07-05T19:37:27.912491+00:00,2026-07-05T19:37:33.167165+00:00,5.254657200071961,success,735232,324,data\derived\monte_carlo_baselines\returns\gaussian\gaussian_sim_033.parquet,
20260705T193434Z,rolling_baselines,read_baseline_returns,gaussian,34,2026-07-05T19:37:28.467759+00:00,2026-07-05T19:37:28.498208+00:00,0.030419499962590635,success,735232,735232,data\derived\monte_carlo_baselines\returns\gaussian\gaussian_sim_034.parquet,
20260705T193434Z,rolling_baselines,compute_rolling_metrics_w2048,gaussian,34,2026-07-05T19:37:28.498244+00:00,2026-07-05T19:37:30.587876+00:00,2.089600499952212,success,735232,162,,
20260705T193434Z,rolling_baselines,compute_rolling_metrics_w8192,gaussian,34,2026-07-05T19:37:30.587893+00:00,2026-07-05T19:37:33.720215+00:00,3.1322999000549316,success,735232,162,,
20260705T193434Z,rolling_baselines,compute_simulation_rolling_correlations,gaussian,34,2026-07-05T19:37:28.467744+00:00,2026-07-05T19:37:33.720709+00:00,5.2529437999473885,success,735232,324,data\derived\monte_carlo_baselines\returns\gaussian\gaussian_sim_034.parquet,
20260705T193434Z,rolling_baselines,read_baseline_returns,gaussian,35,2026-07-05T19:37:29.347697+00:00,2026-07-05T19:37:29.394293+00:00,0.04655319999437779,success,735232,735232,data\derived\monte_carlo_baselines\returns\gaussian\gaussian_sim_035.parquet,
20260705T193434Z,rolling_baselines,compute_rolling_metrics_w2048,gaussian,35,2026-07-05T19:37:29.394342+00:00,2026-07-05T19:37:31.390692+00:00,1.99632609996479,success,735232,162,,
20260705T193434Z,rolling_baselines,compute_rolling_metrics_w8192,gaussian,35,2026-07-05T19:37:31.390705+00:00,2026-07-05T19:37:35.854623+00:00,4.463896599947475,success,735232,162,,
20260705T193434Z,rolling_baselines,compute_simulation_rolling_correlations,gaussian,35,2026-07-05T19:37:29.347682+00:00,2026-07-05T19:37:35.854658+00:00,6.506963499938138,success,735232,324,data\derived\monte_carlo_baselines\returns\gaussian\gaussian_sim_035.parquet,
20260705T193434Z,rolling_baselines,read_baseline_returns,gaussian,36,2026-07-05T19:37:32.804432+00:00,2026-07-05T19:37:32.838205+00:00,0.03374220000114292,success,735232,735232,data\derived\monte_carlo_baselines\returns\gaussian\gaussian_sim_036.parquet,
20260705T193434Z,rolling_baselines,compute_rolling_metrics_w2048,gaussian,36,2026-07-05T19:37:32.838235+00:00,2026-07-05T19:37:34.085695+00:00,1.2474381999345496,success,735232,162,,
20260705T193434Z,rolling_baselines,compute_rolling_metrics_w8192,gaussian,36,2026-07-05T19:37:34.085706+00:00,2026-07-05T19:37:37.303133+00:00,3.217405300005339,success,735232,162,,
20260705T193434Z,rolling_baselines,compute_simulation_rolling_correlations,gaussian,36,2026-07-05T19:37:32.804421+00:00,2026-07-05T19:37:37.303155+00:00,4.498723200056702,success,735232,324,data\derived\monte_carlo_baselines\returns\gaussian\gaussian_sim_036.parquet,
20260705T193434Z,rolling_baselines,read_baseline_returns,gaussian,37,2026-07-05T19:37:33.168427+00:00,2026-07-05T19:37:33.199191+00:00,0.03073699993547052,success,735232,735232,data\derived\monte_carlo_baselines\returns\gaussian\gaussian_sim_037.parquet,
20260705T193434Z,rolling_baselines,compute_rolling_metrics_w2048,gaussian,37,2026-07-05T19:37:33.199218+00:00,2026-07-05T19:37:34.555879+00:00,1.356643999926746,success,735232,162,,
20260705T193434Z,rolling_baselines,compute_rolling_metrics_w8192,gaussian,37,2026-07-05T19:37:34.555886+00:00,2026-07-05T19:37:37.548896+00:00,2.9929849000182003,success,735232,162,,
20260705T193434Z,rolling_baselines,compute_simulation_rolling_correlations,gaussian,37,2026-07-05T19:37:33.168413+00:00,2026-07-05T19:37:37.549225+00:00,4.380783800035715,success,735232,324,data\derived\monte_carlo_baselines\returns\gaussian\gaussian_sim_037.parquet,
20260705T193434Z,rolling_baselines,read_baseline_returns,gaussian,38,2026-07-05T19:37:33.721829+00:00,2026-07-05T19:37:33.747869+00:00,0.02600379998330027,success,735232,735232,data\derived\monte_carlo_baselines\returns\gaussian\gaussian_sim_038.parquet,
20260705T193434Z,rolling_baselines,compute_rolling_metrics_w2048,gaussian,38,2026-07-05T19:37:33.747910+00:00,2026-07-05T19:37:35.250729+00:00,1.5027950999792665,success,735232,162,,
20260705T193434Z,rolling_baselines,compute_rolling_metrics_w8192,gaussian,38,2026-07-05T19:37:35.250741+00:00,2026-07-05T19:37:38.101924+00:00,2.851157999946736,success,735232,162,,
20260705T193434Z,rolling_baselines,compute_simulation_rolling_correlations,gaussian,38,2026-07-05T19:37:33.721817+00:00,2026-07-05T19:37:38.101950+00:00,4.380121900001541,success,735232,324,data\derived\monte_carlo_baselines\returns\gaussian\gaussian_sim_038.parquet,
20260705T193434Z,rolling_baselines,read_baseline_returns,gaussian,39,2026-07-05T19:37:35.855867+00:00,2026-07-05T19:37:35.885343+00:00,0.029452199931256473,success,735232,735232,data\derived\monte_carlo_baselines\returns\gaussian\gaussian_sim_039.parquet,
20260705T193434Z,rolling_baselines,compute_rolling_metrics_w2048,gaussian,39,2026-07-05T19:37:35.885369+00:00,2026-07-05T19:37:37.105409+00:00,1.2200191000010818,success,735232,162,,
20260705T193434Z,rolling_baselines,compute_rolling_metrics_w8192,gaussian,39,2026-07-05T19:37:37.105420+00:00,2026-07-05T19:37:41.422194+00:00,4.316749399993569,success,735232,162,,
20260705T193434Z,rolling_baselines,compute_simulation_rolling_correlations,gaussian,39,2026-07-05T19:37:35.855852+00:00,2026-07-05T19:37:41.422221+00:00,5.566354200011119,success,735232,324,data\derived\monte_carlo_baselines\returns\gaussian\gaussian_sim_039.parquet,
20260705T193434Z,rolling_baselines,read_baseline_returns,gaussian,40,2026-07-05T19:37:37.304274+00:00,2026-07-05T19:37:37.347765+00:00,0.043459100066684186,success,735232,735232,data\derived\monte_carlo_baselines\returns\gaussian\gaussian_sim_040.parquet,
20260705T193434Z,rolling_baselines,compute_rolling_metrics_w2048,gaussian,40,2026-07-05T19:37:37.347794+00:00,2026-07-05T19:37:38.534494+00:00,1.1866707999724895,success,735232,162,,
20260705T193434Z,rolling_baselines,compute_rolling_metrics_w8192,gaussian,40,2026-07-05T19:37:38.534503+00:00,2026-07-05T19:37:41.751333+00:00,3.2168019000673667,success,735232,162,,
20260705T193434Z,rolling_baselines,compute_simulation_rolling_correlations,gaussian,40,2026-07-05T19:37:37.304260+00:00,2026-07-05T19:37:41.751765+00:00,4.447464199969545,success,735232,324,data\derived\monte_carlo_baselines\returns\gaussian\gaussian_sim_040.parquet,
20260705T193434Z,rolling_baselines,read_baseline_returns,gaussian,41,2026-07-05T19:37:37.550469+00:00,2026-07-05T19:37:37.575732+00:00,0.02523279993329197,success,735232,735232,data\derived\monte_carlo_baselines\returns\gaussian\gaussian_sim_041.parquet,
20260705T193434Z,rolling_baselines,compute_rolling_metrics_w2048,gaussian,41,2026-07-05T19:37:37.575759+00:00,2026-07-05T19:37:38.777443+00:00,1.2016625000396743,success,735232,162,,
20260705T193434Z,rolling_baselines,compute_rolling_metrics_w8192,gaussian,41,2026-07-05T19:37:38.777454+00:00,2026-07-05T19:37:42.039539+00:00,3.262064400012605,success,735232,162,,
20260705T193434Z,rolling_baselines,compute_simulation_rolling_correlations,gaussian,41,2026-07-05T19:37:37.550404+00:00,2026-07-05T19:37:42.039711+00:00,4.48928919993341,success,735232,324,data\derived\monte_carlo_baselines\returns\gaussian\gaussian_sim_041.parquet,
20260705T193434Z,rolling_baselines,read_baseline_returns,gaussian,42,2026-07-05T19:37:38.102866+00:00,2026-07-05T19:37:38.138310+00:00,0.03541789995506406,success,735232,735232,data\derived\monte_carlo_baselines\returns\gaussian\gaussian_sim_042.parquet,
20260705T193434Z,rolling_baselines,compute_rolling_metrics_w2048,gaussian,42,2026-07-05T19:37:38.138336+00:00,2026-07-05T19:37:39.403968+00:00,1.2656103000044823,success,735232,162,,
20260705T193434Z,rolling_baselines,compute_rolling_metrics_w8192,gaussian,42,2026-07-05T19:37:39.403979+00:00,2026-07-05T19:37:42.671667+00:00,3.2676672999514267,success,735232,162,,
20260705T193434Z,rolling_baselines,compute_simulation_rolling_correlations,gaussian,42,2026-07-05T19:37:38.102853+00:00,2026-07-05T19:37:42.671686+00:00,4.568822500063106,success,735232,324,data\derived\monte_carlo_baselines\returns\gaussian\gaussian_sim_042.parquet,
20260705T193434Z,rolling_baselines,read_baseline_returns,gaussian,43,2026-07-05T19:37:41.423747+00:00,2026-07-05T19:37:41.461378+00:00,0.03760199993848801,success,735232,735232,data\derived\monte_carlo_baselines\returns\gaussian\gaussian_sim_043.parquet,
20260705T193434Z,rolling_baselines,compute_rolling_metrics_w2048,gaussian,43,2026-07-05T19:37:41.461412+00:00,2026-07-05T19:37:43.099753+00:00,1.6383157999953255,success,735232,162,,
20260705T193434Z,rolling_baselines,compute_rolling_metrics_w8192,gaussian,43,2026-07-05T19:37:43.099766+00:00,2026-07-05T19:37:47.235710+00:00,4.135921299923211,success,735232,162,,
20260705T193434Z,rolling_baselines,compute_simulation_rolling_correlations,gaussian,43,2026-07-05T19:37:41.423733+00:00,2026-07-05T19:37:47.235833+00:00,5.8120848999824375,success,735232,324,data\derived\monte_carlo_baselines\returns\gaussian\gaussian_sim_043.parquet,
20260705T193434Z,rolling_baselines,read_baseline_returns,gaussian,44,2026-07-05T19:37:41.752808+00:00,2026-07-05T19:37:41.786779+00:00,0.033947200048714876,success,735232,735232,data\derived\monte_carlo_baselines\returns\gaussian\gaussian_sim_044.parquet,
20260705T193434Z,rolling_baselines,compute_rolling_metrics_w2048,gaussian,44,2026-07-05T19:37:41.786805+00:00,2026-07-05T19:37:43.237188+00:00,1.4503650999395177,success,735232,162,,
20260705T193434Z,rolling_baselines,compute_rolling_metrics_w8192,gaussian,44,2026-07-05T19:37:43.237198+00:00,2026-07-05T19:37:47.294402+00:00,4.057181799900718,success,735232,162,,
20260705T193434Z,rolling_baselines,compute_simulation_rolling_correlations,gaussian,44,2026-07-05T19:37:41.752795+00:00,2026-07-05T19:37:47.294424+00:00,5.541619600029662,success,735232,324,data\derived\monte_carlo_baselines\returns\gaussian\gaussian_sim_044.parquet,
20260705T193434Z,rolling_baselines,read_baseline_returns,gaussian,45,2026-07-05T19:37:42.040543+00:00,2026-07-05T19:37:42.068610+00:00,0.028045000042766333,success,735232,735232,data\derived\monte_carlo_baselines\returns\gaussian\gaussian_sim_045.parquet,
20260705T193434Z,rolling_baselines,compute_rolling_metrics_w2048,gaussian,45,2026-07-05T19:37:42.068635+00:00,2026-07-05T19:37:43.943721+00:00,1.8750687999418005,success,735232,162,,
20260705T193434Z,rolling_baselines,compute_rolling_metrics_w8192,gaussian,45,2026-07-05T19:37:43.943729+00:00,2026-07-05T19:37:47.726592+00:00,3.7828410000074655,success,735232,162,,
20260705T193434Z,rolling_baselines,compute_simulation_rolling_correlations,gaussian,45,2026-07-05T19:37:42.040533+00:00,2026-07-05T19:37:47.726739+00:00,5.686192499939352,success,735232,324,data\derived\monte_carlo_baselines\returns\gaussian\gaussian_sim_045.parquet,
20260705T193434Z,rolling_baselines,read_baseline_returns,gaussian,46,2026-07-05T19:37:42.674656+00:00,2026-07-05T19:37:42.703244+00:00,0.028561500017531216,success,735232,735232,data\derived\monte_carlo_baselines\returns\gaussian\gaussian_sim_046.parquet,
20260705T193434Z,rolling_baselines,compute_rolling_metrics_w2048,gaussian,46,2026-07-05T19:37:42.703831+00:00,2026-07-05T19:37:44.872655+00:00,2.1688038998981938,success,735232,162,,
20260705T193434Z,rolling_baselines,compute_rolling_metrics_w8192,gaussian,46,2026-07-05T19:37:44.872662+00:00,2026-07-05T19:37:48.171086+00:00,3.2984039000002667,success,735232,162,,
20260705T193434Z,rolling_baselines,compute_simulation_rolling_correlations,gaussian,46,2026-07-05T19:37:42.674646+00:00,2026-07-05T19:37:48.171106+00:00,5.496449499973096,success,735232,324,data\derived\monte_carlo_baselines\returns\gaussian\gaussian_sim_046.parquet,
20260705T193434Z,rolling_baselines,read_baseline_returns,gaussian,47,2026-07-05T19:37:47.241456+00:00,2026-07-05T19:37:47.270054+00:00,0.028569099958986044,success,735232,735232,data\derived\monte_carlo_baselines\returns\gaussian\gaussian_sim_047.parquet,
20260705T193434Z,rolling_baselines,compute_rolling_metrics_w2048,gaussian,47,2026-07-05T19:37:47.270085+00:00,2026-07-05T19:37:48.494291+00:00,1.2241855000611395,success,735232,162,,
20260705T193434Z,rolling_baselines,compute_rolling_metrics_w8192,gaussian,47,2026-07-05T19:37:48.494301+00:00,2026-07-05T19:37:51.784382+00:00,3.2900540999835357,success,735232,162,,
20260705T193434Z,rolling_baselines,compute_simulation_rolling_correlations,gaussian,47,2026-07-05T19:37:47.241445+00:00,2026-07-05T19:37:51.784408+00:00,4.542950400034897,success,735232,324,data\derived\monte_carlo_baselines\returns\gaussian\gaussian_sim_047.parquet,
20260705T193434Z,rolling_baselines,read_baseline_returns,gaussian,48,2026-07-05T19:37:47.295298+00:00,2026-07-05T19:37:47.329039+00:00,0.033717500045895576,success,735232,735232,data\derived\monte_carlo_baselines\returns\gaussian\gaussian_sim_048.parquet,
20260705T193434Z,rolling_baselines,compute_rolling_metrics_w2048,gaussian,48,2026-07-05T19:37:47.329065+00:00,2026-07-05T19:37:48.494835+00:00,1.1657527999486774,success,735232,162,,
20260705T193434Z,rolling_baselines,compute_rolling_metrics_w8192,gaussian,48,2026-07-05T19:37:48.494844+00:00,2026-07-05T19:37:51.645855+00:00,3.150988999987021,success,735232,162,,
20260705T193434Z,rolling_baselines,compute_simulation_rolling_correlations,gaussian,48,2026-07-05T19:37:47.295286+00:00,2026-07-05T19:37:51.645876+00:00,4.350579099962488,success,735232,324,data\derived\monte_carlo_baselines\returns\gaussian\gaussian_sim_048.parquet,
20260705T193434Z,rolling_baselines,read_baseline_returns,gaussian,49,2026-07-05T19:37:47.727582+00:00,2026-07-05T19:37:47.755543+00:00,0.027939600055105984,success,735232,735232,data\derived\monte_carlo_baselines\returns\gaussian\gaussian_sim_049.parquet,
20260705T193434Z,rolling_baselines,compute_rolling_metrics_w2048,gaussian,49,2026-07-05T19:37:47.755569+00:00,2026-07-05T19:37:48.868618+00:00,1.113027899991721,success,735232,162,,
20260705T193434Z,rolling_baselines,compute_rolling_metrics_w8192,gaussian,49,2026-07-05T19:37:48.868628+00:00,2026-07-05T19:37:52.093166+00:00,3.2245189000386745,success,735232,162,,
20260705T193434Z,rolling_baselines,compute_simulation_rolling_correlations,gaussian,49,2026-07-05T19:37:47.727573+00:00,2026-07-05T19:37:52.093288+00:00,4.365705500007607,success,735232,324,data\derived\monte_carlo_baselines\returns\gaussian\gaussian_sim_049.parquet,
20260705T193434Z,rolling_baselines,read_baseline_returns,gaussian,50,2026-07-05T19:37:48.171882+00:00,2026-07-05T19:37:48.203666+00:00,0.03176119993440807,success,735232,735232,data\derived\monte_carlo_baselines\returns\gaussian\gaussian_sim_050.parquet,
20260705T193434Z,rolling_baselines,compute_rolling_metrics_w2048,gaussian,50,2026-07-05T19:37:48.203691+00:00,2026-07-05T19:37:49.417548+00:00,1.2138374999631196,success,735232,162,,
20260705T193434Z,rolling_baselines,compute_rolling_metrics_w8192,gaussian,50,2026-07-05T19:37:49.417557+00:00,2026-07-05T19:37:52.866327+00:00,3.4487512999912724,success,735232,162,,
20260705T193434Z,rolling_baselines,compute_simulation_rolling_correlations,gaussian,50,2026-07-05T19:37:48.171873+00:00,2026-07-05T19:37:52.866347+00:00,4.694464100059122,success,735232,324,data\derived\monte_carlo_baselines\returns\gaussian\gaussian_sim_050.parquet,
20260705T193434Z,rolling_baselines,read_baseline_returns,gaussian,51,2026-07-05T19:37:51.647980+00:00,2026-07-05T19:37:51.675875+00:00,0.027868099976330996,success,735232,735232,data\derived\monte_carlo_baselines\returns\gaussian\gaussian_sim_051.parquet,
20260705T193434Z,rolling_baselines,compute_rolling_metrics_w2048,gaussian,51,2026-07-05T19:37:51.675903+00:00,2026-07-05T19:37:53.118657+00:00,1.442735799937509,success,735232,162,,
20260705T193434Z,rolling_baselines,compute_rolling_metrics_w8192,gaussian,51,2026-07-05T19:37:53.118665+00:00,2026-07-05T19:37:56.190385+00:00,3.071704699890688,success,735232,162,,
20260705T193434Z,rolling_baselines,compute_simulation_rolling_correlations,gaussian,51,2026-07-05T19:37:51.647968+00:00,2026-07-05T19:37:56.190396+00:00,4.542420099955052,success,735232,324,data\derived\monte_carlo_baselines\returns\gaussian\gaussian_sim_051.parquet,
20260705T193434Z,rolling_baselines,read_baseline_returns,gaussian,52,2026-07-05T19:37:51.785242+00:00,2026-07-05T19:37:51.824996+00:00,0.03972939995583147,success,735232,735232,data\derived\monte_carlo_baselines\returns\gaussian\gaussian_sim_052.parquet,
20260705T193434Z,rolling_baselines,compute_rolling_metrics_w2048,gaussian,52,2026-07-05T19:37:51.825022+00:00,2026-07-05T19:37:53.498692+00:00,1.6736543000442907,success,735232,162,,
20260705T193434Z,rolling_baselines,compute_rolling_metrics_w8192,gaussian,52,2026-07-05T19:37:53.498702+00:00,2026-07-05T19:37:56.410255+00:00,2.9115343999583274,success,735232,162,,
20260705T193434Z,rolling_baselines,compute_simulation_rolling_correlations,gaussian,52,2026-07-05T19:37:51.785235+00:00,2026-07-05T19:37:56.410390+00:00,4.625145600060932,success,735232,324,data\derived\monte_carlo_baselines\returns\gaussian\gaussian_sim_052.parquet,
20260705T193434Z,rolling_baselines,read_baseline_returns,gaussian,53,2026-07-05T19:37:52.094080+00:00,2026-07-05T19:37:52.132636+00:00,0.038532699923962355,success,735232,735232,data\derived\monte_carlo_baselines\returns\gaussian\gaussian_sim_053.parquet,
20260705T193434Z,rolling_baselines,compute_rolling_metrics_w2048,gaussian,53,2026-07-05T19:37:52.132661+00:00,2026-07-05T19:37:53.540712+00:00,1.408031800063327,success,735232,162,,
20260705T193434Z,rolling_baselines,compute_rolling_metrics_w8192,gaussian,53,2026-07-05T19:37:53.540722+00:00,2026-07-05T19:37:56.480023+00:00,2.939280499937013,success,735232,162,,
20260705T193434Z,rolling_baselines,compute_simulation_rolling_correlations,gaussian,53,2026-07-05T19:37:52.094068+00:00,2026-07-05T19:37:56.480302+00:00,4.3862177999690175,success,735232,324,data\derived\monte_carlo_baselines\returns\gaussian\gaussian_sim_053.parquet,
20260705T193434Z,rolling_baselines,read_baseline_returns,gaussian,54,2026-07-05T19:37:52.867772+00:00,2026-07-05T19:37:52.891229+00:00,0.023430999950505793,success,735232,735232,data\derived\monte_carlo_baselines\returns\gaussian\gaussian_sim_054.parquet,
20260705T193434Z,rolling_baselines,compute_rolling_metrics_w2048,gaussian,54,2026-07-05T19:37:52.891258+00:00,2026-07-05T19:37:54.134926+00:00,1.2436468999367207,success,735232,162,,
20260705T193434Z,rolling_baselines,compute_rolling_metrics_w8192,gaussian,54,2026-07-05T19:37:54.134937+00:00,2026-07-05T19:37:57.128270+00:00,2.993313700077124,success,735232,162,,
20260705T193434Z,rolling_baselines,compute_simulation_rolling_correlations,gaussian,54,2026-07-05T19:37:52.867759+00:00,2026-07-05T19:37:57.128291+00:00,4.260520300013013,success,735232,324,data\derived\monte_carlo_baselines\returns\gaussian\gaussian_sim_054.parquet,
20260705T193434Z,rolling_baselines,read_baseline_returns,gaussian,55,2026-07-05T19:37:56.191090+00:00,2026-07-05T19:37:56.226504+00:00,0.0353954000165686,success,735232,735232,data\derived\monte_carlo_baselines\returns\gaussian\gaussian_sim_055.parquet,
20260705T193434Z,rolling_baselines,compute_rolling_metrics_w2048,gaussian,55,2026-07-05T19:37:56.226520+00:00,2026-07-05T19:37:57.253295+00:00,1.02674899995327,success,735232,162,,
20260705T193434Z,rolling_baselines,compute_rolling_metrics_w8192,gaussian,55,2026-07-05T19:37:57.253309+00:00,2026-07-05T19:38:00.624820+00:00,3.3714878999162465,success,735232,162,,
20260705T193434Z,rolling_baselines,compute_simulation_rolling_correlations,gaussian,55,2026-07-05T19:37:56.191079+00:00,2026-07-05T19:38:00.624845+00:00,4.433755800011568,success,735232,324,data\derived\monte_carlo_baselines\returns\gaussian\gaussian_sim_055.parquet,
20260705T193434Z,rolling_baselines,read_baseline_returns,gaussian,56,2026-07-05T19:37:56.411164+00:00,2026-07-05T19:37:56.434871+00:00,0.023685400024987757,success,735232,735232,data\derived\monte_carlo_baselines\returns\gaussian\gaussian_sim_056.parquet,
20260705T193434Z,rolling_baselines,compute_rolling_metrics_w2048,gaussian,56,2026-07-05T19:37:56.434898+00:00,2026-07-05T19:37:57.501978+00:00,1.0670588000211865,success,735232,162,,
20260705T193434Z,rolling_baselines,compute_rolling_metrics_w8192,gaussian,56,2026-07-05T19:37:57.501989+00:00,2026-07-05T19:38:01.516285+00:00,4.014247599989176,success,735232,162,,
20260705T193434Z,rolling_baselines,compute_simulation_rolling_correlations,gaussian,56,2026-07-05T19:37:56.411154+00:00,2026-07-05T19:38:01.516305+00:00,5.105142600019462,success,735232,324,data\derived\monte_carlo_baselines\returns\gaussian\gaussian_sim_056.parquet,
20260705T193434Z,rolling_baselines,read_baseline_returns,gaussian,57,2026-07-05T19:37:56.481781+00:00,2026-07-05T19:37:56.511950+00:00,0.030145799973979592,success,735232,735232,data\derived\monte_carlo_baselines\returns\gaussian\gaussian_sim_057.parquet,
20260705T193434Z,rolling_baselines,compute_rolling_metrics_w2048,gaussian,57,2026-07-05T19:37:56.511975+00:00,2026-07-05T19:37:57.568229+00:00,1.056233000010252,success,735232,162,,
20260705T193434Z,rolling_baselines,compute_rolling_metrics_w8192,gaussian,57,2026-07-05T19:37:57.568239+00:00,2026-07-05T19:38:01.429343+00:00,3.861085099983029,success,735232,162,,
20260705T193434Z,rolling_baselines,compute_simulation_rolling_correlations,gaussian,57,2026-07-05T19:37:56.481770+00:00,2026-07-05T19:38:01.429465+00:00,4.947684700018726,success,735232,324,data\derived\monte_carlo_baselines\returns\gaussian\gaussian_sim_057.parquet,
20260705T193434Z,rolling_baselines,read_baseline_returns,gaussian,58,2026-07-05T19:37:57.129110+00:00,2026-07-05T19:37:57.152892+00:00,0.023761000018566847,success,735232,735232,data\derived\monte_carlo_baselines\returns\gaussian\gaussian_sim_058.parquet,
20260705T193434Z,rolling_baselines,compute_rolling_metrics_w2048,gaussian,58,2026-07-05T19:37:57.152917+00:00,2026-07-05T19:37:58.280962+00:00,1.128022399963811,success,735232,162,,
20260705T193434Z,rolling_baselines,compute_rolling_metrics_w8192,gaussian,58,2026-07-05T19:37:58.281187+00:00,2026-07-05T19:38:02.117990+00:00,3.8367808000184596,success,735232,162,,
20260705T193434Z,rolling_baselines,compute_simulation_rolling_correlations,gaussian,58,2026-07-05T19:37:57.129100+00:00,2026-07-05T19:38:02.118009+00:00,4.988898299983703,success,735232,324,data\derived\monte_carlo_baselines\returns\gaussian\gaussian_sim_058.parquet,
20260705T193434Z,rolling_baselines,read_baseline_returns,gaussian,59,2026-07-05T19:38:00.634866+00:00,2026-07-05T19:38:00.737192+00:00,0.10230229992885143,success,735232,735232,data\derived\monte_carlo_baselines\returns\gaussian\gaussian_sim_059.parquet,
20260705T193434Z,rolling_baselines,compute_rolling_metrics_w2048,gaussian,59,2026-07-05T19:38:00.737217+00:00,2026-07-05T19:38:02.172066+00:00,1.4348312000511214,success,735232,162,,
20260705T193434Z,rolling_baselines,compute_rolling_metrics_w8192,gaussian,59,2026-07-05T19:38:02.172076+00:00,2026-07-05T19:38:05.170857+00:00,2.998756399960257,success,735232,162,,
20260705T193434Z,rolling_baselines,compute_simulation_rolling_correlations,gaussian,59,2026-07-05T19:38:00.634853+00:00,2026-07-05T19:38:05.170883+00:00,4.5360167000908405,success,735232,324,data\derived\monte_carlo_baselines\returns\gaussian\gaussian_sim_059.parquet,
20260705T193434Z,rolling_baselines,read_baseline_returns,gaussian,60,2026-07-05T19:38:01.434568+00:00,2026-07-05T19:38:01.476669+00:00,0.042081199935637414,success,735232,735232,data\derived\monte_carlo_baselines\returns\gaussian\gaussian_sim_060.parquet,
20260705T193434Z,rolling_baselines,compute_rolling_metrics_w2048,gaussian,60,2026-07-05T19:38:01.476687+00:00,2026-07-05T19:38:02.466695+00:00,0.9899892000248656,success,735232,162,,
20260705T193434Z,rolling_baselines,compute_rolling_metrics_w8192,gaussian,60,2026-07-05T19:38:02.466705+00:00,2026-07-05T19:38:05.590792+00:00,3.124067199998535,success,735232,162,,
20260705T193434Z,rolling_baselines,compute_simulation_rolling_correlations,gaussian,60,2026-07-05T19:38:01.434555+00:00,2026-07-05T19:38:05.590926+00:00,4.156352200079709,success,735232,324,data\derived\monte_carlo_baselines\returns\gaussian\gaussian_sim_060.parquet,
20260705T193434Z,rolling_baselines,read_baseline_returns,gaussian,61,2026-07-05T19:38:01.517506+00:00,2026-07-05T19:38:01.541735+00:00,0.02420820004772395,success,735232,735232,data\derived\monte_carlo_baselines\returns\gaussian\gaussian_sim_061.parquet,
20260705T193434Z,rolling_baselines,compute_rolling_metrics_w2048,gaussian,61,2026-07-05T19:38:01.541758+00:00,2026-07-05T19:38:02.558312+00:00,1.0165295000188053,success,735232,162,,
20260705T193434Z,rolling_baselines,compute_rolling_metrics_w8192,gaussian,61,2026-07-05T19:38:02.558326+00:00,2026-07-05T19:38:05.737660+00:00,3.1793146000709385,success,735232,162,,
20260705T193434Z,rolling_baselines,compute_simulation_rolling_correlations,gaussian,61,2026-07-05T19:38:01.517498+00:00,2026-07-05T19:38:05.737678+00:00,4.220172300003469,success,735232,324,data\derived\monte_carlo_baselines\returns\gaussian\gaussian_sim_061.parquet,
20260705T193434Z,rolling_baselines,read_baseline_returns,gaussian,62,2026-07-05T19:38:02.118758+00:00,2026-07-05T19:38:02.151929+00:00,0.033143200096674263,success,735232,735232,data\derived\monte_carlo_baselines\returns\gaussian\gaussian_sim_062.parquet,
20260705T193434Z,rolling_baselines,compute_rolling_metrics_w2048,gaussian,62,2026-07-05T19:38:02.151955+00:00,2026-07-05T19:38:03.283516+00:00,1.1315400999737903,success,735232,162,,
20260705T193434Z,rolling_baselines,compute_rolling_metrics_w8192,gaussian,62,2026-07-05T19:38:03.283526+00:00,2026-07-05T19:38:06.671828+00:00,3.3882806000765413,success,735232,162,,
20260705T193434Z,rolling_baselines,compute_simulation_rolling_correlations,gaussian,62,2026-07-05T19:38:02.118751+00:00,2026-07-05T19:38:06.671859+00:00,4.553099300013855,success,735232,324,data\derived\monte_carlo_baselines\returns\gaussian\gaussian_sim_062.parquet,
20260705T193434Z,rolling_baselines,read_baseline_returns,gaussian,63,2026-07-05T19:38:05.171987+00:00,2026-07-05T19:38:05.199762+00:00,0.0277504000114277,success,735232,735232,data\derived\monte_carlo_baselines\returns\gaussian\gaussian_sim_063.parquet,
20260705T193434Z,rolling_baselines,compute_rolling_metrics_w2048,gaussian,63,2026-07-05T19:38:05.199788+00:00,2026-07-05T19:38:06.554251+00:00,1.3544427000451833,success,735232,162,,
20260705T193434Z,rolling_baselines,compute_rolling_metrics_w8192,gaussian,63,2026-07-05T19:38:06.554261+00:00,2026-07-05T19:38:09.341500+00:00,2.787211799994111,success,735232,162,,
20260705T193434Z,rolling_baselines,compute_simulation_rolling_correlations,gaussian,63,2026-07-05T19:38:05.171947+00:00,2026-07-05T19:38:09.341532+00:00,4.169545100070536,success,735232,324,data\derived\monte_carlo_baselines\returns\gaussian\gaussian_sim_063.parquet,
20260705T193434Z,rolling_baselines,read_baseline_returns,gaussian,64,2026-07-05T19:38:05.591731+00:00,2026-07-05T19:38:05.624511+00:00,0.03275670006405562,success,735232,735232,data\derived\monte_carlo_baselines\returns\gaussian\gaussian_sim_064.parquet,
20260705T193434Z,rolling_baselines,compute_rolling_metrics_w2048,gaussian,64,2026-07-05T19:38:05.624534+00:00,2026-07-05T19:38:07.005519+00:00,1.380962700000964,success,735232,162,,
20260705T193434Z,rolling_baselines,compute_rolling_metrics_w8192,gaussian,64,2026-07-05T19:38:07.005531+00:00,2026-07-05T19:38:09.699892+00:00,2.6943350000074133,success,735232,162,,
20260705T193434Z,rolling_baselines,compute_simulation_rolling_correlations,gaussian,64,2026-07-05T19:38:05.591722+00:00,2026-07-05T19:38:09.700103+00:00,4.108364499988966,success,735232,324,data\derived\monte_carlo_baselines\returns\gaussian\gaussian_sim_064.parquet,
20260705T193434Z,rolling_baselines,read_baseline_returns,gaussian,65,2026-07-05T19:38:05.739437+00:00,2026-07-05T19:38:05.775405+00:00,0.035946000018157065,success,735232,735232,data\derived\monte_carlo_baselines\returns\gaussian\gaussian_sim_065.parquet,
20260705T193434Z,rolling_baselines,compute_rolling_metrics_w2048,gaussian,65,2026-07-05T19:38:05.775426+00:00,2026-07-05T19:38:07.137229+00:00,1.3617728999815881,success,735232,162,,
20260705T193434Z,rolling_baselines,compute_rolling_metrics_w8192,gaussian,65,2026-07-05T19:38:07.137241+00:00,2026-07-05T19:38:09.929107+00:00,2.7918460000073537,success,735232,162,,
20260705T193434Z,rolling_baselines,compute_simulation_rolling_correlations,gaussian,65,2026-07-05T19:38:05.739423+00:00,2026-07-05T19:38:09.929129+00:00,4.189693699940108,success,735232,324,data\derived\monte_carlo_baselines\returns\gaussian\gaussian_sim_065.parquet,
20260705T193434Z,rolling_baselines,read_baseline_returns,gaussian,66,2026-07-05T19:38:06.672865+00:00,2026-07-05T19:38:06.878726+00:00,0.20583320001605898,success,735232,735232,data\derived\monte_carlo_baselines\returns\gaussian\gaussian_sim_066.parquet,
20260705T193434Z,rolling_baselines,compute_rolling_metrics_w2048,gaussian,66,2026-07-05T19:38:06.878755+00:00,2026-07-05T19:38:08.034095+00:00,1.155315300100483,success,735232,162,,
20260705T193434Z,rolling_baselines,compute_rolling_metrics_w8192,gaussian,66,2026-07-05T19:38:08.034109+00:00,2026-07-05T19:38:10.737235+00:00,2.703100400045514,success,735232,162,,
20260705T193434Z,rolling_baselines,compute_simulation_rolling_correlations,gaussian,66,2026-07-05T19:38:06.672851+00:00,2026-07-05T19:38:10.737266+00:00,4.064399600028992,success,735232,324,data\derived\monte_carlo_baselines\returns\gaussian\gaussian_sim_066.parquet,
20260705T193434Z,rolling_baselines,read_baseline_returns,gaussian,67,2026-07-05T19:38:09.342708+00:00,2026-07-05T19:38:09.383440+00:00,0.04070550005417317,success,735232,735232,data\derived\monte_carlo_baselines\returns\gaussian\gaussian_sim_067.parquet,
20260705T193434Z,rolling_baselines,compute_rolling_metrics_w2048,gaussian,67,2026-07-05T19:38:09.383467+00:00,2026-07-05T19:38:10.455894+00:00,1.0724068999988958,success,735232,162,,
20260705T193434Z,rolling_baselines,compute_rolling_metrics_w8192,gaussian,67,2026-07-05T19:38:10.455905+00:00,2026-07-05T19:38:13.422698+00:00,2.9667743000900373,success,735232,162,,
20260705T193434Z,rolling_baselines,compute_simulation_rolling_correlations,gaussian,67,2026-07-05T19:38:09.342694+00:00,2026-07-05T19:38:13.422785+00:00,4.080076799960807,success,735232,324,data\derived\monte_carlo_baselines\returns\gaussian\gaussian_sim_067.parquet,
20260705T193434Z,rolling_baselines,read_baseline_returns,gaussian,68,2026-07-05T19:38:09.701103+00:00,2026-07-05T19:38:09.728977+00:00,0.027851100079715252,success,735232,735232,data\derived\monte_carlo_baselines\returns\gaussian\gaussian_sim_068.parquet,
20260705T193434Z,rolling_baselines,compute_rolling_metrics_w2048,gaussian,68,2026-07-05T19:38:09.729001+00:00,2026-07-05T19:38:10.797478+00:00,1.0684522999217734,success,735232,162,,
20260705T193434Z,rolling_baselines,compute_rolling_metrics_w8192,gaussian,68,2026-07-05T19:38:10.797489+00:00,2026-07-05T19:38:13.675764+00:00,2.8782547999871895,success,735232,162,,
20260705T193434Z,rolling_baselines,compute_simulation_rolling_correlations,gaussian,68,2026-07-05T19:38:09.701091+00:00,2026-07-05T19:38:13.676043+00:00,3.9749303000280634,success,735232,324,data\derived\monte_carlo_baselines\returns\gaussian\gaussian_sim_068.parquet,
20260705T193434Z,rolling_baselines,read_baseline_returns,gaussian,69,2026-07-05T19:38:09.933261+00:00,2026-07-05T19:38:09.962241+00:00,0.028951700078323483,success,735232,735232,data\derived\monte_carlo_baselines\returns\gaussian\gaussian_sim_069.parquet,
20260705T193434Z,rolling_baselines,compute_rolling_metrics_w2048,gaussian,69,2026-07-05T19:38:09.962270+00:00,2026-07-05T19:38:11.061375+00:00,1.0990791999502108,success,735232,162,,
20260705T193434Z,rolling_baselines,compute_rolling_metrics_w8192,gaussian,69,2026-07-05T19:38:11.061389+00:00,2026-07-05T19:38:14.087231+00:00,3.025823300005868,success,735232,162,,
20260705T193434Z,rolling_baselines,compute_simulation_rolling_correlations,gaussian,69,2026-07-05T19:38:09.933246+00:00,2026-07-05T19:38:14.087250+00:00,4.153990600025281,success,735232,324,data\derived\monte_carlo_baselines\returns\gaussian\gaussian_sim_069.parquet,
20260705T193434Z,rolling_baselines,read_baseline_returns,gaussian,70,2026-07-05T19:38:10.738533+00:00,2026-07-05T19:38:10.768814+00:00,0.030256800004281104,success,735232,735232,data\derived\monte_carlo_baselines\returns\gaussian\gaussian_sim_070.parquet,
20260705T193434Z,rolling_baselines,compute_rolling_metrics_w2048,gaussian,70,2026-07-05T19:38:10.768841+00:00,2026-07-05T19:38:12.001976+00:00,1.2331124999327585,success,735232,162,,
20260705T193434Z,rolling_baselines,compute_rolling_metrics_w8192,gaussian,70,2026-07-05T19:38:12.001987+00:00,2026-07-05T19:38:14.768541+00:00,2.766533700050786,success,735232,162,,
20260705T193434Z,rolling_baselines,compute_simulation_rolling_correlations,gaussian,70,2026-07-05T19:38:10.738520+00:00,2026-07-05T19:38:14.768571+00:00,4.030039899982512,success,735232,324,data\derived\monte_carlo_baselines\returns\gaussian\gaussian_sim_070.parquet,
20260705T193434Z,rolling_baselines,read_baseline_returns,gaussian,71,2026-07-05T19:38:13.424253+00:00,2026-07-05T19:38:13.462872+00:00,0.03859299991745502,success,735232,735232,data\derived\monte_carlo_baselines\returns\gaussian\gaussian_sim_071.parquet,
20260705T193434Z,rolling_baselines,compute_rolling_metrics_w2048,gaussian,71,2026-07-05T19:38:13.462897+00:00,2026-07-05T19:38:14.531502+00:00,1.0685837999917567,success,735232,162,,
20260705T193434Z,rolling_baselines,compute_rolling_metrics_w8192,gaussian,71,2026-07-05T19:38:14.531513+00:00,2026-07-05T19:38:17.619374+00:00,3.0878419999498874,success,735232,162,,
20260705T193434Z,rolling_baselines,compute_simulation_rolling_correlations,gaussian,71,2026-07-05T19:38:13.424241+00:00,2026-07-05T19:38:17.619393+00:00,4.195140199968591,success,735232,324,data\derived\monte_carlo_baselines\returns\gaussian\gaussian_sim_071.parquet,
20260705T193434Z,rolling_baselines,read_baseline_returns,gaussian,72,2026-07-05T19:38:13.677716+00:00,2026-07-05T19:38:13.705462+00:00,0.02771759999450296,success,735232,735232,data\derived\monte_carlo_baselines\returns\gaussian\gaussian_sim_072.parquet,
20260705T193434Z,rolling_baselines,compute_rolling_metrics_w2048,gaussian,72,2026-07-05T19:38:13.705494+00:00,2026-07-05T19:38:14.792561+00:00,1.0870488999644294,success,735232,162,,
20260705T193434Z,rolling_baselines,compute_rolling_metrics_w8192,gaussian,72,2026-07-05T19:38:14.792568+00:00,2026-07-05T19:38:17.691994+00:00,2.8994082999415696,success,735232,162,,
20260705T193434Z,rolling_baselines,compute_simulation_rolling_correlations,gaussian,72,2026-07-05T19:38:13.677704+00:00,2026-07-05T19:38:17.692202+00:00,4.0144856999395415,success,735232,324,data\derived\monte_carlo_baselines\returns\gaussian\gaussian_sim_072.parquet,
20260705T193434Z,rolling_baselines,read_baseline_returns,gaussian,73,2026-07-05T19:38:14.088564+00:00,2026-07-05T19:38:14.119851+00:00,0.03126339998561889,success,735232,735232,data\derived\monte_carlo_baselines\returns\gaussian\gaussian_sim_073.parquet,
20260705T193434Z,rolling_baselines,compute_rolling_metrics_w2048,gaussian,73,2026-07-05T19:38:14.119877+00:00,2026-07-05T19:38:15.223634+00:00,1.1037355000153184,success,735232,162,,
20260705T193434Z,rolling_baselines,compute_rolling_metrics_w8192,gaussian,73,2026-07-05T19:38:15.223645+00:00,2026-07-05T19:38:18.148418+00:00,2.924743599956855,success,735232,162,,
20260705T193434Z,rolling_baselines,compute_simulation_rolling_correlations,gaussian,73,2026-07-05T19:38:14.088554+00:00,2026-07-05T19:38:18.148457+00:00,4.059891699929722,success,735232,324,data\derived\monte_carlo_baselines\returns\gaussian\gaussian_sim_073.parquet,
20260705T193434Z,rolling_baselines,read_baseline_returns,gaussian,74,2026-07-05T19:38:14.770253+00:00,2026-07-05T19:38:14.797389+00:00,0.02710880001541227,success,735232,735232,data\derived\monte_carlo_baselines\returns\gaussian\gaussian_sim_074.parquet,
20260705T193434Z,rolling_baselines,compute_rolling_metrics_w2048,gaussian,74,2026-07-05T19:38:14.797418+00:00,2026-07-05T19:38:16.012087+00:00,1.2146493999753147,success,735232,162,,
20260705T193434Z,rolling_baselines,compute_rolling_metrics_w8192,gaussian,74,2026-07-05T19:38:16.012096+00:00,2026-07-05T19:38:20.159159+00:00,4.147036500042304,success,735232,162,,
20260705T193434Z,rolling_baselines,compute_simulation_rolling_correlations,gaussian,74,2026-07-05T19:38:14.770240+00:00,2026-07-05T19:38:20.159189+00:00,5.388934100046754,success,735232,324,data\derived\monte_carlo_baselines\returns\gaussian\gaussian_sim_074.parquet,
20260705T193434Z,rolling_baselines,read_baseline_returns,gaussian,75,2026-07-05T19:38:17.620707+00:00,2026-07-05T19:38:17.659207+00:00,0.03847270004916936,success,735232,735232,data\derived\monte_carlo_baselines\returns\gaussian\gaussian_sim_075.parquet,
20260705T193434Z,rolling_baselines,compute_rolling_metrics_w2048,gaussian,75,2026-07-05T19:38:17.659239+00:00,2026-07-05T19:38:18.721923+00:00,1.062663899967447,success,735232,162,,
20260705T193434Z,rolling_baselines,compute_rolling_metrics_w8192,gaussian,75,2026-07-05T19:38:18.721932+00:00,2026-07-05T19:38:21.843593+00:00,3.1216358999954537,success,735232,162,,
20260705T193434Z,rolling_baselines,compute_simulation_rolling_correlations,gaussian,75,2026-07-05T19:38:17.620696+00:00,2026-07-05T19:38:21.843619+00:00,4.222911300021224,success,735232,324,data\derived\monte_carlo_baselines\returns\gaussian\gaussian_sim_075.parquet,
20260705T193434Z,rolling_baselines,read_baseline_returns,gaussian,76,2026-07-05T19:38:17.693270+00:00,2026-07-05T19:38:17.725973+00:00,0.03267220000270754,success,735232,735232,data\derived\monte_carlo_baselines\returns\gaussian\gaussian_sim_076.parquet,
20260705T193434Z,rolling_baselines,compute_rolling_metrics_w2048,gaussian,76,2026-07-05T19:38:17.726009+00:00,2026-07-05T19:38:18.743388+00:00,1.017357200034894,success,735232,162,,
20260705T193434Z,rolling_baselines,compute_rolling_metrics_w8192,gaussian,76,2026-07-05T19:38:18.743399+00:00,2026-07-05T19:38:21.924728+00:00,3.181307899998501,success,735232,162,,
20260705T193434Z,rolling_baselines,compute_simulation_rolling_correlations,gaussian,76,2026-07-05T19:38:17.693257+00:00,2026-07-05T19:38:21.924872+00:00,4.2316009000642225,success,735232,324,data\derived\monte_carlo_baselines\returns\gaussian\gaussian_sim_076.parquet,
20260705T193434Z,rolling_baselines,read_baseline_returns,gaussian,77,2026-07-05T19:38:18.149532+00:00,2026-07-05T19:38:18.180022+00:00,0.03046179993543774,success,735232,735232,data\derived\monte_carlo_baselines\returns\gaussian\gaussian_sim_077.parquet,
20260705T193434Z,rolling_baselines,compute_rolling_metrics_w2048,gaussian,77,2026-07-05T19:38:18.180051+00:00,2026-07-05T19:38:19.273409+00:00,1.0933376000029966,success,735232,162,,
20260705T193434Z,rolling_baselines,compute_rolling_metrics_w8192,gaussian,77,2026-07-05T19:38:19.273419+00:00,2026-07-05T19:38:22.995398+00:00,3.721959699993022,success,735232,162,,
20260705T193434Z,rolling_baselines,compute_simulation_rolling_correlations,gaussian,77,2026-07-05T19:38:18.149523+00:00,2026-07-05T19:38:22.995466+00:00,4.845932399970479,success,735232,324,data\derived\monte_carlo_baselines\returns\gaussian\gaussian_sim_077.parquet,
20260705T193434Z,rolling_baselines,read_baseline_returns,gaussian,78,2026-07-05T19:38:20.160292+00:00,2026-07-05T19:38:20.198116+00:00,0.03779420000500977,success,735232,735232,data\derived\monte_carlo_baselines\returns\gaussian\gaussian_sim_078.parquet,
20260705T193434Z,rolling_baselines,compute_rolling_metrics_w2048,gaussian,78,2026-07-05T19:38:20.198143+00:00,2026-07-05T19:38:21.755441+00:00,1.5572779999347404,success,735232,162,,
20260705T193434Z,rolling_baselines,compute_rolling_metrics_w8192,gaussian,78,2026-07-05T19:38:21.755450+00:00,2026-07-05T19:38:26.474471+00:00,4.719004699960351,success,735232,162,,
20260705T193434Z,rolling_baselines,compute_simulation_rolling_correlations,gaussian,78,2026-07-05T19:38:20.160280+00:00,2026-07-05T19:38:26.474492+00:00,6.314202000037767,success,735232,324,data\derived\monte_carlo_baselines\returns\gaussian\gaussian_sim_078.parquet,
20260705T193434Z,rolling_baselines,read_baseline_returns,gaussian,79,2026-07-05T19:38:21.859347+00:00,2026-07-05T19:38:21.904922+00:00,0.04554449999704957,success,735232,735232,data\derived\monte_carlo_baselines\returns\gaussian\gaussian_sim_079.parquet,
20260705T193434Z,rolling_baselines,compute_rolling_metrics_w2048,gaussian,79,2026-07-05T19:38:21.904954+00:00,2026-07-05T19:38:23.609595+00:00,1.7046187999658287,success,735232,162,,
20260705T193434Z,rolling_baselines,compute_rolling_metrics_w8192,gaussian,79,2026-07-05T19:38:23.609606+00:00,2026-07-05T19:38:28.148926+00:00,4.539279400021769,success,735232,162,,
20260705T193434Z,rolling_baselines,compute_simulation_rolling_correlations,gaussian,79,2026-07-05T19:38:21.859334+00:00,2026-07-05T19:38:28.149056+00:00,6.289706100011244,success,735232,324,data\derived\monte_carlo_baselines\returns\gaussian\gaussian_sim_079.parquet,
20260705T193434Z,rolling_baselines,read_baseline_returns,gaussian,80,2026-07-05T19:38:21.926443+00:00,2026-07-05T19:38:21.978019+00:00,0.05100450001191348,success,735232,735232,data\derived\monte_carlo_baselines\returns\gaussian\gaussian_sim_080.parquet,
20260705T193434Z,rolling_baselines,compute_rolling_metrics_w2048,gaussian,80,2026-07-05T19:38:21.978053+00:00,2026-07-05T19:38:23.524355+00:00,1.5462826999137178,success,735232,162,,
20260705T193434Z,rolling_baselines,compute_rolling_metrics_w8192,gaussian,80,2026-07-05T19:38:23.524365+00:00,2026-07-05T19:38:27.988356+00:00,4.463971400051378,success,735232,162,,
20260705T193434Z,rolling_baselines,compute_simulation_rolling_correlations,gaussian,80,2026-07-05T19:38:21.926432+00:00,2026-07-05T19:38:27.988465+00:00,6.062020699959248,success,735232,324,data\derived\monte_carlo_baselines\returns\gaussian\gaussian_sim_080.parquet,
20260705T193434Z,rolling_baselines,read_baseline_returns,gaussian,81,2026-07-05T19:38:22.996626+00:00,2026-07-05T19:38:23.022113+00:00,0.025471100001595914,success,735232,735232,data\derived\monte_carlo_baselines\returns\gaussian\gaussian_sim_081.parquet,
20260705T193434Z,rolling_baselines,compute_rolling_metrics_w2048,gaussian,81,2026-07-05T19:38:23.022130+00:00,2026-07-05T19:38:24.668189+00:00,1.6460373000008985,success,735232,162,,
20260705T193434Z,rolling_baselines,compute_rolling_metrics_w8192,gaussian,81,2026-07-05T19:38:24.668201+00:00,2026-07-05T19:38:28.642331+00:00,3.9741108000744134,success,735232,162,,
20260705T193434Z,rolling_baselines,compute_simulation_rolling_correlations,gaussian,81,2026-07-05T19:38:22.996616+00:00,2026-07-05T19:38:28.642347+00:00,5.645721900044009,success,735232,324,data\derived\monte_carlo_baselines\returns\gaussian\gaussian_sim_081.parquet,
20260705T193434Z,rolling_baselines,read_baseline_returns,gaussian,82,2026-07-05T19:38:26.476761+00:00,2026-07-05T19:38:26.515401+00:00,0.038615799974650145,success,735232,735232,data\derived\monte_carlo_baselines\returns\gaussian\gaussian_sim_082.parquet,
20260705T193434Z,rolling_baselines,compute_rolling_metrics_w2048,gaussian,82,2026-07-05T19:38:26.515425+00:00,2026-07-05T19:38:28.123459+00:00,1.6080133999930695,success,735232,162,,
20260705T193434Z,rolling_baselines,compute_rolling_metrics_w8192,gaussian,82,2026-07-05T19:38:28.123472+00:00,2026-07-05T19:38:30.683117+00:00,2.559614200028591,success,735232,162,,
20260705T193434Z,rolling_baselines,compute_simulation_rolling_correlations,gaussian,82,2026-07-05T19:38:26.476753+00:00,2026-07-05T19:38:30.683149+00:00,4.206382900010794,success,735232,324,data\derived\monte_carlo_baselines\returns\gaussian\gaussian_sim_082.parquet,
20260705T193434Z,rolling_baselines,read_baseline_returns,gaussian,83,2026-07-05T19:38:27.989632+00:00,2026-07-05T19:38:28.013041+00:00,0.023389399982988834,success,735232,735232,data\derived\monte_carlo_baselines\returns\gaussian\gaussian_sim_083.parquet,
20260705T193434Z,rolling_baselines,compute_rolling_metrics_w2048,gaussian,83,2026-07-05T19:38:28.013058+00:00,2026-07-05T19:38:28.887384+00:00,0.8743073999648914,success,735232,162,,
20260705T193434Z,rolling_baselines,compute_rolling_metrics_w8192,gaussian,83,2026-07-05T19:38:28.887394+00:00,2026-07-05T19:38:31.889244+00:00,3.0018208000110462,success,735232,162,,
20260705T193434Z,rolling_baselines,compute_simulation_rolling_correlations,gaussian,83,2026-07-05T19:38:27.989623+00:00,2026-07-05T19:38:31.889378+00:00,3.8997389000141993,success,735232,324,data\derived\monte_carlo_baselines\returns\gaussian\gaussian_sim_083.parquet,
20260705T193434Z,rolling_baselines,read_baseline_returns,gaussian,84,2026-07-05T19:38:28.150210+00:00,2026-07-05T19:38:28.182581+00:00,0.032351600006222725,success,735232,735232,data\derived\monte_carlo_baselines\returns\gaussian\gaussian_sim_084.parquet,
20260705T193434Z,rolling_baselines,compute_rolling_metrics_w2048,gaussian,84,2026-07-05T19:38:28.182603+00:00,2026-07-05T19:38:29.114284+00:00,0.9316590999951586,success,735232,162,,
20260705T193434Z,rolling_baselines,compute_rolling_metrics_w8192,gaussian,84,2026-07-05T19:38:29.114296+00:00,2026-07-05T19:38:32.192468+00:00,3.078148000058718,success,735232,162,,
20260705T193434Z,rolling_baselines,compute_simulation_rolling_correlations,gaussian,84,2026-07-05T19:38:28.150203+00:00,2026-07-05T19:38:32.192491+00:00,4.042278999928385,success,735232,324,data\derived\monte_carlo_baselines\returns\gaussian\gaussian_sim_084.parquet,
20260705T193434Z,rolling_baselines,read_baseline_returns,gaussian,85,2026-07-05T19:38:28.643062+00:00,2026-07-05T19:38:28.667947+00:00,0.02486409991979599,success,735232,735232,data\derived\monte_carlo_baselines\returns\gaussian\gaussian_sim_085.parquet,
20260705T193434Z,rolling_baselines,compute_rolling_metrics_w2048,gaussian,85,2026-07-05T19:38:28.667970+00:00,2026-07-05T19:38:29.699349+00:00,1.0313435998978093,success,735232,162,,
20260705T193434Z,rolling_baselines,compute_rolling_metrics_w8192,gaussian,85,2026-07-05T19:38:29.699370+00:00,2026-07-05T19:38:32.991072+00:00,3.291677000001073,success,735232,162,,
20260705T193434Z,rolling_baselines,compute_simulation_rolling_correlations,gaussian,85,2026-07-05T19:38:28.643053+00:00,2026-07-05T19:38:32.991188+00:00,4.348120799986646,success,735232,324,data\derived\monte_carlo_baselines\returns\gaussian\gaussian_sim_085.parquet,
20260705T193434Z,rolling_baselines,read_baseline_returns,gaussian,86,2026-07-05T19:38:30.684401+00:00,2026-07-05T19:38:30.721464+00:00,0.0370189999230206,success,735232,735232,data\derived\monte_carlo_baselines\returns\gaussian\gaussian_sim_086.parquet,
20260705T193434Z,rolling_baselines,compute_rolling_metrics_w2048,gaussian,86,2026-07-05T19:38:30.721495+00:00,2026-07-05T19:38:32.080642+00:00,1.3591197000350803,success,735232,162,,
20260705T193434Z,rolling_baselines,compute_rolling_metrics_w8192,gaussian,86,2026-07-05T19:38:32.080656+00:00,2026-07-05T19:38:35.691696+00:00,3.6110158999217674,success,735232,162,,
20260705T193434Z,rolling_baselines,compute_simulation_rolling_correlations,gaussian,86,2026-07-05T19:38:30.684388+00:00,2026-07-05T19:38:35.691744+00:00,5.007343400036916,success,735232,324,data\derived\monte_carlo_baselines\returns\gaussian\gaussian_sim_086.parquet,
20260705T193434Z,rolling_baselines,read_baseline_returns,gaussian,87,2026-07-05T19:38:31.890591+00:00,2026-07-05T19:38:31.922693+00:00,0.03206980007234961,success,735232,735232,data\derived\monte_carlo_baselines\returns\gaussian\gaussian_sim_087.parquet,
20260705T193434Z,rolling_baselines,compute_rolling_metrics_w2048,gaussian,87,2026-07-05T19:38:31.922732+00:00,2026-07-05T19:38:33.518835+00:00,1.5960784000344574,success,735232,162,,
20260705T193434Z,rolling_baselines,compute_rolling_metrics_w8192,gaussian,87,2026-07-05T19:38:33.518848+00:00,2026-07-05T19:38:36.984075+00:00,3.465202799998224,success,735232,162,,
20260705T193434Z,rolling_baselines,compute_simulation_rolling_correlations,gaussian,87,2026-07-05T19:38:31.890574+00:00,2026-07-05T19:38:36.984229+00:00,5.093637499958277,success,735232,324,data\derived\monte_carlo_baselines\returns\gaussian\gaussian_sim_087.parquet,
20260705T193434Z,rolling_baselines,read_baseline_returns,gaussian,88,2026-07-05T19:38:32.193467+00:00,2026-07-05T19:38:32.223817+00:00,0.03031810000538826,success,735232,735232,data\derived\monte_carlo_baselines\returns\gaussian\gaussian_sim_088.parquet,
20260705T193434Z,rolling_baselines,compute_rolling_metrics_w2048,gaussian,88,2026-07-05T19:38:32.223857+00:00,2026-07-05T19:38:33.774662+00:00,1.550782199949026,success,735232,162,,
20260705T193434Z,rolling_baselines,compute_rolling_metrics_w8192,gaussian,88,2026-07-05T19:38:33.774674+00:00,2026-07-05T19:38:37.253415+00:00,3.4787186000030488,success,735232,162,,
20260705T193434Z,rolling_baselines,compute_simulation_rolling_correlations,gaussian,88,2026-07-05T19:38:32.193457+00:00,2026-07-05T19:38:37.253562+00:00,5.060089400038123,success,735232,324,data\derived\monte_carlo_baselines\returns\gaussian\gaussian_sim_088.parquet,
20260705T193434Z,rolling_baselines,read_baseline_returns,gaussian,89,2026-07-05T19:38:32.992215+00:00,2026-07-05T19:38:33.031982+00:00,0.039734499994665384,success,735232,735232,data\derived\monte_carlo_baselines\returns\gaussian\gaussian_sim_089.parquet,
20260705T193434Z,rolling_baselines,compute_rolling_metrics_w2048,gaussian,89,2026-07-05T19:38:33.032017+00:00,2026-07-05T19:38:34.608658+00:00,1.57661799993366,success,735232,162,,
20260705T193434Z,rolling_baselines,compute_rolling_metrics_w8192,gaussian,89,2026-07-05T19:38:34.608670+00:00,2026-07-05T19:38:38.001531+00:00,3.3928378000855446,success,735232,162,,
20260705T193434Z,rolling_baselines,compute_simulation_rolling_correlations,gaussian,89,2026-07-05T19:38:32.992200+00:00,2026-07-05T19:38:38.001556+00:00,5.00934230000712,success,735232,324,data\derived\monte_carlo_baselines\returns\gaussian\gaussian_sim_089.parquet,
20260705T193434Z,rolling_baselines,read_baseline_returns,gaussian,90,2026-07-05T19:38:35.692716+00:00,2026-07-05T19:38:35.824159+00:00,0.13141300005372614,success,735232,735232,data\derived\monte_carlo_baselines\returns\gaussian\gaussian_sim_090.parquet,
20260705T193434Z,rolling_baselines,compute_rolling_metrics_w2048,gaussian,90,2026-07-05T19:38:35.824192+00:00,2026-07-05T19:38:37.178244+00:00,1.3540275000268593,success,735232,162,,
20260705T193434Z,rolling_baselines,compute_rolling_metrics_w8192,gaussian,90,2026-07-05T19:38:37.178258+00:00,2026-07-05T19:38:40.998143+00:00,3.81985889992211,success,735232,162,,
20260705T193434Z,rolling_baselines,compute_simulation_rolling_correlations,gaussian,90,2026-07-05T19:38:35.692702+00:00,2026-07-05T19:38:40.998174+00:00,5.305455400026403,success,735232,324,data\derived\monte_carlo_baselines\returns\gaussian\gaussian_sim_090.parquet,
20260705T193434Z,rolling_baselines,read_baseline_returns,gaussian,91,2026-07-05T19:38:36.985190+00:00,2026-07-05T19:38:37.018687+00:00,0.03347119991667569,success,735232,735232,data\derived\monte_carlo_baselines\returns\gaussian\gaussian_sim_091.parquet,
20260705T193434Z,rolling_baselines,compute_rolling_metrics_w2048,gaussian,91,2026-07-05T19:38:37.018716+00:00,2026-07-05T19:38:38.460444+00:00,1.4417015999788418,success,735232,162,,
20260705T193434Z,rolling_baselines,compute_rolling_metrics_w8192,gaussian,91,2026-07-05T19:38:38.460458+00:00,2026-07-05T19:38:41.939154+00:00,3.478674600017257,success,735232,162,,
20260705T193434Z,rolling_baselines,compute_simulation_rolling_correlations,gaussian,91,2026-07-05T19:38:36.985177+00:00,2026-07-05T19:38:41.939346+00:00,4.954152500024065,success,735232,324,data\derived\monte_carlo_baselines\returns\gaussian\gaussian_sim_091.parquet,
20260705T193434Z,rolling_baselines,read_baseline_returns,gaussian,92,2026-07-05T19:38:37.254495+00:00,2026-07-05T19:38:37.283818+00:00,0.029290799982845783,success,735232,735232,data\derived\monte_carlo_baselines\returns\gaussian\gaussian_sim_092.parquet,
20260705T193434Z,rolling_baselines,compute_rolling_metrics_w2048,gaussian,92,2026-07-05T19:38:37.283856+00:00,2026-07-05T19:38:39.087140+00:00,1.803230799967423,success,735232,162,,
20260705T193434Z,rolling_baselines,compute_rolling_metrics_w8192,gaussian,92,2026-07-05T19:38:39.087158+00:00,2026-07-05T19:38:42.188107+00:00,3.100927200051956,success,735232,162,,
20260705T193434Z,rolling_baselines,compute_simulation_rolling_correlations,gaussian,92,2026-07-05T19:38:37.254486+00:00,2026-07-05T19:38:42.188127+00:00,4.93363159999717,success,735232,324,data\derived\monte_carlo_baselines\returns\gaussian\gaussian_sim_092.parquet,
20260705T193434Z,rolling_baselines,read_baseline_returns,gaussian,93,2026-07-05T19:38:38.002985+00:00,2026-07-05T19:38:38.034602+00:00,0.031590100028552115,success,735232,735232,data\derived\monte_carlo_baselines\returns\gaussian\gaussian_sim_093.parquet,
20260705T193434Z,rolling_baselines,compute_rolling_metrics_w2048,gaussian,93,2026-07-05T19:38:38.034632+00:00,2026-07-05T19:38:39.655219+00:00,1.6205600999528542,success,735232,162,,
20260705T193434Z,rolling_baselines,compute_rolling_metrics_w8192,gaussian,93,2026-07-05T19:38:39.655233+00:00,2026-07-05T19:38:42.543744+00:00,2.888491199933924,success,735232,162,,
20260705T193434Z,rolling_baselines,compute_simulation_rolling_correlations,gaussian,93,2026-07-05T19:38:38.002975+00:00,2026-07-05T19:38:42.543764+00:00,4.54077820002567,success,735232,324,data\derived\monte_carlo_baselines\returns\gaussian\gaussian_sim_093.parquet,
20260705T193434Z,rolling_baselines,read_baseline_returns,gaussian,94,2026-07-05T19:38:40.999802+00:00,2026-07-05T19:38:41.036975+00:00,0.03714689996559173,success,735232,735232,data\derived\monte_carlo_baselines\returns\gaussian\gaussian_sim_094.parquet,
20260705T193434Z,rolling_baselines,compute_rolling_metrics_w2048,gaussian,94,2026-07-05T19:38:41.037001+00:00,2026-07-05T19:38:42.154512+00:00,1.1174901999766007,success,735232,162,,
20260705T193434Z,rolling_baselines,compute_rolling_metrics_w8192,gaussian,94,2026-07-05T19:38:42.154523+00:00,2026-07-05T19:38:44.937044+00:00,2.7825002999743447,success,735232,162,,
20260705T193434Z,rolling_baselines,compute_simulation_rolling_correlations,gaussian,94,2026-07-05T19:38:40.999788+00:00,2026-07-05T19:38:44.937065+00:00,3.937265199958347,success,735232,324,data\derived\monte_carlo_baselines\returns\gaussian\gaussian_sim_094.parquet,
20260705T193434Z,rolling_baselines,read_baseline_returns,gaussian,95,2026-07-05T19:38:41.940222+00:00,2026-07-05T19:38:41.976401+00:00,0.03615439997520298,success,735232,735232,data\derived\monte_carlo_baselines\returns\gaussian\gaussian_sim_095.parquet,
20260705T193434Z,rolling_baselines,compute_rolling_metrics_w2048,gaussian,95,2026-07-05T19:38:41.976429+00:00,2026-07-05T19:38:43.012929+00:00,1.036474399967119,success,735232,162,,
20260705T193434Z,rolling_baselines,compute_rolling_metrics_w8192,gaussian,95,2026-07-05T19:38:43.012941+00:00,2026-07-05T19:38:45.885699+00:00,2.872735599987209,success,735232,162,,
20260705T193434Z,rolling_baselines,compute_simulation_rolling_correlations,gaussian,95,2026-07-05T19:38:41.940213+00:00,2026-07-05T19:38:45.885864+00:00,3.945634299889207,success,735232,324,data\derived\monte_carlo_baselines\returns\gaussian\gaussian_sim_095.parquet,
20260705T193434Z,rolling_baselines,read_baseline_returns,gaussian,96,2026-07-05T19:38:42.188912+00:00,2026-07-05T19:38:42.223885+00:00,0.03495110000949353,success,735232,735232,data\derived\monte_carlo_baselines\returns\gaussian\gaussian_sim_096.parquet,
20260705T193434Z,rolling_baselines,compute_rolling_metrics_w2048,gaussian,96,2026-07-05T19:38:42.223910+00:00,2026-07-05T19:38:43.264203+00:00,1.0402709000045434,success,735232,162,,
20260705T193434Z,rolling_baselines,compute_rolling_metrics_w8192,gaussian,96,2026-07-05T19:38:43.264213+00:00,2026-07-05T19:38:46.365086+00:00,3.1008290000027046,success,735232,162,,
20260705T193434Z,rolling_baselines,compute_simulation_rolling_correlations,gaussian,96,2026-07-05T19:38:42.188903+00:00,2026-07-05T19:38:46.365112+00:00,4.1761974999681115,success,735232,324,data\derived\monte_carlo_baselines\returns\gaussian\gaussian_sim_096.parquet,
20260705T193434Z,rolling_baselines,read_baseline_returns,gaussian,97,2026-07-05T19:38:42.544698+00:00,2026-07-05T19:38:42.582303+00:00,0.0375791999977082,success,735232,735232,data\derived\monte_carlo_baselines\returns\gaussian\gaussian_sim_097.parquet,
20260705T193434Z,rolling_baselines,compute_rolling_metrics_w2048,gaussian,97,2026-07-05T19:38:42.582330+00:00,2026-07-05T19:38:43.685554+00:00,1.1032015000237152,success,735232,162,,
20260705T193434Z,rolling_baselines,compute_rolling_metrics_w8192,gaussian,97,2026-07-05T19:38:43.685565+00:00,2026-07-05T19:38:46.603060+00:00,2.917474400019273,success,735232,162,,
20260705T193434Z,rolling_baselines,compute_simulation_rolling_correlations,gaussian,97,2026-07-05T19:38:42.544686+00:00,2026-07-05T19:38:46.603080+00:00,4.058382299961522,success,735232,324,data\derived\monte_carlo_baselines\returns\gaussian\gaussian_sim_097.parquet,
20260705T193434Z,rolling_baselines,read_baseline_returns,gaussian,98,2026-07-05T19:38:44.938229+00:00,2026-07-05T19:38:44.966745+00:00,0.028493600082583725,success,735232,735232,data\derived\monte_carlo_baselines\returns\gaussian\gaussian_sim_098.parquet,
20260705T193434Z,rolling_baselines,compute_rolling_metrics_w2048,gaussian,98,2026-07-05T19:38:44.966771+00:00,2026-07-05T19:38:46.212807+00:00,1.2460124999051914,success,735232,162,,
20260705T193434Z,rolling_baselines,compute_rolling_metrics_w8192,gaussian,98,2026-07-05T19:38:46.212818+00:00,2026-07-05T19:38:48.811972+00:00,2.599134000018239,success,735232,162,,
20260705T193434Z,rolling_baselines,compute_simulation_rolling_correlations,gaussian,98,2026-07-05T19:38:44.938220+00:00,2026-07-05T19:38:48.812142+00:00,3.8739093999611214,success,735232,324,data\derived\monte_carlo_baselines\returns\gaussian\gaussian_sim_098.parquet,
20260705T193434Z,rolling_baselines,read_baseline_returns,gaussian,99,2026-07-05T19:38:45.886911+00:00,2026-07-05T19:38:46.025081+00:00,0.13814409996848553,success,735232,735232,data\derived\monte_carlo_baselines\returns\gaussian\gaussian_sim_099.parquet,
20260705T193434Z,rolling_baselines,compute_rolling_metrics_w2048,gaussian,99,2026-07-05T19:38:46.025108+00:00,2026-07-05T19:38:47.215497+00:00,1.190368099953048,success,735232,162,,
20260705T193434Z,rolling_baselines,compute_rolling_metrics_w8192,gaussian,99,2026-07-05T19:38:47.215506+00:00,2026-07-05T19:38:50.138678+00:00,2.923152200062759,success,735232,162,,
20260705T193434Z,rolling_baselines,compute_simulation_rolling_correlations,gaussian,99,2026-07-05T19:38:45.886900+00:00,2026-07-05T19:38:50.138855+00:00,4.251886999933049,success,735232,324,data\derived\monte_carlo_baselines\returns\gaussian\gaussian_sim_099.parquet,
20260705T193434Z,rolling_baselines,write_simulation_correlations,,,2026-07-05T19:38:50.640186+00:00,2026-07-05T19:38:50.934578+00:00,0.2943019000813365,success,64800,64800,results\rolling_window_diagnosis\rolling_baselines\rolling_correlation_simulations.csv,
20260705T193434Z,rolling_baselines,summarize_baseline_correlations,,,2026-07-05T19:38:50.934590+00:00,2026-07-05T19:38:51.348375+00:00,0.413691500085406,success,64800,648,results\rolling_window_diagnosis\rolling_baselines\rolling_correlation_summary.csv,
20260705T193434Z,rolling_baselines,compare_empirical_correlations,,,2026-07-05T19:38:51.348390+00:00,2026-07-05T19:38:51.686818+00:00,0.3383729999186471,success,648,648,results\rolling_window_diagnosis\rolling_baselines\rolling_correlation_empirical_comparison.csv,
20260705T193434Z,rolling_baselines,compute_rolling_baseline_correlations,,,2026-07-05T19:34:34.275854+00:00,2026-07-05T19:38:51.686858+00:00,257.4109685999574,success,200,64800,results\rolling_window_diagnosis\rolling_baselines\rolling_correlation_simulations.csv;results\rolling_window_diagnosis\rolling_baselines\rolling_correlation_summary.csv;results\rolling_window_diagnosis\rolling_baselines\rolling_correlation_empirical_comparison.csv,
20260705T193434Z,rolling_baselines,write_rolling_baseline_report,,,2026-07-05T19:38:51.689043+00:00,2026-07-05T19:38:51.691212+00:00,0.0021240999922156334,success,1,1,results\rolling_window_diagnosis\rolling_baselines\rolling_baseline_report.json,
