baseline_type,window_length,correlation_kind,component_i,component_j,metric,n_simulations,mean,median,std,p05,p95,min,max,quantile_method
gaussian,2048,detail_energy_share_percentile_correlation,D_01,D_01,correlation,100,1.0,1.0,1.242520249155451e-16,0.9999999999999998,1.0,0.9999999999999998,1.0,linear
gaussian,2048,detail_energy_share_percentile_correlation,D_01,D_02,correlation,100,-0.5646465062346464,-0.5650451088095424,0.029883336366453593,-0.6194077756323071,-0.5205536619562176,-0.6315740723921041,-0.48958499229179125,linear
gaussian,2048,detail_energy_share_percentile_correlation,D_01,D_03,correlation,100,-0.35830562584064496,-0.3582636313789475,0.03331714207795308,-0.40952384851302487,-0.30543865177052915,-0.42606242576774683,-0.2341633992118815,linear
gaussian,2048,detail_energy_share_percentile_correlation,D_01,D_04,correlation,100,-0.25084010727907274,-0.24669159063295099,0.03489648214329684,-0.3126214064289224,-0.19737481071088464,-0.34565987218978406,-0.17668170309102701,linear
gaussian,2048,detail_energy_share_percentile_correlation,D_01,D_05,correlation,100,-0.1656070965156402,-0.1693768748301731,0.03990926057724398,-0.2261106196840016,-0.10345407483370049,-0.25504598940644624,-0.05893476663090453,linear
gaussian,2048,detail_energy_share_percentile_correlation,D_01,D_06,correlation,100,-0.12457387632236708,-0.127698814692354,0.034793592380516616,-0.18191184250104364,-0.07240112432172494,-0.20993304800452145,-0.049386626891455315,linear
gaussian,2048,detail_energy_share_percentile_correlation,D_01,D_07,correlation,100,-0.08821797384281266,-0.0893335509094633,0.0284591661083282,-0.12743077308677067,-0.03996004471737356,-0.14640090312817275,-0.027622435640073856,linear
gaussian,2048,detail_energy_share_percentile_correlation,D_01,D_08,correlation,100,-0.05970246406421424,-0.05994458185528688,0.023972005098926635,-0.10493276025585416,-0.02291618843754323,-0.11280361413126029,0.012613698556568376,linear
gaussian,2048,detail_energy_share_percentile_correlation,D_01,D_09,correlation,100,-0.038087658192895134,-0.04137831944318644,0.02809280413595728,-0.08149935420924416,0.008177138977614656,-0.10155148166314229,0.03381256779110562,linear
gaussian,2048,detail_energy_share_percentile_correlation,D_02,D_01,correlation,100,-0.5646465062346464,-0.5650451088095424,0.029883336366453593,-0.6194077756323071,-0.5205536619562176,-0.6315740723921041,-0.48958499229179125,linear
gaussian,2048,detail_energy_share_percentile_correlation,D_02,D_02,correlation,100,1.0,1.0,1.4802973661668753e-16,0.9999999999999998,1.0,0.9999999999999998,1.0,linear
gaussian,2048,detail_energy_share_percentile_correlation,D_02,D_03,correlation,100,-0.21471387671679334,-0.21248167973338644,0.035635081092888286,-0.27533118250134425,-0.15888694289146296,-0.2987310713679536,-0.12480096611276496,linear
gaussian,2048,detail_energy_share_percentile_correlation,D_02,D_04,correlation,100,-0.1338195415121675,-0.14009594963361627,0.040499827547823886,-0.1894102159744117,-0.06458879033970419,-0.22046088820116172,-0.027906456726533243,linear
gaussian,2048,detail_energy_share_percentile_correlation,D_02,D_05,correlation,100,-0.10123067083296995,-0.10122288957239017,0.04398100804407642,-0.17750657118831586,-0.03510216404685048,-0.23691812330033762,0.005943161829837833,linear
gaussian,2048,detail_energy_share_percentile_correlation,D_02,D_06,correlation,100,-0.061465905553036285,-0.05961660999793001,0.03520968644012853,-0.11317778443298628,-0.005592043705629673,-0.16974151389697356,0.027261086791460363,linear
gaussian,2048,detail_energy_share_percentile_correlation,D_02,D_07,correlation,100,-0.04550132944537885,-0.04435257925011757,0.02776978091272068,-0.08764929934449235,-0.006513908925666265,-0.13236425137366561,0.018044361822763654,linear
gaussian,2048,detail_energy_share_percentile_correlation,D_02,D_08,correlation,100,-0.028603173552139895,-0.029719090641935432,0.025478633446523385,-0.06820004227730408,0.01420855111237524,-0.0921625593991406,0.04392869444235049,linear
gaussian,2048,detail_energy_share_percentile_correlation,D_02,D_09,correlation,100,-0.025715233735473065,-0.024895142155176502,0.029100291230489007,-0.07587622317701205,0.0210531760100783,-0.10947411837390297,0.039261527578900605,linear
gaussian,2048,detail_energy_share_percentile_correlation,D_03,D_01,correlation,100,-0.35830562584064496,-0.35826363137894757,0.033317142077953076,-0.4095238485130248,-0.30543865177052915,-0.42606242576774683,-0.2341633992118815,linear
gaussian,2048,detail_energy_share_percentile_correlation,D_03,D_02,correlation,100,-0.21471387671679334,-0.21248167973338644,0.035635081092888286,-0.27533118250134425,-0.15888694289146296,-0.2987310713679536,-0.12480096611276496,linear
gaussian,2048,detail_energy_share_percentile_correlation,D_03,D_03,correlation,100,1.0,1.0,1.2819751242557092e-16,0.9999999999999998,1.0,0.9999999999999998,1.0,linear
gaussian,2048,detail_energy_share_percentile_correlation,D_03,D_04,correlation,100,-0.09459551962845734,-0.09514814373715519,0.04153289228166115,-0.16802954887874794,-0.01930939523639267,-0.19251500375394803,-0.009162084442511795,linear
gaussian,2048,detail_energy_share_percentile_correlation,D_03,D_05,correlation,100,-0.06397806382086388,-0.06978916189150122,0.042963352703061806,-0.12611850810026176,0.003514002722333798,-0.15398019302830285,0.0541210269095257,linear
gaussian,2048,detail_energy_share_percentile_correlation,D_03,D_06,correlation,100,-0.04391829568777478,-0.04395301697129261,0.039265061768182515,-0.10276659621364269,0.013786118072482633,-0.1511603553401467,0.0526753130364936,linear
gaussian,2048,detail_energy_share_percentile_correlation,D_03,D_07,correlation,100,-0.02708936039363646,-0.027643223274935097,0.029976938045318577,-0.07079672438892755,0.019550073860581108,-0.1063304694092664,0.057002013938916636,linear
gaussian,2048,detail_energy_share_percentile_correlation,D_03,D_08,correlation,100,-0.021179132157254105,-0.020000441252797076,0.02747277920060706,-0.06464070467471819,0.02043397919716469,-0.10361554932611211,0.041108491012813546,linear
gaussian,2048,detail_energy_share_percentile_correlation,D_03,D_09,correlation,100,-0.016158596602186586,-0.017478706421380486,0.028428708521492648,-0.062129981349207344,0.0273883236006225,-0.08325251475875084,0.05566046510164364,linear
gaussian,2048,detail_energy_share_percentile_correlation,D_04,D_01,correlation,100,-0.2508401072790727,-0.24669159063295099,0.034896482143296846,-0.31262140642892244,-0.19737481071088464,-0.3456598721897841,-0.17668170309102701,linear
gaussian,2048,detail_energy_share_percentile_correlation,D_04,D_02,correlation,100,-0.1338195415121675,-0.14009594963361627,0.040499827547823886,-0.1894102159744117,-0.06458879033970419,-0.22046088820116172,-0.027906456726533243,linear
gaussian,2048,detail_energy_share_percentile_correlation,D_04,D_03,correlation,100,-0.09459551962845734,-0.09514814373715519,0.04153289228166115,-0.16802954887874794,-0.01930939523639267,-0.192515003753948,-0.009162084442511795,linear
gaussian,2048,detail_energy_share_percentile_correlation,D_04,D_04,correlation,100,1.0,1.0,1.3936538910926895e-16,0.9999999999999998,1.0,0.9999999999999998,1.0,linear
gaussian,2048,detail_energy_share_percentile_correlation,D_04,D_05,correlation,100,-0.04967810036937098,-0.04458218776252498,0.04391710651727721,-0.12724236872201672,0.02229155113070047,-0.17096053719032414,0.04636775245302897,linear
gaussian,2048,detail_energy_share_percentile_correlation,D_04,D_06,correlation,100,-0.032709203396313,-0.03420675338078508,0.037125540737630205,-0.09245176481513855,0.029201816608353536,-0.10527030075846272,0.06160607259974043,linear
gaussian,2048,detail_energy_share_percentile_correlation,D_04,D_07,correlation,100,-0.019998337767229542,-0.017452714061263495,0.02841184082557355,-0.06747894377153994,0.021135411687087304,-0.09677023620928997,0.062318126713802616,linear
gaussian,2048,detail_energy_share_percentile_correlation,D_04,D_08,correlation,100,-0.019411818746940833,-0.02020365458058459,0.029695844135812006,-0.06571081967327903,0.02872635801224378,-0.08433324200160273,0.0514892108301338,linear
gaussian,2048,detail_energy_share_percentile_correlation,D_04,D_09,correlation,100,-0.008683796971338887,-0.008291313838710596,0.028692703262843004,-0.051957711251008155,0.03178413162779256,-0.06955815839929451,0.07858855885740341,linear
gaussian,2048,detail_energy_share_percentile_correlation,D_05,D_01,correlation,100,-0.1656070965156402,-0.1693768748301731,0.03990926057724398,-0.2261106196840016,-0.10345407483370048,-0.25504598940644624,-0.05893476663090453,linear
gaussian,2048,detail_energy_share_percentile_correlation,D_05,D_02,correlation,100,-0.10123067083296995,-0.10122288957239017,0.04398100804407642,-0.17750657118831586,-0.03510216404685048,-0.23691812330033762,0.005943161829837833,linear
gaussian,2048,detail_energy_share_percentile_correlation,D_05,D_03,correlation,100,-0.06397806382086388,-0.06978916189150122,0.042963352703061806,-0.12611850810026176,0.003514002722333798,-0.15398019302830285,0.0541210269095257,linear
gaussian,2048,detail_energy_share_percentile_correlation,D_05,D_04,correlation,100,-0.04967810036937098,-0.04458218776252498,0.04391710651727722,-0.12724236872201672,0.02229155113070047,-0.17096053719032414,0.04636775245302897,linear
gaussian,2048,detail_energy_share_percentile_correlation,D_05,D_05,correlation,100,1.0,1.0,1.4633791263565398e-16,0.9999999999999998,1.0,0.9999999999999998,1.0,linear
gaussian,2048,detail_energy_share_percentile_correlation,D_05,D_06,correlation,100,-0.018016345138638003,-0.018176023993565278,0.03751943151948115,-0.07675760744298835,0.044280581496002336,-0.11178540248820079,0.09815785973510108,linear
gaussian,2048,detail_energy_share_percentile_correlation,D_05,D_07,correlation,100,-0.015170631924013089,-0.014804824993358253,0.028067518238854578,-0.05960721884268036,0.025773169489702052,-0.08944378703400736,0.05741084663470842,linear
gaussian,2048,detail_energy_share_percentile_correlation,D_05,D_08,correlation,100,-0.011943523655677152,-0.012781370256736257,0.02777072331936595,-0.055709203376317185,0.032476674820718046,-0.08162821729509083,0.055607443508230776,linear
gaussian,2048,detail_energy_share_percentile_correlation,D_05,D_09,correlation,100,-0.01032149850031582,-0.008141970289864207,0.025212795608199414,-0.05735243308262905,0.026989871670456654,-0.07263011187361708,0.04649492574825553,linear
gaussian,2048,detail_energy_share_percentile_correlation,D_06,D_01,correlation,100,-0.12457387632236706,-0.127698814692354,0.03479359238051661,-0.1819118425010436,-0.07240112432172494,-0.20993304800452142,-0.049386626891455315,linear
gaussian,2048,detail_energy_share_percentile_correlation,D_06,D_02,correlation,100,-0.061465905553036285,-0.05961660999793001,0.03520968644012853,-0.11317778443298628,-0.005592043705629674,-0.16974151389697356,0.027261086791460363,linear
gaussian,2048,detail_energy_share_percentile_correlation,D_06,D_03,correlation,100,-0.04391829568777478,-0.04395301697129262,0.03926506176818252,-0.1027665962136427,0.013786118072482634,-0.1511603553401467,0.0526753130364936,linear
gaussian,2048,detail_energy_share_percentile_correlation,D_06,D_04,correlation,100,-0.032709203396313,-0.034206753380785083,0.037125540737630205,-0.09245176481513855,0.02920181660835354,-0.10527030075846272,0.06160607259974043,linear
gaussian,2048,detail_energy_share_percentile_correlation,D_06,D_05,correlation,100,-0.018016345138638003,-0.018176023993565278,0.03751943151948115,-0.07675760744298835,0.044280581496002336,-0.11178540248820079,0.09815785973510108,linear
gaussian,2048,detail_energy_share_percentile_correlation,D_06,D_06,correlation,100,1.0,1.0,1.4114081595988996e-16,0.9999999999999998,1.0,0.9999999999999998,1.0,linear
gaussian,2048,detail_energy_share_percentile_correlation,D_06,D_07,correlation,100,-0.01750393905739353,-0.019996476994331804,0.032446680222571106,-0.07013675544673309,0.03808707325390667,-0.11404050349114603,0.06892663791964863,linear
gaussian,2048,detail_energy_share_percentile_correlation,D_06,D_08,correlation,100,-0.010112867364744442,-0.011410406505311797,0.02646854423546538,-0.050359631045693874,0.03588691496823558,-0.05958253897059395,0.07294319667524798,linear
gaussian,2048,detail_energy_share_percentile_correlation,D_06,D_09,correlation,100,-0.005229607616231964,-0.004278363052756284,0.02829730252914976,-0.05177161316560124,0.039543897448458154,-0.08115707695583843,0.05720718103825518,linear
gaussian,2048,detail_energy_share_percentile_correlation,D_07,D_01,correlation,100,-0.08821797384281266,-0.0893335509094633,0.028459166108328205,-0.12743077308677067,-0.03996004471737356,-0.14640090312817275,-0.027622435640073856,linear
gaussian,2048,detail_energy_share_percentile_correlation,D_07,D_02,correlation,100,-0.04550132944537885,-0.04435257925011756,0.02776978091272068,-0.08764929934449235,-0.006513908925666265,-0.13236425137366561,0.018044361822763654,linear
gaussian,2048,detail_energy_share_percentile_correlation,D_07,D_03,correlation,100,-0.027089360393636457,-0.027643223274935097,0.029976938045318577,-0.07079672438892755,0.019550073860581108,-0.1063304694092664,0.057002013938916636,linear
gaussian,2048,detail_energy_share_percentile_correlation,D_07,D_04,correlation,100,-0.019998337767229542,-0.017452714061263495,0.028411840825573555,-0.06747894377153994,0.021135411687087304,-0.09677023620928997,0.062318126713802616,linear
gaussian,2048,detail_energy_share_percentile_correlation,D_07,D_05,correlation,100,-0.015170631924013089,-0.014804824993358253,0.028067518238854585,-0.05960721884268036,0.02577316948970205,-0.08944378703400736,0.05741084663470842,linear
gaussian,2048,detail_energy_share_percentile_correlation,D_07,D_06,correlation,100,-0.01750393905739353,-0.019996476994331804,0.032446680222571106,-0.07013675544673309,0.03808707325390667,-0.11404050349114603,0.06892663791964863,linear
gaussian,2048,detail_energy_share_percentile_correlation,D_07,D_07,correlation,100,1.0,1.0,1.4802973661668753e-16,0.9999999999999998,1.0,0.9999999999999998,1.0,linear
gaussian,2048,detail_energy_share_percentile_correlation,D_07,D_08,correlation,100,-0.0042367541028334585,-0.004634631513641085,0.02453384793218052,-0.04324074635723812,0.0387307980435301,-0.05170460559997351,0.06335972253739086,linear
gaussian,2048,detail_energy_share_percentile_correlation,D_07,D_09,correlation,100,-0.0004041331953543061,0.0018024982255862288,0.021801181315372935,-0.038242599868024425,0.03054725342919943,-0.056117961760440704,0.0540244210137161,linear
gaussian,2048,detail_energy_share_percentile_correlation,D_08,D_01,correlation,100,-0.05970246406421424,-0.05994458185528688,0.023972005098926635,-0.10493276025585416,-0.02291618843754323,-0.11280361413126029,0.012613698556568376,linear
gaussian,2048,detail_energy_share_percentile_correlation,D_08,D_02,correlation,100,-0.028603173552139892,-0.029719090641935432,0.025478633446523385,-0.06820004227730408,0.01420855111237524,-0.0921625593991406,0.04392869444235049,linear
gaussian,2048,detail_energy_share_percentile_correlation,D_08,D_03,correlation,100,-0.021179132157254105,-0.020000441252797076,0.02747277920060706,-0.06464070467471819,0.02043397919716469,-0.10361554932611211,0.041108491012813546,linear
gaussian,2048,detail_energy_share_percentile_correlation,D_08,D_04,correlation,100,-0.019411818746940833,-0.02020365458058459,0.029695844135812006,-0.06571081967327903,0.02872635801224378,-0.08433324200160273,0.0514892108301338,linear
gaussian,2048,detail_energy_share_percentile_correlation,D_08,D_05,correlation,100,-0.011943523655677152,-0.012781370256736257,0.027770723319365954,-0.0557092033763172,0.032476674820718046,-0.08162821729509083,0.055607443508230776,linear
gaussian,2048,detail_energy_share_percentile_correlation,D_08,D_06,correlation,100,-0.010112867364744442,-0.011410406505311797,0.02646854423546538,-0.050359631045693874,0.03588691496823558,-0.05958253897059395,0.07294319667524798,linear
gaussian,2048,detail_energy_share_percentile_correlation,D_08,D_07,correlation,100,-0.0042367541028334585,-0.004634631513641085,0.02453384793218052,-0.043240746357238125,0.0387307980435301,-0.05170460559997351,0.06335972253739086,linear
gaussian,2048,detail_energy_share_percentile_correlation,D_08,D_08,correlation,100,1.0,1.0,1.4114081595988996e-16,0.9999999999999998,1.0,0.9999999999999998,1.0,linear
gaussian,2048,detail_energy_share_percentile_correlation,D_08,D_09,correlation,100,-0.0012088154005144526,-0.0009401909355059716,0.022101664971259486,-0.031892707082874346,0.02927422307664399,-0.0779810493357619,0.06175566373296091,linear
gaussian,2048,detail_energy_share_percentile_correlation,D_09,D_01,correlation,100,-0.038087658192895134,-0.04137831944318644,0.02809280413595728,-0.08149935420924416,0.008177138977614656,-0.10155148166314229,0.03381256779110562,linear
gaussian,2048,detail_energy_share_percentile_correlation,D_09,D_02,correlation,100,-0.025715233735473065,-0.024895142155176502,0.029100291230489007,-0.07587622317701205,0.0210531760100783,-0.10947411837390297,0.03926152757890061,linear
gaussian,2048,detail_energy_share_percentile_correlation,D_09,D_03,correlation,100,-0.016158596602186586,-0.017478706421380486,0.028428708521492648,-0.062129981349207344,0.027388323600622502,-0.08325251475875084,0.05566046510164364,linear
gaussian,2048,detail_energy_share_percentile_correlation,D_09,D_04,correlation,100,-0.008683796971338887,-0.008291313838710596,0.028692703262843004,-0.051957711251008155,0.03178413162779256,-0.06955815839929451,0.07858855885740341,linear
gaussian,2048,detail_energy_share_percentile_correlation,D_09,D_05,correlation,100,-0.01032149850031582,-0.008141970289864207,0.025212795608199414,-0.05735243308262905,0.026989871670456654,-0.07263011187361708,0.046494925748255526,linear
gaussian,2048,detail_energy_share_percentile_correlation,D_09,D_06,correlation,100,-0.005229607616231964,-0.004278363052756284,0.02829730252914976,-0.05177161316560124,0.039543897448458154,-0.08115707695583843,0.05720718103825517,linear
gaussian,2048,detail_energy_share_percentile_correlation,D_09,D_07,correlation,100,-0.00040413319535430607,0.0018024982255862288,0.021801181315372932,-0.038242599868024425,0.03054725342919943,-0.05611796176044071,0.0540244210137161,linear
gaussian,2048,detail_energy_share_percentile_correlation,D_09,D_08,correlation,100,-0.0012088154005144521,-0.0009401909355059716,0.022101664971259486,-0.031892707082874346,0.02927422307664399,-0.0779810493357619,0.06175566373296091,linear
gaussian,2048,detail_energy_share_percentile_correlation,D_09,D_09,correlation,100,1.0,1.0,1.4289418524932748e-16,0.9999999999999998,1.0,0.9999999999999998,1.0,linear
gaussian,2048,rms_volatility_correlation,D_01,D_01,correlation,100,1.0,1.0,1.0226623691696763e-16,0.9999999999999998,1.0,0.9999999999999998,1.0,linear
gaussian,2048,rms_volatility_correlation,D_01,D_02,correlation,100,-0.0052831330085438485,-0.0024411650778942934,0.04600136100507184,-0.0716874880121521,0.07178302646576244,-0.15773867484619217,0.12975527447812465,linear
gaussian,2048,rms_volatility_correlation,D_01,D_03,correlation,100,0.0035850919285352455,0.0033464233124922763,0.04588520454142215,-0.06840944173689431,0.0794057975817657,-0.09644003615315888,0.09803054965291558,linear
gaussian,2048,rms_volatility_correlation,D_01,D_04,correlation,100,-0.00480934336757145,-0.0028689819850344664,0.039680404039847336,-0.06589449076573621,0.05643346122776517,-0.09712862192481542,0.11164783964786928,linear
gaussian,2048,rms_volatility_correlation,D_01,D_05,correlation,100,0.0069296612455389695,0.007493608331025299,0.04438396625847884,-0.07298273818620683,0.07577152477037742,-0.08986529535825809,0.10837410388039392,linear
gaussian,2048,rms_volatility_correlation,D_01,D_06,correlation,100,-0.003589893933764166,-0.002639328217384277,0.043152699695180555,-0.07740197736316407,0.056958392222700535,-0.11859348497419969,0.12046047825568608,linear
gaussian,2048,rms_volatility_correlation,D_01,D_07,correlation,100,-0.0017203680456617243,-6.622815563993732e-06,0.029996347496020457,-0.047269100073317916,0.04538111543798622,-0.08045124194796417,0.062136014454435645,linear
gaussian,2048,rms_volatility_correlation,D_01,D_08,correlation,100,-0.0014146862566947029,0.00026546041779075167,0.02482599933453474,-0.038177139022684124,0.03416829895429045,-0.10236867618258301,0.04148833852719829,linear
gaussian,2048,rms_volatility_correlation,D_01,D_09,correlation,100,0.0011570779184664447,-0.0022104259069224514,0.02967294903816482,-0.04237390359900619,0.04771805468658605,-0.05813579150401188,0.06271151111704612,linear
gaussian,2048,rms_volatility_correlation,D_02,D_01,correlation,100,-0.0052831330085438485,-0.002441165077894293,0.04600136100507185,-0.0716874880121521,0.07178302646576244,-0.1577386748461922,0.12975527447812463,linear
gaussian,2048,rms_volatility_correlation,D_02,D_02,correlation,100,1.0,1.0,1.1158161231197418e-16,0.9999999999999998,1.0,0.9999999999999998,1.0,linear
gaussian,2048,rms_volatility_correlation,D_02,D_03,correlation,100,-0.006199943499376932,-0.003893721050668113,0.037796848924695495,-0.06358186157042676,0.06382295906442735,-0.08761415050328356,0.0819550787999675,linear
gaussian,2048,rms_volatility_correlation,D_02,D_04,correlation,100,0.007611346048158044,0.005165357192473001,0.04665891820992473,-0.07165703761236239,0.09218080280368884,-0.11770338816902559,0.12064322808903231,linear
gaussian,2048,rms_volatility_correlation,D_02,D_05,correlation,100,-0.002779062053991687,0.0009612889882556484,0.043136942079567024,-0.07201622822078843,0.054144310146580395,-0.1289563536200494,0.09674035503646126,linear
gaussian,2048,rms_volatility_correlation,D_02,D_06,correlation,100,0.007178942312356166,0.008884902277530473,0.03270899113140705,-0.04110870463504589,0.04949835095064741,-0.09647843126462058,0.08030831753144331,linear
gaussian,2048,rms_volatility_correlation,D_02,D_07,correlation,100,0.00280168716467116,0.0037347692015839984,0.028032198585707768,-0.044791743382953296,0.04694816179587924,-0.05746109309579567,0.07001843564023669,linear
gaussian,2048,rms_volatility_correlation,D_02,D_08,correlation,100,0.004468938392925716,0.006536948233310903,0.024778607130935784,-0.041735367309659335,0.04080977654652109,-0.05587889238103218,0.09116051392268261,linear
gaussian,2048,rms_volatility_correlation,D_02,D_09,correlation,100,-0.0023774742823127614,0.0004532696247521856,0.03300303315464811,-0.05750921454354718,0.051360848577407546,-0.09572450312955735,0.06750202176362627,linear
gaussian,2048,rms_volatility_correlation,D_03,D_01,correlation,100,0.0035850919285352455,0.0033464233124922763,0.045885204541422156,-0.06840944173689431,0.0794057975817657,-0.09644003615315888,0.09803054965291559,linear
gaussian,2048,rms_volatility_correlation,D_03,D_02,correlation,100,-0.006199943499376932,-0.0038937210506681122,0.03779684892469549,-0.06358186157042678,0.06382295906442736,-0.08761415050328356,0.0819550787999675,linear
gaussian,2048,rms_volatility_correlation,D_03,D_03,correlation,100,1.0,1.0,1.2223153213212885e-16,0.9999999999999998,1.0,0.9999999999999998,1.0,linear
gaussian,2048,rms_volatility_correlation,D_03,D_04,correlation,100,-0.0021227840299135213,-0.00039622464108385986,0.042764887078462335,-0.07243815043999369,0.06213350006124652,-0.11802012573653964,0.08893126685069175,linear
gaussian,2048,rms_volatility_correlation,D_03,D_05,correlation,100,-0.00016522025254394042,-0.003804175851872464,0.043598245912741966,-0.06460788308632384,0.07244651739272351,-0.11556786030361625,0.10868608575706015,linear
gaussian,2048,rms_volatility_correlation,D_03,D_06,correlation,100,-0.0004283736270117442,-0.0011365712879547797,0.038422974609542235,-0.057635530869506686,0.06519387593861904,-0.09738543687467296,0.0960900388379639,linear
gaussian,2048,rms_volatility_correlation,D_03,D_07,correlation,100,0.004311615097990983,0.0037776875024976356,0.028483018745282637,-0.03602048735558156,0.05584512073966146,-0.06959505108773584,0.07790116087043772,linear
gaussian,2048,rms_volatility_correlation,D_03,D_08,correlation,100,0.0018907528450118644,0.004376237402214735,0.029403481289716447,-0.046105131606785324,0.04306489529133965,-0.08080395331347395,0.07411424217945602,linear
gaussian,2048,rms_volatility_correlation,D_03,D_09,correlation,100,-0.0010245751180926056,-0.002375336698143762,0.028629593466448746,-0.04739413845211327,0.04268744931498881,-0.07047189480378398,0.06383420506580631,linear
gaussian,2048,rms_volatility_correlation,D_04,D_01,correlation,100,-0.00480934336757145,-0.002868981985034467,0.039680404039847336,-0.06589449076573621,0.05643346122776517,-0.09712862192481542,0.11164783964786927,linear
gaussian,2048,rms_volatility_correlation,D_04,D_02,correlation,100,0.007611346048158044,0.005165357192473001,0.04665891820992473,-0.07165703761236239,0.09218080280368884,-0.1177033881690256,0.1206432280890323,linear
gaussian,2048,rms_volatility_correlation,D_04,D_03,correlation,100,-0.0021227840299135213,-0.00039622464108385986,0.04276488707846233,-0.07243815043999369,0.06213350006124652,-0.11802012573653962,0.08893126685069173,linear
gaussian,2048,rms_volatility_correlation,D_04,D_04,correlation,100,1.0,1.0,1.0226623691696763e-16,0.9999999999999998,1.0,0.9999999999999998,1.0,linear
gaussian,2048,rms_volatility_correlation,D_04,D_05,correlation,100,-0.00540825198574665,0.0011295674120855434,0.045913404847597816,-0.08681067529754503,0.05987958566914159,-0.15043906876198815,0.10684799808084106,linear
gaussian,2048,rms_volatility_correlation,D_04,D_06,correlation,100,-0.003350557506192432,-0.004384985882208653,0.04010824649966929,-0.07140502969487193,0.06232348959283359,-0.09151096659631591,0.07877932084931066,linear
gaussian,2048,rms_volatility_correlation,D_04,D_07,correlation,100,0.0010235405687971004,-0.0022816283198419246,0.028036644561462303,-0.04753531966484325,0.042086679872773536,-0.06465327624035226,0.0662094683402314,linear
gaussian,2048,rms_volatility_correlation,D_04,D_08,correlation,100,-0.0051997688306804225,-0.006304778164158038,0.0307492827840264,-0.055636171597229445,0.039961075140068344,-0.06414156647866442,0.0693647675014058,linear
gaussian,2048,rms_volatility_correlation,D_04,D_09,correlation,100,0.003278136937690728,-2.2518444104742148e-05,0.029491772288990085,-0.048704593705838344,0.050214227327329525,-0.0604488119282614,0.07978937948576255,linear
gaussian,2048,rms_volatility_correlation,D_05,D_01,correlation,100,0.0069296612455389695,0.0074936083310253,0.04438396625847884,-0.07298273818620683,0.07577152477037742,-0.08986529535825809,0.10837410388039392,linear
gaussian,2048,rms_volatility_correlation,D_05,D_02,correlation,100,-0.0027790620539916867,0.0009612889882556484,0.043136942079567024,-0.07201622822078842,0.054144310146580395,-0.1289563536200494,0.09674035503646128,linear
gaussian,2048,rms_volatility_correlation,D_05,D_03,correlation,100,-0.00016522025254393918,-0.003804175851872464,0.043598245912741966,-0.06460788308632384,0.07244651739272352,-0.11556786030361625,0.10868608575706017,linear
gaussian,2048,rms_volatility_correlation,D_05,D_04,correlation,100,-0.005408251985746649,0.0011295674120855434,0.045913404847597816,-0.08681067529754503,0.05987958566914159,-0.15043906876198815,0.10684799808084106,linear
gaussian,2048,rms_volatility_correlation,D_05,D_05,correlation,100,1.0,1.0,1.242520249155451e-16,0.9999999999999998,1.0,0.9999999999999998,1.0,linear
gaussian,2048,rms_volatility_correlation,D_05,D_06,correlation,100,0.0036183028429852392,0.0031074857553908355,0.037279481116896294,-0.05225991002327699,0.06322789328637099,-0.09823587441626336,0.11231195487380072,linear
gaussian,2048,rms_volatility_correlation,D_05,D_07,correlation,100,0.0005742311426712081,-0.0011757819746401328,0.028329477771426383,-0.04451001513362827,0.04185247201866815,-0.07552079995071188,0.07162109358473472,linear
gaussian,2048,rms_volatility_correlation,D_05,D_08,correlation,100,-0.0005292308596034489,-0.0024440750515768413,0.025917920617098435,-0.044533286892932754,0.04194836659169935,-0.0661308316506819,0.0672277049694568,linear
gaussian,2048,rms_volatility_correlation,D_05,D_09,correlation,100,-0.0013565376118216059,-0.003377037177394418,0.02466463099075619,-0.04219003609959994,0.04080694049579303,-0.060174285287314506,0.06050481201417529,linear
gaussian,2048,rms_volatility_correlation,D_06,D_01,correlation,100,-0.0035898939337641665,-0.002639328217384277,0.043152699695180555,-0.07740197736316405,0.056958392222700535,-0.11859348497419969,0.12046047825568607,linear
gaussian,2048,rms_volatility_correlation,D_06,D_02,correlation,100,0.007178942312356166,0.008884902277530471,0.03270899113140705,-0.04110870463504588,0.04949835095064741,-0.09647843126462058,0.08030831753144331,linear
gaussian,2048,rms_volatility_correlation,D_06,D_03,correlation,100,-0.00042837362701174457,-0.0011365712879547797,0.03842297460954223,-0.057635530869506686,0.06519387593861903,-0.09738543687467296,0.0960900388379639,linear
gaussian,2048,rms_volatility_correlation,D_06,D_04,correlation,100,-0.003350557506192432,-0.004384985882208652,0.04010824649966929,-0.07140502969487193,0.062323489592833584,-0.0915109665963159,0.07877932084931066,linear
gaussian,2048,rms_volatility_correlation,D_06,D_05,correlation,100,0.0036183028429852392,0.0031074857553908355,0.037279481116896294,-0.052259910023276984,0.06322789328637099,-0.09823587441626336,0.11231195487380073,linear
gaussian,2048,rms_volatility_correlation,D_06,D_06,correlation,100,1.0,1.0,1.0467283057891834e-16,0.9999999999999998,1.0,0.9999999999999998,1.0,linear
gaussian,2048,rms_volatility_correlation,D_06,D_07,correlation,100,-0.007481820194612896,-0.00932140239322106,0.03319523977566777,-0.06345145036732525,0.05329411525102432,-0.10326025156861474,0.07021504123083305,linear
gaussian,2048,rms_volatility_correlation,D_06,D_08,correlation,100,-0.0014904266572116772,-0.0022427342543656567,0.02728191682516542,-0.0432625329375259,0.04241503852606342,-0.0543398952253529,0.07710747649882768,linear
gaussian,2048,rms_volatility_correlation,D_06,D_09,correlation,100,-0.0006041487860234577,-0.0015295642503912973,0.02965212953568864,-0.046874276698499015,0.05093123994425626,-0.06240803993571379,0.06896201268914176,linear
gaussian,2048,rms_volatility_correlation,D_07,D_01,correlation,100,-0.0017203680456617232,-6.622815563993732e-06,0.029996347496020457,-0.04726910007331791,0.04538111543798623,-0.08045124194796417,0.062136014454435645,linear
gaussian,2048,rms_volatility_correlation,D_07,D_02,correlation,100,0.002801687164671161,0.0037347692015839984,0.028032198585707768,-0.044791743382953296,0.04694816179587924,-0.057461093095795654,0.07001843564023669,linear
gaussian,2048,rms_volatility_correlation,D_07,D_03,correlation,100,0.004311615097990983,0.003777687502497635,0.02848301874528264,-0.03602048735558156,0.055845120739661455,-0.06959505108773585,0.07790116087043773,linear
gaussian,2048,rms_volatility_correlation,D_07,D_04,correlation,100,0.0010235405687970998,-0.0022816283198419246,0.028036644561462303,-0.04753531966484325,0.042086679872773536,-0.06465327624035225,0.06620946834023139,linear
gaussian,2048,rms_volatility_correlation,D_07,D_05,correlation,100,0.0005742311426712085,-0.001175781974640133,0.028329477771426383,-0.044510015133628275,0.04185247201866815,-0.07552079995071187,0.07162109358473472,linear
gaussian,2048,rms_volatility_correlation,D_07,D_06,correlation,100,-0.007481820194612897,-0.00932140239322106,0.03319523977566777,-0.06345145036732526,0.05329411525102433,-0.10326025156861474,0.07021504123083305,linear
gaussian,2048,rms_volatility_correlation,D_07,D_07,correlation,100,1.0,1.0,1.1595901302887535e-16,0.9999999999999998,1.0,0.9999999999999998,1.0,linear
gaussian,2048,rms_volatility_correlation,D_07,D_08,correlation,100,-3.115386599897067e-05,3.989533045545111e-05,0.025260782874234493,-0.04022732905706409,0.04555663585981181,-0.0564870995158269,0.07108039296011784,linear
gaussian,2048,rms_volatility_correlation,D_07,D_09,correlation,100,0.0031740999740005387,0.004316861325126827,0.022435052194994087,-0.03488939920835715,0.039561711597331066,-0.06265212551665053,0.05228648329873648,linear
gaussian,2048,rms_volatility_correlation,D_08,D_01,correlation,100,-0.0014146862566947033,0.00026546041779075167,0.02482599933453474,-0.038177139022684124,0.03416829895429046,-0.10236867618258301,0.04148833852719829,linear
gaussian,2048,rms_volatility_correlation,D_08,D_02,correlation,100,0.004468938392925715,0.006536948233310903,0.024778607130935784,-0.041735367309659335,0.04080977654652109,-0.05587889238103218,0.09116051392268261,linear
gaussian,2048,rms_volatility_correlation,D_08,D_03,correlation,100,0.0018907528450118644,0.004376237402214736,0.02940348128971645,-0.046105131606785324,0.04306489529133965,-0.08080395331347395,0.07411424217945602,linear
gaussian,2048,rms_volatility_correlation,D_08,D_04,correlation,100,-0.0051997688306804225,-0.006304778164158038,0.030749282784026402,-0.055636171597229445,0.039961075140068344,-0.06414156647866441,0.0693647675014058,linear
gaussian,2048,rms_volatility_correlation,D_08,D_05,correlation,100,-0.000529230859603449,-0.0024440750515768413,0.025917920617098435,-0.044533286892932754,0.04194836659169935,-0.0661308316506819,0.0672277049694568,linear
gaussian,2048,rms_volatility_correlation,D_08,D_06,correlation,100,-0.0014904266572116776,-0.002242734254365657,0.02728191682516542,-0.0432625329375259,0.04241503852606342,-0.054339895225352895,0.07710747649882768,linear
gaussian,2048,rms_volatility_correlation,D_08,D_07,correlation,100,-3.115386599897109e-05,3.989533045545111e-05,0.025260782874234493,-0.040227329057064096,0.04555663585981181,-0.0564870995158269,0.07108039296011784,linear
gaussian,2048,rms_volatility_correlation,D_08,D_08,correlation,100,1.0,1.0,9.980162806744068e-17,0.9999999999999998,1.0,0.9999999999999998,1.0,linear
gaussian,2048,rms_volatility_correlation,D_08,D_09,correlation,100,0.0009324269956664101,0.003197944050874086,0.02316186895066181,-0.03311703135385584,0.0346126222895426,-0.0830954809141602,0.06069892440779022,linear
gaussian,2048,rms_volatility_correlation,D_09,D_01,correlation,100,0.0011570779184664455,-0.0022104259069224514,0.02967294903816482,-0.04237390359900619,0.04771805468658605,-0.05813579150401187,0.06271151111704613,linear
gaussian,2048,rms_volatility_correlation,D_09,D_02,correlation,100,-0.002377474282312761,0.0004532696247521856,0.03300303315464811,-0.05750921454354718,0.051360848577407546,-0.09572450312955734,0.06750202176362627,linear
gaussian,2048,rms_volatility_correlation,D_09,D_03,correlation,100,-0.0010245751180926064,-0.002375336698143762,0.02862959346644875,-0.04739413845211327,0.04268744931498881,-0.07047189480378398,0.06383420506580631,linear
gaussian,2048,rms_volatility_correlation,D_09,D_04,correlation,100,0.003278136937690729,-2.2518444104742148e-05,0.029491772288990085,-0.048704593705838344,0.050214227327329525,-0.06044881192826141,0.07978937948576256,linear
gaussian,2048,rms_volatility_correlation,D_09,D_05,correlation,100,-0.001356537611821605,-0.003377037177394419,0.02466463099075619,-0.04219003609959994,0.04080694049579303,-0.060174285287314506,0.060504812014175284,linear
gaussian,2048,rms_volatility_correlation,D_09,D_06,correlation,100,-0.0006041487860234574,-0.0015295642503912973,0.02965212953568864,-0.046874276698499015,0.05093123994425626,-0.06240803993571378,0.06896201268914176,linear
gaussian,2048,rms_volatility_correlation,D_09,D_07,correlation,100,0.003174099974000537,0.004316861325126828,0.022435052194994087,-0.03488939920835715,0.039561711597331066,-0.06265212551665053,0.052286483298736475,linear
gaussian,2048,rms_volatility_correlation,D_09,D_08,correlation,100,0.00093242699566641,0.0031979440508740856,0.02316186895066181,-0.03311703135385584,0.034612622289542594,-0.0830954809141602,0.06069892440779021,linear
gaussian,2048,rms_volatility_correlation,D_09,D_09,correlation,100,1.0,1.0,8.926528984957934e-17,0.9999999999999998,1.0,0.9999999999999998,1.0,linear
gaussian,8192,detail_energy_share_percentile_correlation,D_01,D_01,correlation,100,1.0,1.0,1.2017707434915388e-16,0.9999999999999998,1.0,0.9999999999999998,1.0,linear
gaussian,8192,detail_energy_share_percentile_correlation,D_01,D_02,correlation,100,-0.5639891930046982,-0.5661754913233699,0.05939522866390658,-0.6523070371753663,-0.45426672443868593,-0.7051846167108777,-0.382174817246077,linear
gaussian,8192,detail_energy_share_percentile_correlation,D_01,D_03,correlation,100,-0.3463059910249995,-0.34911203752738784,0.07620100475062523,-0.4702152302035825,-0.21647989677963167,-0.5229803988714291,-0.12296090556689972,linear
gaussian,8192,detail_energy_share_percentile_correlation,D_01,D_04,correlation,100,-0.2594060993596489,-0.2583129063364644,0.07976915753107036,-0.3779278001573641,-0.14068665673950012,-0.48150290985146105,-0.06355918401240432,linear
gaussian,8192,detail_energy_share_percentile_correlation,D_01,D_05,correlation,100,-0.1764589330205479,-0.1855375837224981,0.08497866280976105,-0.29657458689844357,-0.04447225774634482,-0.3821412594824498,0.0012167583382216587,linear
gaussian,8192,detail_energy_share_percentile_correlation,D_01,D_06,correlation,100,-0.12499876278528321,-0.12418216881070523,0.06620848182402585,-0.22951127096666055,-0.023758208594310277,-0.31644877178428593,0.004886697357073608,linear
gaussian,8192,detail_energy_share_percentile_correlation,D_01,D_07,correlation,100,-0.08077898920533383,-0.07206429890836824,0.05592284990268516,-0.19101093159859744,-0.008992386087143088,-0.2436412137699761,0.03196777682443552,linear
gaussian,8192,detail_energy_share_percentile_correlation,D_01,D_08,correlation,100,-0.05653609604144139,-0.053089376812449254,0.05359611645965027,-0.1523441964408674,0.016017052746678643,-0.20663943174754956,0.04921414685708944,linear
gaussian,8192,detail_energy_share_percentile_correlation,D_01,D_09,correlation,100,-0.03159305479745983,-0.029669433032269564,0.05259643080728608,-0.11386080725060585,0.047358740871621494,-0.16936989799502813,0.08463333135923025,linear
gaussian,8192,detail_energy_share_percentile_correlation,D_02,D_01,correlation,100,-0.5639891930046982,-0.5661754913233699,0.05939522866390658,-0.6523070371753663,-0.45426672443868593,-0.7051846167108777,-0.382174817246077,linear
gaussian,8192,detail_energy_share_percentile_correlation,D_02,D_02,correlation,100,1.0,1.0,9.980162806744068e-17,0.9999999999999998,1.0,0.9999999999999998,1.0,linear
gaussian,8192,detail_energy_share_percentile_correlation,D_02,D_03,correlation,100,-0.22149164014827608,-0.21222897301681937,0.07283402440450336,-0.34504148318472333,-0.11519013821118906,-0.43173600545135676,-0.037790319771518865,linear
gaussian,8192,detail_energy_share_percentile_correlation,D_02,D_04,correlation,100,-0.1327698100362528,-0.1349848440694038,0.07716150377091843,-0.24998093322098955,-0.02042823743547097,-0.3692795747685184,0.14150041271673686,linear
gaussian,8192,detail_energy_share_percentile_correlation,D_02,D_05,correlation,100,-0.09439239817029346,-0.09367246820635021,0.08785931002249331,-0.2339627773743641,0.07506259317899816,-0.3260520519906432,0.12541602954013478,linear
gaussian,8192,detail_energy_share_percentile_correlation,D_02,D_06,correlation,100,-0.05374394882200651,-0.0630870675218893,0.0787175700362672,-0.17610353526817044,0.07492457553648055,-0.21864265297680255,0.196160807425778,linear
gaussian,8192,detail_energy_share_percentile_correlation,D_02,D_07,correlation,100,-0.0474124994712224,-0.05141583066385283,0.05216548048450377,-0.12554217136896392,0.04878511190387479,-0.1711023176354624,0.10713043328530013,linear
gaussian,8192,detail_energy_share_percentile_correlation,D_02,D_08,correlation,100,-0.039070799635835755,-0.04949677629224765,0.05376843149591643,-0.11991979777233965,0.06116452420582633,-0.1405082802192156,0.10229372334751267,linear
gaussian,8192,detail_energy_share_percentile_correlation,D_02,D_09,correlation,100,-0.03677286951826283,-0.0384716596266724,0.05176299991316439,-0.10438026613567396,0.05289338591379718,-0.18449425660876956,0.06782865898908308,linear
gaussian,8192,detail_energy_share_percentile_correlation,D_03,D_01,correlation,100,-0.3463059910249995,-0.34911203752738784,0.07620100475062523,-0.4702152302035825,-0.21647989677963167,-0.5229803988714291,-0.12296090556689972,linear
gaussian,8192,detail_energy_share_percentile_correlation,D_03,D_02,correlation,100,-0.22149164014827608,-0.21222897301681937,0.07283402440450336,-0.34504148318472333,-0.11519013821118906,-0.43173600545135676,-0.037790319771518865,linear
gaussian,8192,detail_energy_share_percentile_correlation,D_03,D_03,correlation,100,1.0,1.0,1.1158161231197418e-16,0.9999999999999998,1.0,0.9999999999999998,1.0,linear
gaussian,8192,detail_energy_share_percentile_correlation,D_03,D_04,correlation,100,-0.08577382432567764,-0.08109048829829624,0.07950441511810334,-0.22461475092516045,0.03452873909492876,-0.3205042795857633,0.10315549199498741,linear
gaussian,8192,detail_energy_share_percentile_correlation,D_03,D_05,correlation,100,-0.059242826516484756,-0.07391583895657639,0.09334595610641945,-0.19725171699442923,0.10662095175792875,-0.2601941406709039,0.19519021811950021,linear
gaussian,8192,detail_energy_share_percentile_correlation,D_03,D_06,correlation,100,-0.05201819061270405,-0.05038921273578961,0.07584941226057114,-0.1904377266965058,0.06256923512875207,-0.2709490941941953,0.16693335270414159,linear
gaussian,8192,detail_energy_share_percentile_correlation,D_03,D_07,correlation,100,-0.03247781831376989,-0.027447822090406623,0.055970397835847695,-0.11377397013598314,0.05934685238590597,-0.15480914567020504,0.136936550900122,linear
gaussian,8192,detail_energy_share_percentile_correlation,D_03,D_08,correlation,100,-0.02105360180190259,-0.02048708029082004,0.050642025483655324,-0.09717344214479867,0.05973133096423574,-0.14252264127828546,0.11535906169752758,linear
gaussian,8192,detail_energy_share_percentile_correlation,D_03,D_09,correlation,100,-0.01784396286186696,-0.022376517526475487,0.05235673291016303,-0.10256023191449246,0.08216815910221818,-0.11706156566396521,0.12378939150827346,linear
gaussian,8192,detail_energy_share_percentile_correlation,D_04,D_01,correlation,100,-0.2594060993596489,-0.2583129063364644,0.07976915753107036,-0.3779278001573641,-0.14068665673950012,-0.48150290985146105,-0.06355918401240432,linear
gaussian,8192,detail_energy_share_percentile_correlation,D_04,D_02,correlation,100,-0.1327698100362528,-0.1349848440694038,0.07716150377091842,-0.24998093322098955,-0.02042823743547097,-0.36927957476851847,0.14150041271673686,linear
gaussian,8192,detail_energy_share_percentile_correlation,D_04,D_03,correlation,100,-0.08577382432567764,-0.08109048829829624,0.07950441511810334,-0.22461475092516045,0.03452873909492876,-0.3205042795857633,0.10315549199498741,linear
gaussian,8192,detail_energy_share_percentile_correlation,D_04,D_04,correlation,100,1.0,1.0,1.2819751242557092e-16,0.9999999999999998,1.0,0.9999999999999998,1.0,linear
gaussian,8192,detail_energy_share_percentile_correlation,D_04,D_05,correlation,100,-0.05124549889788772,-0.05712212192644174,0.0935808756119252,-0.188939745219953,0.08791451461794712,-0.3475180467367462,0.18685864514191194,linear
gaussian,8192,detail_energy_share_percentile_correlation,D_04,D_06,correlation,100,-0.0357463139663888,-0.03788682471094455,0.07686162749559748,-0.138514498755551,0.08783980012337332,-0.2482071694526927,0.12175587779857518,linear
gaussian,8192,detail_energy_share_percentile_correlation,D_04,D_07,correlation,100,-0.024697328800077186,-0.026231156928853784,0.056360382053431655,-0.12281157929571183,0.06415714573177621,-0.21007772238652572,0.10134137430592235,linear
gaussian,8192,detail_energy_share_percentile_correlation,D_04,D_08,correlation,100,-0.018849515684447295,-0.021918821429933177,0.05607340129802825,-0.10461735305135507,0.06225706622971531,-0.1426391672748929,0.15716856975043297,linear
gaussian,8192,detail_energy_share_percentile_correlation,D_04,D_09,correlation,100,-0.0067033805203588984,0.0013527142792238737,0.05363553567678867,-0.0889574905301756,0.07216933521540263,-0.1400876799907688,0.11114775356083027,linear
gaussian,8192,detail_energy_share_percentile_correlation,D_05,D_01,correlation,100,-0.1764589330205479,-0.1855375837224981,0.08497866280976105,-0.29657458689844357,-0.04447225774634483,-0.3821412594824498,0.0012167583382216587,linear
gaussian,8192,detail_energy_share_percentile_correlation,D_05,D_02,correlation,100,-0.09439239817029346,-0.09367246820635021,0.08785931002249331,-0.2339627773743641,0.07506259317899816,-0.3260520519906432,0.12541602954013478,linear
gaussian,8192,detail_energy_share_percentile_correlation,D_05,D_03,correlation,100,-0.059242826516484756,-0.07391583895657639,0.09334595610641945,-0.19725171699442923,0.10662095175792875,-0.2601941406709039,0.19519021811950021,linear
gaussian,8192,detail_energy_share_percentile_correlation,D_05,D_04,correlation,100,-0.05124549889788772,-0.05712212192644174,0.0935808756119252,-0.188939745219953,0.08791451461794712,-0.3475180467367462,0.18685864514191194,linear
gaussian,8192,detail_energy_share_percentile_correlation,D_05,D_05,correlation,100,1.0,1.0,1.1595901302887535e-16,0.9999999999999998,1.0,0.9999999999999998,1.0,linear
gaussian,8192,detail_energy_share_percentile_correlation,D_05,D_06,correlation,100,-0.019725700238506182,-0.021912324779876646,0.07346332613017073,-0.13338720332502063,0.08922282820186422,-0.226527413265473,0.15607546952375645,linear
gaussian,8192,detail_energy_share_percentile_correlation,D_05,D_07,correlation,100,-0.00840363700591161,0.0004066785160057589,0.06162273513757277,-0.11024879344599785,0.07805653274483443,-0.17855220675709005,0.10871831131376082,linear
gaussian,8192,detail_energy_share_percentile_correlation,D_05,D_08,correlation,100,-0.007481331104000779,-0.009573444664295843,0.049228979208698294,-0.08911956657493486,0.07074730983117096,-0.1128472333853048,0.09453098498808325,linear
gaussian,8192,detail_energy_share_percentile_correlation,D_05,D_09,correlation,100,-0.011303988464579315,-0.01387828540468361,0.045664049705667606,-0.08198850017280544,0.05842711883092649,-0.12495483857309846,0.08564447338801662,linear
gaussian,8192,detail_energy_share_percentile_correlation,D_06,D_01,correlation,100,-0.12499876278528321,-0.12418216881070523,0.06620848182402585,-0.22951127096666055,-0.023758208594310277,-0.31644877178428593,0.004886697357073608,linear
gaussian,8192,detail_energy_share_percentile_correlation,D_06,D_02,correlation,100,-0.05374394882200651,-0.0630870675218893,0.0787175700362672,-0.17610353526817044,0.07492457553648055,-0.21864265297680255,0.196160807425778,linear
gaussian,8192,detail_energy_share_percentile_correlation,D_06,D_03,correlation,100,-0.05201819061270405,-0.05038921273578961,0.07584941226057114,-0.1904377266965058,0.06256923512875207,-0.2709490941941953,0.16693335270414159,linear
gaussian,8192,detail_energy_share_percentile_correlation,D_06,D_04,correlation,100,-0.0357463139663888,-0.03788682471094455,0.07686162749559748,-0.138514498755551,0.08783980012337332,-0.2482071694526927,0.12175587779857518,linear
gaussian,8192,detail_energy_share_percentile_correlation,D_06,D_05,correlation,100,-0.019725700238506186,-0.021912324779876646,0.07346332613017073,-0.13338720332502066,0.08922282820186422,-0.226527413265473,0.15607546952375645,linear
gaussian,8192,detail_energy_share_percentile_correlation,D_06,D_06,correlation,100,1.0,1.0,1.0226623691696763e-16,0.9999999999999998,1.0,0.9999999999999998,1.0,linear
gaussian,8192,detail_energy_share_percentile_correlation,D_06,D_07,correlation,100,-0.026242560970432764,-0.03502885737339215,0.06695642754552837,-0.10968737908230743,0.09768436653152196,-0.21644965360827956,0.13690858969993047,linear
gaussian,8192,detail_energy_share_percentile_correlation,D_06,D_08,correlation,100,-0.004834879396406011,0.0014885520722099782,0.04908209599147627,-0.0816507877845089,0.07297970876774934,-0.16055188168232779,0.10270645797428479,linear
gaussian,8192,detail_energy_share_percentile_correlation,D_06,D_09,correlation,100,-0.006930052826326033,-0.009281792373236213,0.04239484207642482,-0.07327239979231291,0.059120576088235455,-0.11896309946747295,0.10078691200257495,linear
gaussian,8192,detail_energy_share_percentile_correlation,D_07,D_01,correlation,100,-0.08077898920533383,-0.07206429890836824,0.05592284990268516,-0.19101093159859744,-0.008992386087143088,-0.2436412137699761,0.03196777682443552,linear
gaussian,8192,detail_energy_share_percentile_correlation,D_07,D_02,correlation,100,-0.0474124994712224,-0.05141583066385283,0.05216548048450377,-0.12554217136896392,0.04878511190387479,-0.1711023176354624,0.10713043328530013,linear
gaussian,8192,detail_energy_share_percentile_correlation,D_07,D_03,correlation,100,-0.03247781831376989,-0.027447822090406623,0.055970397835847695,-0.11377397013598314,0.05934685238590597,-0.15480914567020504,0.136936550900122,linear
gaussian,8192,detail_energy_share_percentile_correlation,D_07,D_04,correlation,100,-0.024697328800077186,-0.026231156928853784,0.056360382053431655,-0.12281157929571183,0.06415714573177621,-0.21007772238652572,0.10134137430592235,linear
gaussian,8192,detail_energy_share_percentile_correlation,D_07,D_05,correlation,100,-0.00840363700591161,0.0004066785160057589,0.06162273513757277,-0.11024879344599785,0.07805653274483443,-0.17855220675709005,0.10871831131376082,linear
gaussian,8192,detail_energy_share_percentile_correlation,D_07,D_06,correlation,100,-0.026242560970432764,-0.03502885737339215,0.06695642754552837,-0.10968737908230743,0.09768436653152196,-0.21644965360827956,0.13690858969993047,linear
gaussian,8192,detail_energy_share_percentile_correlation,D_07,D_07,correlation,100,1.0,1.0,1.2017707434915388e-16,0.9999999999999998,1.0,0.9999999999999998,1.0,linear
gaussian,8192,detail_energy_share_percentile_correlation,D_07,D_08,correlation,100,-0.004086609047953968,-0.006579118862532016,0.051435168953286536,-0.0973512195763734,0.0667809720272086,-0.13611407895366032,0.10527452101508451,linear
gaussian,8192,detail_energy_share_percentile_correlation,D_07,D_09,correlation,100,0.0006473463154273999,0.0009462668413567657,0.03457981820429113,-0.060190397093245716,0.05691232269271927,-0.07712679678626959,0.07323448456586251,linear
gaussian,8192,detail_energy_share_percentile_correlation,D_08,D_01,correlation,100,-0.05653609604144139,-0.053089376812449254,0.05359611645965027,-0.1523441964408674,0.016017052746678643,-0.20663943174754956,0.04921414685708944,linear
gaussian,8192,detail_energy_share_percentile_correlation,D_08,D_02,correlation,100,-0.039070799635835755,-0.04949677629224765,0.05376843149591643,-0.11991979777233965,0.06116452420582633,-0.1405082802192156,0.10229372334751267,linear
gaussian,8192,detail_energy_share_percentile_correlation,D_08,D_03,correlation,100,-0.02105360180190259,-0.02048708029082004,0.050642025483655324,-0.09717344214479867,0.05973133096423574,-0.14252264127828546,0.11535906169752758,linear
gaussian,8192,detail_energy_share_percentile_correlation,D_08,D_04,correlation,100,-0.018849515684447295,-0.021918821429933177,0.05607340129802825,-0.10461735305135507,0.06225706622971531,-0.1426391672748929,0.15716856975043297,linear
gaussian,8192,detail_energy_share_percentile_correlation,D_08,D_05,correlation,100,-0.007481331104000779,-0.009573444664295844,0.049228979208698294,-0.08911956657493486,0.07074730983117096,-0.1128472333853048,0.09453098498808325,linear
gaussian,8192,detail_energy_share_percentile_correlation,D_08,D_06,correlation,100,-0.004834879396406011,0.0014885520722099782,0.04908209599147627,-0.0816507877845089,0.07297970876774934,-0.16055188168232779,0.10270645797428479,linear
gaussian,8192,detail_energy_share_percentile_correlation,D_08,D_07,correlation,100,-0.004086609047953968,-0.006579118862532016,0.051435168953286536,-0.0973512195763734,0.0667809720272086,-0.13611407895366032,0.10527452101508451,linear
gaussian,8192,detail_energy_share_percentile_correlation,D_08,D_08,correlation,100,1.0,1.0,1.1595901302887535e-16,0.9999999999999998,1.0,0.9999999999999998,1.0,linear
gaussian,8192,detail_energy_share_percentile_correlation,D_08,D_09,correlation,100,-0.005386833674540082,-0.009152393088065279,0.03425682427921834,-0.06760411067137105,0.04950548193749779,-0.09341171180784313,0.06626467742181348,linear
gaussian,8192,detail_energy_share_percentile_correlation,D_09,D_01,correlation,100,-0.03159305479745983,-0.029669433032269564,0.05259643080728608,-0.11386080725060585,0.047358740871621494,-0.16936989799502816,0.08463333135923025,linear
gaussian,8192,detail_energy_share_percentile_correlation,D_09,D_02,correlation,100,-0.03677286951826283,-0.0384716596266724,0.05176299991316438,-0.10438026613567396,0.05289338591379718,-0.18449425660876956,0.06782865898908308,linear
gaussian,8192,detail_energy_share_percentile_correlation,D_09,D_03,correlation,100,-0.01784396286186696,-0.022376517526475487,0.05235673291016303,-0.10256023191449246,0.08216815910221818,-0.11706156566396521,0.12378939150827346,linear
gaussian,8192,detail_energy_share_percentile_correlation,D_09,D_04,correlation,100,-0.0067033805203588984,0.0013527142792238737,0.05363553567678867,-0.0889574905301756,0.07216933521540263,-0.1400876799907688,0.11114775356083027,linear
gaussian,8192,detail_energy_share_percentile_correlation,D_09,D_05,correlation,100,-0.011303988464579315,-0.01387828540468361,0.04566404970566761,-0.08198850017280544,0.05842711883092649,-0.12495483857309846,0.08564447338801663,linear
gaussian,8192,detail_energy_share_percentile_correlation,D_09,D_06,correlation,100,-0.006930052826326033,-0.009281792373236213,0.04239484207642482,-0.07327239979231291,0.059120576088235455,-0.11896309946747295,0.10078691200257495,linear
gaussian,8192,detail_energy_share_percentile_correlation,D_09,D_07,correlation,100,0.0006473463154273999,0.0009462668413567657,0.03457981820429113,-0.060190397093245716,0.05691232269271927,-0.07712679678626959,0.07323448456586251,linear
gaussian,8192,detail_energy_share_percentile_correlation,D_09,D_08,correlation,100,-0.005386833674540082,-0.009152393088065279,0.03425682427921834,-0.06760411067137105,0.04950548193749779,-0.09341171180784313,0.06626467742181348,linear
gaussian,8192,detail_energy_share_percentile_correlation,D_09,D_09,correlation,100,1.0,1.0,1.1158161231197418e-16,0.9999999999999998,1.0,0.9999999999999998,1.0,linear
gaussian,8192,rms_volatility_correlation,D_01,D_01,correlation,100,1.0,1.0,1.0932720593655597e-16,0.9999999999999998,1.0,0.9999999999999998,1.0,linear
gaussian,8192,rms_volatility_correlation,D_01,D_02,correlation,100,-0.003955055437502009,-0.011152115707427267,0.08605436873595798,-0.13103263559868764,0.1426092581159888,-0.23077668413003205,0.21625157688933083,linear
gaussian,8192,rms_volatility_correlation,D_01,D_03,correlation,100,0.006690148583964931,0.014343040697656535,0.09058726984697239,-0.13551944563790547,0.1560000576491425,-0.20009527289856627,0.24007125633858664,linear
gaussian,8192,rms_volatility_correlation,D_01,D_04,correlation,100,-0.01590449181666989,-0.009257090474151396,0.08910871759875197,-0.16519261542150804,0.14922391309849875,-0.21326424066496907,0.19746356061873954,linear
gaussian,8192,rms_volatility_correlation,D_01,D_05,correlation,100,0.0002650494838618711,-0.004570908192385925,0.09436134979582257,-0.16294084948212728,0.15756092213164252,-0.29021828927831095,0.2061669043183554,linear
gaussian,8192,rms_volatility_correlation,D_01,D_06,correlation,100,0.001357483625033064,-0.01042810809088655,0.08324774080652754,-0.12174730294442249,0.13360944976102634,-0.2548730708798689,0.18327778635028055,linear
gaussian,8192,rms_volatility_correlation,D_01,D_07,correlation,100,0.0022676589201108153,0.0030869559416433763,0.058933471495640544,-0.1052273489521024,0.08470030177652656,-0.19191402889595313,0.12060619580492955,linear
gaussian,8192,rms_volatility_correlation,D_01,D_08,correlation,100,0.004997983648298126,0.008650948098741042,0.055505851827173505,-0.10551225972443307,0.07611767025968781,-0.1623380436242789,0.12483572925082836,linear
gaussian,8192,rms_volatility_correlation,D_01,D_09,correlation,100,0.01097344125055143,0.009319772054251567,0.05826074039770537,-0.07279623469572793,0.10902216469391433,-0.13609128579966523,0.15527842036603148,linear
gaussian,8192,rms_volatility_correlation,D_02,D_01,correlation,100,-0.003955055437502011,-0.011152115707427267,0.08605436873595798,-0.13103263559868764,0.1426092581159888,-0.23077668413003205,0.21625157688933086,linear
gaussian,8192,rms_volatility_correlation,D_02,D_02,correlation,100,1.0,1.0,1.0042345108077676e-16,0.9999999999999998,1.0,0.9999999999999998,1.0,linear
gaussian,8192,rms_volatility_correlation,D_02,D_03,correlation,100,-0.012485695605046625,-0.01701970043860523,0.06978993768366365,-0.1298211823836103,0.0929886815101309,-0.230951077521317,0.1490173163327478,linear
gaussian,8192,rms_volatility_correlation,D_02,D_04,correlation,100,0.004268241660249096,0.005192890611933384,0.09121561382300701,-0.14817050110604066,0.16533830789131906,-0.2647718182612862,0.2702658991912731,linear
gaussian,8192,rms_volatility_correlation,D_02,D_05,correlation,100,0.00021135125054934866,0.0027664399880591977,0.09179799498880237,-0.15006190417732057,0.1376970179307528,-0.21164400817379928,0.18790245997512203,linear
gaussian,8192,rms_volatility_correlation,D_02,D_06,correlation,100,0.015249944322199869,0.016415059437202468,0.07384224272614393,-0.09146927127029814,0.13039184504368925,-0.214139671216086,0.21296288976799255,linear
gaussian,8192,rms_volatility_correlation,D_02,D_07,correlation,100,0.0018542709252342593,-0.003856663364370215,0.052889333932562926,-0.08886174003699919,0.09846082303382986,-0.12527959112456158,0.12996673766130773,linear
gaussian,8192,rms_volatility_correlation,D_02,D_08,correlation,100,-0.00243505846298782,-0.003522971321558241,0.048996862589275894,-0.07863711290621085,0.07525778186853589,-0.1285129547526583,0.10906945268862558,linear
gaussian,8192,rms_volatility_correlation,D_02,D_09,correlation,100,-0.007746818970220447,-0.00951685112022762,0.05321311813631282,-0.09591522994617639,0.07345940923004826,-0.17449205670948825,0.10335201892903167,linear
gaussian,8192,rms_volatility_correlation,D_03,D_01,correlation,100,0.006690148583964931,0.014343040697656538,0.09058726984697239,-0.1355194456379055,0.1560000576491425,-0.20009527289856627,0.2400712563385866,linear
gaussian,8192,rms_volatility_correlation,D_03,D_02,correlation,100,-0.012485695605046622,-0.01701970043860523,0.06978993768366365,-0.1298211823836103,0.0929886815101309,-0.230951077521317,0.14901731633274778,linear
gaussian,8192,rms_volatility_correlation,D_03,D_03,correlation,100,1.0,1.0,1.0226623691696763e-16,0.9999999999999998,1.0,0.9999999999999998,1.0,linear
gaussian,8192,rms_volatility_correlation,D_03,D_04,correlation,100,0.0012846606621005538,0.003167281173665526,0.08053942062710287,-0.11889080065650832,0.12258805218517728,-0.20942790951350354,0.20478478917103152,linear
gaussian,8192,rms_volatility_correlation,D_03,D_05,correlation,100,0.00765712506349918,-0.002728023206234706,0.09279453955128997,-0.13335327709999995,0.17351292617827319,-0.20026773050644361,0.23190537023551974,linear
gaussian,8192,rms_volatility_correlation,D_03,D_06,correlation,100,-0.004773217631346638,-0.007696216150669527,0.07541110481178288,-0.1225822983873396,0.1188688595763623,-0.23990202719352355,0.17964245370951534,linear
gaussian,8192,rms_volatility_correlation,D_03,D_07,correlation,100,-0.0020669963731828425,-0.0018599957571530678,0.05800731768703673,-0.08851878842940433,0.09195330754453504,-0.13795895609052564,0.16289109813322108,linear
gaussian,8192,rms_volatility_correlation,D_03,D_08,correlation,100,0.0022022205454780928,-0.0017580238493765119,0.05069166101919838,-0.08874196280524217,0.08679354519450609,-0.1112483448427279,0.1123214270936235,linear
gaussian,8192,rms_volatility_correlation,D_03,D_09,correlation,100,0.0004232855484240137,-0.0063495256285268755,0.04925472770386936,-0.0747837513204881,0.09591297718029336,-0.10943753892159458,0.11365990099968282,linear
gaussian,8192,rms_volatility_correlation,D_04,D_01,correlation,100,-0.015904491816669884,-0.009257090474151396,0.08910871759875197,-0.16519261542150804,0.14922391309849875,-0.21326424066496907,0.19746356061873954,linear
gaussian,8192,rms_volatility_correlation,D_04,D_02,correlation,100,0.004268241660249098,0.005192890611933384,0.09121561382300701,-0.14817050110604066,0.16533830789131904,-0.2647718182612862,0.2702658991912731,linear
gaussian,8192,rms_volatility_correlation,D_04,D_03,correlation,100,0.001284660662100554,0.003167281173665526,0.08053942062710287,-0.11889080065650832,0.12258805218517728,-0.2094279095135035,0.20478478917103152,linear
gaussian,8192,rms_volatility_correlation,D_04,D_04,correlation,100,1.0,1.0,1.1158161231197418e-16,0.9999999999999998,1.0,0.9999999999999998,1.0,linear
gaussian,8192,rms_volatility_correlation,D_04,D_05,correlation,100,-0.008080732971342312,-0.008070068031610613,0.09384729321071661,-0.13205971761441548,0.1295032392090873,-0.35609219829354627,0.1647804954663626,linear
gaussian,8192,rms_volatility_correlation,D_04,D_06,correlation,100,-0.004399697513705229,-0.003910903652119395,0.08074207510429138,-0.13546742844527557,0.1388811704949399,-0.23748845762303092,0.15440518967556557,linear
gaussian,8192,rms_volatility_correlation,D_04,D_07,correlation,100,-0.0024166263304122772,-0.001663232399960597,0.0562501481726808,-0.09672479109516749,0.09449833969801247,-0.1731837118097105,0.11607123475121157,linear
gaussian,8192,rms_volatility_correlation,D_04,D_08,correlation,100,-0.004393143796164342,-0.0071757846518949765,0.05651482628033275,-0.08339388077291264,0.08871179153494742,-0.12032271613966183,0.1656451309300268,linear
gaussian,8192,rms_volatility_correlation,D_04,D_09,correlation,100,0.0038894466983894643,0.005307788577693127,0.05514620825939996,-0.08555023829535405,0.08699219878755188,-0.12791252041779647,0.1325590294924513,linear
gaussian,8192,rms_volatility_correlation,D_05,D_01,correlation,100,0.0002650494838618733,-0.004570908192385925,0.09436134979582257,-0.16294084948212728,0.1575609221316425,-0.29021828927831095,0.2061669043183554,linear
gaussian,8192,rms_volatility_correlation,D_05,D_02,correlation,100,0.0002113512505493455,0.0027664399880591977,0.09179799498880237,-0.15006190417732057,0.1376970179307528,-0.21164400817379928,0.18790245997512206,linear
gaussian,8192,rms_volatility_correlation,D_05,D_03,correlation,100,0.007657125063499178,-0.002728023206234706,0.09279453955128997,-0.13335327709999995,0.17351292617827316,-0.20026773050644361,0.23190537023551971,linear
gaussian,8192,rms_volatility_correlation,D_05,D_04,correlation,100,-0.008080732971342314,-0.008070068031610613,0.09384729321071661,-0.1320597176144155,0.1295032392090873,-0.3560921982935462,0.16478049546636261,linear
gaussian,8192,rms_volatility_correlation,D_05,D_05,correlation,100,1.0,1.0,1.1649462332954375e-16,0.9999999999999998,1.0,0.9999999999999998,1.0,linear
gaussian,8192,rms_volatility_correlation,D_05,D_06,correlation,100,0.005541454449663844,0.004815072504408477,0.07450758444473159,-0.11291884099421962,0.11945964422555187,-0.16140231698241872,0.20450856714012136,linear
gaussian,8192,rms_volatility_correlation,D_05,D_07,correlation,100,0.006797706823587349,0.009895229337931851,0.061467079433500944,-0.0767327094265688,0.09097256745550135,-0.15001942607925306,0.15599714142240534,linear
gaussian,8192,rms_volatility_correlation,D_05,D_08,correlation,100,0.0042029739893174696,-0.00047578152334251217,0.04877150648201658,-0.07679834793706239,0.0818311349734363,-0.09239368419417536,0.11496785602147298,linear
gaussian,8192,rms_volatility_correlation,D_05,D_09,correlation,100,-0.002466076282681998,-0.0046160304583658385,0.044126951115908516,-0.06889636462294835,0.06232230131958992,-0.1239721156589553,0.10550723261766602,linear
gaussian,8192,rms_volatility_correlation,D_06,D_01,correlation,100,0.0013574836250330646,-0.01042810809088655,0.08324774080652755,-0.12174730294442247,0.13360944976102634,-0.2548730708798689,0.18327778635028055,linear
gaussian,8192,rms_volatility_correlation,D_06,D_02,correlation,100,0.015249944322199867,0.01641505943720247,0.07384224272614393,-0.09146927127029814,0.13039184504368928,-0.21413967121608604,0.21296288976799255,linear
gaussian,8192,rms_volatility_correlation,D_06,D_03,correlation,100,-0.004773217631346639,-0.007696216150669527,0.07541110481178288,-0.12258229838733961,0.11886885957636228,-0.23990202719352355,0.17964245370951537,linear
gaussian,8192,rms_volatility_correlation,D_06,D_04,correlation,100,-0.004399697513705228,-0.003910903652119395,0.08074207510429138,-0.13546742844527557,0.1388811704949399,-0.23748845762303092,0.1544051896755656,linear
gaussian,8192,rms_volatility_correlation,D_06,D_05,correlation,100,0.005541454449663843,0.004815072504408477,0.07450758444473159,-0.11291884099421962,0.11945964422555187,-0.16140231698241875,0.20450856714012136,linear
gaussian,8192,rms_volatility_correlation,D_06,D_06,correlation,100,1.0,1.0,9.980162806744068e-17,0.9999999999999998,1.0,0.9999999999999998,1.0,linear
gaussian,8192,rms_volatility_correlation,D_06,D_07,correlation,100,-0.015936319563699137,-0.024509767027493905,0.06899827978525384,-0.10744689427013325,0.10199450754292046,-0.21356693686471492,0.14949657266573257,linear
gaussian,8192,rms_volatility_correlation,D_06,D_08,correlation,100,0.0027752215863732555,0.006558899843846576,0.05150276294023358,-0.0862291358668346,0.0828150738600523,-0.16326400708228445,0.12081880272604856,linear
gaussian,8192,rms_volatility_correlation,D_06,D_09,correlation,100,-9.360247349522225e-05,-0.0028722783652184434,0.044482998004996485,-0.07243845528859129,0.07717985736707784,-0.13128992049866295,0.11260623060069581,linear
gaussian,8192,rms_volatility_correlation,D_07,D_01,correlation,100,0.002267658920110818,0.0030869559416433763,0.058933471495640544,-0.1052273489521024,0.08470030177652656,-0.19191402889595313,0.12060619580492955,linear
gaussian,8192,rms_volatility_correlation,D_07,D_02,correlation,100,0.0018542709252342593,-0.0038566633643702147,0.052889333932562926,-0.0888617400369992,0.09846082303382986,-0.12527959112456158,0.12996673766130773,linear
gaussian,8192,rms_volatility_correlation,D_07,D_03,correlation,100,-0.0020669963731828425,-0.001859995757153068,0.05800731768703673,-0.08851878842940433,0.09195330754453505,-0.13795895609052564,0.16289109813322108,linear
gaussian,8192,rms_volatility_correlation,D_07,D_04,correlation,100,-0.0024166263304122777,-0.001663232399960597,0.0562501481726808,-0.0967247910951675,0.09449833969801245,-0.1731837118097105,0.11607123475121159,linear
gaussian,8192,rms_volatility_correlation,D_07,D_05,correlation,100,0.006797706823587349,0.009895229337931851,0.061467079433500944,-0.0767327094265688,0.09097256745550135,-0.15001942607925306,0.15599714142240534,linear
gaussian,8192,rms_volatility_correlation,D_07,D_06,correlation,100,-0.015936319563699137,-0.024509767027493905,0.06899827978525384,-0.10744689427013324,0.10199450754292046,-0.21356693686471492,0.14949657266573257,linear
gaussian,8192,rms_volatility_correlation,D_07,D_07,correlation,100,1.0,1.0,1.0467283057891834e-16,0.9999999999999998,1.0,0.9999999999999998,1.0,linear
gaussian,8192,rms_volatility_correlation,D_07,D_08,correlation,100,0.0015446957793256444,0.005545413498013399,0.05347546317968209,-0.0894046012770955,0.07821884853482615,-0.1379080856625597,0.10924533475014603,linear
gaussian,8192,rms_volatility_correlation,D_07,D_09,correlation,100,0.004056003294730902,0.00469873025908576,0.03606991371544853,-0.05514261194803686,0.058369783873278874,-0.08969474722786182,0.07569283932496011,linear
gaussian,8192,rms_volatility_correlation,D_08,D_01,correlation,100,0.004997983648298126,0.008650948098741042,0.055505851827173505,-0.10551225972443307,0.07611767025968781,-0.1623380436242789,0.12483572925082836,linear
gaussian,8192,rms_volatility_correlation,D_08,D_02,correlation,100,-0.002435058462987819,-0.003522971321558241,0.048996862589275894,-0.07863711290621085,0.07525778186853588,-0.12851295475265828,0.10906945268862558,linear
gaussian,8192,rms_volatility_correlation,D_08,D_03,correlation,100,0.002202220545478093,-0.0017580238493765119,0.05069166101919838,-0.08874196280524217,0.08679354519450609,-0.11124834484272789,0.11232142709362349,linear
gaussian,8192,rms_volatility_correlation,D_08,D_04,correlation,100,-0.004393143796164343,-0.0071757846518949765,0.05651482628033275,-0.08339388077291264,0.08871179153494742,-0.1203227161396618,0.16564513093002678,linear
gaussian,8192,rms_volatility_correlation,D_08,D_05,correlation,100,0.004202973989317469,-0.00047578152334251217,0.04877150648201658,-0.07679834793706239,0.0818311349734363,-0.09239368419417535,0.114967856021473,linear
gaussian,8192,rms_volatility_correlation,D_08,D_06,correlation,100,0.0027752215863732555,0.006558899843846576,0.05150276294023358,-0.0862291358668346,0.0828150738600523,-0.16326400708228445,0.12081880272604857,linear
gaussian,8192,rms_volatility_correlation,D_08,D_07,correlation,100,0.0015446957793256444,0.005545413498013399,0.05347546317968209,-0.08940460127709551,0.07821884853482615,-0.13790808566255966,0.10924533475014601,linear
gaussian,8192,rms_volatility_correlation,D_08,D_08,correlation,100,1.0,1.0,1.2223153213212885e-16,0.9999999999999998,1.0,0.9999999999999998,1.0,linear
gaussian,8192,rms_volatility_correlation,D_08,D_09,correlation,100,-0.0023227533795567596,-0.0017073121948040753,0.03523639532342719,-0.06860719985170359,0.048442543981924664,-0.07716924652585666,0.10168118041545143,linear
gaussian,8192,rms_volatility_correlation,D_09,D_01,correlation,100,0.01097344125055143,0.009319772054251567,0.05826074039770537,-0.07279623469572793,0.10902216469391435,-0.13609128579966526,0.15527842036603146,linear
gaussian,8192,rms_volatility_correlation,D_09,D_02,correlation,100,-0.007746818970220447,-0.00951685112022762,0.05321311813631282,-0.09591522994617639,0.07345940923004826,-0.17449205670948825,0.10335201892903167,linear
gaussian,8192,rms_volatility_correlation,D_09,D_03,correlation,100,0.0004232855484240138,-0.0063495256285268755,0.04925472770386936,-0.0747837513204881,0.09591297718029336,-0.10943753892159458,0.11365990099968282,linear
gaussian,8192,rms_volatility_correlation,D_09,D_04,correlation,100,0.003889446698389464,0.005307788577693127,0.05514620825939996,-0.08555023829535405,0.08699219878755186,-0.12791252041779644,0.1325590294924513,linear
gaussian,8192,rms_volatility_correlation,D_09,D_05,correlation,100,-0.002466076282681997,-0.0046160304583658385,0.044126951115908516,-0.06889636462294835,0.06232230131958993,-0.1239721156589553,0.10550723261766604,linear
gaussian,8192,rms_volatility_correlation,D_09,D_06,correlation,100,-9.360247349522112e-05,-0.002872278365218443,0.044482998004996485,-0.07243845528859129,0.07717985736707786,-0.13128992049866295,0.11260623060069581,linear
gaussian,8192,rms_volatility_correlation,D_09,D_07,correlation,100,0.004056003294730902,0.00469873025908576,0.03606991371544853,-0.05514261194803686,0.058369783873278874,-0.08969474722786182,0.07569283932496011,linear
gaussian,8192,rms_volatility_correlation,D_09,D_08,correlation,100,-0.002322753379556759,-0.0017073121948040755,0.03523639532342719,-0.06860719985170359,0.048442543981924664,-0.07716924652585666,0.10168118041545145,linear
gaussian,8192,rms_volatility_correlation,D_09,D_09,correlation,100,1.0,1.0,1.0467283057891834e-16,0.9999999999999998,1.0,0.9999999999999998,1.0,linear
shuffle,2048,detail_energy_share_percentile_correlation,D_01,D_01,correlation,100,1.0,1.0,1.33897934774369e-16,0.9999999999999998,1.0,0.9999999999999998,1.0,linear
shuffle,2048,detail_energy_share_percentile_correlation,D_01,D_02,correlation,100,-0.5631291604434052,-0.5670272773066581,0.030383068705147204,-0.6083918523996196,-0.5133897584665915,-0.6311797479224966,-0.47526268633921204,linear
shuffle,2048,detail_energy_share_percentile_correlation,D_01,D_03,correlation,100,-0.3556441112193871,-0.35308250225921195,0.031634441005012705,-0.4071138463646215,-0.30323287688245476,-0.4190205721037564,-0.24106032040075628,linear
shuffle,2048,detail_energy_share_percentile_correlation,D_01,D_04,correlation,100,-0.2520176814871127,-0.2526191575557026,0.04228961033494183,-0.3086415605095492,-0.19943946937702414,-0.3609124926063481,-0.09346275328406357,linear
shuffle,2048,detail_energy_share_percentile_correlation,D_01,D_05,correlation,100,-0.1691785516173419,-0.1680204142150928,0.038330894928772175,-0.22516437347457136,-0.10460282953710592,-0.2789019792249333,-0.07708068349203902,linear
shuffle,2048,detail_energy_share_percentile_correlation,D_01,D_06,correlation,100,-0.1210805336035137,-0.1200370708337785,0.030787586599716945,-0.17039045668179353,-0.07167817249604348,-0.23142263001125843,-0.05898278345707312,linear
shuffle,2048,detail_energy_share_percentile_correlation,D_01,D_07,correlation,100,-0.0842895401893362,-0.08685231193806787,0.023543781292930804,-0.12505045256014993,-0.046534128897911274,-0.13616865104360912,-0.025202144597661763,linear
shuffle,2048,detail_energy_share_percentile_correlation,D_01,D_08,correlation,100,-0.053815393074195784,-0.055821493469554034,0.02833736978387188,-0.09873148204535297,-0.00600504734375843,-0.1268794242084725,0.017671635726863606,linear
shuffle,2048,detail_energy_share_percentile_correlation,D_01,D_09,correlation,100,-0.03837536487633515,-0.03586630126048822,0.029229003403305944,-0.08726230068201331,0.003796856744770851,-0.10193436853449973,0.030609113203070623,linear
shuffle,2048,detail_energy_share_percentile_correlation,D_02,D_01,correlation,100,-0.5631291604434052,-0.5670272773066581,0.030383068705147207,-0.6083918523996196,-0.5133897584665915,-0.6311797479224966,-0.4752626863392121,linear
shuffle,2048,detail_energy_share_percentile_correlation,D_02,D_02,correlation,100,1.0,1.0,1.4289418524932748e-16,0.9999999999999998,1.0,0.9999999999999998,1.0,linear
shuffle,2048,detail_energy_share_percentile_correlation,D_02,D_03,correlation,100,-0.21248747263331486,-0.21662584078503677,0.0385039501612196,-0.2706147084281445,-0.14574343936901257,-0.2938842629542156,-0.11154378267983088,linear
shuffle,2048,detail_energy_share_percentile_correlation,D_02,D_04,correlation,100,-0.1362581228738453,-0.1343103012734091,0.04082725983888703,-0.20229804133147716,-0.07200834447322137,-0.2519276238598863,-0.022191874170684373,linear
shuffle,2048,detail_energy_share_percentile_correlation,D_02,D_05,correlation,100,-0.09734710934236496,-0.09500353483045787,0.03925206070229211,-0.1585551132260149,-0.037248325634777216,-0.1709791856380238,-0.0025891737610087657,linear
shuffle,2048,detail_energy_share_percentile_correlation,D_02,D_06,correlation,100,-0.06290189066898356,-0.060177783431378445,0.035555185319866026,-0.12052466898982613,-0.0026536294261394356,-0.12734322354378774,0.028836856990682853,linear
shuffle,2048,detail_energy_share_percentile_correlation,D_02,D_07,correlation,100,-0.045036519384121385,-0.04559288789199763,0.026836677700915162,-0.08926358025695522,0.0002953843730410981,-0.11829338498561427,0.026806357551540545,linear
shuffle,2048,detail_energy_share_percentile_correlation,D_02,D_08,correlation,100,-0.03738050502787784,-0.03842120403614957,0.026723697396853128,-0.08524103301340759,0.006406614001689273,-0.10127396393833246,0.038475605339840874,linear
shuffle,2048,detail_energy_share_percentile_correlation,D_02,D_09,correlation,100,-0.021277678671013177,-0.021082116660182844,0.025596497585453588,-0.06330327653578739,0.019164248551712747,-0.08010111469447383,0.044911552781881026,linear
shuffle,2048,detail_energy_share_percentile_correlation,D_03,D_01,correlation,100,-0.3556441112193871,-0.35308250225921195,0.031634441005012705,-0.4071138463646215,-0.30323287688245476,-0.4190205721037563,-0.24106032040075628,linear
shuffle,2048,detail_energy_share_percentile_correlation,D_03,D_02,correlation,100,-0.21248747263331486,-0.21662584078503677,0.0385039501612196,-0.2706147084281445,-0.14574343936901257,-0.2938842629542156,-0.11154378267983088,linear
shuffle,2048,detail_energy_share_percentile_correlation,D_03,D_03,correlation,100,1.0,1.0,1.4462629922083572e-16,0.9999999999999998,1.0,0.9999999999999998,1.0,linear
shuffle,2048,detail_energy_share_percentile_correlation,D_03,D_04,correlation,100,-0.09249401297628972,-0.09427018555174554,0.03843201091730095,-0.1560528628485655,-0.024806740245725087,-0.17528629356381353,0.011781750346013276,linear
shuffle,2048,detail_energy_share_percentile_correlation,D_03,D_05,correlation,100,-0.06986818886775108,-0.06688561778062847,0.04290985041953657,-0.14696367440791197,-0.010504710108209941,-0.19356120733723814,0.051349628504282124,linear
shuffle,2048,detail_energy_share_percentile_correlation,D_03,D_06,correlation,100,-0.0465109194806844,-0.04916923508642209,0.03227958151403045,-0.10110076474432253,-0.0029002821412993968,-0.12802901480907755,0.03076614422855383,linear
shuffle,2048,detail_energy_share_percentile_correlation,D_03,D_07,correlation,100,-0.029561084337611995,-0.02877877173330219,0.025790761145245297,-0.06794815287996263,0.010821562373266954,-0.08175423810505182,0.03419312060713042,linear
shuffle,2048,detail_energy_share_percentile_correlation,D_03,D_08,correlation,100,-0.019309524910980827,-0.021022397564069335,0.027930000308471644,-0.06356782538389624,0.026995034295462007,-0.08518760296031141,0.05603260732015049,linear
shuffle,2048,detail_energy_share_percentile_correlation,D_03,D_09,correlation,100,-0.013859540451081238,-0.010100428856672826,0.02855921621032402,-0.06451882757644857,0.026283309021438512,-0.08801956973787683,0.06165189497762425,linear
shuffle,2048,detail_energy_share_percentile_correlation,D_04,D_01,correlation,100,-0.2520176814871127,-0.2526191575557026,0.04228961033494183,-0.30864156050954916,-0.19943946937702411,-0.3609124926063481,-0.09346275328406357,linear
shuffle,2048,detail_energy_share_percentile_correlation,D_04,D_02,correlation,100,-0.1362581228738453,-0.1343103012734091,0.04082725983888703,-0.20229804133147716,-0.07200834447322137,-0.2519276238598863,-0.022191874170684373,linear
shuffle,2048,detail_energy_share_percentile_correlation,D_04,D_03,correlation,100,-0.09249401297628972,-0.09427018555174554,0.038432010917300946,-0.1560528628485655,-0.024806740245725087,-0.17528629356381353,0.011781750346013274,linear
shuffle,2048,detail_energy_share_percentile_correlation,D_04,D_04,correlation,100,1.0,1.0,1.546120173718338e-16,0.9999999999999998,1.0,0.9999999999999998,1.0,linear
shuffle,2048,detail_energy_share_percentile_correlation,D_04,D_05,correlation,100,-0.041740762491122935,-0.04273641207919952,0.04026613528981618,-0.10529894619783049,0.022113860479839258,-0.1409956148971794,0.036986992838611066,linear
shuffle,2048,detail_energy_share_percentile_correlation,D_04,D_06,correlation,100,-0.03297446060476613,-0.03209662157251768,0.03468081247694262,-0.09382296368082838,0.025516130119243897,-0.10112599500992422,0.04232666721131593,linear
shuffle,2048,detail_energy_share_percentile_correlation,D_04,D_07,correlation,100,-0.02391360300045212,-0.020543239999241396,0.028392418169421018,-0.07273127455801359,0.023061772630351998,-0.08820405027203988,0.04635921824510402,linear
shuffle,2048,detail_energy_share_percentile_correlation,D_04,D_08,correlation,100,-0.01602673369535513,-0.01672648983183609,0.026462222802352674,-0.06103286478426812,0.02631684823317637,-0.09099840676546804,0.03981175603792711,linear
shuffle,2048,detail_energy_share_percentile_correlation,D_04,D_09,correlation,100,-0.011297059950282112,-0.010101051271428206,0.02706917985760178,-0.053773085172862035,0.033787715009873404,-0.07520035106518985,0.051366067234176235,linear
shuffle,2048,detail_energy_share_percentile_correlation,D_05,D_01,correlation,100,-0.1691785516173419,-0.1680204142150928,0.038330894928772175,-0.22516437347457136,-0.10460282953710592,-0.2789019792249333,-0.07708068349203902,linear
shuffle,2048,detail_energy_share_percentile_correlation,D_05,D_02,correlation,100,-0.09734710934236496,-0.09500353483045786,0.03925206070229211,-0.1585551132260149,-0.037248325634777216,-0.1709791856380238,-0.0025891737610087657,linear
shuffle,2048,detail_energy_share_percentile_correlation,D_05,D_03,correlation,100,-0.06986818886775108,-0.06688561778062847,0.04290985041953657,-0.14696367440791197,-0.010504710108209941,-0.19356120733723814,0.051349628504282124,linear
shuffle,2048,detail_energy_share_percentile_correlation,D_05,D_04,correlation,100,-0.04174076249112293,-0.04273641207919952,0.04026613528981618,-0.10529894619783048,0.022113860479839258,-0.1409956148971794,0.036986992838611066,linear
shuffle,2048,detail_energy_share_percentile_correlation,D_05,D_05,correlation,100,1.0,1.0,1.5621425723676385e-16,0.9999999999999998,1.0,0.9999999999999998,1.0,linear
shuffle,2048,detail_energy_share_percentile_correlation,D_05,D_06,correlation,100,-0.01729945558904664,-0.019220689354407974,0.04056792876146271,-0.07784522985612406,0.05138947857263854,-0.10549906799298234,0.07917343894911902,linear
shuffle,2048,detail_energy_share_percentile_correlation,D_05,D_07,correlation,100,-0.014017964071410004,-0.01591218846112375,0.028572437106743103,-0.05845772276768071,0.029669487385260734,-0.08239019692542998,0.06879604279750762,linear
shuffle,2048,detail_energy_share_percentile_correlation,D_05,D_08,correlation,100,-0.013529705428601697,-0.01351158128535021,0.022680345214492973,-0.0520586611800806,0.019952746359026826,-0.07742375981401418,0.04409556849183304,linear
shuffle,2048,detail_energy_share_percentile_correlation,D_05,D_09,correlation,100,-0.008661430555274328,-0.0031914621971935626,0.030261017338099078,-0.06646669869375962,0.032251085973323046,-0.07654190135670294,0.07686438927470818,linear
shuffle,2048,detail_energy_share_percentile_correlation,D_06,D_01,correlation,100,-0.1210805336035137,-0.1200370708337785,0.03078758659971695,-0.17039045668179353,-0.07167817249604347,-0.23142263001125843,-0.05898278345707312,linear
shuffle,2048,detail_energy_share_percentile_correlation,D_06,D_02,correlation,100,-0.06290189066898356,-0.060177783431378445,0.035555185319866026,-0.12052466898982613,-0.0026536294261394356,-0.12734322354378774,0.028836856990682853,linear
shuffle,2048,detail_energy_share_percentile_correlation,D_06,D_03,correlation,100,-0.0465109194806844,-0.04916923508642209,0.03227958151403045,-0.10110076474432253,-0.0029002821412993968,-0.12802901480907755,0.03076614422855383,linear
shuffle,2048,detail_energy_share_percentile_correlation,D_06,D_04,correlation,100,-0.03297446060476613,-0.03209662157251768,0.034680812476942616,-0.09382296368082838,0.025516130119243894,-0.10112599500992424,0.042326667211315935,linear
shuffle,2048,detail_energy_share_percentile_correlation,D_06,D_05,correlation,100,-0.01729945558904664,-0.019220689354407974,0.04056792876146271,-0.07784522985612408,0.05138947857263854,-0.10549906799298234,0.079173438949119,linear
shuffle,2048,detail_energy_share_percentile_correlation,D_06,D_06,correlation,100,1.0,1.0,1.513566629497924e-16,0.9999999999999998,1.0,0.9999999999999998,1.0,linear
shuffle,2048,detail_energy_share_percentile_correlation,D_06,D_07,correlation,100,-0.014955804126025585,-0.014150838322235723,0.031015733165203844,-0.06739217221064522,0.04073120565611846,-0.08137009040754285,0.06097263615878568,linear
shuffle,2048,detail_energy_share_percentile_correlation,D_06,D_08,correlation,100,-0.010736332677691009,-0.01057748868018157,0.028023651303979363,-0.05513021295693629,0.03040541041442727,-0.07505908691068258,0.049837502395156164,linear
shuffle,2048,detail_energy_share_percentile_correlation,D_06,D_09,correlation,100,-0.007578234732610957,-0.007475717830764684,0.022960553920432544,-0.044701195317907526,0.02643106923003892,-0.07071158237675738,0.05892929432547358,linear
shuffle,2048,detail_energy_share_percentile_correlation,D_07,D_01,correlation,100,-0.08428954018933622,-0.08685231193806787,0.023543781292930804,-0.12505045256014993,-0.04653412889791128,-0.13616865104360912,-0.025202144597661763,linear
shuffle,2048,detail_energy_share_percentile_correlation,D_07,D_02,correlation,100,-0.045036519384121385,-0.04559288789199763,0.026836677700915162,-0.08926358025695522,0.0002953843730410981,-0.11829338498561427,0.026806357551540545,linear
shuffle,2048,detail_energy_share_percentile_correlation,D_07,D_03,correlation,100,-0.029561084337611995,-0.02877877173330219,0.025790761145245297,-0.06794815287996263,0.010821562373266954,-0.08175423810505182,0.03419312060713042,linear
shuffle,2048,detail_energy_share_percentile_correlation,D_07,D_04,correlation,100,-0.02391360300045212,-0.020543239999241396,0.028392418169421018,-0.07273127455801359,0.023061772630351998,-0.08820405027203988,0.04635921824510402,linear
shuffle,2048,detail_energy_share_percentile_correlation,D_07,D_05,correlation,100,-0.01401796407141,-0.01591218846112375,0.028572437106743103,-0.05845772276768071,0.029669487385260734,-0.08239019692543,0.06879604279750762,linear
shuffle,2048,detail_energy_share_percentile_correlation,D_07,D_06,correlation,100,-0.014955804126025585,-0.014150838322235723,0.031015733165203844,-0.06739217221064522,0.04073120565611846,-0.08137009040754285,0.06097263615878568,linear
shuffle,2048,detail_energy_share_percentile_correlation,D_07,D_07,correlation,100,1.0,0.9999999999999999,1.578002294430506e-16,0.9999999999999998,1.0,0.9999999999999998,1.0,linear
shuffle,2048,detail_energy_share_percentile_correlation,D_07,D_08,correlation,100,-0.004811232771442779,-0.004770829459260474,0.024873147973824887,-0.04240704604187543,0.03570433770713671,-0.07556306835372113,0.059000818942577915,linear
shuffle,2048,detail_energy_share_percentile_correlation,D_07,D_09,correlation,100,-0.0024129062222212295,-0.0026217203811782124,0.02054898632137059,-0.03305693188321094,0.029080615186382344,-0.04907398127032936,0.0416464754974643,linear
shuffle,2048,detail_energy_share_percentile_correlation,D_08,D_01,correlation,100,-0.053815393074195784,-0.055821493469554034,0.02833736978387188,-0.09873148204535297,-0.00600504734375843,-0.1268794242084725,0.017671635726863606,linear
shuffle,2048,detail_energy_share_percentile_correlation,D_08,D_02,correlation,100,-0.03738050502787784,-0.03842120403614957,0.026723697396853128,-0.08524103301340759,0.006406614001689273,-0.10127396393833246,0.038475605339840874,linear
shuffle,2048,detail_energy_share_percentile_correlation,D_08,D_03,correlation,100,-0.019309524910980827,-0.02102239756406933,0.027930000308471644,-0.06356782538389624,0.026995034295462007,-0.08518760296031141,0.05603260732015049,linear
shuffle,2048,detail_energy_share_percentile_correlation,D_08,D_04,correlation,100,-0.016026733695355132,-0.01672648983183609,0.02646222280235267,-0.06103286478426812,0.026316848233176367,-0.09099840676546804,0.03981175603792711,linear
shuffle,2048,detail_energy_share_percentile_correlation,D_08,D_05,correlation,100,-0.013529705428601697,-0.01351158128535021,0.02268034521449297,-0.0520586611800806,0.019952746359026826,-0.07742375981401418,0.04409556849183304,linear
shuffle,2048,detail_energy_share_percentile_correlation,D_08,D_06,correlation,100,-0.010736332677691009,-0.01057748868018157,0.028023651303979363,-0.05513021295693629,0.03040541041442727,-0.07505908691068258,0.049837502395156164,linear
shuffle,2048,detail_energy_share_percentile_correlation,D_08,D_07,correlation,100,-0.004811232771442779,-0.004770829459260474,0.024873147973824887,-0.04240704604187543,0.03570433770713671,-0.07556306835372115,0.059000818942577915,linear
shuffle,2048,detail_energy_share_percentile_correlation,D_08,D_08,correlation,100,1.0,1.0,1.3756705068195783e-16,0.9999999999999998,1.0,0.9999999999999998,1.0,linear
shuffle,2048,detail_energy_share_percentile_correlation,D_08,D_09,correlation,100,-0.0017715107761925905,-0.002222628912580004,0.021617522620906698,-0.03713999256516121,0.03220085164916453,-0.06241979191085971,0.045471153818240115,linear
shuffle,2048,detail_energy_share_percentile_correlation,D_09,D_01,correlation,100,-0.03837536487633515,-0.03586630126048822,0.029229003403305948,-0.08726230068201332,0.003796856744770851,-0.10193436853449973,0.030609113203070623,linear
shuffle,2048,detail_energy_share_percentile_correlation,D_09,D_02,correlation,100,-0.021277678671013177,-0.021082116660182844,0.025596497585453588,-0.06330327653578739,0.019164248551712747,-0.08010111469447381,0.04491155278188102,linear
shuffle,2048,detail_energy_share_percentile_correlation,D_09,D_03,correlation,100,-0.013859540451081238,-0.010100428856672826,0.02855921621032402,-0.06451882757644857,0.026283309021438512,-0.08801956973787683,0.06165189497762425,linear
shuffle,2048,detail_energy_share_percentile_correlation,D_09,D_04,correlation,100,-0.011297059950282112,-0.010101051271428206,0.02706917985760178,-0.053773085172862035,0.033787715009873404,-0.07520035106518984,0.05136606723417623,linear
shuffle,2048,detail_energy_share_percentile_correlation,D_09,D_05,correlation,100,-0.008661430555274328,-0.0031914621971935626,0.030261017338099078,-0.06646669869375962,0.032251085973323046,-0.07654190135670294,0.07686438927470816,linear
shuffle,2048,detail_energy_share_percentile_correlation,D_09,D_06,correlation,100,-0.007578234732610957,-0.007475717830764684,0.022960553920432544,-0.044701195317907526,0.02643106923003892,-0.07071158237675738,0.05892929432547358,linear
shuffle,2048,detail_energy_share_percentile_correlation,D_09,D_07,correlation,100,-0.0024129062222212295,-0.002621720381178213,0.02054898632137059,-0.03305693188321094,0.029080615186382344,-0.04907398127032936,0.0416464754974643,linear
shuffle,2048,detail_energy_share_percentile_correlation,D_09,D_08,correlation,100,-0.0017715107761925905,-0.0022226289125800037,0.021617522620906698,-0.03713999256516121,0.03220085164916453,-0.06241979191085971,0.045471153818240115,linear
shuffle,2048,detail_energy_share_percentile_correlation,D_09,D_09,correlation,100,1.0,1.0,1.4802973661668753e-16,0.9999999999999998,1.0,0.9999999999999998,1.0,linear
shuffle,2048,rms_volatility_correlation,D_01,D_01,correlation,100,1.0,1.0,6.601257207645297e-17,0.9999999999999999,1.0,0.9999999999999998,1.0,linear
shuffle,2048,rms_volatility_correlation,D_01,D_02,correlation,100,0.8707291992675897,0.8716705031080607,0.011274346191979734,0.8515715943185379,0.8864414656533478,0.8350890266445825,0.8998616308684592,linear
shuffle,2048,rms_volatility_correlation,D_01,D_03,correlation,100,0.8095086344389584,0.811241336699871,0.014578415239103611,0.7844897015271852,0.8314822315445578,0.7764009839038276,0.8451978906042148,linear
shuffle,2048,rms_volatility_correlation,D_01,D_04,correlation,100,0.7102767509654361,0.7094015672323382,0.020062599907897303,0.6796163257291421,0.7408364382010283,0.6550170924169454,0.7481450462431198,linear
shuffle,2048,rms_volatility_correlation,D_01,D_05,correlation,100,0.5953520823410395,0.5966416159772508,0.028878918905255534,0.545790357286769,0.6387635361005897,0.5339726377128496,0.6699072223997442,linear
shuffle,2048,rms_volatility_correlation,D_01,D_06,correlation,100,0.459380818555351,0.4566675753948017,0.03104101178571749,0.4111865932381412,0.5092549131590713,0.38517004017144574,0.5513957317805736,linear
shuffle,2048,rms_volatility_correlation,D_01,D_07,correlation,100,0.3461687283663043,0.3452134716825369,0.03007998822610171,0.2945799055044525,0.3946124736400343,0.24565211713414328,0.42576277895453735,linear
shuffle,2048,rms_volatility_correlation,D_01,D_08,correlation,100,0.2558848782028494,0.25421086923143427,0.031052116477188023,0.20028704116374746,0.3025005207137544,0.1784060197928497,0.3276787365277618,linear
shuffle,2048,rms_volatility_correlation,D_01,D_09,correlation,100,0.1770481480384542,0.177917094133809,0.03126791857140037,0.13069656380235053,0.22388283471835715,0.10178633574545635,0.26453439472057855,linear
shuffle,2048,rms_volatility_correlation,D_02,D_01,correlation,100,0.8707291992675897,0.8716705031080606,0.011274346191979725,0.8515715943185378,0.8864414656533478,0.8350890266445825,0.8998616308684592,linear
shuffle,2048,rms_volatility_correlation,D_02,D_02,correlation,100,1.0,1.0,5.579080615598709e-17,0.9999999999999999,1.0,0.9999999999999999,1.0,linear
shuffle,2048,rms_volatility_correlation,D_02,D_03,correlation,100,0.7734155822081513,0.7718645426981803,0.017880864949694115,0.7465051983156155,0.805118856964849,0.7294541109873016,0.8194451821313055,linear
shuffle,2048,rms_volatility_correlation,D_02,D_04,correlation,100,0.6820987939707936,0.6843500191276795,0.0205230909432898,0.6477787800216839,0.7146674092907932,0.6275465159962094,0.7310334395525409,linear
shuffle,2048,rms_volatility_correlation,D_02,D_05,correlation,100,0.570281327163538,0.5734907230680512,0.03239404479860225,0.5166648239951889,0.6194551448594029,0.48174429172950817,0.6471650762156008,linear
shuffle,2048,rms_volatility_correlation,D_02,D_06,correlation,100,0.44141283550425775,0.44181232883207877,0.03409607633405384,0.3875582626060057,0.49047932652160803,0.3726579599223144,0.5429968071945005,linear
shuffle,2048,rms_volatility_correlation,D_02,D_07,correlation,100,0.33221178759342096,0.33274172215250775,0.027892119743005078,0.2817033837111775,0.3747425577365652,0.23945618260736348,0.3929149036205608,linear
shuffle,2048,rms_volatility_correlation,D_02,D_08,correlation,100,0.2426524615471801,0.24418235351690767,0.030936391457175895,0.1899368023028754,0.2873117239887022,0.16604030342877507,0.3128567867982777,linear
shuffle,2048,rms_volatility_correlation,D_02,D_09,correlation,100,0.16963418424335203,0.1726552240562064,0.032958170572099384,0.11687824740458823,0.223842445166018,0.08203716093693962,0.2555818052016666,linear
shuffle,2048,rms_volatility_correlation,D_03,D_01,correlation,100,0.8095086344389584,0.811241336699871,0.014578415239103604,0.7844897015271853,0.8314822315445577,0.7764009839038276,0.8451978906042147,linear
shuffle,2048,rms_volatility_correlation,D_03,D_02,correlation,100,0.7734155822081513,0.7718645426981803,0.017880864949694115,0.7465051983156155,0.805118856964849,0.7294541109873017,0.8194451821313055,linear
shuffle,2048,rms_volatility_correlation,D_03,D_03,correlation,100,1.0,1.0,1.1379136370738026e-16,0.9999999999999998,1.0,0.9999999999999998,1.0,linear
shuffle,2048,rms_volatility_correlation,D_03,D_04,correlation,100,0.6315941740107565,0.6353930102944878,0.02386643819145082,0.5880209991301855,0.6598481987344943,0.563896320677928,0.6944620512568448,linear
shuffle,2048,rms_volatility_correlation,D_03,D_05,correlation,100,0.5268546556204715,0.5273870122991307,0.03165677061349696,0.4753863352021914,0.5747928010483957,0.450320381692679,0.5949001940637033,linear
shuffle,2048,rms_volatility_correlation,D_03,D_06,correlation,100,0.40792566940304986,0.4105966571147306,0.03143447294819373,0.3608094302872395,0.4620796904309049,0.3238543096476741,0.4765846464791601,linear
shuffle,2048,rms_volatility_correlation,D_03,D_07,correlation,100,0.3082265761765753,0.30297356601768244,0.030759993284047084,0.2672218692548898,0.3598563641913897,0.2070314459795916,0.38620568703908614,linear
shuffle,2048,rms_volatility_correlation,D_03,D_08,correlation,100,0.2275233664997652,0.22975809419587429,0.02972613797546326,0.1779428322815257,0.27333553267543087,0.15374996615423167,0.30467746141754537,linear
shuffle,2048,rms_volatility_correlation,D_03,D_09,correlation,100,0.15798437507022903,0.15577586678770616,0.03186922259328553,0.11178102353251029,0.21162811125607117,0.07404633093458089,0.2507367006649489,linear
shuffle,2048,rms_volatility_correlation,D_04,D_01,correlation,100,0.7102767509654361,0.7094015672323383,0.020062599907897306,0.6796163257291421,0.7408364382010284,0.6550170924169454,0.7481450462431198,linear
shuffle,2048,rms_volatility_correlation,D_04,D_02,correlation,100,0.6820987939707936,0.6843500191276795,0.020523090943289808,0.6477787800216839,0.7146674092907933,0.6275465159962094,0.7310334395525409,linear
shuffle,2048,rms_volatility_correlation,D_04,D_03,correlation,100,0.6315941740107565,0.6353930102944878,0.023866438191450817,0.5880209991301855,0.6598481987344943,0.563896320677928,0.6944620512568448,linear
shuffle,2048,rms_volatility_correlation,D_04,D_04,correlation,100,1.0,1.0,5.1133118458483815e-17,0.9999999999999999,1.0,0.9999999999999999,1.0,linear
shuffle,2048,rms_volatility_correlation,D_04,D_05,correlation,100,0.46508939753540335,0.4681300049087486,0.03787439221986915,0.39882870485740296,0.5232390331109409,0.3541697050858771,0.545270324535585,linear
shuffle,2048,rms_volatility_correlation,D_04,D_06,correlation,100,0.3571022093516841,0.3540382346876436,0.03394003119185787,0.3073694468212138,0.40590093882681,0.26425489398811697,0.43369594113149024,linear
shuffle,2048,rms_volatility_correlation,D_04,D_07,correlation,100,0.268264658146429,0.2674856284117147,0.03124503162593456,0.21919269792202817,0.325298539991675,0.19221537787941628,0.33686093781272497,linear
shuffle,2048,rms_volatility_correlation,D_04,D_08,correlation,100,0.19751083959982307,0.19864006010341323,0.03065225933479876,0.14788184112182137,0.24529279588808248,0.0964535414650929,0.268889549946903,linear
shuffle,2048,rms_volatility_correlation,D_04,D_09,correlation,100,0.1373056781526517,0.1393526843359491,0.03178342704308905,0.09078900916135839,0.18739283454884914,0.057664347267375196,0.20954619069159516,linear
shuffle,2048,rms_volatility_correlation,D_05,D_01,correlation,100,0.5953520823410395,0.5966416159772508,0.028878918905255548,0.545790357286769,0.6387635361005897,0.5339726377128496,0.6699072223997442,linear
shuffle,2048,rms_volatility_correlation,D_05,D_02,correlation,100,0.570281327163538,0.5734907230680512,0.032394044798602244,0.5166648239951889,0.6194551448594029,0.48174429172950817,0.6471650762156008,linear
shuffle,2048,rms_volatility_correlation,D_05,D_03,correlation,100,0.5268546556204715,0.5273870122991308,0.03165677061349696,0.47538633520219137,0.5747928010483958,0.450320381692679,0.5949001940637032,linear
shuffle,2048,rms_volatility_correlation,D_05,D_04,correlation,100,0.4650893975354034,0.46813000490874856,0.03787439221986915,0.39882870485740296,0.5232390331109409,0.3541697050858771,0.545270324535585,linear
shuffle,2048,rms_volatility_correlation,D_05,D_05,correlation,100,1.0,1.0,5.689568185369013e-17,0.9999999999999999,1.0,0.9999999999999999,1.0,linear
shuffle,2048,rms_volatility_correlation,D_05,D_06,correlation,100,0.3033270137109377,0.29763339630689123,0.041679759609187385,0.2501066936920885,0.36955700418892756,0.17087225704199008,0.41540996372707784,linear
shuffle,2048,rms_volatility_correlation,D_05,D_07,correlation,100,0.22748633362713222,0.22233857292790868,0.030719750852007188,0.17931945823318368,0.2798963692840554,0.16069403106935443,0.30725641982326896,linear
shuffle,2048,rms_volatility_correlation,D_05,D_08,correlation,100,0.16546416656976398,0.1667416357999736,0.024095268892871446,0.12869911878196347,0.20491234896371258,0.10363150082836609,0.22685890111600723,linear
shuffle,2048,rms_volatility_correlation,D_05,D_09,correlation,100,0.11465309747728714,0.11767024126792656,0.029414257275271423,0.06428962919159585,0.16022323715238782,0.04851369067773887,0.18422885180297513,linear
shuffle,2048,rms_volatility_correlation,D_06,D_01,correlation,100,0.4593808185553511,0.45666757539480174,0.0310410117857175,0.4111865932381412,0.5092549131590713,0.38517004017144574,0.5513957317805736,linear
shuffle,2048,rms_volatility_correlation,D_06,D_02,correlation,100,0.44141283550425775,0.4418123288320788,0.03409607633405386,0.3875582626060057,0.49047932652160803,0.3726579599223143,0.5429968071945005,linear
shuffle,2048,rms_volatility_correlation,D_06,D_03,correlation,100,0.40792566940304986,0.4105966571147306,0.03143447294819374,0.3608094302872395,0.4620796904309049,0.3238543096476741,0.47658464647916005,linear
shuffle,2048,rms_volatility_correlation,D_06,D_04,correlation,100,0.3571022093516841,0.35403823468764356,0.03394003119185788,0.3073694468212138,0.40590093882681,0.26425489398811697,0.43369594113149024,linear
shuffle,2048,rms_volatility_correlation,D_06,D_05,correlation,100,0.3033270137109377,0.29763339630689123,0.041679759609187385,0.2501066936920885,0.36955700418892756,0.17087225704199008,0.41540996372707784,linear
shuffle,2048,rms_volatility_correlation,D_06,D_06,correlation,100,1.0,1.0,1.0818238689255901e-16,0.9999999999999998,1.0,0.9999999999999998,1.0,linear
shuffle,2048,rms_volatility_correlation,D_06,D_07,correlation,100,0.17146947940478255,0.16911419525342397,0.031747973967763646,0.12097484351179195,0.22110366812136797,0.09725002528897947,0.2587806374494954,linear
shuffle,2048,rms_volatility_correlation,D_06,D_08,correlation,100,0.12677854941598132,0.12488829690726733,0.029607817280999763,0.07725575277146488,0.17289421098100524,0.045219673574341514,0.20210879690336994,linear
shuffle,2048,rms_volatility_correlation,D_06,D_09,correlation,100,0.0866130985406875,0.09029045327018914,0.027946668204730275,0.03905500943059653,0.12688440112638683,0.012790851700649466,0.1648858460010988,linear
shuffle,2048,rms_volatility_correlation,D_07,D_01,correlation,100,0.3461687283663043,0.3452134716825369,0.030079988226101712,0.2945799055044525,0.39461247364003427,0.24565211713414328,0.4257627789545374,linear
shuffle,2048,rms_volatility_correlation,D_07,D_02,correlation,100,0.33221178759342096,0.33274172215250775,0.027892119743005074,0.2817033837111775,0.37474255773656523,0.23945618260736345,0.3929149036205608,linear
shuffle,2048,rms_volatility_correlation,D_07,D_03,correlation,100,0.3082265761765753,0.30297356601768244,0.030759993284047084,0.2672218692548897,0.3598563641913897,0.2070314459795916,0.3862056870390862,linear
shuffle,2048,rms_volatility_correlation,D_07,D_04,correlation,100,0.26826465814642897,0.2674856284117147,0.03124503162593456,0.21919269792202817,0.325298539991675,0.19221537787941628,0.33686093781272497,linear
shuffle,2048,rms_volatility_correlation,D_07,D_05,correlation,100,0.22748633362713222,0.2223385729279087,0.03071975085200719,0.17931945823318368,0.2798963692840554,0.16069403106935443,0.30725641982326896,linear
shuffle,2048,rms_volatility_correlation,D_07,D_06,correlation,100,0.17146947940478255,0.16911419525342397,0.031747973967763646,0.12097484351179195,0.22110366812136797,0.09725002528897946,0.2587806374494954,linear
shuffle,2048,rms_volatility_correlation,D_07,D_07,correlation,100,1.0,1.0,1.1379136370738026e-16,0.9999999999999998,1.0,0.9999999999999998,1.0,linear
shuffle,2048,rms_volatility_correlation,D_07,D_08,correlation,100,0.09758042428757427,0.09716002751070957,0.02604982056510406,0.050539297283349306,0.14046516177326163,0.036497738962501115,0.15845651785436746,linear
shuffle,2048,rms_volatility_correlation,D_07,D_09,correlation,100,0.06900879577743003,0.06896786520326822,0.021513713818228596,0.030462676088446012,0.10267635875423663,0.014008455148840257,0.11644009299989068,linear
shuffle,2048,rms_volatility_correlation,D_08,D_01,correlation,100,0.2558848782028494,0.25421086923143427,0.031052116477188026,0.2002870411637475,0.3025005207137544,0.1784060197928497,0.32767873652776186,linear
shuffle,2048,rms_volatility_correlation,D_08,D_02,correlation,100,0.2426524615471801,0.24418235351690765,0.030936391457175895,0.1899368023028754,0.28731172398870225,0.16604030342877507,0.31285678679827766,linear
shuffle,2048,rms_volatility_correlation,D_08,D_03,correlation,100,0.2275233664997652,0.22975809419587426,0.02972613797546326,0.1779428322815257,0.27333553267543087,0.15374996615423167,0.3046774614175453,linear
shuffle,2048,rms_volatility_correlation,D_08,D_04,correlation,100,0.19751083959982307,0.19864006010341323,0.030652259334798763,0.14788184112182137,0.24529279588808248,0.0964535414650929,0.268889549946903,linear
shuffle,2048,rms_volatility_correlation,D_08,D_05,correlation,100,0.16546416656976398,0.1667416357999736,0.02409526889287145,0.12869911878196347,0.20491234896371258,0.10363150082836607,0.22685890111600726,linear
shuffle,2048,rms_volatility_correlation,D_08,D_06,correlation,100,0.12677854941598132,0.1248882969072673,0.029607817280999763,0.07725575277146489,0.17289421098100524,0.045219673574341514,0.20210879690336994,linear
shuffle,2048,rms_volatility_correlation,D_08,D_07,correlation,100,0.09758042428757427,0.09716002751070957,0.02604982056510406,0.050539297283349306,0.14046516177326163,0.03649773896250111,0.15845651785436746,linear
shuffle,2048,rms_volatility_correlation,D_08,D_08,correlation,100,1.0,1.0,1.0702532274956488e-16,0.9999999999999998,1.0,0.9999999999999998,1.0,linear
shuffle,2048,rms_volatility_correlation,D_08,D_09,correlation,100,0.05025620690165377,0.051536802511687546,0.02407814643873267,0.013219727924393236,0.09031926261295954,-0.0038491732073250304,0.10875471941984337,linear
shuffle,2048,rms_volatility_correlation,D_09,D_01,correlation,100,0.1770481480384542,0.17791709413380902,0.03126791857140036,0.13069656380235056,0.22388283471835715,0.10178633574545635,0.2645343947205785,linear
shuffle,2048,rms_volatility_correlation,D_09,D_02,correlation,100,0.16963418424335203,0.1726552240562064,0.032958170572099384,0.11687824740458824,0.22384244516601798,0.08203716093693962,0.2555818052016667,linear
shuffle,2048,rms_volatility_correlation,D_09,D_03,correlation,100,0.15798437507022903,0.15577586678770616,0.03186922259328553,0.11178102353251029,0.21162811125607117,0.07404633093458088,0.25073670066494885,linear
shuffle,2048,rms_volatility_correlation,D_09,D_04,correlation,100,0.1373056781526517,0.1393526843359491,0.03178342704308905,0.09078900916135839,0.18739283454884914,0.057664347267375196,0.20954619069159516,linear
shuffle,2048,rms_volatility_correlation,D_09,D_05,correlation,100,0.11465309747728714,0.11767024126792655,0.029414257275271423,0.06428962919159584,0.1602232371523878,0.04851369067773886,0.1842288518029751,linear
shuffle,2048,rms_volatility_correlation,D_09,D_06,correlation,100,0.0866130985406875,0.09029045327018914,0.027946668204730275,0.039055009430596525,0.12688440112638683,0.012790851700649466,0.1648858460010988,linear
shuffle,2048,rms_volatility_correlation,D_09,D_07,correlation,100,0.06900879577743003,0.06896786520326822,0.021513713818228596,0.03046267608844601,0.10267635875423664,0.014008455148840257,0.11644009299989067,linear
shuffle,2048,rms_volatility_correlation,D_09,D_08,correlation,100,0.05025620690165377,0.051536802511687546,0.02407814643873267,0.013219727924393236,0.09031926261295954,-0.0038491732073250304,0.10875471941984335,linear
shuffle,2048,rms_volatility_correlation,D_09,D_09,correlation,100,1.0,1.0,1.0932720593655597e-16,0.9999999999999998,1.0,0.9999999999999998,1.0,linear
shuffle,8192,detail_energy_share_percentile_correlation,D_01,D_01,correlation,100,1.0,1.0,1.0932720593655597e-16,0.9999999999999998,1.0,0.9999999999999998,1.0,linear
shuffle,8192,detail_energy_share_percentile_correlation,D_01,D_02,correlation,100,-0.5622516020069657,-0.5605066399371377,0.06284651388805709,-0.6708434921184278,-0.47312346471405137,-0.7069160814768098,-0.43617527813515167,linear
shuffle,8192,detail_energy_share_percentile_correlation,D_01,D_03,correlation,100,-0.3488400916470805,-0.3494568090919258,0.06957195403906548,-0.4420275346746723,-0.24512052010769286,-0.5902142530412211,-0.17789206347597197,linear
shuffle,8192,detail_energy_share_percentile_correlation,D_01,D_04,correlation,100,-0.2599280131741374,-0.2639060140359097,0.08676178821936956,-0.39619827659687934,-0.13160461580072802,-0.48846976814029525,-0.07510013864315611,linear
shuffle,8192,detail_energy_share_percentile_correlation,D_01,D_05,correlation,100,-0.16925183992799897,-0.16600439659702404,0.07880674374864893,-0.30264815841345627,-0.04646748285204541,-0.403844702669709,0.004858414883728014,linear
shuffle,8192,detail_energy_share_percentile_correlation,D_01,D_06,correlation,100,-0.12517711364844017,-0.1239598090265904,0.062262769187547064,-0.23392712097398982,-0.031231252751739987,-0.2932281425890762,0.021573487078315457,linear
shuffle,8192,detail_energy_share_percentile_correlation,D_01,D_07,correlation,100,-0.09527272837051784,-0.09915913609723409,0.04356688531590534,-0.16813533240273448,-0.03136066515618589,-0.21552740883026342,0.013384860528130553,linear
shuffle,8192,detail_energy_share_percentile_correlation,D_01,D_08,correlation,100,-0.0642944987935671,-0.06212584545248101,0.05229994440442513,-0.15333053502676833,0.017348775403267673,-0.204205402226721,0.05285159181716529,linear
shuffle,8192,detail_energy_share_percentile_correlation,D_01,D_09,correlation,100,-0.04666487928720295,-0.03754987514140025,0.05013465273679717,-0.139007529606607,0.014743057397088876,-0.1901853906362889,0.11225842243476522,linear
shuffle,8192,detail_energy_share_percentile_correlation,D_02,D_01,correlation,100,-0.5622516020069657,-0.5605066399371377,0.06284651388805709,-0.6708434921184278,-0.47312346471405137,-0.7069160814768098,-0.43617527813515167,linear
shuffle,8192,detail_energy_share_percentile_correlation,D_02,D_02,correlation,100,1.0,1.0,1.0932720593655597e-16,0.9999999999999998,1.0,0.9999999999999998,1.0,linear
shuffle,8192,detail_energy_share_percentile_correlation,D_02,D_03,correlation,100,-0.2163814407505776,-0.21453988075100844,0.08204881393473389,-0.34321345906419093,-0.09118577485960043,-0.3965870720502754,0.040637601981398125,linear
shuffle,8192,detail_energy_share_percentile_correlation,D_02,D_04,correlation,100,-0.13539645861571295,-0.13452338661709468,0.08530605424848046,-0.26970405558159727,-0.006903569490097413,-0.32430971164392675,0.10510739114235002,linear
shuffle,8192,detail_energy_share_percentile_correlation,D_02,D_05,correlation,100,-0.0920061865655568,-0.09230569431321546,0.08060074704166521,-0.22928337346949404,0.030589557780175386,-0.2991276755540685,0.18797797050108658,linear
shuffle,8192,detail_energy_share_percentile_correlation,D_02,D_06,correlation,100,-0.053673393435763314,-0.04814052465396887,0.06730417471169316,-0.1648585075386074,0.052050591539536104,-0.20431560786352934,0.163863645859186,linear
shuffle,8192,detail_energy_share_percentile_correlation,D_02,D_07,correlation,100,-0.03683357091271876,-0.03146087860157175,0.05481841215251901,-0.12866904623728198,0.04440001537787738,-0.18611393173452356,0.08389494800201454,linear
shuffle,8192,detail_energy_share_percentile_correlation,D_02,D_08,correlation,100,-0.029521312593896454,-0.024389322535176124,0.05406443752303968,-0.1134097085467343,0.060729259833241345,-0.16992784361496255,0.12321317357087763,linear
shuffle,8192,detail_energy_share_percentile_correlation,D_02,D_09,correlation,100,-0.014449163938795443,-0.01821635890847781,0.04676739626717572,-0.08175907226748891,0.07437781629742678,-0.10756166981684558,0.10278531301639673,linear
shuffle,8192,detail_energy_share_percentile_correlation,D_03,D_01,correlation,100,-0.3488400916470805,-0.3494568090919258,0.06957195403906548,-0.4420275346746723,-0.24512052010769286,-0.5902142530412211,-0.17789206347597197,linear
shuffle,8192,detail_energy_share_percentile_correlation,D_03,D_02,correlation,100,-0.2163814407505776,-0.21453988075100844,0.08204881393473389,-0.34321345906419093,-0.09118577485960043,-0.3965870720502754,0.040637601981398125,linear
shuffle,8192,detail_energy_share_percentile_correlation,D_03,D_03,correlation,100,1.0,1.0,1.1808687882604262e-16,0.9999999999999998,1.0,0.9999999999999998,1.0,linear
shuffle,8192,detail_energy_share_percentile_correlation,D_03,D_04,correlation,100,-0.08353121053525486,-0.08766478843622377,0.07995107488963883,-0.20728017952236966,0.05312247133894977,-0.29964016064999455,0.08330027884795314,linear
shuffle,8192,detail_energy_share_percentile_correlation,D_03,D_05,correlation,100,-0.08312633688859475,-0.07837198481697358,0.09314907318515181,-0.23319443235114812,0.05049382419448494,-0.3678518666883383,0.18375507938633545,linear
shuffle,8192,detail_energy_share_percentile_correlation,D_03,D_06,correlation,100,-0.04823321883908505,-0.05232115418610531,0.06963507745762414,-0.15622666741605545,0.07096580755417545,-0.20374928528836186,0.137598342290158,linear
shuffle,8192,detail_energy_share_percentile_correlation,D_03,D_07,correlation,100,-0.026629753896937135,-0.01930635262501596,0.050058777738239184,-0.10852646450336029,0.04500806611786597,-0.13177266115286895,0.08862685804061173,linear
shuffle,8192,detail_energy_share_percentile_correlation,D_03,D_08,correlation,100,-0.01729652625079335,-0.0247683436069307,0.05209107192465664,-0.09496221872432867,0.07892437114413976,-0.16261413331292887,0.10119375786387791,linear
shuffle,8192,detail_energy_share_percentile_correlation,D_03,D_09,correlation,100,-0.015098315354646619,-0.01421661957952651,0.05116283009592256,-0.10122898975134907,0.05629779024821181,-0.14251361059554388,0.16330522093846717,linear
shuffle,8192,detail_energy_share_percentile_correlation,D_04,D_01,correlation,100,-0.2599280131741374,-0.2639060140359097,0.08676178821936956,-0.39619827659687934,-0.13160461580072802,-0.48846976814029525,-0.07510013864315611,linear
shuffle,8192,detail_energy_share_percentile_correlation,D_04,D_02,correlation,100,-0.13539645861571295,-0.13452338661709468,0.08530605424848046,-0.26970405558159727,-0.006903569490097413,-0.32430971164392675,0.10510739114235002,linear
shuffle,8192,detail_energy_share_percentile_correlation,D_04,D_03,correlation,100,-0.08353121053525486,-0.08766478843622377,0.07995107488963883,-0.20728017952236966,0.05312247133894977,-0.29964016064999455,0.08330027884795314,linear
shuffle,8192,detail_energy_share_percentile_correlation,D_04,D_04,correlation,100,1.0,1.0,1.1595901302887535e-16,0.9999999999999998,1.0,0.9999999999999998,1.0,linear
shuffle,8192,detail_energy_share_percentile_correlation,D_04,D_05,correlation,100,-0.040710644879079216,-0.03911166258447256,0.08678692881113974,-0.17876829735403227,0.09002756765921308,-0.3211269561556439,0.19056837730706824,linear
shuffle,8192,detail_energy_share_percentile_correlation,D_04,D_06,correlation,100,-0.04193113182705918,-0.054677147501387455,0.06751377260151295,-0.13638031175497095,0.07120941079882553,-0.15770680291431277,0.11933686910217305,linear
shuffle,8192,detail_energy_share_percentile_correlation,D_04,D_07,correlation,100,-0.025436304604369808,-0.025666570794086234,0.05652354867561285,-0.11198952440801974,0.059576342943214705,-0.16034386141483697,0.08271998200870338,linear
shuffle,8192,detail_energy_share_percentile_correlation,D_04,D_08,correlation,100,-0.014183744689069643,-0.01531231943526295,0.04980280209714494,-0.0915004726479702,0.06368290227880688,-0.14604153569909392,0.10516339851985503,linear
shuffle,8192,detail_energy_share_percentile_correlation,D_04,D_09,correlation,100,-0.007874908972916934,-0.009519192735231295,0.045840317980870855,-0.07873613679318926,0.07076232055524641,-0.14485343254089308,0.11489098087489237,linear
shuffle,8192,detail_energy_share_percentile_correlation,D_05,D_01,correlation,100,-0.16925183992799897,-0.16600439659702404,0.07880674374864893,-0.30264815841345627,-0.04646748285204541,-0.403844702669709,0.004858414883728014,linear
shuffle,8192,detail_energy_share_percentile_correlation,D_05,D_02,correlation,100,-0.0920061865655568,-0.09230569431321546,0.08060074704166521,-0.22928337346949404,0.030589557780175386,-0.2991276755540685,0.18797797050108658,linear
shuffle,8192,detail_energy_share_percentile_correlation,D_05,D_03,correlation,100,-0.08312633688859475,-0.07837198481697358,0.09314907318515181,-0.23319443235114812,0.05049382419448494,-0.3678518666883383,0.18375507938633545,linear
shuffle,8192,detail_energy_share_percentile_correlation,D_05,D_04,correlation,100,-0.040710644879079216,-0.03911166258447256,0.08678692881113974,-0.17876829735403227,0.09002756765921308,-0.3211269561556439,0.19056837730706824,linear
shuffle,8192,detail_energy_share_percentile_correlation,D_05,D_05,correlation,100,1.0,1.0,1.1379136370738026e-16,0.9999999999999998,1.0,0.9999999999999998,1.0,linear
shuffle,8192,detail_energy_share_percentile_correlation,D_05,D_06,correlation,100,-0.01121859328499601,-0.0017341836611282336,0.07177763054941275,-0.11249508029052188,0.09708081659734386,-0.31125267719863675,0.13998471679007424,linear
shuffle,8192,detail_energy_share_percentile_correlation,D_05,D_07,correlation,100,-0.008229556131321104,-0.017992985734912894,0.05622401343233819,-0.09357075621923516,0.09521348258198213,-0.13111496133671402,0.14404116306695994,linear
shuffle,8192,detail_energy_share_percentile_correlation,D_05,D_08,correlation,100,-0.01380236279633023,-0.010460941998977229,0.04850074646486619,-0.08882444349023254,0.06288311926117908,-0.13936027433596626,0.09440810285183593,linear
shuffle,8192,detail_energy_share_percentile_correlation,D_05,D_09,correlation,100,-0.0199168441837502,-0.020377320783902003,0.04875810725255776,-0.09951793212944356,0.04827458482246729,-0.16429480635856966,0.10634178148796503,linear
shuffle,8192,detail_energy_share_percentile_correlation,D_06,D_01,correlation,100,-0.12517711364844017,-0.1239598090265904,0.062262769187547064,-0.23392712097398982,-0.031231252751739987,-0.2932281425890762,0.021573487078315457,linear
shuffle,8192,detail_energy_share_percentile_correlation,D_06,D_02,correlation,100,-0.053673393435763314,-0.04814052465396887,0.06730417471169316,-0.1648585075386074,0.052050591539536104,-0.20431560786352934,0.163863645859186,linear
shuffle,8192,detail_energy_share_percentile_correlation,D_06,D_03,correlation,100,-0.04823321883908505,-0.05232115418610531,0.06963507745762414,-0.15622666741605545,0.07096580755417545,-0.20374928528836186,0.137598342290158,linear
shuffle,8192,detail_energy_share_percentile_correlation,D_06,D_04,correlation,100,-0.041931131827059175,-0.054677147501387455,0.06751377260151295,-0.13638031175497095,0.07120941079882553,-0.15770680291431277,0.11933686910217305,linear
shuffle,8192,detail_energy_share_percentile_correlation,D_06,D_05,correlation,100,-0.011218593284996015,-0.0017341836611282336,0.07177763054941275,-0.11249508029052188,0.09708081659734386,-0.31125267719863675,0.13998471679007424,linear
shuffle,8192,detail_energy_share_percentile_correlation,D_06,D_06,correlation,100,1.0,1.0,1.0932720593655597e-16,0.9999999999999998,1.0,0.9999999999999998,1.0,linear
shuffle,8192,detail_energy_share_percentile_correlation,D_06,D_07,correlation,100,-0.026299179944683625,-0.02944179087644619,0.06383463805662161,-0.13847362259818963,0.07878470520635071,-0.1518248795943132,0.129688342305439,linear
shuffle,8192,detail_energy_share_percentile_correlation,D_06,D_08,correlation,100,-0.0159464620278426,-0.01627101678965303,0.046480700251294076,-0.09137802862841962,0.06493424559752352,-0.1241709372950462,0.08175044597148996,linear
shuffle,8192,detail_energy_share_percentile_correlation,D_06,D_09,correlation,100,-0.012213987711339127,-0.01484685352266138,0.04164803084958103,-0.07910668318602039,0.05394737087307019,-0.12241924201078086,0.0666802915803587,linear
shuffle,8192,detail_energy_share_percentile_correlation,D_07,D_01,correlation,100,-0.09527272837051784,-0.09915913609723409,0.04356688531590534,-0.16813533240273448,-0.03136066515618589,-0.21552740883026342,0.013384860528130553,linear
shuffle,8192,detail_energy_share_percentile_correlation,D_07,D_02,correlation,100,-0.03683357091271876,-0.03146087860157175,0.05481841215251901,-0.12866904623728198,0.04440001537787738,-0.18611393173452356,0.08389494800201454,linear
shuffle,8192,detail_energy_share_percentile_correlation,D_07,D_03,correlation,100,-0.02662975389693713,-0.01930635262501596,0.05005877773823918,-0.10852646450336027,0.04500806611786597,-0.13177266115286895,0.08862685804061171,linear
shuffle,8192,detail_energy_share_percentile_correlation,D_07,D_04,correlation,100,-0.025436304604369808,-0.025666570794086237,0.05652354867561285,-0.11198952440801974,0.059576342943214705,-0.16034386141483697,0.08271998200870338,linear
shuffle,8192,detail_energy_share_percentile_correlation,D_07,D_05,correlation,100,-0.008229556131321106,-0.017992985734912894,0.056224013432338196,-0.09357075621923516,0.09521348258198213,-0.13111496133671402,0.14404116306695994,linear
shuffle,8192,detail_energy_share_percentile_correlation,D_07,D_06,correlation,100,-0.026299179944683625,-0.02944179087644619,0.06383463805662161,-0.13847362259818963,0.07878470520635071,-0.1518248795943132,0.129688342305439,linear
shuffle,8192,detail_energy_share_percentile_correlation,D_07,D_07,correlation,100,1.0,1.0,1.0226623691696763e-16,0.9999999999999998,1.0,0.9999999999999998,1.0,linear
shuffle,8192,detail_energy_share_percentile_correlation,D_07,D_08,correlation,100,-0.006140414444604998,-0.007248322270218963,0.0467328754122748,-0.08674275993989132,0.06872048941157105,-0.12724607298543378,0.10539913101947838,linear
shuffle,8192,detail_energy_share_percentile_correlation,D_07,D_09,correlation,100,-0.0073600160949650615,-0.010025140928779815,0.034506668237334746,-0.06289690836458509,0.051369529984457006,-0.09857487403166608,0.0661904409608214,linear
shuffle,8192,detail_energy_share_percentile_correlation,D_08,D_01,correlation,100,-0.0642944987935671,-0.06212584545248101,0.05229994440442513,-0.15333053502676833,0.017348775403267673,-0.204205402226721,0.05285159181716529,linear
shuffle,8192,detail_energy_share_percentile_correlation,D_08,D_02,correlation,100,-0.029521312593896454,-0.024389322535176124,0.05406443752303968,-0.1134097085467343,0.060729259833241345,-0.16992784361496255,0.12321317357087763,linear
shuffle,8192,detail_energy_share_percentile_correlation,D_08,D_03,correlation,100,-0.01729652625079335,-0.0247683436069307,0.05209107192465664,-0.09496221872432867,0.07892437114413976,-0.16261413331292887,0.10119375786387791,linear
shuffle,8192,detail_energy_share_percentile_correlation,D_08,D_04,correlation,100,-0.014183744689069643,-0.01531231943526295,0.04980280209714494,-0.0915004726479702,0.06368290227880688,-0.14604153569909392,0.10516339851985503,linear
shuffle,8192,detail_energy_share_percentile_correlation,D_08,D_05,correlation,100,-0.01380236279633023,-0.010460941998977229,0.04850074646486619,-0.08882444349023254,0.06288311926117908,-0.13936027433596626,0.09440810285183593,linear
shuffle,8192,detail_energy_share_percentile_correlation,D_08,D_06,correlation,100,-0.0159464620278426,-0.01627101678965303,0.046480700251294076,-0.09137802862841962,0.06493424559752352,-0.1241709372950462,0.08175044597148996,linear
shuffle,8192,detail_energy_share_percentile_correlation,D_08,D_07,correlation,100,-0.006140414444604998,-0.007248322270218963,0.0467328754122748,-0.08674275993989132,0.06872048941157105,-0.12724607298543378,0.10539913101947838,linear
shuffle,8192,detail_energy_share_percentile_correlation,D_08,D_08,correlation,100,1.0,1.0,9.20125546877979e-17,0.9999999999999998,1.0,0.9999999999999998,1.0,linear
shuffle,8192,detail_energy_share_percentile_correlation,D_08,D_09,correlation,100,-0.003627508823737359,-0.004383568316816773,0.04005259008240093,-0.07071221659058294,0.060322067615625044,-0.09805563549078442,0.090792610314933,linear
shuffle,8192,detail_energy_share_percentile_correlation,D_09,D_01,correlation,100,-0.04666487928720295,-0.03754987514140025,0.05013465273679717,-0.139007529606607,0.014743057397088876,-0.1901853906362889,0.11225842243476522,linear
shuffle,8192,detail_energy_share_percentile_correlation,D_09,D_02,correlation,100,-0.014449163938795443,-0.01821635890847781,0.04676739626717572,-0.08175907226748891,0.07437781629742678,-0.10756166981684558,0.10278531301639673,linear
shuffle,8192,detail_energy_share_percentile_correlation,D_09,D_03,correlation,100,-0.015098315354646619,-0.01421661957952651,0.05116283009592256,-0.10122898975134907,0.05629779024821181,-0.14251361059554388,0.16330522093846717,linear
shuffle,8192,detail_energy_share_percentile_correlation,D_09,D_04,correlation,100,-0.007874908972916934,-0.009519192735231295,0.045840317980870855,-0.07873613679318926,0.07076232055524641,-0.14485343254089308,0.11489098087489237,linear
shuffle,8192,detail_energy_share_percentile_correlation,D_09,D_05,correlation,100,-0.0199168441837502,-0.020377320783902003,0.04875810725255776,-0.09951793212944356,0.04827458482246729,-0.16429480635856966,0.10634178148796503,linear
shuffle,8192,detail_energy_share_percentile_correlation,D_09,D_06,correlation,100,-0.012213987711339127,-0.01484685352266138,0.04164803084958103,-0.07910668318602039,0.05394737087307019,-0.12241924201078086,0.0666802915803587,linear
shuffle,8192,detail_energy_share_percentile_correlation,D_09,D_07,correlation,100,-0.0073600160949650615,-0.010025140928779815,0.034506668237334746,-0.06289690836458509,0.051369529984457006,-0.09857487403166608,0.0661904409608214,linear
shuffle,8192,detail_energy_share_percentile_correlation,D_09,D_08,correlation,100,-0.003627508823737359,-0.004383568316816773,0.04005259008240093,-0.07071221659058294,0.060322067615625044,-0.09805563549078442,0.090792610314933,linear
shuffle,8192,detail_energy_share_percentile_correlation,D_09,D_09,correlation,100,1.0,1.0,1.0226623691696763e-16,0.9999999999999998,1.0,0.9999999999999998,1.0,linear
shuffle,8192,rms_volatility_correlation,D_01,D_01,correlation,100,1.0,1.0,8.926528984957934e-17,0.9999999999999998,1.0,0.9999999999999998,1.0,linear
shuffle,8192,rms_volatility_correlation,D_01,D_02,correlation,100,0.8785093451744385,0.8823173963471986,0.021607779078960266,0.8386112597926261,0.9091916358008519,0.8246845749758765,0.9277540491727307,linear
shuffle,8192,rms_volatility_correlation,D_01,D_03,correlation,100,0.8225927402254619,0.827181114682912,0.025319137334464104,0.7791428012886555,0.8561411528268592,0.735719258579901,0.8824496890399914,linear
shuffle,8192,rms_volatility_correlation,D_01,D_04,correlation,100,0.7218035508819842,0.7301004086591383,0.04095707383695042,0.642626490294583,0.7783354299071088,0.5963847278826986,0.805748844225637,linear
shuffle,8192,rms_volatility_correlation,D_01,D_05,correlation,100,0.613014308074195,0.6153729856578362,0.05490807616429928,0.5174609218993943,0.6885819254460516,0.46306386125205795,0.7267025788680908,linear
shuffle,8192,rms_volatility_correlation,D_01,D_06,correlation,100,0.47628204957933634,0.4734496910964352,0.05274562988808505,0.3872986505688422,0.5586670798177501,0.34959816512115505,0.5992798479475252,linear
shuffle,8192,rms_volatility_correlation,D_01,D_07,correlation,100,0.35787004653048093,0.3583302125967357,0.0556649813923712,0.27771091468693054,0.44372326067858703,0.1773235396827696,0.4637024113933564,linear
shuffle,8192,rms_volatility_correlation,D_01,D_08,correlation,100,0.26748887851958675,0.26868001887704984,0.049921399043254516,0.18973405711511154,0.3480724963612031,0.10163300036221562,0.39146899456621836,linear
shuffle,8192,rms_volatility_correlation,D_01,D_09,correlation,100,0.18761141068750653,0.18610313276245427,0.05125488142818266,0.10886887644316291,0.2701336750704662,0.053049677419479545,0.31516735238951343,linear
shuffle,8192,rms_volatility_correlation,D_02,D_01,correlation,100,0.8785093451744386,0.8823173963471986,0.021607779078960263,0.8386112597926261,0.909191635800852,0.8246845749758765,0.9277540491727307,linear
shuffle,8192,rms_volatility_correlation,D_02,D_02,correlation,100,1.0,1.0,6.506270137403996e-17,0.9999999999999999,1.0,0.9999999999999999,1.0,linear
shuffle,8192,rms_volatility_correlation,D_02,D_03,correlation,100,0.7862576713506811,0.7880464771713653,0.0343763032010053,0.7272136263549684,0.8382054500116085,0.6983919783960333,0.865786791163087,linear
shuffle,8192,rms_volatility_correlation,D_02,D_04,correlation,100,0.6963763291297209,0.69651891530559,0.041135831473299724,0.6293956464215105,0.7611995055372748,0.5923893712693868,0.8002414504267472,linear
shuffle,8192,rms_volatility_correlation,D_02,D_05,correlation,100,0.5899445317270843,0.5898281285191016,0.05855291148048892,0.5029182479229293,0.6756284803870748,0.43697401821902515,0.7007872861448793,linear
shuffle,8192,rms_volatility_correlation,D_02,D_06,correlation,100,0.46304416668149806,0.4604127695901202,0.05715812339011151,0.3660619005408807,0.5484572542432078,0.3233698278424022,0.5950072454095349,linear
shuffle,8192,rms_volatility_correlation,D_02,D_07,correlation,100,0.349929664513277,0.3455495333339398,0.05226147550928525,0.28183866278220987,0.4343828430479998,0.2059030879727766,0.46121698848900555,linear
shuffle,8192,rms_volatility_correlation,D_02,D_08,correlation,100,0.25899865145976503,0.2590616087417591,0.0506310937353569,0.17831563440288814,0.3349417596881633,0.12209443176580942,0.39613361143332343,linear
shuffle,8192,rms_volatility_correlation,D_02,D_09,correlation,100,0.1832695905163515,0.1806769109400684,0.05261673547231043,0.09541219046399206,0.27690547157332596,0.02809511962961938,0.31756829995880775,linear
shuffle,8192,rms_volatility_correlation,D_03,D_01,correlation,100,0.8225927402254619,0.827181114682912,0.025319137334464094,0.7791428012886555,0.8561411528268592,0.735719258579901,0.8824496890399913,linear
shuffle,8192,rms_volatility_correlation,D_03,D_02,correlation,100,0.7862576713506813,0.7880464771713653,0.034376303201005314,0.7272136263549684,0.8382054500116086,0.6983919783960332,0.8657867911630869,linear
shuffle,8192,rms_volatility_correlation,D_03,D_03,correlation,100,1.0,1.0,9.598613229286501e-17,0.9999999999999998,1.0,0.9999999999999998,1.0,linear
shuffle,8192,rms_volatility_correlation,D_03,D_04,correlation,100,0.65100601197333,0.6587929578322995,0.04601722750447963,0.5689338024345315,0.7179468383011673,0.5401502990403515,0.7549207266967445,linear
shuffle,8192,rms_volatility_correlation,D_03,D_05,correlation,100,0.5437655543936465,0.5463513916650876,0.05861201897630643,0.44223393923295323,0.628771690728959,0.34443899223598157,0.6616071673949889,linear
shuffle,8192,rms_volatility_correlation,D_03,D_06,correlation,100,0.428802809792767,0.429534934536681,0.053160642286145136,0.3389526192356599,0.50809868975224,0.28111783748997365,0.5354150081448183,linear
shuffle,8192,rms_volatility_correlation,D_03,D_07,correlation,100,0.32600006786302965,0.3202243774741661,0.05648791219397039,0.2457606055979965,0.4184744390827446,0.1709052305867226,0.43974725279277677,linear
shuffle,8192,rms_volatility_correlation,D_03,D_08,correlation,100,0.24218511762408762,0.24346492361765876,0.05558522323203314,0.15779133605509144,0.3214398454069253,0.07621363695248132,0.3860766267477317,linear
shuffle,8192,rms_volatility_correlation,D_03,D_09,correlation,100,0.169097038737682,0.17012465043303576,0.055789548808513154,0.07771786008553348,0.25705769957504576,0.029436557354565906,0.3251643175932781,linear
shuffle,8192,rms_volatility_correlation,D_04,D_01,correlation,100,0.7218035508819842,0.7301004086591382,0.040957073836950415,0.6426264902945831,0.7783354299071087,0.5963847278826986,0.805748844225637,linear
shuffle,8192,rms_volatility_correlation,D_04,D_02,correlation,100,0.6963763291297209,0.69651891530559,0.04113583147329972,0.6293956464215105,0.7611995055372749,0.5923893712693868,0.8002414504267473,linear
shuffle,8192,rms_volatility_correlation,D_04,D_03,correlation,100,0.65100601197333,0.6587929578322995,0.046017227504479646,0.5689338024345315,0.7179468383011673,0.5401502990403515,0.7549207266967446,linear
shuffle,8192,rms_volatility_correlation,D_04,D_04,correlation,100,1.0,1.0,6.212601245777255e-17,0.9999999999999999,1.0,0.9999999999999999,1.0,linear
shuffle,8192,rms_volatility_correlation,D_04,D_05,correlation,100,0.48470565762782153,0.48219893101284905,0.07993999160717422,0.35997090579803975,0.5882057125540207,0.24436912142324707,0.6628779098839483,linear
shuffle,8192,rms_volatility_correlation,D_04,D_06,correlation,100,0.37022288852975593,0.37102979544923287,0.060225067468542524,0.27107463963696654,0.4742468410946384,0.2133739351554683,0.491536345850724,linear
shuffle,8192,rms_volatility_correlation,D_04,D_07,correlation,100,0.28080778221766534,0.28673248732207657,0.05985626208198449,0.16903649599284756,0.36836299691174895,0.09646638530280298,0.424500315174147,linear
shuffle,8192,rms_volatility_correlation,D_04,D_08,correlation,100,0.21136286998377507,0.20608224346753232,0.05354069019254169,0.12092617957703622,0.2884953302748684,0.047670448292722475,0.3504416471369328,linear
shuffle,8192,rms_volatility_correlation,D_04,D_09,correlation,100,0.15079849979111837,0.14561633602229626,0.05167730372575977,0.0665275553875729,0.23685486377001533,0.0038638703793914438,0.3167953097387502,linear
shuffle,8192,rms_volatility_correlation,D_05,D_01,correlation,100,0.613014308074195,0.6153729856578362,0.05490807616429928,0.5174609218993943,0.6885819254460517,0.4630638612520579,0.7267025788680908,linear
shuffle,8192,rms_volatility_correlation,D_05,D_02,correlation,100,0.5899445317270843,0.5898281285191016,0.05855291148048892,0.5029182479229294,0.6756284803870748,0.43697401821902515,0.7007872861448794,linear
shuffle,8192,rms_volatility_correlation,D_05,D_03,correlation,100,0.5437655543936465,0.5463513916650875,0.05861201897630645,0.44223393923295323,0.6287716907289591,0.3444389922359815,0.6616071673949888,linear
shuffle,8192,rms_volatility_correlation,D_05,D_04,correlation,100,0.48470565762782153,0.48219893101284905,0.07993999160717422,0.35997090579803975,0.5882057125540207,0.24436912142324707,0.6628779098839482,linear
shuffle,8192,rms_volatility_correlation,D_05,D_05,correlation,100,1.0,1.0,5.4663602968277986e-17,0.9999999999999999,1.0,0.9999999999999999,1.0,linear
shuffle,8192,rms_volatility_correlation,D_05,D_06,correlation,100,0.3247848301981026,0.3233702564399388,0.07359664888555979,0.20319525643257969,0.4387732161203307,0.07980943205010242,0.46919664669577527,linear
shuffle,8192,rms_volatility_correlation,D_05,D_07,correlation,100,0.24793568470821095,0.24963074688510417,0.053908214520124835,0.1630991425301516,0.3297586058389173,0.11446777202156003,0.38117483691473086,linear
shuffle,8192,rms_volatility_correlation,D_05,D_08,correlation,100,0.17724103846416348,0.18656213919700054,0.05048675458677898,0.08586558586250749,0.2459343068832895,0.04791262360059307,0.2910384128667738,linear
shuffle,8192,rms_volatility_correlation,D_05,D_09,correlation,100,0.11739915575852945,0.11666847568034919,0.054395116270807155,0.027577924864194563,0.1979971774949264,-0.02888052588202427,0.2268307325912421,linear
shuffle,8192,rms_volatility_correlation,D_06,D_01,correlation,100,0.47628204957933634,0.4734496910964352,0.05274562988808504,0.3872986505688423,0.5586670798177501,0.34959816512115505,0.5992798479475252,linear
shuffle,8192,rms_volatility_correlation,D_06,D_02,correlation,100,0.46304416668149806,0.4604127695901201,0.05715812339011152,0.3660619005408807,0.5484572542432079,0.3233698278424022,0.5950072454095349,linear
shuffle,8192,rms_volatility_correlation,D_06,D_03,correlation,100,0.428802809792767,0.429534934536681,0.053160642286145136,0.3389526192356599,0.5080986897522402,0.28111783748997365,0.5354150081448183,linear
shuffle,8192,rms_volatility_correlation,D_06,D_04,correlation,100,0.37022288852975593,0.37102979544923287,0.060225067468542524,0.27107463963696654,0.4742468410946384,0.21337393515546832,0.491536345850724,linear
shuffle,8192,rms_volatility_correlation,D_06,D_05,correlation,100,0.32478483019810256,0.3233702564399387,0.07359664888555979,0.20319525643257969,0.4387732161203307,0.07980943205010242,0.4691966466957752,linear
shuffle,8192,rms_volatility_correlation,D_06,D_06,correlation,100,1.0,1.0,8.57074626950444e-17,0.9999999999999998,1.0,0.9999999999999998,1.0,linear
shuffle,8192,rms_volatility_correlation,D_06,D_07,correlation,100,0.17763144545658405,0.18525005322293953,0.05937860239423417,0.08968637637482961,0.2864829649921403,0.04274643045942912,0.3425966104420303,linear
shuffle,8192,rms_volatility_correlation,D_06,D_08,correlation,100,0.13437552977346398,0.13281239759634866,0.048929368332398575,0.049654955535880015,0.20793713457540422,0.01754427679706537,0.2564955346694487,linear
shuffle,8192,rms_volatility_correlation,D_06,D_09,correlation,100,0.09358861189532865,0.08991302748829269,0.04707175876715702,0.022434336451491267,0.1679677453617483,-0.04617231557949615,0.21248595189348288,linear
shuffle,8192,rms_volatility_correlation,D_07,D_01,correlation,100,0.35787004653048093,0.3583302125967357,0.05566498139237121,0.27771091468693054,0.44372326067858703,0.1773235396827696,0.46370241139335633,linear
shuffle,8192,rms_volatility_correlation,D_07,D_02,correlation,100,0.349929664513277,0.3455495333339398,0.05226147550928525,0.2818386627822098,0.4343828430479998,0.20590308797277657,0.4612169884890056,linear
shuffle,8192,rms_volatility_correlation,D_07,D_03,correlation,100,0.32600006786302965,0.3202243774741661,0.05648791219397039,0.24576060559799653,0.4184744390827446,0.1709052305867226,0.43974725279277677,linear
shuffle,8192,rms_volatility_correlation,D_07,D_04,correlation,100,0.28080778221766534,0.28673248732207657,0.05985626208198449,0.16903649599284756,0.3683629969117489,0.09646638530280296,0.424500315174147,linear
shuffle,8192,rms_volatility_correlation,D_07,D_05,correlation,100,0.24793568470821095,0.24963074688510417,0.053908214520124835,0.1630991425301516,0.32975860583891725,0.11446777202156003,0.3811748369147309,linear
shuffle,8192,rms_volatility_correlation,D_07,D_06,correlation,100,0.17763144545658405,0.18525005322293953,0.05937860239423417,0.08968637637482962,0.2864829649921403,0.04274643045942913,0.3425966104420303,linear
shuffle,8192,rms_volatility_correlation,D_07,D_07,correlation,100,1.0,1.0,1.0585561196991748e-16,0.9999999999999998,1.0,0.9999999999999998,1.0,linear
shuffle,8192,rms_volatility_correlation,D_07,D_08,correlation,100,0.10527370080378545,0.10334405062940275,0.04998614232318946,0.0029155272980103245,0.17996896389676323,-0.019374750522881623,0.21949772517530208,linear
shuffle,8192,rms_volatility_correlation,D_07,D_09,correlation,100,0.0739015284903173,0.07671646463842624,0.038917113570102004,0.008380931627299484,0.14277201224339195,-0.014618235238452005,0.15341521265108066,linear
shuffle,8192,rms_volatility_correlation,D_08,D_01,correlation,100,0.26748887851958675,0.26868001887704984,0.049921399043254516,0.18973405711511154,0.3480724963612031,0.10163300036221562,0.39146899456621836,linear
shuffle,8192,rms_volatility_correlation,D_08,D_02,correlation,100,0.2589986514597651,0.2590616087417591,0.05063109373535691,0.17831563440288814,0.3349417596881633,0.12209443176580943,0.39613361143332343,linear
shuffle,8192,rms_volatility_correlation,D_08,D_03,correlation,100,0.24218511762408762,0.24346492361765878,0.055585223232033146,0.1577913360550914,0.3214398454069253,0.07621363695248132,0.3860766267477317,linear
shuffle,8192,rms_volatility_correlation,D_08,D_04,correlation,100,0.21136286998377507,0.20608224346753232,0.05354069019254169,0.12092617957703623,0.2884953302748684,0.047670448292722475,0.3504416471369328,linear
shuffle,8192,rms_volatility_correlation,D_08,D_05,correlation,100,0.17724103846416348,0.18656213919700054,0.05048675458677898,0.08586558586250749,0.24593430688328946,0.04791262360059307,0.29103841286677384,linear
shuffle,8192,rms_volatility_correlation,D_08,D_06,correlation,100,0.13437552977346395,0.13281239759634866,0.04892936833239857,0.04965495553588002,0.20793713457540422,0.017544276797065366,0.2564955346694487,linear
shuffle,8192,rms_volatility_correlation,D_08,D_07,correlation,100,0.10527370080378545,0.10334405062940275,0.04998614232318946,0.002915527298010324,0.17996896389676326,-0.01937475052288162,0.2194977251753021,linear
shuffle,8192,rms_volatility_correlation,D_08,D_08,correlation,100,1.0,1.0,1.0932720593655597e-16,0.9999999999999998,1.0,0.9999999999999998,1.0,linear
shuffle,8192,rms_volatility_correlation,D_08,D_09,correlation,100,0.05492204161974632,0.05432759191318663,0.044763528256907,-0.02282032583989613,0.12251412516909468,-0.04912950775954953,0.14628287896136538,linear
shuffle,8192,rms_volatility_correlation,D_09,D_01,correlation,100,0.18761141068750653,0.18610313276245427,0.051254881428182665,0.10886887644316291,0.2701336750704662,0.053049677419479545,0.3151673523895135,linear
shuffle,8192,rms_volatility_correlation,D_09,D_02,correlation,100,0.1832695905163515,0.1806769109400684,0.05261673547231043,0.09541219046399205,0.27690547157332596,0.028095119629619383,0.31756829995880775,linear
shuffle,8192,rms_volatility_correlation,D_09,D_03,correlation,100,0.169097038737682,0.17012465043303576,0.055789548808513154,0.07771786008553348,0.2570576995750458,0.02943655735456591,0.325164317593278,linear
shuffle,8192,rms_volatility_correlation,D_09,D_04,correlation,100,0.15079849979111837,0.1456163360222963,0.051677303725759766,0.0665275553875729,0.2368548637700153,0.0038638703793914433,0.31679530973875025,linear
shuffle,8192,rms_volatility_correlation,D_09,D_05,correlation,100,0.11739915575852945,0.11666847568034919,0.054395116270807155,0.02757792486419456,0.1979971774949264,-0.02888052588202427,0.2268307325912421,linear
shuffle,8192,rms_volatility_correlation,D_09,D_06,correlation,100,0.09358861189532865,0.08991302748829269,0.04707175876715702,0.022434336451491267,0.1679677453617483,-0.046172315579496144,0.21248595189348288,linear
shuffle,8192,rms_volatility_correlation,D_09,D_07,correlation,100,0.0739015284903173,0.07671646463842624,0.038917113570102004,0.008380931627299484,0.14277201224339195,-0.014618235238452007,0.15341521265108068,linear
shuffle,8192,rms_volatility_correlation,D_09,D_08,correlation,100,0.05492204161974632,0.05432759191318663,0.044763528256907,-0.022820325839896134,0.12251412516909468,-0.04912950775954952,0.14628287896136538,linear
shuffle,8192,rms_volatility_correlation,D_09,D_09,correlation,100,1.0,1.0,1.262401835544405e-16,0.9999999999999998,1.0,0.9999999999999998,1.0,linear
