baseline_type,window_length,correlation_kind,component_i,component_j,metric,empirical_value,baseline_median,baseline_p05,baseline_p95,difference_from_median,percentile_rank,inside_envelope,above_envelope,below_envelope,n_simulations,quantile_method,outside_envelope
gaussian,2048,detail_energy_share_percentile_correlation,D_01,D_01,correlation,0.9999999999999998,1.0,0.9999999999999998,1.0,-2.220446049250313e-16,0.31,True,False,False,100,linear,False
gaussian,2048,detail_energy_share_percentile_correlation,D_01,D_02,correlation,-0.6237189771348612,-0.5650451088095424,-0.6194077756323071,-0.5205536619562176,-0.058673868325318845,0.04,False,False,True,100,linear,True
gaussian,2048,detail_energy_share_percentile_correlation,D_01,D_03,correlation,-0.40632262323868046,-0.3582636313789475,-0.40952384851302487,-0.30543865177052915,-0.04805899185973295,0.09,True,False,False,100,linear,False
gaussian,2048,detail_energy_share_percentile_correlation,D_01,D_04,correlation,-0.3475138726914567,-0.24669159063295099,-0.3126214064289224,-0.19737481071088464,-0.10082228205850574,0.0,False,False,True,100,linear,True
gaussian,2048,detail_energy_share_percentile_correlation,D_01,D_05,correlation,-0.24998738982979338,-0.1693768748301731,-0.2261106196840016,-0.10345407483370049,-0.08061051499962027,0.02,False,False,True,100,linear,True
gaussian,2048,detail_energy_share_percentile_correlation,D_01,D_06,correlation,-0.15900544542562084,-0.127698814692354,-0.18191184250104364,-0.07240112432172494,-0.03130663073326684,0.16,True,False,False,100,linear,False
gaussian,2048,detail_energy_share_percentile_correlation,D_01,D_07,correlation,-0.1497786382104312,-0.0893335509094633,-0.12743077308677067,-0.03996004471737356,-0.0604450873009679,0.0,False,False,True,100,linear,True
gaussian,2048,detail_energy_share_percentile_correlation,D_01,D_08,correlation,-0.10173030156778368,-0.05994458185528688,-0.10493276025585416,-0.02291618843754323,-0.0417857197124968,0.06,True,False,False,100,linear,False
gaussian,2048,detail_energy_share_percentile_correlation,D_01,D_09,correlation,-0.06713192169630458,-0.04137831944318644,-0.08149935420924416,0.008177138977614656,-0.025753602253118138,0.16,True,False,False,100,linear,False
gaussian,2048,detail_energy_share_percentile_correlation,D_02,D_01,correlation,-0.6237189771348612,-0.5650451088095424,-0.6194077756323071,-0.5205536619562176,-0.058673868325318845,0.04,False,False,True,100,linear,True
gaussian,2048,detail_energy_share_percentile_correlation,D_02,D_02,correlation,1.0,1.0,0.9999999999999998,1.0,0.0,1.0,True,False,False,100,linear,False
gaussian,2048,detail_energy_share_percentile_correlation,D_02,D_03,correlation,-0.15336960124480617,-0.21248167973338644,-0.27533118250134425,-0.15888694289146296,0.05911207848858027,0.97,False,True,False,100,linear,True
gaussian,2048,detail_energy_share_percentile_correlation,D_02,D_04,correlation,-0.052445860854895075,-0.14009594963361627,-0.1894102159744117,-0.06458879033970419,0.08765008877872119,0.96,False,True,False,100,linear,True
gaussian,2048,detail_energy_share_percentile_correlation,D_02,D_05,correlation,-0.046450480535729956,-0.10122288957239017,-0.17750657118831586,-0.03510216404685048,0.05477240903666022,0.91,True,False,False,100,linear,False
gaussian,2048,detail_energy_share_percentile_correlation,D_02,D_06,correlation,0.035683190256923,-0.05961660999793001,-0.11317778443298628,-0.005592043705629673,0.09529980025485302,1.0,False,True,False,100,linear,True
gaussian,2048,detail_energy_share_percentile_correlation,D_02,D_07,correlation,0.059720176250335114,-0.04435257925011757,-0.08764929934449235,-0.006513908925666265,0.10407275550045268,1.0,False,True,False,100,linear,True
gaussian,2048,detail_energy_share_percentile_correlation,D_02,D_08,correlation,0.00503725605852006,-0.029719090641935432,-0.06820004227730408,0.01420855111237524,0.03475634670045549,0.9,True,False,False,100,linear,False
gaussian,2048,detail_energy_share_percentile_correlation,D_02,D_09,correlation,-0.04260266525523938,-0.024895142155176502,-0.07587622317701205,0.0210531760100783,-0.01770752310006288,0.25,True,False,False,100,linear,False
gaussian,2048,detail_energy_share_percentile_correlation,D_03,D_01,correlation,-0.40632262323868046,-0.35826363137894757,-0.4095238485130248,-0.30543865177052915,-0.04805899185973289,0.09,True,False,False,100,linear,False
gaussian,2048,detail_energy_share_percentile_correlation,D_03,D_02,correlation,-0.15336960124480617,-0.21248167973338644,-0.27533118250134425,-0.15888694289146296,0.05911207848858027,0.97,False,True,False,100,linear,True
gaussian,2048,detail_energy_share_percentile_correlation,D_03,D_03,correlation,1.0,1.0,0.9999999999999998,1.0,0.0,1.0,True,False,False,100,linear,False
gaussian,2048,detail_energy_share_percentile_correlation,D_03,D_04,correlation,-0.01306481546412288,-0.09514814373715519,-0.16802954887874794,-0.01930939523639267,0.0820833282730323,0.98,False,True,False,100,linear,True
gaussian,2048,detail_energy_share_percentile_correlation,D_03,D_05,correlation,-0.007282334438815756,-0.06978916189150122,-0.12611850810026176,0.003514002722333798,0.06250682745268546,0.91,True,False,False,100,linear,False
gaussian,2048,detail_energy_share_percentile_correlation,D_03,D_06,correlation,-0.06079659385270213,-0.04395301697129261,-0.10276659621364269,0.013786118072482633,-0.016843576881409514,0.39,True,False,False,100,linear,False
gaussian,2048,detail_energy_share_percentile_correlation,D_03,D_07,correlation,-0.0345933434745129,-0.027643223274935097,-0.07079672438892755,0.019550073860581108,-0.006950120199577803,0.44,True,False,False,100,linear,False
gaussian,2048,detail_energy_share_percentile_correlation,D_03,D_08,correlation,0.03675816961584827,-0.020000441252797076,-0.06464070467471819,0.02043397919716469,0.056758610868645344,0.99,False,True,False,100,linear,True
gaussian,2048,detail_energy_share_percentile_correlation,D_03,D_09,correlation,0.03342386832213795,-0.017478706421380486,-0.062129981349207344,0.0273883236006225,0.05090257474351843,0.95,False,True,False,100,linear,True
gaussian,2048,detail_energy_share_percentile_correlation,D_04,D_01,correlation,-0.3475138726914567,-0.24669159063295099,-0.31262140642892244,-0.19737481071088464,-0.10082228205850574,0.0,False,False,True,100,linear,True
gaussian,2048,detail_energy_share_percentile_correlation,D_04,D_02,correlation,-0.052445860854895075,-0.14009594963361627,-0.1894102159744117,-0.06458879033970419,0.08765008877872119,0.96,False,True,False,100,linear,True
gaussian,2048,detail_energy_share_percentile_correlation,D_04,D_03,correlation,-0.01306481546412288,-0.09514814373715519,-0.16802954887874794,-0.01930939523639267,0.0820833282730323,0.98,False,True,False,100,linear,True
gaussian,2048,detail_energy_share_percentile_correlation,D_04,D_04,correlation,1.0,1.0,0.9999999999999998,1.0,0.0,1.0,True,False,False,100,linear,False
gaussian,2048,detail_energy_share_percentile_correlation,D_04,D_05,correlation,0.10349966602376716,-0.04458218776252498,-0.12724236872201672,0.02229155113070047,0.14808185378629213,1.0,False,True,False,100,linear,True
gaussian,2048,detail_energy_share_percentile_correlation,D_04,D_06,correlation,0.044838933849114485,-0.03420675338078508,-0.09245176481513855,0.029201816608353536,0.07904568722989956,0.99,False,True,False,100,linear,True
gaussian,2048,detail_energy_share_percentile_correlation,D_04,D_07,correlation,0.03818274974487947,-0.017452714061263495,-0.06747894377153994,0.021135411687087304,0.05563546380614297,0.99,False,True,False,100,linear,True
gaussian,2048,detail_energy_share_percentile_correlation,D_04,D_08,correlation,0.0013808136830641819,-0.02020365458058459,-0.06571081967327903,0.02872635801224378,0.021584468263648772,0.77,True,False,False,100,linear,False
gaussian,2048,detail_energy_share_percentile_correlation,D_04,D_09,correlation,0.049035903448005604,-0.008291313838710596,-0.051957711251008155,0.03178413162779256,0.0573272172867162,0.98,False,True,False,100,linear,True
gaussian,2048,detail_energy_share_percentile_correlation,D_05,D_01,correlation,-0.24998738982979338,-0.1693768748301731,-0.2261106196840016,-0.10345407483370048,-0.08061051499962027,0.02,False,False,True,100,linear,True
gaussian,2048,detail_energy_share_percentile_correlation,D_05,D_02,correlation,-0.04645048053572995,-0.10122288957239017,-0.17750657118831586,-0.03510216404685048,0.054772409036660225,0.91,True,False,False,100,linear,False
gaussian,2048,detail_energy_share_percentile_correlation,D_05,D_03,correlation,-0.007282334438815756,-0.06978916189150122,-0.12611850810026176,0.003514002722333798,0.06250682745268546,0.91,True,False,False,100,linear,False
gaussian,2048,detail_energy_share_percentile_correlation,D_05,D_04,correlation,0.10349966602376715,-0.04458218776252498,-0.12724236872201672,0.02229155113070047,0.14808185378629213,1.0,False,True,False,100,linear,True
gaussian,2048,detail_energy_share_percentile_correlation,D_05,D_05,correlation,1.0,1.0,0.9999999999999998,1.0,0.0,1.0,True,False,False,100,linear,False
gaussian,2048,detail_energy_share_percentile_correlation,D_05,D_06,correlation,0.04237123385288841,-0.018176023993565278,-0.07675760744298835,0.044280581496002336,0.060547257846453685,0.94,True,False,False,100,linear,False
gaussian,2048,detail_energy_share_percentile_correlation,D_05,D_07,correlation,0.04828595401875003,-0.014804824993358253,-0.05960721884268036,0.025773169489702052,0.06309077901210829,0.99,False,True,False,100,linear,True
gaussian,2048,detail_energy_share_percentile_correlation,D_05,D_08,correlation,0.03704760265677518,-0.012781370256736257,-0.055709203376317185,0.032476674820718046,0.04982897291351144,0.97,False,True,False,100,linear,True
gaussian,2048,detail_energy_share_percentile_correlation,D_05,D_09,correlation,0.05169790809727296,-0.008141970289864207,-0.05735243308262905,0.026989871670456654,0.05983987838713717,1.0,False,True,False,100,linear,True
gaussian,2048,detail_energy_share_percentile_correlation,D_06,D_01,correlation,-0.15900544542562084,-0.127698814692354,-0.1819118425010436,-0.07240112432172494,-0.03130663073326684,0.16,True,False,False,100,linear,False
gaussian,2048,detail_energy_share_percentile_correlation,D_06,D_02,correlation,0.035683190256923,-0.05961660999793001,-0.11317778443298628,-0.005592043705629674,0.09529980025485302,1.0,False,True,False,100,linear,True
gaussian,2048,detail_energy_share_percentile_correlation,D_06,D_03,correlation,-0.06079659385270213,-0.04395301697129262,-0.1027665962136427,0.013786118072482634,-0.016843576881409507,0.39,True,False,False,100,linear,False
gaussian,2048,detail_energy_share_percentile_correlation,D_06,D_04,correlation,0.044838933849114485,-0.034206753380785083,-0.09245176481513855,0.02920181660835354,0.07904568722989957,0.99,False,True,False,100,linear,True
gaussian,2048,detail_energy_share_percentile_correlation,D_06,D_05,correlation,0.0423712338528884,-0.018176023993565278,-0.07675760744298835,0.044280581496002336,0.06054725784645368,0.94,True,False,False,100,linear,False
gaussian,2048,detail_energy_share_percentile_correlation,D_06,D_06,correlation,0.9999999999999998,1.0,0.9999999999999998,1.0,-2.220446049250313e-16,0.4,True,False,False,100,linear,False
gaussian,2048,detail_energy_share_percentile_correlation,D_06,D_07,correlation,0.1255848684123499,-0.019996476994331804,-0.07013675544673309,0.03808707325390667,0.1455813454066817,1.0,False,True,False,100,linear,True
gaussian,2048,detail_energy_share_percentile_correlation,D_06,D_08,correlation,0.10165434006418722,-0.011410406505311797,-0.050359631045693874,0.03588691496823558,0.11306474656949903,1.0,False,True,False,100,linear,True
gaussian,2048,detail_energy_share_percentile_correlation,D_06,D_09,correlation,0.035105988552843755,-0.004278363052756284,-0.05177161316560124,0.039543897448458154,0.03938435160560004,0.92,True,False,False,100,linear,False
gaussian,2048,detail_energy_share_percentile_correlation,D_07,D_01,correlation,-0.1497786382104312,-0.0893335509094633,-0.12743077308677067,-0.03996004471737356,-0.0604450873009679,0.0,False,False,True,100,linear,True
gaussian,2048,detail_energy_share_percentile_correlation,D_07,D_02,correlation,0.059720176250335114,-0.04435257925011756,-0.08764929934449235,-0.006513908925666265,0.10407275550045267,1.0,False,True,False,100,linear,True
gaussian,2048,detail_energy_share_percentile_correlation,D_07,D_03,correlation,-0.0345933434745129,-0.027643223274935097,-0.07079672438892755,0.019550073860581108,-0.006950120199577803,0.44,True,False,False,100,linear,False
gaussian,2048,detail_energy_share_percentile_correlation,D_07,D_04,correlation,0.03818274974487947,-0.017452714061263495,-0.06747894377153994,0.021135411687087304,0.05563546380614297,0.99,False,True,False,100,linear,True
gaussian,2048,detail_energy_share_percentile_correlation,D_07,D_05,correlation,0.04828595401875003,-0.014804824993358253,-0.05960721884268036,0.02577316948970205,0.06309077901210829,0.99,False,True,False,100,linear,True
gaussian,2048,detail_energy_share_percentile_correlation,D_07,D_06,correlation,0.1255848684123499,-0.019996476994331804,-0.07013675544673309,0.03808707325390667,0.1455813454066817,1.0,False,True,False,100,linear,True
gaussian,2048,detail_energy_share_percentile_correlation,D_07,D_07,correlation,0.9999999999999998,1.0,0.9999999999999998,1.0,-2.220446049250313e-16,0.44,True,False,False,100,linear,False
gaussian,2048,detail_energy_share_percentile_correlation,D_07,D_08,correlation,0.14455150238788128,-0.004634631513641085,-0.04324074635723812,0.0387307980435301,0.14918613390152236,1.0,False,True,False,100,linear,True
gaussian,2048,detail_energy_share_percentile_correlation,D_07,D_09,correlation,0.09403410748877052,0.0018024982255862288,-0.038242599868024425,0.03054725342919943,0.09223160926318429,1.0,False,True,False,100,linear,True
gaussian,2048,detail_energy_share_percentile_correlation,D_08,D_01,correlation,-0.10173030156778368,-0.05994458185528688,-0.10493276025585416,-0.02291618843754323,-0.0417857197124968,0.06,True,False,False,100,linear,False
gaussian,2048,detail_energy_share_percentile_correlation,D_08,D_02,correlation,0.00503725605852006,-0.029719090641935432,-0.06820004227730408,0.01420855111237524,0.03475634670045549,0.9,True,False,False,100,linear,False
gaussian,2048,detail_energy_share_percentile_correlation,D_08,D_03,correlation,0.03675816961584827,-0.020000441252797076,-0.06464070467471819,0.02043397919716469,0.056758610868645344,0.99,False,True,False,100,linear,True
gaussian,2048,detail_energy_share_percentile_correlation,D_08,D_04,correlation,0.0013808136830641819,-0.02020365458058459,-0.06571081967327903,0.02872635801224378,0.021584468263648772,0.77,True,False,False,100,linear,False
gaussian,2048,detail_energy_share_percentile_correlation,D_08,D_05,correlation,0.03704760265677518,-0.012781370256736257,-0.0557092033763172,0.032476674820718046,0.04982897291351144,0.97,False,True,False,100,linear,True
gaussian,2048,detail_energy_share_percentile_correlation,D_08,D_06,correlation,0.10165434006418722,-0.011410406505311797,-0.050359631045693874,0.03588691496823558,0.11306474656949903,1.0,False,True,False,100,linear,True
gaussian,2048,detail_energy_share_percentile_correlation,D_08,D_07,correlation,0.14455150238788128,-0.004634631513641085,-0.043240746357238125,0.0387307980435301,0.14918613390152236,1.0,False,True,False,100,linear,True
gaussian,2048,detail_energy_share_percentile_correlation,D_08,D_08,correlation,1.0,1.0,0.9999999999999998,1.0,0.0,1.0,True,False,False,100,linear,False
gaussian,2048,detail_energy_share_percentile_correlation,D_08,D_09,correlation,0.1286444710256506,-0.0009401909355059716,-0.031892707082874346,0.02927422307664399,0.12958466196115656,1.0,False,True,False,100,linear,True
gaussian,2048,detail_energy_share_percentile_correlation,D_09,D_01,correlation,-0.06713192169630458,-0.04137831944318644,-0.08149935420924416,0.008177138977614656,-0.025753602253118138,0.16,True,False,False,100,linear,False
gaussian,2048,detail_energy_share_percentile_correlation,D_09,D_02,correlation,-0.04260266525523938,-0.024895142155176502,-0.07587622317701205,0.0210531760100783,-0.01770752310006288,0.25,True,False,False,100,linear,False
gaussian,2048,detail_energy_share_percentile_correlation,D_09,D_03,correlation,0.03342386832213795,-0.017478706421380486,-0.062129981349207344,0.027388323600622502,0.05090257474351843,0.95,False,True,False,100,linear,True
gaussian,2048,detail_energy_share_percentile_correlation,D_09,D_04,correlation,0.049035903448005604,-0.008291313838710596,-0.051957711251008155,0.03178413162779256,0.0573272172867162,0.98,False,True,False,100,linear,True
gaussian,2048,detail_energy_share_percentile_correlation,D_09,D_05,correlation,0.051697908097272954,-0.008141970289864207,-0.05735243308262905,0.026989871670456654,0.05983987838713716,1.0,False,True,False,100,linear,True
gaussian,2048,detail_energy_share_percentile_correlation,D_09,D_06,correlation,0.035105988552843755,-0.004278363052756284,-0.05177161316560124,0.039543897448458154,0.03938435160560004,0.92,True,False,False,100,linear,False
gaussian,2048,detail_energy_share_percentile_correlation,D_09,D_07,correlation,0.09403410748877052,0.0018024982255862288,-0.038242599868024425,0.03054725342919943,0.09223160926318429,1.0,False,True,False,100,linear,True
gaussian,2048,detail_energy_share_percentile_correlation,D_09,D_08,correlation,0.1286444710256506,-0.0009401909355059716,-0.031892707082874346,0.02927422307664399,0.12958466196115656,1.0,False,True,False,100,linear,True
gaussian,2048,detail_energy_share_percentile_correlation,D_09,D_09,correlation,1.0,1.0,0.9999999999999998,1.0,0.0,1.0,True,False,False,100,linear,False
gaussian,2048,rms_volatility_correlation,D_01,D_01,correlation,0.9999999999999998,1.0,0.9999999999999998,1.0,-2.220446049250313e-16,0.21,True,False,False,100,linear,False
gaussian,2048,rms_volatility_correlation,D_01,D_02,correlation,0.97442930038478,-0.0024411650778942934,-0.0716874880121521,0.07178302646576244,0.9768704654626743,1.0,False,True,False,100,linear,True
gaussian,2048,rms_volatility_correlation,D_01,D_03,correlation,0.9585170000941982,0.0033464233124922763,-0.06840944173689431,0.0794057975817657,0.9551705767817059,1.0,False,True,False,100,linear,True
gaussian,2048,rms_volatility_correlation,D_01,D_04,correlation,0.9369028964533509,-0.0028689819850344664,-0.06589449076573621,0.05643346122776517,0.9397718784383854,1.0,False,True,False,100,linear,True
gaussian,2048,rms_volatility_correlation,D_01,D_05,correlation,0.9137310143284431,0.007493608331025299,-0.07298273818620683,0.07577152477037742,0.9062374059974178,1.0,False,True,False,100,linear,True
gaussian,2048,rms_volatility_correlation,D_01,D_06,correlation,0.8893042197037472,-0.002639328217384277,-0.07740197736316407,0.056958392222700535,0.8919435479211315,1.0,False,True,False,100,linear,True
gaussian,2048,rms_volatility_correlation,D_01,D_07,correlation,0.8231714945548398,-6.622815563993732e-06,-0.047269100073317916,0.04538111543798622,0.8231781173704038,1.0,False,True,False,100,linear,True
gaussian,2048,rms_volatility_correlation,D_01,D_08,correlation,0.7694917626304416,0.00026546041779075167,-0.038177139022684124,0.03416829895429045,0.7692263022126509,1.0,False,True,False,100,linear,True
gaussian,2048,rms_volatility_correlation,D_01,D_09,correlation,0.626408656110726,-0.0022104259069224514,-0.04237390359900619,0.04771805468658605,0.6286190820176485,1.0,False,True,False,100,linear,True
gaussian,2048,rms_volatility_correlation,D_02,D_01,correlation,0.9744293003847799,-0.002441165077894293,-0.0716874880121521,0.07178302646576244,0.9768704654626742,1.0,False,True,False,100,linear,True
gaussian,2048,rms_volatility_correlation,D_02,D_02,correlation,1.0,1.0,0.9999999999999998,1.0,0.0,1.0,True,False,False,100,linear,False
gaussian,2048,rms_volatility_correlation,D_02,D_03,correlation,0.9553108835964441,-0.003893721050668113,-0.06358186157042676,0.06382295906442735,0.9592046046471122,1.0,False,True,False,100,linear,True
gaussian,2048,rms_volatility_correlation,D_02,D_04,correlation,0.9405168775984823,0.005165357192473001,-0.07165703761236239,0.09218080280368884,0.9353515204060093,1.0,False,True,False,100,linear,True
gaussian,2048,rms_volatility_correlation,D_02,D_05,correlation,0.9145956915814275,0.0009612889882556484,-0.07201622822078843,0.054144310146580395,0.9136344025931719,1.0,False,True,False,100,linear,True
gaussian,2048,rms_volatility_correlation,D_02,D_06,correlation,0.8895720868955104,0.008884902277530473,-0.04110870463504589,0.04949835095064741,0.8806871846179799,1.0,False,True,False,100,linear,True
gaussian,2048,rms_volatility_correlation,D_02,D_07,correlation,0.824296111553342,0.0037347692015839984,-0.044791743382953296,0.04694816179587924,0.820561342351758,1.0,False,True,False,100,linear,True
gaussian,2048,rms_volatility_correlation,D_02,D_08,correlation,0.7678802286874695,0.006536948233310903,-0.041735367309659335,0.04080977654652109,0.7613432804541587,1.0,False,True,False,100,linear,True
gaussian,2048,rms_volatility_correlation,D_02,D_09,correlation,0.6209604368324639,0.0004532696247521856,-0.05750921454354718,0.051360848577407546,0.6205071672077117,1.0,False,True,False,100,linear,True
gaussian,2048,rms_volatility_correlation,D_03,D_01,correlation,0.9585170000941983,0.0033464233124922763,-0.06840944173689431,0.0794057975817657,0.955170576781706,1.0,False,True,False,100,linear,True
gaussian,2048,rms_volatility_correlation,D_03,D_02,correlation,0.9553108835964441,-0.0038937210506681122,-0.06358186157042678,0.06382295906442736,0.9592046046471122,1.0,False,True,False,100,linear,True
gaussian,2048,rms_volatility_correlation,D_03,D_03,correlation,0.9999999999999998,1.0,0.9999999999999998,1.0,-2.220446049250313e-16,0.3,True,False,False,100,linear,False
gaussian,2048,rms_volatility_correlation,D_03,D_04,correlation,0.9258113827076838,-0.00039622464108385986,-0.07243815043999369,0.06213350006124652,0.9262076073487677,1.0,False,True,False,100,linear,True
gaussian,2048,rms_volatility_correlation,D_03,D_05,correlation,0.8975187435135582,-0.003804175851872464,-0.06460788308632384,0.07244651739272351,0.9013229193654306,1.0,False,True,False,100,linear,True
gaussian,2048,rms_volatility_correlation,D_03,D_06,correlation,0.8667795016685117,-0.0011365712879547797,-0.057635530869506686,0.06519387593861904,0.8679160729564664,1.0,False,True,False,100,linear,True
gaussian,2048,rms_volatility_correlation,D_03,D_07,correlation,0.8047770289761832,0.0037776875024976356,-0.03602048735558156,0.05584512073966146,0.8009993414736856,1.0,False,True,False,100,linear,True
gaussian,2048,rms_volatility_correlation,D_03,D_08,correlation,0.7668606773248842,0.004376237402214735,-0.046105131606785324,0.04306489529133965,0.7624844399226695,1.0,False,True,False,100,linear,True
gaussian,2048,rms_volatility_correlation,D_03,D_09,correlation,0.6303882478617792,-0.002375336698143762,-0.04739413845211327,0.04268744931498881,0.6327635845599229,1.0,False,True,False,100,linear,True
gaussian,2048,rms_volatility_correlation,D_04,D_01,correlation,0.9369028964533508,-0.002868981985034467,-0.06589449076573621,0.05643346122776517,0.9397718784383853,1.0,False,True,False,100,linear,True
gaussian,2048,rms_volatility_correlation,D_04,D_02,correlation,0.9405168775984825,0.005165357192473001,-0.07165703761236239,0.09218080280368884,0.9353515204060094,1.0,False,True,False,100,linear,True
gaussian,2048,rms_volatility_correlation,D_04,D_03,correlation,0.9258113827076838,-0.00039622464108385986,-0.07243815043999369,0.06213350006124652,0.9262076073487677,1.0,False,True,False,100,linear,True
gaussian,2048,rms_volatility_correlation,D_04,D_04,correlation,1.0,1.0,0.9999999999999998,1.0,0.0,1.0,True,False,False,100,linear,False
gaussian,2048,rms_volatility_correlation,D_04,D_05,correlation,0.8882917622213335,0.0011295674120855434,-0.08681067529754503,0.05987958566914159,0.887162194809248,1.0,False,True,False,100,linear,True
gaussian,2048,rms_volatility_correlation,D_04,D_06,correlation,0.8624850529260982,-0.004384985882208653,-0.07140502969487193,0.06232348959283359,0.8668700388083069,1.0,False,True,False,100,linear,True
gaussian,2048,rms_volatility_correlation,D_04,D_07,correlation,0.7986672773886827,-0.0022816283198419246,-0.04753531966484325,0.042086679872773536,0.8009489057085246,1.0,False,True,False,100,linear,True
gaussian,2048,rms_volatility_correlation,D_04,D_08,correlation,0.7439626998300024,-0.006304778164158038,-0.055636171597229445,0.039961075140068344,0.7502674779941605,1.0,False,True,False,100,linear,True
gaussian,2048,rms_volatility_correlation,D_04,D_09,correlation,0.6167287896177155,-2.2518444104742148e-05,-0.048704593705838344,0.050214227327329525,0.6167513080618202,1.0,False,True,False,100,linear,True
gaussian,2048,rms_volatility_correlation,D_05,D_01,correlation,0.9137310143284431,0.0074936083310253,-0.07298273818620683,0.07577152477037742,0.9062374059974178,1.0,False,True,False,100,linear,True
gaussian,2048,rms_volatility_correlation,D_05,D_02,correlation,0.9145956915814275,0.0009612889882556484,-0.07201622822078842,0.054144310146580395,0.9136344025931719,1.0,False,True,False,100,linear,True
gaussian,2048,rms_volatility_correlation,D_05,D_03,correlation,0.8975187435135582,-0.003804175851872464,-0.06460788308632384,0.07244651739272352,0.9013229193654306,1.0,False,True,False,100,linear,True
gaussian,2048,rms_volatility_correlation,D_05,D_04,correlation,0.8882917622213335,0.0011295674120855434,-0.08681067529754503,0.05987958566914159,0.887162194809248,1.0,False,True,False,100,linear,True
gaussian,2048,rms_volatility_correlation,D_05,D_05,correlation,0.9999999999999998,1.0,0.9999999999999998,1.0,-2.220446049250313e-16,0.31,True,False,False,100,linear,False
gaussian,2048,rms_volatility_correlation,D_05,D_06,correlation,0.838829781774659,0.0031074857553908355,-0.05225991002327699,0.06322789328637099,0.8357222960192681,1.0,False,True,False,100,linear,True
gaussian,2048,rms_volatility_correlation,D_05,D_07,correlation,0.7826016514337008,-0.0011757819746401328,-0.04451001513362827,0.04185247201866815,0.7837774334083408,1.0,False,True,False,100,linear,True
gaussian,2048,rms_volatility_correlation,D_05,D_08,correlation,0.7346861614919193,-0.0024440750515768413,-0.044533286892932754,0.04194836659169935,0.7371302365434962,1.0,False,True,False,100,linear,True
gaussian,2048,rms_volatility_correlation,D_05,D_09,correlation,0.6010088388902957,-0.003377037177394418,-0.04219003609959994,0.04080694049579303,0.6043858760676901,1.0,False,True,False,100,linear,True
gaussian,2048,rms_volatility_correlation,D_06,D_01,correlation,0.8893042197037472,-0.002639328217384277,-0.07740197736316405,0.056958392222700535,0.8919435479211315,1.0,False,True,False,100,linear,True
gaussian,2048,rms_volatility_correlation,D_06,D_02,correlation,0.8895720868955104,0.008884902277530471,-0.04110870463504588,0.04949835095064741,0.8806871846179799,1.0,False,True,False,100,linear,True
gaussian,2048,rms_volatility_correlation,D_06,D_03,correlation,0.8667795016685118,-0.0011365712879547797,-0.057635530869506686,0.06519387593861903,0.8679160729564666,1.0,False,True,False,100,linear,True
gaussian,2048,rms_volatility_correlation,D_06,D_04,correlation,0.8624850529260981,-0.004384985882208652,-0.07140502969487193,0.062323489592833584,0.8668700388083068,1.0,False,True,False,100,linear,True
gaussian,2048,rms_volatility_correlation,D_06,D_05,correlation,0.838829781774659,0.0031074857553908355,-0.052259910023276984,0.06322789328637099,0.8357222960192681,1.0,False,True,False,100,linear,True
gaussian,2048,rms_volatility_correlation,D_06,D_06,correlation,1.0,1.0,0.9999999999999998,1.0,0.0,1.0,True,False,False,100,linear,False
gaussian,2048,rms_volatility_correlation,D_06,D_07,correlation,0.7816521138376524,-0.00932140239322106,-0.06345145036732525,0.05329411525102432,0.7909735162308735,1.0,False,True,False,100,linear,True
gaussian,2048,rms_volatility_correlation,D_06,D_08,correlation,0.736275948150641,-0.0022427342543656567,-0.0432625329375259,0.04241503852606342,0.7385186824050066,1.0,False,True,False,100,linear,True
gaussian,2048,rms_volatility_correlation,D_06,D_09,correlation,0.5905416172144856,-0.0015295642503912973,-0.046874276698499015,0.05093123994425626,0.5920711814648769,1.0,False,True,False,100,linear,True
gaussian,2048,rms_volatility_correlation,D_07,D_01,correlation,0.8231714945548398,-6.622815563993732e-06,-0.04726910007331791,0.04538111543798623,0.8231781173704038,1.0,False,True,False,100,linear,True
gaussian,2048,rms_volatility_correlation,D_07,D_02,correlation,0.824296111553342,0.0037347692015839984,-0.044791743382953296,0.04694816179587924,0.820561342351758,1.0,False,True,False,100,linear,True
gaussian,2048,rms_volatility_correlation,D_07,D_03,correlation,0.8047770289761832,0.003777687502497635,-0.03602048735558156,0.055845120739661455,0.8009993414736856,1.0,False,True,False,100,linear,True
gaussian,2048,rms_volatility_correlation,D_07,D_04,correlation,0.7986672773886827,-0.0022816283198419246,-0.04753531966484325,0.042086679872773536,0.8009489057085246,1.0,False,True,False,100,linear,True
gaussian,2048,rms_volatility_correlation,D_07,D_05,correlation,0.7826016514337008,-0.001175781974640133,-0.044510015133628275,0.04185247201866815,0.7837774334083408,1.0,False,True,False,100,linear,True
gaussian,2048,rms_volatility_correlation,D_07,D_06,correlation,0.7816521138376523,-0.00932140239322106,-0.06345145036732526,0.05329411525102433,0.7909735162308734,1.0,False,True,False,100,linear,True
gaussian,2048,rms_volatility_correlation,D_07,D_07,correlation,1.0,1.0,0.9999999999999998,1.0,0.0,1.0,True,False,False,100,linear,False
gaussian,2048,rms_volatility_correlation,D_07,D_08,correlation,0.6899436607563135,3.989533045545111e-05,-0.04022732905706409,0.04555663585981181,0.6899037654258581,1.0,False,True,False,100,linear,True
gaussian,2048,rms_volatility_correlation,D_07,D_09,correlation,0.5761074975514396,0.004316861325126827,-0.03488939920835715,0.039561711597331066,0.5717906362263128,1.0,False,True,False,100,linear,True
gaussian,2048,rms_volatility_correlation,D_08,D_01,correlation,0.7694917626304416,0.00026546041779075167,-0.038177139022684124,0.03416829895429046,0.7692263022126509,1.0,False,True,False,100,linear,True
gaussian,2048,rms_volatility_correlation,D_08,D_02,correlation,0.7678802286874696,0.006536948233310903,-0.041735367309659335,0.04080977654652109,0.7613432804541588,1.0,False,True,False,100,linear,True
gaussian,2048,rms_volatility_correlation,D_08,D_03,correlation,0.7668606773248843,0.004376237402214736,-0.046105131606785324,0.04306489529133965,0.7624844399226696,1.0,False,True,False,100,linear,True
gaussian,2048,rms_volatility_correlation,D_08,D_04,correlation,0.7439626998300024,-0.006304778164158038,-0.055636171597229445,0.039961075140068344,0.7502674779941605,1.0,False,True,False,100,linear,True
gaussian,2048,rms_volatility_correlation,D_08,D_05,correlation,0.7346861614919193,-0.0024440750515768413,-0.044533286892932754,0.04194836659169935,0.7371302365434962,1.0,False,True,False,100,linear,True
gaussian,2048,rms_volatility_correlation,D_08,D_06,correlation,0.736275948150641,-0.002242734254365657,-0.0432625329375259,0.04241503852606342,0.7385186824050066,1.0,False,True,False,100,linear,True
gaussian,2048,rms_volatility_correlation,D_08,D_07,correlation,0.6899436607563135,3.989533045545111e-05,-0.040227329057064096,0.04555663585981181,0.6899037654258581,1.0,False,True,False,100,linear,True
gaussian,2048,rms_volatility_correlation,D_08,D_08,correlation,1.0,1.0,0.9999999999999998,1.0,0.0,1.0,True,False,False,100,linear,False
gaussian,2048,rms_volatility_correlation,D_08,D_09,correlation,0.5621364517423241,0.003197944050874086,-0.03311703135385584,0.0346126222895426,0.55893850769145,1.0,False,True,False,100,linear,True
gaussian,2048,rms_volatility_correlation,D_09,D_01,correlation,0.6264086561107259,-0.0022104259069224514,-0.04237390359900619,0.04771805468658605,0.6286190820176484,1.0,False,True,False,100,linear,True
gaussian,2048,rms_volatility_correlation,D_09,D_02,correlation,0.6209604368324638,0.0004532696247521856,-0.05750921454354718,0.051360848577407546,0.6205071672077116,1.0,False,True,False,100,linear,True
gaussian,2048,rms_volatility_correlation,D_09,D_03,correlation,0.630388247861779,-0.002375336698143762,-0.04739413845211327,0.04268744931498881,0.6327635845599228,1.0,False,True,False,100,linear,True
gaussian,2048,rms_volatility_correlation,D_09,D_04,correlation,0.6167287896177156,-2.2518444104742148e-05,-0.048704593705838344,0.050214227327329525,0.6167513080618203,1.0,False,True,False,100,linear,True
gaussian,2048,rms_volatility_correlation,D_09,D_05,correlation,0.6010088388902957,-0.003377037177394419,-0.04219003609959994,0.04080694049579303,0.6043858760676901,1.0,False,True,False,100,linear,True
gaussian,2048,rms_volatility_correlation,D_09,D_06,correlation,0.5905416172144856,-0.0015295642503912973,-0.046874276698499015,0.05093123994425626,0.5920711814648769,1.0,False,True,False,100,linear,True
gaussian,2048,rms_volatility_correlation,D_09,D_07,correlation,0.5761074975514396,0.004316861325126828,-0.03488939920835715,0.039561711597331066,0.5717906362263128,1.0,False,True,False,100,linear,True
gaussian,2048,rms_volatility_correlation,D_09,D_08,correlation,0.5621364517423241,0.0031979440508740856,-0.03311703135385584,0.034612622289542594,0.55893850769145,1.0,False,True,False,100,linear,True
gaussian,2048,rms_volatility_correlation,D_09,D_09,correlation,1.0,1.0,0.9999999999999998,1.0,0.0,1.0,True,False,False,100,linear,False
gaussian,8192,detail_energy_share_percentile_correlation,D_01,D_01,correlation,1.0,1.0,0.9999999999999998,1.0,0.0,1.0,True,False,False,100,linear,False
gaussian,8192,detail_energy_share_percentile_correlation,D_01,D_02,correlation,-0.5992079140833589,-0.5661754913233699,-0.6523070371753663,-0.45426672443868593,-0.03303242275998908,0.28,True,False,False,100,linear,False
gaussian,8192,detail_energy_share_percentile_correlation,D_01,D_03,correlation,-0.4427925793057377,-0.34911203752738784,-0.4702152302035825,-0.21647989677963167,-0.09368054177834984,0.1,True,False,False,100,linear,False
gaussian,8192,detail_energy_share_percentile_correlation,D_01,D_04,correlation,-0.3822177232385332,-0.2583129063364644,-0.3779278001573641,-0.14068665673950012,-0.12390481690206878,0.05,False,False,True,100,linear,True
gaussian,8192,detail_energy_share_percentile_correlation,D_01,D_05,correlation,-0.3052274265450117,-0.1855375837224981,-0.29657458689844357,-0.04447225774634482,-0.11968984282251363,0.04,False,False,True,100,linear,True
gaussian,8192,detail_energy_share_percentile_correlation,D_01,D_06,correlation,-0.15727384075086084,-0.12418216881070523,-0.22951127096666055,-0.023758208594310277,-0.03309167194015561,0.29,True,False,False,100,linear,False
gaussian,8192,detail_energy_share_percentile_correlation,D_01,D_07,correlation,-0.18582137562977646,-0.07206429890836824,-0.19101093159859744,-0.008992386087143088,-0.11375707672140822,0.06,True,False,False,100,linear,False
gaussian,8192,detail_energy_share_percentile_correlation,D_01,D_08,correlation,-0.17503435591497235,-0.053089376812449254,-0.1523441964408674,0.016017052746678643,-0.1219449791025231,0.01,False,False,True,100,linear,True
gaussian,8192,detail_energy_share_percentile_correlation,D_01,D_09,correlation,-0.11443147454202833,-0.029669433032269564,-0.11386080725060585,0.047358740871621494,-0.08476204150975877,0.05,False,False,True,100,linear,True
gaussian,8192,detail_energy_share_percentile_correlation,D_02,D_01,correlation,-0.5992079140833589,-0.5661754913233699,-0.6523070371753663,-0.45426672443868593,-0.03303242275998908,0.28,True,False,False,100,linear,False
gaussian,8192,detail_energy_share_percentile_correlation,D_02,D_02,correlation,1.0,1.0,0.9999999999999998,1.0,0.0,1.0,True,False,False,100,linear,False
gaussian,8192,detail_energy_share_percentile_correlation,D_02,D_03,correlation,-0.1875878293529689,-0.21222897301681937,-0.34504148318472333,-0.11519013821118906,0.02464114366385048,0.67,True,False,False,100,linear,False
gaussian,8192,detail_energy_share_percentile_correlation,D_02,D_04,correlation,0.06040490853200492,-0.1349848440694038,-0.24998093322098955,-0.02042823743547097,0.19538975260140873,0.98,False,True,False,100,linear,True
gaussian,8192,detail_energy_share_percentile_correlation,D_02,D_05,correlation,-0.056025893572639825,-0.09367246820635021,-0.2339627773743641,0.07506259317899816,0.037646574633710385,0.7,True,False,False,100,linear,False
gaussian,8192,detail_energy_share_percentile_correlation,D_02,D_06,correlation,0.05366876163846474,-0.0630870675218893,-0.17610353526817044,0.07492457553648055,0.11675582916035404,0.9,True,False,False,100,linear,False
gaussian,8192,detail_energy_share_percentile_correlation,D_02,D_07,correlation,0.06761006056073493,-0.05141583066385283,-0.12554217136896392,0.04878511190387479,0.11902589122458776,0.98,False,True,False,100,linear,True
gaussian,8192,detail_energy_share_percentile_correlation,D_02,D_08,correlation,-0.006090668874680398,-0.04949677629224765,-0.11991979777233965,0.06116452420582633,0.04340610741756725,0.72,True,False,False,100,linear,False
gaussian,8192,detail_energy_share_percentile_correlation,D_02,D_09,correlation,-0.04187042174108359,-0.0384716596266724,-0.10438026613567396,0.05289338591379718,-0.0033987621144111885,0.48,True,False,False,100,linear,False
gaussian,8192,detail_energy_share_percentile_correlation,D_03,D_01,correlation,-0.4427925793057377,-0.34911203752738784,-0.4702152302035825,-0.21647989677963167,-0.09368054177834984,0.1,True,False,False,100,linear,False
gaussian,8192,detail_energy_share_percentile_correlation,D_03,D_02,correlation,-0.1875878293529689,-0.21222897301681937,-0.34504148318472333,-0.11519013821118906,0.02464114366385048,0.67,True,False,False,100,linear,False
gaussian,8192,detail_energy_share_percentile_correlation,D_03,D_03,correlation,1.0,1.0,0.9999999999999998,1.0,0.0,1.0,True,False,False,100,linear,False
gaussian,8192,detail_energy_share_percentile_correlation,D_03,D_04,correlation,-0.026966008517614756,-0.08109048829829624,-0.22461475092516045,0.03452873909492876,0.05412447978068148,0.76,True,False,False,100,linear,False
gaussian,8192,detail_energy_share_percentile_correlation,D_03,D_05,correlation,0.08611258402718575,-0.07391583895657639,-0.19725171699442923,0.10662095175792875,0.16002842298376213,0.92,True,False,False,100,linear,False
gaussian,8192,detail_energy_share_percentile_correlation,D_03,D_06,correlation,-0.0724531691267233,-0.05038921273578961,-0.1904377266965058,0.06256923512875207,-0.022063956390933684,0.4,True,False,False,100,linear,False
gaussian,8192,detail_energy_share_percentile_correlation,D_03,D_07,correlation,-0.007036637177990292,-0.027447822090406623,-0.11377397013598314,0.05934685238590597,0.020411184912416332,0.67,True,False,False,100,linear,False
gaussian,8192,detail_energy_share_percentile_correlation,D_03,D_08,correlation,0.08617236319624447,-0.02048708029082004,-0.09717344214479867,0.05973133096423574,0.1066594434870645,0.99,False,True,False,100,linear,True
gaussian,8192,detail_energy_share_percentile_correlation,D_03,D_09,correlation,0.08467977955592822,-0.022376517526475487,-0.10256023191449246,0.08216815910221818,0.1070562970824037,0.96,False,True,False,100,linear,True
gaussian,8192,detail_energy_share_percentile_correlation,D_04,D_01,correlation,-0.3822177232385332,-0.2583129063364644,-0.3779278001573641,-0.14068665673950012,-0.12390481690206878,0.05,False,False,True,100,linear,True
gaussian,8192,detail_energy_share_percentile_correlation,D_04,D_02,correlation,0.06040490853200492,-0.1349848440694038,-0.24998093322098955,-0.02042823743547097,0.19538975260140873,0.98,False,True,False,100,linear,True
gaussian,8192,detail_energy_share_percentile_correlation,D_04,D_03,correlation,-0.026966008517614756,-0.08109048829829624,-0.22461475092516045,0.03452873909492876,0.05412447978068148,0.76,True,False,False,100,linear,False
gaussian,8192,detail_energy_share_percentile_correlation,D_04,D_04,correlation,1.0,1.0,0.9999999999999998,1.0,0.0,1.0,True,False,False,100,linear,False
gaussian,8192,detail_energy_share_percentile_correlation,D_04,D_05,correlation,-0.024153703338382113,-0.05712212192644174,-0.188939745219953,0.08791451461794712,0.03296841858805963,0.63,True,False,False,100,linear,False
gaussian,8192,detail_energy_share_percentile_correlation,D_04,D_06,correlation,-0.005257172264764412,-0.03788682471094455,-0.138514498755551,0.08783980012337332,0.032629652446180143,0.66,True,False,False,100,linear,False
gaussian,8192,detail_energy_share_percentile_correlation,D_04,D_07,correlation,0.023113947127309246,-0.026231156928853784,-0.12281157929571183,0.06415714573177621,0.04934510405616303,0.8,True,False,False,100,linear,False
gaussian,8192,detail_energy_share_percentile_correlation,D_04,D_08,correlation,0.04948883764006455,-0.021918821429933177,-0.10461735305135507,0.06225706622971531,0.07140765906999773,0.86,True,False,False,100,linear,False
gaussian,8192,detail_energy_share_percentile_correlation,D_04,D_09,correlation,0.038139827692486146,0.0013527142792238737,-0.0889574905301756,0.07216933521540263,0.036787113413262275,0.78,True,False,False,100,linear,False
gaussian,8192,detail_energy_share_percentile_correlation,D_05,D_01,correlation,-0.3052274265450117,-0.1855375837224981,-0.29657458689844357,-0.04447225774634483,-0.11968984282251363,0.04,False,False,True,100,linear,True
gaussian,8192,detail_energy_share_percentile_correlation,D_05,D_02,correlation,-0.056025893572639825,-0.09367246820635021,-0.2339627773743641,0.07506259317899816,0.037646574633710385,0.7,True,False,False,100,linear,False
gaussian,8192,detail_energy_share_percentile_correlation,D_05,D_03,correlation,0.08611258402718575,-0.07391583895657639,-0.19725171699442923,0.10662095175792875,0.16002842298376213,0.92,True,False,False,100,linear,False
gaussian,8192,detail_energy_share_percentile_correlation,D_05,D_04,correlation,-0.024153703338382113,-0.05712212192644174,-0.188939745219953,0.08791451461794712,0.03296841858805963,0.63,True,False,False,100,linear,False
gaussian,8192,detail_energy_share_percentile_correlation,D_05,D_05,correlation,0.9999999999999998,1.0,0.9999999999999998,1.0,-2.220446049250313e-16,0.27,True,False,False,100,linear,False
gaussian,8192,detail_energy_share_percentile_correlation,D_05,D_06,correlation,0.00890192525732881,-0.021912324779876646,-0.13338720332502063,0.08922282820186422,0.030814250037205455,0.68,True,False,False,100,linear,False
gaussian,8192,detail_energy_share_percentile_correlation,D_05,D_07,correlation,0.09695282401897728,0.0004066785160057589,-0.11024879344599785,0.07805653274483443,0.09654614550297153,0.97,False,True,False,100,linear,True
gaussian,8192,detail_energy_share_percentile_correlation,D_05,D_08,correlation,0.08566790098421023,-0.009573444664295843,-0.08911956657493486,0.07074730983117096,0.09524134564850607,0.96,False,True,False,100,linear,True
gaussian,8192,detail_energy_share_percentile_correlation,D_05,D_09,correlation,0.07470250907251905,-0.01387828540468361,-0.08198850017280544,0.05842711883092649,0.08858079447720266,0.96,False,True,False,100,linear,True
gaussian,8192,detail_energy_share_percentile_correlation,D_06,D_01,correlation,-0.15727384075086084,-0.12418216881070523,-0.22951127096666055,-0.023758208594310277,-0.03309167194015561,0.29,True,False,False,100,linear,False
gaussian,8192,detail_energy_share_percentile_correlation,D_06,D_02,correlation,0.05366876163846474,-0.0630870675218893,-0.17610353526817044,0.07492457553648055,0.11675582916035404,0.9,True,False,False,100,linear,False
gaussian,8192,detail_energy_share_percentile_correlation,D_06,D_03,correlation,-0.0724531691267233,-0.05038921273578961,-0.1904377266965058,0.06256923512875207,-0.022063956390933684,0.4,True,False,False,100,linear,False
gaussian,8192,detail_energy_share_percentile_correlation,D_06,D_04,correlation,-0.005257172264764412,-0.03788682471094455,-0.138514498755551,0.08783980012337332,0.032629652446180143,0.66,True,False,False,100,linear,False
gaussian,8192,detail_energy_share_percentile_correlation,D_06,D_05,correlation,0.00890192525732881,-0.021912324779876646,-0.13338720332502066,0.08922282820186422,0.030814250037205455,0.68,True,False,False,100,linear,False
gaussian,8192,detail_energy_share_percentile_correlation,D_06,D_06,correlation,1.0,1.0,0.9999999999999998,1.0,0.0,1.0,True,False,False,100,linear,False
gaussian,8192,detail_energy_share_percentile_correlation,D_06,D_07,correlation,0.0478288930488751,-0.03502885737339215,-0.10968737908230743,0.09768436653152196,0.08285775042226726,0.87,True,False,False,100,linear,False
gaussian,8192,detail_energy_share_percentile_correlation,D_06,D_08,correlation,0.0799336783379638,0.0014885520722099782,-0.0816507877845089,0.07297970876774934,0.07844512626575383,0.96,False,True,False,100,linear,True
gaussian,8192,detail_energy_share_percentile_correlation,D_06,D_09,correlation,0.04328478915852932,-0.009281792373236213,-0.07327239979231291,0.059120576088235455,0.052566581531765535,0.9,True,False,False,100,linear,False
gaussian,8192,detail_energy_share_percentile_correlation,D_07,D_01,correlation,-0.18582137562977646,-0.07206429890836824,-0.19101093159859744,-0.008992386087143088,-0.11375707672140822,0.06,True,False,False,100,linear,False
gaussian,8192,detail_energy_share_percentile_correlation,D_07,D_02,correlation,0.06761006056073493,-0.05141583066385283,-0.12554217136896392,0.04878511190387479,0.11902589122458776,0.98,False,True,False,100,linear,True
gaussian,8192,detail_energy_share_percentile_correlation,D_07,D_03,correlation,-0.007036637177990292,-0.027447822090406623,-0.11377397013598314,0.05934685238590597,0.020411184912416332,0.67,True,False,False,100,linear,False
gaussian,8192,detail_energy_share_percentile_correlation,D_07,D_04,correlation,0.023113947127309246,-0.026231156928853784,-0.12281157929571183,0.06415714573177621,0.04934510405616303,0.8,True,False,False,100,linear,False
gaussian,8192,detail_energy_share_percentile_correlation,D_07,D_05,correlation,0.09695282401897728,0.0004066785160057589,-0.11024879344599785,0.07805653274483443,0.09654614550297153,0.97,False,True,False,100,linear,True
gaussian,8192,detail_energy_share_percentile_correlation,D_07,D_06,correlation,0.0478288930488751,-0.03502885737339215,-0.10968737908230743,0.09768436653152196,0.08285775042226726,0.87,True,False,False,100,linear,False
gaussian,8192,detail_energy_share_percentile_correlation,D_07,D_07,correlation,1.0,1.0,0.9999999999999998,1.0,0.0,1.0,True,False,False,100,linear,False
gaussian,8192,detail_energy_share_percentile_correlation,D_07,D_08,correlation,0.10608164490065888,-0.006579118862532016,-0.0973512195763734,0.0667809720272086,0.1126607637631909,1.0,False,True,False,100,linear,True
gaussian,8192,detail_energy_share_percentile_correlation,D_07,D_09,correlation,0.1136411694178817,0.0009462668413567657,-0.060190397093245716,0.05691232269271927,0.11269490257652494,1.0,False,True,False,100,linear,True
gaussian,8192,detail_energy_share_percentile_correlation,D_08,D_01,correlation,-0.17503435591497235,-0.053089376812449254,-0.1523441964408674,0.016017052746678643,-0.1219449791025231,0.01,False,False,True,100,linear,True
gaussian,8192,detail_energy_share_percentile_correlation,D_08,D_02,correlation,-0.006090668874680398,-0.04949677629224765,-0.11991979777233965,0.06116452420582633,0.04340610741756725,0.72,True,False,False,100,linear,False
gaussian,8192,detail_energy_share_percentile_correlation,D_08,D_03,correlation,0.08617236319624447,-0.02048708029082004,-0.09717344214479867,0.05973133096423574,0.1066594434870645,0.99,False,True,False,100,linear,True
gaussian,8192,detail_energy_share_percentile_correlation,D_08,D_04,correlation,0.04948883764006455,-0.021918821429933177,-0.10461735305135507,0.06225706622971531,0.07140765906999773,0.86,True,False,False,100,linear,False
gaussian,8192,detail_energy_share_percentile_correlation,D_08,D_05,correlation,0.08566790098421023,-0.009573444664295844,-0.08911956657493486,0.07074730983117096,0.09524134564850607,0.96,False,True,False,100,linear,True
gaussian,8192,detail_energy_share_percentile_correlation,D_08,D_06,correlation,0.0799336783379638,0.0014885520722099782,-0.0816507877845089,0.07297970876774934,0.07844512626575383,0.96,False,True,False,100,linear,True
gaussian,8192,detail_energy_share_percentile_correlation,D_08,D_07,correlation,0.10608164490065888,-0.006579118862532016,-0.0973512195763734,0.0667809720272086,0.1126607637631909,1.0,False,True,False,100,linear,True
gaussian,8192,detail_energy_share_percentile_correlation,D_08,D_08,correlation,1.0,1.0,0.9999999999999998,1.0,0.0,1.0,True,False,False,100,linear,False
gaussian,8192,detail_energy_share_percentile_correlation,D_08,D_09,correlation,0.13766008338715527,-0.009152393088065279,-0.06760411067137105,0.04950548193749779,0.14681247647522055,1.0,False,True,False,100,linear,True
gaussian,8192,detail_energy_share_percentile_correlation,D_09,D_01,correlation,-0.11443147454202833,-0.029669433032269564,-0.11386080725060585,0.047358740871621494,-0.08476204150975877,0.05,False,False,True,100,linear,True
gaussian,8192,detail_energy_share_percentile_correlation,D_09,D_02,correlation,-0.04187042174108359,-0.0384716596266724,-0.10438026613567396,0.05289338591379718,-0.0033987621144111885,0.48,True,False,False,100,linear,False
gaussian,8192,detail_energy_share_percentile_correlation,D_09,D_03,correlation,0.08467977955592822,-0.022376517526475487,-0.10256023191449246,0.08216815910221818,0.1070562970824037,0.96,False,True,False,100,linear,True
gaussian,8192,detail_energy_share_percentile_correlation,D_09,D_04,correlation,0.038139827692486146,0.0013527142792238737,-0.0889574905301756,0.07216933521540263,0.036787113413262275,0.78,True,False,False,100,linear,False
gaussian,8192,detail_energy_share_percentile_correlation,D_09,D_05,correlation,0.07470250907251905,-0.01387828540468361,-0.08198850017280544,0.05842711883092649,0.08858079447720266,0.96,False,True,False,100,linear,True
gaussian,8192,detail_energy_share_percentile_correlation,D_09,D_06,correlation,0.04328478915852932,-0.009281792373236213,-0.07327239979231291,0.059120576088235455,0.052566581531765535,0.9,True,False,False,100,linear,False
gaussian,8192,detail_energy_share_percentile_correlation,D_09,D_07,correlation,0.1136411694178817,0.0009462668413567657,-0.060190397093245716,0.05691232269271927,0.11269490257652494,1.0,False,True,False,100,linear,True
gaussian,8192,detail_energy_share_percentile_correlation,D_09,D_08,correlation,0.13766008338715527,-0.009152393088065279,-0.06760411067137105,0.04950548193749779,0.14681247647522055,1.0,False,True,False,100,linear,True
gaussian,8192,detail_energy_share_percentile_correlation,D_09,D_09,correlation,1.0,1.0,0.9999999999999998,1.0,0.0,1.0,True,False,False,100,linear,False
gaussian,8192,rms_volatility_correlation,D_01,D_01,correlation,1.0,1.0,0.9999999999999998,1.0,0.0,1.0,True,False,False,100,linear,False
gaussian,8192,rms_volatility_correlation,D_01,D_02,correlation,0.991026756545219,-0.011152115707427267,-0.13103263559868764,0.1426092581159888,1.0021788722526463,1.0,False,True,False,100,linear,True
gaussian,8192,rms_volatility_correlation,D_01,D_03,correlation,0.9850024123753667,0.014343040697656535,-0.13551944563790547,0.1560000576491425,0.9706593716777101,1.0,False,True,False,100,linear,True
gaussian,8192,rms_volatility_correlation,D_01,D_04,correlation,0.9782747711342011,-0.009257090474151396,-0.16519261542150804,0.14922391309849875,0.9875318616083525,1.0,False,True,False,100,linear,True
gaussian,8192,rms_volatility_correlation,D_01,D_05,correlation,0.96752086814112,-0.004570908192385925,-0.16294084948212728,0.15756092213164252,0.972091776333506,1.0,False,True,False,100,linear,True
gaussian,8192,rms_volatility_correlation,D_01,D_06,correlation,0.9612519726656973,-0.01042810809088655,-0.12174730294442249,0.13360944976102634,0.9716800807565839,1.0,False,True,False,100,linear,True
gaussian,8192,rms_volatility_correlation,D_01,D_07,correlation,0.9295299207345622,0.0030869559416433763,-0.1052273489521024,0.08470030177652656,0.9264429647929189,1.0,False,True,False,100,linear,True
gaussian,8192,rms_volatility_correlation,D_01,D_08,correlation,0.8978402210389901,0.008650948098741042,-0.10551225972443307,0.07611767025968781,0.8891892729402491,1.0,False,True,False,100,linear,True
gaussian,8192,rms_volatility_correlation,D_01,D_09,correlation,0.7847025409525566,0.009319772054251567,-0.07279623469572793,0.10902216469391433,0.775382768898305,1.0,False,True,False,100,linear,True
gaussian,8192,rms_volatility_correlation,D_02,D_01,correlation,0.991026756545219,-0.011152115707427267,-0.13103263559868764,0.1426092581159888,1.0021788722526463,1.0,False,True,False,100,linear,True
gaussian,8192,rms_volatility_correlation,D_02,D_02,correlation,1.0,1.0,0.9999999999999998,1.0,0.0,1.0,True,False,False,100,linear,False
gaussian,8192,rms_volatility_correlation,D_02,D_03,correlation,0.9837529368804222,-0.01701970043860523,-0.1298211823836103,0.0929886815101309,1.0007726373190273,1.0,False,True,False,100,linear,True
gaussian,8192,rms_volatility_correlation,D_02,D_04,correlation,0.9810723548209979,0.005192890611933384,-0.14817050110604066,0.16533830789131906,0.9758794642090645,1.0,False,True,False,100,linear,True
gaussian,8192,rms_volatility_correlation,D_02,D_05,correlation,0.9668598362358445,0.0027664399880591977,-0.15006190417732057,0.1376970179307528,0.9640933962477853,1.0,False,True,False,100,linear,True
gaussian,8192,rms_volatility_correlation,D_02,D_06,correlation,0.9600029661055026,0.016415059437202468,-0.09146927127029814,0.13039184504368925,0.9435879066683002,1.0,False,True,False,100,linear,True
gaussian,8192,rms_volatility_correlation,D_02,D_07,correlation,0.9277828593628746,-0.003856663364370215,-0.08886174003699919,0.09846082303382986,0.9316395227272448,1.0,False,True,False,100,linear,True
gaussian,8192,rms_volatility_correlation,D_02,D_08,correlation,0.8951284920823557,-0.003522971321558241,-0.07863711290621085,0.07525778186853589,0.8986514634039139,1.0,False,True,False,100,linear,True
gaussian,8192,rms_volatility_correlation,D_02,D_09,correlation,0.7815825752684866,-0.00951685112022762,-0.09591522994617639,0.07345940923004826,0.7910994263887142,1.0,False,True,False,100,linear,True
gaussian,8192,rms_volatility_correlation,D_03,D_01,correlation,0.9850024123753667,0.014343040697656538,-0.1355194456379055,0.1560000576491425,0.9706593716777101,1.0,False,True,False,100,linear,True
gaussian,8192,rms_volatility_correlation,D_03,D_02,correlation,0.9837529368804223,-0.01701970043860523,-0.1298211823836103,0.0929886815101309,1.0007726373190275,1.0,False,True,False,100,linear,True
gaussian,8192,rms_volatility_correlation,D_03,D_03,correlation,1.0,1.0,0.9999999999999998,1.0,0.0,1.0,True,False,False,100,linear,False
gaussian,8192,rms_volatility_correlation,D_03,D_04,correlation,0.9753237478672573,0.003167281173665526,-0.11889080065650832,0.12258805218517728,0.9721564666935918,1.0,False,True,False,100,linear,True
gaussian,8192,rms_volatility_correlation,D_03,D_05,correlation,0.9659763083241931,-0.002728023206234706,-0.13335327709999995,0.17351292617827319,0.9687043315304278,1.0,False,True,False,100,linear,True
gaussian,8192,rms_volatility_correlation,D_03,D_06,correlation,0.9505062852587246,-0.007696216150669527,-0.1225822983873396,0.1188688595763623,0.9582025014093941,1.0,False,True,False,100,linear,True
gaussian,8192,rms_volatility_correlation,D_03,D_07,correlation,0.9203601000222806,-0.0018599957571530678,-0.08851878842940433,0.09195330754453504,0.9222200957794338,1.0,False,True,False,100,linear,True
gaussian,8192,rms_volatility_correlation,D_03,D_08,correlation,0.8981907400031176,-0.0017580238493765119,-0.08874196280524217,0.08679354519450609,0.8999487638524941,1.0,False,True,False,100,linear,True
gaussian,8192,rms_volatility_correlation,D_03,D_09,correlation,0.7927115342936398,-0.0063495256285268755,-0.0747837513204881,0.09591297718029336,0.7990610599221667,1.0,False,True,False,100,linear,True
gaussian,8192,rms_volatility_correlation,D_04,D_01,correlation,0.9782747711342012,-0.009257090474151396,-0.16519261542150804,0.14922391309849875,0.9875318616083526,1.0,False,True,False,100,linear,True
gaussian,8192,rms_volatility_correlation,D_04,D_02,correlation,0.981072354820998,0.005192890611933384,-0.14817050110604066,0.16533830789131904,0.9758794642090646,1.0,False,True,False,100,linear,True
gaussian,8192,rms_volatility_correlation,D_04,D_03,correlation,0.9753237478672573,0.003167281173665526,-0.11889080065650832,0.12258805218517728,0.9721564666935918,1.0,False,True,False,100,linear,True
gaussian,8192,rms_volatility_correlation,D_04,D_04,correlation,0.9999999999999998,1.0,0.9999999999999998,1.0,-2.220446049250313e-16,0.25,True,False,False,100,linear,False
gaussian,8192,rms_volatility_correlation,D_04,D_05,correlation,0.9557846979796171,-0.008070068031610613,-0.13205971761441548,0.1295032392090873,0.9638547660112277,1.0,False,True,False,100,linear,True
gaussian,8192,rms_volatility_correlation,D_04,D_06,correlation,0.9492025939812726,-0.003910903652119395,-0.13546742844527557,0.1388811704949399,0.953113497633392,1.0,False,True,False,100,linear,True
gaussian,8192,rms_volatility_correlation,D_04,D_07,correlation,0.9190090973080955,-0.001663232399960597,-0.09672479109516749,0.09449833969801247,0.9206723297080561,1.0,False,True,False,100,linear,True
gaussian,8192,rms_volatility_correlation,D_04,D_08,correlation,0.8906698530032024,-0.0071757846518949765,-0.08339388077291264,0.08871179153494742,0.8978456376550974,1.0,False,True,False,100,linear,True
gaussian,8192,rms_volatility_correlation,D_04,D_09,correlation,0.7838328602734835,0.005307788577693127,-0.08555023829535405,0.08699219878755188,0.7785250716957904,1.0,False,True,False,100,linear,True
gaussian,8192,rms_volatility_correlation,D_05,D_01,correlation,0.9675208681411201,-0.004570908192385925,-0.16294084948212728,0.1575609221316425,0.9720917763335061,1.0,False,True,False,100,linear,True
gaussian,8192,rms_volatility_correlation,D_05,D_02,correlation,0.9668598362358445,0.0027664399880591977,-0.15006190417732057,0.1376970179307528,0.9640933962477853,1.0,False,True,False,100,linear,True
gaussian,8192,rms_volatility_correlation,D_05,D_03,correlation,0.9659763083241931,-0.002728023206234706,-0.13335327709999995,0.17351292617827316,0.9687043315304278,1.0,False,True,False,100,linear,True
gaussian,8192,rms_volatility_correlation,D_05,D_04,correlation,0.9557846979796171,-0.008070068031610613,-0.1320597176144155,0.1295032392090873,0.9638547660112277,1.0,False,True,False,100,linear,True
gaussian,8192,rms_volatility_correlation,D_05,D_05,correlation,0.9999999999999999,1.0,0.9999999999999998,1.0,-1.1102230246251565e-16,0.28,True,False,False,100,linear,False
gaussian,8192,rms_volatility_correlation,D_05,D_06,correlation,0.9338934808823547,0.004815072504408477,-0.11291884099421962,0.11945964422555187,0.9290784083779462,1.0,False,True,False,100,linear,True
gaussian,8192,rms_volatility_correlation,D_05,D_07,correlation,0.9139669607161364,0.009895229337931851,-0.0767327094265688,0.09097256745550135,0.9040717313782045,1.0,False,True,False,100,linear,True
gaussian,8192,rms_volatility_correlation,D_05,D_08,correlation,0.8850688925700839,-0.00047578152334251217,-0.07679834793706239,0.0818311349734363,0.8855446740934264,1.0,False,True,False,100,linear,True
gaussian,8192,rms_volatility_correlation,D_05,D_09,correlation,0.7724433134579168,-0.0046160304583658385,-0.06889636462294835,0.06232230131958992,0.7770593439162827,1.0,False,True,False,100,linear,True
gaussian,8192,rms_volatility_correlation,D_06,D_01,correlation,0.9612519726656973,-0.01042810809088655,-0.12174730294442247,0.13360944976102634,0.9716800807565839,1.0,False,True,False,100,linear,True
gaussian,8192,rms_volatility_correlation,D_06,D_02,correlation,0.9600029661055026,0.01641505943720247,-0.09146927127029814,0.13039184504368928,0.9435879066683002,1.0,False,True,False,100,linear,True
gaussian,8192,rms_volatility_correlation,D_06,D_03,correlation,0.9505062852587246,-0.007696216150669527,-0.12258229838733961,0.11886885957636228,0.9582025014093941,1.0,False,True,False,100,linear,True
gaussian,8192,rms_volatility_correlation,D_06,D_04,correlation,0.9492025939812726,-0.003910903652119395,-0.13546742844527557,0.1388811704949399,0.953113497633392,1.0,False,True,False,100,linear,True
gaussian,8192,rms_volatility_correlation,D_06,D_05,correlation,0.9338934808823547,0.004815072504408477,-0.11291884099421962,0.11945964422555187,0.9290784083779462,1.0,False,True,False,100,linear,True
gaussian,8192,rms_volatility_correlation,D_06,D_06,correlation,1.0,1.0,0.9999999999999998,1.0,0.0,1.0,True,False,False,100,linear,False
gaussian,8192,rms_volatility_correlation,D_06,D_07,correlation,0.9020739879644742,-0.024509767027493905,-0.10744689427013325,0.10199450754292046,0.9265837549919681,1.0,False,True,False,100,linear,True
gaussian,8192,rms_volatility_correlation,D_06,D_08,correlation,0.8774564532846469,0.006558899843846576,-0.0862291358668346,0.0828150738600523,0.8708975534408003,1.0,False,True,False,100,linear,True
gaussian,8192,rms_volatility_correlation,D_06,D_09,correlation,0.7678678725718576,-0.0028722783652184434,-0.07243845528859129,0.07717985736707784,0.770740150937076,1.0,False,True,False,100,linear,True
gaussian,8192,rms_volatility_correlation,D_07,D_01,correlation,0.9295299207345623,0.0030869559416433763,-0.1052273489521024,0.08470030177652656,0.926442964792919,1.0,False,True,False,100,linear,True
gaussian,8192,rms_volatility_correlation,D_07,D_02,correlation,0.9277828593628746,-0.0038566633643702147,-0.0888617400369992,0.09846082303382986,0.9316395227272448,1.0,False,True,False,100,linear,True
gaussian,8192,rms_volatility_correlation,D_07,D_03,correlation,0.9203601000222805,-0.001859995757153068,-0.08851878842940433,0.09195330754453505,0.9222200957794336,1.0,False,True,False,100,linear,True
gaussian,8192,rms_volatility_correlation,D_07,D_04,correlation,0.9190090973080955,-0.001663232399960597,-0.0967247910951675,0.09449833969801245,0.9206723297080561,1.0,False,True,False,100,linear,True
gaussian,8192,rms_volatility_correlation,D_07,D_05,correlation,0.9139669607161364,0.009895229337931851,-0.0767327094265688,0.09097256745550135,0.9040717313782045,1.0,False,True,False,100,linear,True
gaussian,8192,rms_volatility_correlation,D_07,D_06,correlation,0.9020739879644741,-0.024509767027493905,-0.10744689427013324,0.10199450754292046,0.926583754991968,1.0,False,True,False,100,linear,True
gaussian,8192,rms_volatility_correlation,D_07,D_07,correlation,1.0,1.0,0.9999999999999998,1.0,0.0,1.0,True,False,False,100,linear,False
gaussian,8192,rms_volatility_correlation,D_07,D_08,correlation,0.8478220512498673,0.005545413498013399,-0.0894046012770955,0.07821884853482615,0.8422766377518539,1.0,False,True,False,100,linear,True
gaussian,8192,rms_volatility_correlation,D_07,D_09,correlation,0.7597621863162478,0.00469873025908576,-0.05514261194803686,0.058369783873278874,0.7550634560571621,1.0,False,True,False,100,linear,True
gaussian,8192,rms_volatility_correlation,D_08,D_01,correlation,0.89784022103899,0.008650948098741042,-0.10551225972443307,0.07611767025968781,0.889189272940249,1.0,False,True,False,100,linear,True
gaussian,8192,rms_volatility_correlation,D_08,D_02,correlation,0.8951284920823557,-0.003522971321558241,-0.07863711290621085,0.07525778186853588,0.8986514634039139,1.0,False,True,False,100,linear,True
gaussian,8192,rms_volatility_correlation,D_08,D_03,correlation,0.8981907400031175,-0.0017580238493765119,-0.08874196280524217,0.08679354519450609,0.899948763852494,1.0,False,True,False,100,linear,True
gaussian,8192,rms_volatility_correlation,D_08,D_04,correlation,0.8906698530032024,-0.0071757846518949765,-0.08339388077291264,0.08871179153494742,0.8978456376550974,1.0,False,True,False,100,linear,True
gaussian,8192,rms_volatility_correlation,D_08,D_05,correlation,0.8850688925700838,-0.00047578152334251217,-0.07679834793706239,0.0818311349734363,0.8855446740934263,1.0,False,True,False,100,linear,True
gaussian,8192,rms_volatility_correlation,D_08,D_06,correlation,0.877456453284647,0.006558899843846576,-0.0862291358668346,0.0828150738600523,0.8708975534408004,1.0,False,True,False,100,linear,True
gaussian,8192,rms_volatility_correlation,D_08,D_07,correlation,0.8478220512498673,0.005545413498013399,-0.08940460127709551,0.07821884853482615,0.8422766377518539,1.0,False,True,False,100,linear,True
gaussian,8192,rms_volatility_correlation,D_08,D_08,correlation,1.0,1.0,0.9999999999999998,1.0,0.0,1.0,True,False,False,100,linear,False
gaussian,8192,rms_volatility_correlation,D_08,D_09,correlation,0.7364694947576034,-0.0017073121948040753,-0.06860719985170359,0.048442543981924664,0.7381768069524074,1.0,False,True,False,100,linear,True
gaussian,8192,rms_volatility_correlation,D_09,D_01,correlation,0.7847025409525566,0.009319772054251567,-0.07279623469572793,0.10902216469391435,0.775382768898305,1.0,False,True,False,100,linear,True
gaussian,8192,rms_volatility_correlation,D_09,D_02,correlation,0.7815825752684866,-0.00951685112022762,-0.09591522994617639,0.07345940923004826,0.7910994263887142,1.0,False,True,False,100,linear,True
gaussian,8192,rms_volatility_correlation,D_09,D_03,correlation,0.7927115342936399,-0.0063495256285268755,-0.0747837513204881,0.09591297718029336,0.7990610599221668,1.0,False,True,False,100,linear,True
gaussian,8192,rms_volatility_correlation,D_09,D_04,correlation,0.7838328602734835,0.005307788577693127,-0.08555023829535405,0.08699219878755186,0.7785250716957904,1.0,False,True,False,100,linear,True
gaussian,8192,rms_volatility_correlation,D_09,D_05,correlation,0.7724433134579168,-0.0046160304583658385,-0.06889636462294835,0.06232230131958993,0.7770593439162827,1.0,False,True,False,100,linear,True
gaussian,8192,rms_volatility_correlation,D_09,D_06,correlation,0.7678678725718576,-0.002872278365218443,-0.07243845528859129,0.07717985736707786,0.770740150937076,1.0,False,True,False,100,linear,True
gaussian,8192,rms_volatility_correlation,D_09,D_07,correlation,0.7597621863162477,0.00469873025908576,-0.05514261194803686,0.058369783873278874,0.755063456057162,1.0,False,True,False,100,linear,True
gaussian,8192,rms_volatility_correlation,D_09,D_08,correlation,0.7364694947576034,-0.0017073121948040755,-0.06860719985170359,0.048442543981924664,0.7381768069524074,1.0,False,True,False,100,linear,True
gaussian,8192,rms_volatility_correlation,D_09,D_09,correlation,1.0,1.0,0.9999999999999998,1.0,0.0,1.0,True,False,False,100,linear,False
shuffle,2048,detail_energy_share_percentile_correlation,D_01,D_01,correlation,0.9999999999999998,1.0,0.9999999999999998,1.0,-2.220446049250313e-16,0.36,True,False,False,100,linear,False
shuffle,2048,detail_energy_share_percentile_correlation,D_01,D_02,correlation,-0.6237189771348612,-0.5670272773066581,-0.6083918523996196,-0.5133897584665915,-0.0566916998282031,0.02,False,False,True,100,linear,True
shuffle,2048,detail_energy_share_percentile_correlation,D_01,D_03,correlation,-0.40632262323868046,-0.35308250225921195,-0.4071138463646215,-0.30323287688245476,-0.05324012097946851,0.06,True,False,False,100,linear,False
shuffle,2048,detail_energy_share_percentile_correlation,D_01,D_04,correlation,-0.3475138726914567,-0.2526191575557026,-0.3086415605095492,-0.19943946937702414,-0.09489471513575415,0.01,False,False,True,100,linear,True
shuffle,2048,detail_energy_share_percentile_correlation,D_01,D_05,correlation,-0.24998738982979338,-0.1680204142150928,-0.22516437347457136,-0.10460282953710592,-0.08196697561470057,0.02,False,False,True,100,linear,True
shuffle,2048,detail_energy_share_percentile_correlation,D_01,D_06,correlation,-0.15900544542562084,-0.1200370708337785,-0.17039045668179353,-0.07167817249604348,-0.03896837459184234,0.13,True,False,False,100,linear,False
shuffle,2048,detail_energy_share_percentile_correlation,D_01,D_07,correlation,-0.1497786382104312,-0.08685231193806787,-0.12505045256014993,-0.046534128897911274,-0.06292632627236332,0.0,False,False,True,100,linear,True
shuffle,2048,detail_energy_share_percentile_correlation,D_01,D_08,correlation,-0.10173030156778368,-0.055821493469554034,-0.09873148204535297,-0.00600504734375843,-0.04590880809822964,0.04,False,False,True,100,linear,True
shuffle,2048,detail_energy_share_percentile_correlation,D_01,D_09,correlation,-0.06713192169630458,-0.03586630126048822,-0.08726230068201331,0.003796856744770851,-0.03126562043581636,0.18,True,False,False,100,linear,False
shuffle,2048,detail_energy_share_percentile_correlation,D_02,D_01,correlation,-0.6237189771348612,-0.5670272773066581,-0.6083918523996196,-0.5133897584665915,-0.0566916998282031,0.02,False,False,True,100,linear,True
shuffle,2048,detail_energy_share_percentile_correlation,D_02,D_02,correlation,1.0,1.0,0.9999999999999998,1.0,0.0,1.0,True,False,False,100,linear,False
shuffle,2048,detail_energy_share_percentile_correlation,D_02,D_03,correlation,-0.15336960124480617,-0.21662584078503677,-0.2706147084281445,-0.14574343936901257,0.0632562395402306,0.91,True,False,False,100,linear,False
shuffle,2048,detail_energy_share_percentile_correlation,D_02,D_04,correlation,-0.052445860854895075,-0.1343103012734091,-0.20229804133147716,-0.07200834447322137,0.08186444041851401,0.98,False,True,False,100,linear,True
shuffle,2048,detail_energy_share_percentile_correlation,D_02,D_05,correlation,-0.046450480535729956,-0.09500353483045787,-0.1585551132260149,-0.037248325634777216,0.048553054294727914,0.9,True,False,False,100,linear,False
shuffle,2048,detail_energy_share_percentile_correlation,D_02,D_06,correlation,0.035683190256923,-0.060177783431378445,-0.12052466898982613,-0.0026536294261394356,0.09586097368830145,1.0,False,True,False,100,linear,True
shuffle,2048,detail_energy_share_percentile_correlation,D_02,D_07,correlation,0.059720176250335114,-0.04559288789199763,-0.08926358025695522,0.0002953843730410981,0.10531306414233274,1.0,False,True,False,100,linear,True
shuffle,2048,detail_energy_share_percentile_correlation,D_02,D_08,correlation,0.00503725605852006,-0.03842120403614957,-0.08524103301340759,0.006406614001689273,0.04345846009466963,0.94,True,False,False,100,linear,False
shuffle,2048,detail_energy_share_percentile_correlation,D_02,D_09,correlation,-0.04260266525523938,-0.021082116660182844,-0.06330327653578739,0.019164248551712747,-0.02152054859505654,0.21,True,False,False,100,linear,False
shuffle,2048,detail_energy_share_percentile_correlation,D_03,D_01,correlation,-0.40632262323868046,-0.35308250225921195,-0.4071138463646215,-0.30323287688245476,-0.05324012097946851,0.06,True,False,False,100,linear,False
shuffle,2048,detail_energy_share_percentile_correlation,D_03,D_02,correlation,-0.15336960124480617,-0.21662584078503677,-0.2706147084281445,-0.14574343936901257,0.0632562395402306,0.91,True,False,False,100,linear,False
shuffle,2048,detail_energy_share_percentile_correlation,D_03,D_03,correlation,1.0,1.0,0.9999999999999998,1.0,0.0,1.0,True,False,False,100,linear,False
shuffle,2048,detail_energy_share_percentile_correlation,D_03,D_04,correlation,-0.01306481546412288,-0.09427018555174554,-0.1560528628485655,-0.024806740245725087,0.08120537008762266,0.97,False,True,False,100,linear,True
shuffle,2048,detail_energy_share_percentile_correlation,D_03,D_05,correlation,-0.007282334438815756,-0.06688561778062847,-0.14696367440791197,-0.010504710108209941,0.05960328334181272,0.97,False,True,False,100,linear,True
shuffle,2048,detail_energy_share_percentile_correlation,D_03,D_06,correlation,-0.06079659385270213,-0.04916923508642209,-0.10110076474432253,-0.0029002821412993968,-0.011627358766280037,0.33,True,False,False,100,linear,False
shuffle,2048,detail_energy_share_percentile_correlation,D_03,D_07,correlation,-0.0345933434745129,-0.02877877173330219,-0.06794815287996263,0.010821562373266954,-0.005814571741210708,0.44,True,False,False,100,linear,False
shuffle,2048,detail_energy_share_percentile_correlation,D_03,D_08,correlation,0.03675816961584827,-0.021022397564069335,-0.06356782538389624,0.026995034295462007,0.0577805671799176,0.99,False,True,False,100,linear,True
shuffle,2048,detail_energy_share_percentile_correlation,D_03,D_09,correlation,0.03342386832213795,-0.010100428856672826,-0.06451882757644857,0.026283309021438512,0.043524297178810775,0.97,False,True,False,100,linear,True
shuffle,2048,detail_energy_share_percentile_correlation,D_04,D_01,correlation,-0.3475138726914567,-0.2526191575557026,-0.30864156050954916,-0.19943946937702411,-0.09489471513575415,0.01,False,False,True,100,linear,True
shuffle,2048,detail_energy_share_percentile_correlation,D_04,D_02,correlation,-0.052445860854895075,-0.1343103012734091,-0.20229804133147716,-0.07200834447322137,0.08186444041851401,0.98,False,True,False,100,linear,True
shuffle,2048,detail_energy_share_percentile_correlation,D_04,D_03,correlation,-0.01306481546412288,-0.09427018555174554,-0.1560528628485655,-0.024806740245725087,0.08120537008762266,0.97,False,True,False,100,linear,True
shuffle,2048,detail_energy_share_percentile_correlation,D_04,D_04,correlation,1.0,1.0,0.9999999999999998,1.0,0.0,1.0,True,False,False,100,linear,False
shuffle,2048,detail_energy_share_percentile_correlation,D_04,D_05,correlation,0.10349966602376716,-0.04273641207919952,-0.10529894619783049,0.022113860479839258,0.14623607810296668,1.0,False,True,False,100,linear,True
shuffle,2048,detail_energy_share_percentile_correlation,D_04,D_06,correlation,0.044838933849114485,-0.03209662157251768,-0.09382296368082838,0.025516130119243897,0.07693555542163216,1.0,False,True,False,100,linear,True
shuffle,2048,detail_energy_share_percentile_correlation,D_04,D_07,correlation,0.03818274974487947,-0.020543239999241396,-0.07273127455801359,0.023061772630351998,0.05872598974412087,0.99,False,True,False,100,linear,True
shuffle,2048,detail_energy_share_percentile_correlation,D_04,D_08,correlation,0.0013808136830641819,-0.01672648983183609,-0.06103286478426812,0.02631684823317637,0.018107303514900273,0.73,True,False,False,100,linear,False
shuffle,2048,detail_energy_share_percentile_correlation,D_04,D_09,correlation,0.049035903448005604,-0.010101051271428206,-0.053773085172862035,0.033787715009873404,0.05913695471943381,0.98,False,True,False,100,linear,True
shuffle,2048,detail_energy_share_percentile_correlation,D_05,D_01,correlation,-0.24998738982979338,-0.1680204142150928,-0.22516437347457136,-0.10460282953710592,-0.08196697561470057,0.02,False,False,True,100,linear,True
shuffle,2048,detail_energy_share_percentile_correlation,D_05,D_02,correlation,-0.04645048053572995,-0.09500353483045786,-0.1585551132260149,-0.037248325634777216,0.04855305429472791,0.9,True,False,False,100,linear,False
shuffle,2048,detail_energy_share_percentile_correlation,D_05,D_03,correlation,-0.007282334438815756,-0.06688561778062847,-0.14696367440791197,-0.010504710108209941,0.05960328334181272,0.97,False,True,False,100,linear,True
shuffle,2048,detail_energy_share_percentile_correlation,D_05,D_04,correlation,0.10349966602376715,-0.04273641207919952,-0.10529894619783048,0.022113860479839258,0.14623607810296668,1.0,False,True,False,100,linear,True
shuffle,2048,detail_energy_share_percentile_correlation,D_05,D_05,correlation,1.0,1.0,0.9999999999999998,1.0,0.0,1.0,True,False,False,100,linear,False
shuffle,2048,detail_energy_share_percentile_correlation,D_05,D_06,correlation,0.04237123385288841,-0.019220689354407974,-0.07784522985612406,0.05138947857263854,0.06159192320729638,0.93,True,False,False,100,linear,False
shuffle,2048,detail_energy_share_percentile_correlation,D_05,D_07,correlation,0.04828595401875003,-0.01591218846112375,-0.05845772276768071,0.029669487385260734,0.06419814247987378,0.98,False,True,False,100,linear,True
shuffle,2048,detail_energy_share_percentile_correlation,D_05,D_08,correlation,0.03704760265677518,-0.01351158128535021,-0.0520586611800806,0.019952746359026826,0.05055918394212539,0.99,False,True,False,100,linear,True
shuffle,2048,detail_energy_share_percentile_correlation,D_05,D_09,correlation,0.05169790809727296,-0.0031914621971935626,-0.06646669869375962,0.032251085973323046,0.05488937029446653,0.99,False,True,False,100,linear,True
shuffle,2048,detail_energy_share_percentile_correlation,D_06,D_01,correlation,-0.15900544542562084,-0.1200370708337785,-0.17039045668179353,-0.07167817249604347,-0.03896837459184234,0.13,True,False,False,100,linear,False
shuffle,2048,detail_energy_share_percentile_correlation,D_06,D_02,correlation,0.035683190256923,-0.060177783431378445,-0.12052466898982613,-0.0026536294261394356,0.09586097368830145,1.0,False,True,False,100,linear,True
shuffle,2048,detail_energy_share_percentile_correlation,D_06,D_03,correlation,-0.06079659385270213,-0.04916923508642209,-0.10110076474432253,-0.0029002821412993968,-0.011627358766280037,0.33,True,False,False,100,linear,False
shuffle,2048,detail_energy_share_percentile_correlation,D_06,D_04,correlation,0.044838933849114485,-0.03209662157251768,-0.09382296368082838,0.025516130119243894,0.07693555542163216,1.0,False,True,False,100,linear,True
shuffle,2048,detail_energy_share_percentile_correlation,D_06,D_05,correlation,0.0423712338528884,-0.019220689354407974,-0.07784522985612408,0.05138947857263854,0.061591923207296374,0.93,True,False,False,100,linear,False
shuffle,2048,detail_energy_share_percentile_correlation,D_06,D_06,correlation,0.9999999999999998,1.0,0.9999999999999998,1.0,-2.220446049250313e-16,0.46,True,False,False,100,linear,False
shuffle,2048,detail_energy_share_percentile_correlation,D_06,D_07,correlation,0.1255848684123499,-0.014150838322235723,-0.06739217221064522,0.04073120565611846,0.13973570673458563,1.0,False,True,False,100,linear,True
shuffle,2048,detail_energy_share_percentile_correlation,D_06,D_08,correlation,0.10165434006418722,-0.01057748868018157,-0.05513021295693629,0.03040541041442727,0.1122318287443688,1.0,False,True,False,100,linear,True
shuffle,2048,detail_energy_share_percentile_correlation,D_06,D_09,correlation,0.035105988552843755,-0.007475717830764684,-0.044701195317907526,0.02643106923003892,0.04258170638360844,0.98,False,True,False,100,linear,True
shuffle,2048,detail_energy_share_percentile_correlation,D_07,D_01,correlation,-0.1497786382104312,-0.08685231193806787,-0.12505045256014993,-0.04653412889791128,-0.06292632627236332,0.0,False,False,True,100,linear,True
shuffle,2048,detail_energy_share_percentile_correlation,D_07,D_02,correlation,0.059720176250335114,-0.04559288789199763,-0.08926358025695522,0.0002953843730410981,0.10531306414233274,1.0,False,True,False,100,linear,True
shuffle,2048,detail_energy_share_percentile_correlation,D_07,D_03,correlation,-0.0345933434745129,-0.02877877173330219,-0.06794815287996263,0.010821562373266954,-0.005814571741210708,0.44,True,False,False,100,linear,False
shuffle,2048,detail_energy_share_percentile_correlation,D_07,D_04,correlation,0.03818274974487947,-0.020543239999241396,-0.07273127455801359,0.023061772630351998,0.05872598974412087,0.99,False,True,False,100,linear,True
shuffle,2048,detail_energy_share_percentile_correlation,D_07,D_05,correlation,0.04828595401875003,-0.01591218846112375,-0.05845772276768071,0.029669487385260734,0.06419814247987378,0.98,False,True,False,100,linear,True
shuffle,2048,detail_energy_share_percentile_correlation,D_07,D_06,correlation,0.1255848684123499,-0.014150838322235723,-0.06739217221064522,0.04073120565611846,0.13973570673458563,1.0,False,True,False,100,linear,True
shuffle,2048,detail_energy_share_percentile_correlation,D_07,D_07,correlation,0.9999999999999998,0.9999999999999999,0.9999999999999998,1.0,-1.1102230246251565e-16,0.5,True,False,False,100,linear,False
shuffle,2048,detail_energy_share_percentile_correlation,D_07,D_08,correlation,0.14455150238788128,-0.004770829459260474,-0.04240704604187543,0.03570433770713671,0.14932233184714175,1.0,False,True,False,100,linear,True
shuffle,2048,detail_energy_share_percentile_correlation,D_07,D_09,correlation,0.09403410748877052,-0.0026217203811782124,-0.03305693188321094,0.029080615186382344,0.09665582786994872,1.0,False,True,False,100,linear,True
shuffle,2048,detail_energy_share_percentile_correlation,D_08,D_01,correlation,-0.10173030156778368,-0.055821493469554034,-0.09873148204535297,-0.00600504734375843,-0.04590880809822964,0.04,False,False,True,100,linear,True
shuffle,2048,detail_energy_share_percentile_correlation,D_08,D_02,correlation,0.00503725605852006,-0.03842120403614957,-0.08524103301340759,0.006406614001689273,0.04345846009466963,0.94,True,False,False,100,linear,False
shuffle,2048,detail_energy_share_percentile_correlation,D_08,D_03,correlation,0.03675816961584827,-0.02102239756406933,-0.06356782538389624,0.026995034295462007,0.0577805671799176,0.99,False,True,False,100,linear,True
shuffle,2048,detail_energy_share_percentile_correlation,D_08,D_04,correlation,0.0013808136830641819,-0.01672648983183609,-0.06103286478426812,0.026316848233176367,0.018107303514900273,0.73,True,False,False,100,linear,False
shuffle,2048,detail_energy_share_percentile_correlation,D_08,D_05,correlation,0.03704760265677518,-0.01351158128535021,-0.0520586611800806,0.019952746359026826,0.05055918394212539,0.99,False,True,False,100,linear,True
shuffle,2048,detail_energy_share_percentile_correlation,D_08,D_06,correlation,0.10165434006418722,-0.01057748868018157,-0.05513021295693629,0.03040541041442727,0.1122318287443688,1.0,False,True,False,100,linear,True
shuffle,2048,detail_energy_share_percentile_correlation,D_08,D_07,correlation,0.14455150238788128,-0.004770829459260474,-0.04240704604187543,0.03570433770713671,0.14932233184714175,1.0,False,True,False,100,linear,True
shuffle,2048,detail_energy_share_percentile_correlation,D_08,D_08,correlation,1.0,1.0,0.9999999999999998,1.0,0.0,1.0,True,False,False,100,linear,False
shuffle,2048,detail_energy_share_percentile_correlation,D_08,D_09,correlation,0.1286444710256506,-0.002222628912580004,-0.03713999256516121,0.03220085164916453,0.13086709993823062,1.0,False,True,False,100,linear,True
shuffle,2048,detail_energy_share_percentile_correlation,D_09,D_01,correlation,-0.06713192169630458,-0.03586630126048822,-0.08726230068201332,0.003796856744770851,-0.03126562043581636,0.18,True,False,False,100,linear,False
shuffle,2048,detail_energy_share_percentile_correlation,D_09,D_02,correlation,-0.04260266525523938,-0.021082116660182844,-0.06330327653578739,0.019164248551712747,-0.02152054859505654,0.21,True,False,False,100,linear,False
shuffle,2048,detail_energy_share_percentile_correlation,D_09,D_03,correlation,0.03342386832213795,-0.010100428856672826,-0.06451882757644857,0.026283309021438512,0.043524297178810775,0.97,False,True,False,100,linear,True
shuffle,2048,detail_energy_share_percentile_correlation,D_09,D_04,correlation,0.049035903448005604,-0.010101051271428206,-0.053773085172862035,0.033787715009873404,0.05913695471943381,0.98,False,True,False,100,linear,True
shuffle,2048,detail_energy_share_percentile_correlation,D_09,D_05,correlation,0.051697908097272954,-0.0031914621971935626,-0.06646669869375962,0.032251085973323046,0.054889370294466514,0.99,False,True,False,100,linear,True
shuffle,2048,detail_energy_share_percentile_correlation,D_09,D_06,correlation,0.035105988552843755,-0.007475717830764684,-0.044701195317907526,0.02643106923003892,0.04258170638360844,0.98,False,True,False,100,linear,True
shuffle,2048,detail_energy_share_percentile_correlation,D_09,D_07,correlation,0.09403410748877052,-0.002621720381178213,-0.03305693188321094,0.029080615186382344,0.09665582786994872,1.0,False,True,False,100,linear,True
shuffle,2048,detail_energy_share_percentile_correlation,D_09,D_08,correlation,0.1286444710256506,-0.0022226289125800037,-0.03713999256516121,0.03220085164916453,0.13086709993823062,1.0,False,True,False,100,linear,True
shuffle,2048,detail_energy_share_percentile_correlation,D_09,D_09,correlation,1.0,1.0,0.9999999999999998,1.0,0.0,1.0,True,False,False,100,linear,False
shuffle,2048,rms_volatility_correlation,D_01,D_01,correlation,0.9999999999999998,1.0,0.9999999999999999,1.0,-2.220446049250313e-16,0.01,False,False,True,100,linear,True
shuffle,2048,rms_volatility_correlation,D_01,D_02,correlation,0.97442930038478,0.8716705031080607,0.8515715943185379,0.8864414656533478,0.10275879727671933,1.0,False,True,False,100,linear,True
shuffle,2048,rms_volatility_correlation,D_01,D_03,correlation,0.9585170000941982,0.811241336699871,0.7844897015271852,0.8314822315445578,0.14727566339432718,1.0,False,True,False,100,linear,True
shuffle,2048,rms_volatility_correlation,D_01,D_04,correlation,0.9369028964533509,0.7094015672323382,0.6796163257291421,0.7408364382010283,0.22750132922101274,1.0,False,True,False,100,linear,True
shuffle,2048,rms_volatility_correlation,D_01,D_05,correlation,0.9137310143284431,0.5966416159772508,0.545790357286769,0.6387635361005897,0.3170893983511922,1.0,False,True,False,100,linear,True
shuffle,2048,rms_volatility_correlation,D_01,D_06,correlation,0.8893042197037472,0.4566675753948017,0.4111865932381412,0.5092549131590713,0.4326366443089455,1.0,False,True,False,100,linear,True
shuffle,2048,rms_volatility_correlation,D_01,D_07,correlation,0.8231714945548398,0.3452134716825369,0.2945799055044525,0.3946124736400343,0.47795802287230293,1.0,False,True,False,100,linear,True
shuffle,2048,rms_volatility_correlation,D_01,D_08,correlation,0.7694917626304416,0.25421086923143427,0.20028704116374746,0.3025005207137544,0.5152808933990074,1.0,False,True,False,100,linear,True
shuffle,2048,rms_volatility_correlation,D_01,D_09,correlation,0.626408656110726,0.177917094133809,0.13069656380235053,0.22388283471835715,0.4484915619769171,1.0,False,True,False,100,linear,True
shuffle,2048,rms_volatility_correlation,D_02,D_01,correlation,0.9744293003847799,0.8716705031080606,0.8515715943185378,0.8864414656533478,0.10275879727671933,1.0,False,True,False,100,linear,True
shuffle,2048,rms_volatility_correlation,D_02,D_02,correlation,1.0,1.0,0.9999999999999999,1.0,0.0,1.0,True,False,False,100,linear,False
shuffle,2048,rms_volatility_correlation,D_02,D_03,correlation,0.9553108835964441,0.7718645426981803,0.7465051983156155,0.805118856964849,0.18344634089826384,1.0,False,True,False,100,linear,True
shuffle,2048,rms_volatility_correlation,D_02,D_04,correlation,0.9405168775984823,0.6843500191276795,0.6477787800216839,0.7146674092907932,0.2561668584708029,1.0,False,True,False,100,linear,True
shuffle,2048,rms_volatility_correlation,D_02,D_05,correlation,0.9145956915814275,0.5734907230680512,0.5166648239951889,0.6194551448594029,0.34110496851337635,1.0,False,True,False,100,linear,True
shuffle,2048,rms_volatility_correlation,D_02,D_06,correlation,0.8895720868955104,0.44181232883207877,0.3875582626060057,0.49047932652160803,0.4477597580634316,1.0,False,True,False,100,linear,True
shuffle,2048,rms_volatility_correlation,D_02,D_07,correlation,0.824296111553342,0.33274172215250775,0.2817033837111775,0.3747425577365652,0.4915543894008343,1.0,False,True,False,100,linear,True
shuffle,2048,rms_volatility_correlation,D_02,D_08,correlation,0.7678802286874695,0.24418235351690767,0.1899368023028754,0.2873117239887022,0.5236978751705619,1.0,False,True,False,100,linear,True
shuffle,2048,rms_volatility_correlation,D_02,D_09,correlation,0.6209604368324639,0.1726552240562064,0.11687824740458823,0.223842445166018,0.44830521277625757,1.0,False,True,False,100,linear,True
shuffle,2048,rms_volatility_correlation,D_03,D_01,correlation,0.9585170000941983,0.811241336699871,0.7844897015271853,0.8314822315445577,0.1472756633943273,1.0,False,True,False,100,linear,True
shuffle,2048,rms_volatility_correlation,D_03,D_02,correlation,0.9553108835964441,0.7718645426981803,0.7465051983156155,0.805118856964849,0.18344634089826384,1.0,False,True,False,100,linear,True
shuffle,2048,rms_volatility_correlation,D_03,D_03,correlation,0.9999999999999998,1.0,0.9999999999999998,1.0,-2.220446049250313e-16,0.26,True,False,False,100,linear,False
shuffle,2048,rms_volatility_correlation,D_03,D_04,correlation,0.9258113827076838,0.6353930102944878,0.5880209991301855,0.6598481987344943,0.290418372413196,1.0,False,True,False,100,linear,True
shuffle,2048,rms_volatility_correlation,D_03,D_05,correlation,0.8975187435135582,0.5273870122991307,0.4753863352021914,0.5747928010483957,0.37013173121442755,1.0,False,True,False,100,linear,True
shuffle,2048,rms_volatility_correlation,D_03,D_06,correlation,0.8667795016685117,0.4105966571147306,0.3608094302872395,0.4620796904309049,0.4561828445537811,1.0,False,True,False,100,linear,True
shuffle,2048,rms_volatility_correlation,D_03,D_07,correlation,0.8047770289761832,0.30297356601768244,0.2672218692548898,0.3598563641913897,0.5018034629585008,1.0,False,True,False,100,linear,True
shuffle,2048,rms_volatility_correlation,D_03,D_08,correlation,0.7668606773248842,0.22975809419587429,0.1779428322815257,0.27333553267543087,0.5371025831290099,1.0,False,True,False,100,linear,True
shuffle,2048,rms_volatility_correlation,D_03,D_09,correlation,0.6303882478617792,0.15577586678770616,0.11178102353251029,0.21162811125607117,0.474612381074073,1.0,False,True,False,100,linear,True
shuffle,2048,rms_volatility_correlation,D_04,D_01,correlation,0.9369028964533508,0.7094015672323383,0.6796163257291421,0.7408364382010284,0.22750132922101252,1.0,False,True,False,100,linear,True
shuffle,2048,rms_volatility_correlation,D_04,D_02,correlation,0.9405168775984825,0.6843500191276795,0.6477787800216839,0.7146674092907933,0.256166858470803,1.0,False,True,False,100,linear,True
shuffle,2048,rms_volatility_correlation,D_04,D_03,correlation,0.9258113827076838,0.6353930102944878,0.5880209991301855,0.6598481987344943,0.290418372413196,1.0,False,True,False,100,linear,True
shuffle,2048,rms_volatility_correlation,D_04,D_04,correlation,1.0,1.0,0.9999999999999999,1.0,0.0,1.0,True,False,False,100,linear,False
shuffle,2048,rms_volatility_correlation,D_04,D_05,correlation,0.8882917622213335,0.4681300049087486,0.39882870485740296,0.5232390331109409,0.4201617573125849,1.0,False,True,False,100,linear,True
shuffle,2048,rms_volatility_correlation,D_04,D_06,correlation,0.8624850529260982,0.3540382346876436,0.3073694468212138,0.40590093882681,0.5084468182384546,1.0,False,True,False,100,linear,True
shuffle,2048,rms_volatility_correlation,D_04,D_07,correlation,0.7986672773886827,0.2674856284117147,0.21919269792202817,0.325298539991675,0.5311816489769681,1.0,False,True,False,100,linear,True
shuffle,2048,rms_volatility_correlation,D_04,D_08,correlation,0.7439626998300024,0.19864006010341323,0.14788184112182137,0.24529279588808248,0.5453226397265891,1.0,False,True,False,100,linear,True
shuffle,2048,rms_volatility_correlation,D_04,D_09,correlation,0.6167287896177155,0.1393526843359491,0.09078900916135839,0.18739283454884914,0.4773761052817664,1.0,False,True,False,100,linear,True
shuffle,2048,rms_volatility_correlation,D_05,D_01,correlation,0.9137310143284431,0.5966416159772508,0.545790357286769,0.6387635361005897,0.3170893983511922,1.0,False,True,False,100,linear,True
shuffle,2048,rms_volatility_correlation,D_05,D_02,correlation,0.9145956915814275,0.5734907230680512,0.5166648239951889,0.6194551448594029,0.34110496851337635,1.0,False,True,False,100,linear,True
shuffle,2048,rms_volatility_correlation,D_05,D_03,correlation,0.8975187435135582,0.5273870122991308,0.47538633520219137,0.5747928010483958,0.37013173121442744,1.0,False,True,False,100,linear,True
shuffle,2048,rms_volatility_correlation,D_05,D_04,correlation,0.8882917622213335,0.46813000490874856,0.39882870485740296,0.5232390331109409,0.420161757312585,1.0,False,True,False,100,linear,True
shuffle,2048,rms_volatility_correlation,D_05,D_05,correlation,0.9999999999999998,1.0,0.9999999999999999,1.0,-2.220446049250313e-16,0.0,False,False,True,100,linear,True
shuffle,2048,rms_volatility_correlation,D_05,D_06,correlation,0.838829781774659,0.29763339630689123,0.2501066936920885,0.36955700418892756,0.5411963854677677,1.0,False,True,False,100,linear,True
shuffle,2048,rms_volatility_correlation,D_05,D_07,correlation,0.7826016514337008,0.22233857292790868,0.17931945823318368,0.2798963692840554,0.560263078505792,1.0,False,True,False,100,linear,True
shuffle,2048,rms_volatility_correlation,D_05,D_08,correlation,0.7346861614919193,0.1667416357999736,0.12869911878196347,0.20491234896371258,0.5679445256919458,1.0,False,True,False,100,linear,True
shuffle,2048,rms_volatility_correlation,D_05,D_09,correlation,0.6010088388902957,0.11767024126792656,0.06428962919159585,0.16022323715238782,0.4833385976223691,1.0,False,True,False,100,linear,True
shuffle,2048,rms_volatility_correlation,D_06,D_01,correlation,0.8893042197037472,0.45666757539480174,0.4111865932381412,0.5092549131590713,0.43263664430894544,1.0,False,True,False,100,linear,True
shuffle,2048,rms_volatility_correlation,D_06,D_02,correlation,0.8895720868955104,0.4418123288320788,0.3875582626060057,0.49047932652160803,0.44775975806343155,1.0,False,True,False,100,linear,True
shuffle,2048,rms_volatility_correlation,D_06,D_03,correlation,0.8667795016685118,0.4105966571147306,0.3608094302872395,0.4620796904309049,0.4561828445537812,1.0,False,True,False,100,linear,True
shuffle,2048,rms_volatility_correlation,D_06,D_04,correlation,0.8624850529260981,0.35403823468764356,0.3073694468212138,0.40590093882681,0.5084468182384545,1.0,False,True,False,100,linear,True
shuffle,2048,rms_volatility_correlation,D_06,D_05,correlation,0.838829781774659,0.29763339630689123,0.2501066936920885,0.36955700418892756,0.5411963854677677,1.0,False,True,False,100,linear,True
shuffle,2048,rms_volatility_correlation,D_06,D_06,correlation,1.0,1.0,0.9999999999999998,1.0,0.0,1.0,True,False,False,100,linear,False
shuffle,2048,rms_volatility_correlation,D_06,D_07,correlation,0.7816521138376524,0.16911419525342397,0.12097484351179195,0.22110366812136797,0.6125379185842285,1.0,False,True,False,100,linear,True
shuffle,2048,rms_volatility_correlation,D_06,D_08,correlation,0.736275948150641,0.12488829690726733,0.07725575277146488,0.17289421098100524,0.6113876512433737,1.0,False,True,False,100,linear,True
shuffle,2048,rms_volatility_correlation,D_06,D_09,correlation,0.5905416172144856,0.09029045327018914,0.03905500943059653,0.12688440112638683,0.5002511639442965,1.0,False,True,False,100,linear,True
shuffle,2048,rms_volatility_correlation,D_07,D_01,correlation,0.8231714945548398,0.3452134716825369,0.2945799055044525,0.39461247364003427,0.47795802287230293,1.0,False,True,False,100,linear,True
shuffle,2048,rms_volatility_correlation,D_07,D_02,correlation,0.824296111553342,0.33274172215250775,0.2817033837111775,0.37474255773656523,0.4915543894008343,1.0,False,True,False,100,linear,True
shuffle,2048,rms_volatility_correlation,D_07,D_03,correlation,0.8047770289761832,0.30297356601768244,0.2672218692548897,0.3598563641913897,0.5018034629585008,1.0,False,True,False,100,linear,True
shuffle,2048,rms_volatility_correlation,D_07,D_04,correlation,0.7986672773886827,0.2674856284117147,0.21919269792202817,0.325298539991675,0.5311816489769681,1.0,False,True,False,100,linear,True
shuffle,2048,rms_volatility_correlation,D_07,D_05,correlation,0.7826016514337008,0.2223385729279087,0.17931945823318368,0.2798963692840554,0.560263078505792,1.0,False,True,False,100,linear,True
shuffle,2048,rms_volatility_correlation,D_07,D_06,correlation,0.7816521138376523,0.16911419525342397,0.12097484351179195,0.22110366812136797,0.6125379185842283,1.0,False,True,False,100,linear,True
shuffle,2048,rms_volatility_correlation,D_07,D_07,correlation,1.0,1.0,0.9999999999999998,1.0,0.0,1.0,True,False,False,100,linear,False
shuffle,2048,rms_volatility_correlation,D_07,D_08,correlation,0.6899436607563135,0.09716002751070957,0.050539297283349306,0.14046516177326163,0.592783633245604,1.0,False,True,False,100,linear,True
shuffle,2048,rms_volatility_correlation,D_07,D_09,correlation,0.5761074975514396,0.06896786520326822,0.030462676088446012,0.10267635875423663,0.5071396323481714,1.0,False,True,False,100,linear,True
shuffle,2048,rms_volatility_correlation,D_08,D_01,correlation,0.7694917626304416,0.25421086923143427,0.2002870411637475,0.3025005207137544,0.5152808933990074,1.0,False,True,False,100,linear,True
shuffle,2048,rms_volatility_correlation,D_08,D_02,correlation,0.7678802286874696,0.24418235351690765,0.1899368023028754,0.28731172398870225,0.523697875170562,1.0,False,True,False,100,linear,True
shuffle,2048,rms_volatility_correlation,D_08,D_03,correlation,0.7668606773248843,0.22975809419587426,0.1779428322815257,0.27333553267543087,0.53710258312901,1.0,False,True,False,100,linear,True
shuffle,2048,rms_volatility_correlation,D_08,D_04,correlation,0.7439626998300024,0.19864006010341323,0.14788184112182137,0.24529279588808248,0.5453226397265891,1.0,False,True,False,100,linear,True
shuffle,2048,rms_volatility_correlation,D_08,D_05,correlation,0.7346861614919193,0.1667416357999736,0.12869911878196347,0.20491234896371258,0.5679445256919458,1.0,False,True,False,100,linear,True
shuffle,2048,rms_volatility_correlation,D_08,D_06,correlation,0.736275948150641,0.1248882969072673,0.07725575277146489,0.17289421098100524,0.6113876512433737,1.0,False,True,False,100,linear,True
shuffle,2048,rms_volatility_correlation,D_08,D_07,correlation,0.6899436607563135,0.09716002751070957,0.050539297283349306,0.14046516177326163,0.592783633245604,1.0,False,True,False,100,linear,True
shuffle,2048,rms_volatility_correlation,D_08,D_08,correlation,1.0,1.0,0.9999999999999998,1.0,0.0,1.0,True,False,False,100,linear,False
shuffle,2048,rms_volatility_correlation,D_08,D_09,correlation,0.5621364517423241,0.051536802511687546,0.013219727924393236,0.09031926261295954,0.5105996492306365,1.0,False,True,False,100,linear,True
shuffle,2048,rms_volatility_correlation,D_09,D_01,correlation,0.6264086561107259,0.17791709413380902,0.13069656380235056,0.22388283471835715,0.4484915619769169,1.0,False,True,False,100,linear,True
shuffle,2048,rms_volatility_correlation,D_09,D_02,correlation,0.6209604368324638,0.1726552240562064,0.11687824740458824,0.22384244516601798,0.44830521277625746,1.0,False,True,False,100,linear,True
shuffle,2048,rms_volatility_correlation,D_09,D_03,correlation,0.630388247861779,0.15577586678770616,0.11178102353251029,0.21162811125607117,0.4746123810740729,1.0,False,True,False,100,linear,True
shuffle,2048,rms_volatility_correlation,D_09,D_04,correlation,0.6167287896177156,0.1393526843359491,0.09078900916135839,0.18739283454884914,0.4773761052817665,1.0,False,True,False,100,linear,True
shuffle,2048,rms_volatility_correlation,D_09,D_05,correlation,0.6010088388902957,0.11767024126792655,0.06428962919159584,0.1602232371523878,0.4833385976223691,1.0,False,True,False,100,linear,True
shuffle,2048,rms_volatility_correlation,D_09,D_06,correlation,0.5905416172144856,0.09029045327018914,0.039055009430596525,0.12688440112638683,0.5002511639442965,1.0,False,True,False,100,linear,True
shuffle,2048,rms_volatility_correlation,D_09,D_07,correlation,0.5761074975514396,0.06896786520326822,0.03046267608844601,0.10267635875423664,0.5071396323481714,1.0,False,True,False,100,linear,True
shuffle,2048,rms_volatility_correlation,D_09,D_08,correlation,0.5621364517423241,0.051536802511687546,0.013219727924393236,0.09031926261295954,0.5105996492306365,1.0,False,True,False,100,linear,True
shuffle,2048,rms_volatility_correlation,D_09,D_09,correlation,1.0,1.0,0.9999999999999998,1.0,0.0,1.0,True,False,False,100,linear,False
shuffle,8192,detail_energy_share_percentile_correlation,D_01,D_01,correlation,1.0,1.0,0.9999999999999998,1.0,0.0,1.0,True,False,False,100,linear,False
shuffle,8192,detail_energy_share_percentile_correlation,D_01,D_02,correlation,-0.5992079140833589,-0.5605066399371377,-0.6708434921184278,-0.47312346471405137,-0.038701274146221265,0.26,True,False,False,100,linear,False
shuffle,8192,detail_energy_share_percentile_correlation,D_01,D_03,correlation,-0.4427925793057377,-0.3494568090919258,-0.4420275346746723,-0.24512052010769286,-0.0933357702138119,0.05,False,False,True,100,linear,True
shuffle,8192,detail_energy_share_percentile_correlation,D_01,D_04,correlation,-0.3822177232385332,-0.2639060140359097,-0.39619827659687934,-0.13160461580072802,-0.11831170920262352,0.08,True,False,False,100,linear,False
shuffle,8192,detail_energy_share_percentile_correlation,D_01,D_05,correlation,-0.3052274265450117,-0.16600439659702404,-0.30264815841345627,-0.04646748285204541,-0.1392230299479877,0.05,False,False,True,100,linear,True
shuffle,8192,detail_energy_share_percentile_correlation,D_01,D_06,correlation,-0.15727384075086084,-0.1239598090265904,-0.23392712097398982,-0.031231252751739987,-0.03331403172427044,0.28,True,False,False,100,linear,False
shuffle,8192,detail_energy_share_percentile_correlation,D_01,D_07,correlation,-0.18582137562977646,-0.09915913609723409,-0.16813533240273448,-0.03136066515618589,-0.08666223953254237,0.01,False,False,True,100,linear,True
shuffle,8192,detail_energy_share_percentile_correlation,D_01,D_08,correlation,-0.17503435591497235,-0.06212584545248101,-0.15333053502676833,0.017348775403267673,-0.11290851046249134,0.04,False,False,True,100,linear,True
shuffle,8192,detail_energy_share_percentile_correlation,D_01,D_09,correlation,-0.11443147454202833,-0.03754987514140025,-0.139007529606607,0.014743057397088876,-0.07688159940062808,0.09,True,False,False,100,linear,False
shuffle,8192,detail_energy_share_percentile_correlation,D_02,D_01,correlation,-0.5992079140833589,-0.5605066399371377,-0.6708434921184278,-0.47312346471405137,-0.038701274146221265,0.26,True,False,False,100,linear,False
shuffle,8192,detail_energy_share_percentile_correlation,D_02,D_02,correlation,1.0,1.0,0.9999999999999998,1.0,0.0,1.0,True,False,False,100,linear,False
shuffle,8192,detail_energy_share_percentile_correlation,D_02,D_03,correlation,-0.1875878293529689,-0.21453988075100844,-0.34321345906419093,-0.09118577485960043,0.02695205139803955,0.66,True,False,False,100,linear,False
shuffle,8192,detail_energy_share_percentile_correlation,D_02,D_04,correlation,0.06040490853200492,-0.13452338661709468,-0.26970405558159727,-0.006903569490097413,0.1949282951490996,0.98,False,True,False,100,linear,True
shuffle,8192,detail_energy_share_percentile_correlation,D_02,D_05,correlation,-0.056025893572639825,-0.09230569431321546,-0.22928337346949404,0.030589557780175386,0.036279800740575636,0.71,True,False,False,100,linear,False
shuffle,8192,detail_energy_share_percentile_correlation,D_02,D_06,correlation,0.05366876163846474,-0.04814052465396887,-0.1648585075386074,0.052050591539536104,0.1018092862924336,0.95,False,True,False,100,linear,True
shuffle,8192,detail_energy_share_percentile_correlation,D_02,D_07,correlation,0.06761006056073493,-0.03146087860157175,-0.12866904623728198,0.04440001537787738,0.09907093916230668,0.98,False,True,False,100,linear,True
shuffle,8192,detail_energy_share_percentile_correlation,D_02,D_08,correlation,-0.006090668874680398,-0.024389322535176124,-0.1134097085467343,0.060729259833241345,0.018298653660495726,0.64,True,False,False,100,linear,False
shuffle,8192,detail_energy_share_percentile_correlation,D_02,D_09,correlation,-0.04187042174108359,-0.01821635890847781,-0.08175907226748891,0.07437781629742678,-0.02365406283260578,0.3,True,False,False,100,linear,False
shuffle,8192,detail_energy_share_percentile_correlation,D_03,D_01,correlation,-0.4427925793057377,-0.3494568090919258,-0.4420275346746723,-0.24512052010769286,-0.0933357702138119,0.05,False,False,True,100,linear,True
shuffle,8192,detail_energy_share_percentile_correlation,D_03,D_02,correlation,-0.1875878293529689,-0.21453988075100844,-0.34321345906419093,-0.09118577485960043,0.02695205139803955,0.66,True,False,False,100,linear,False
shuffle,8192,detail_energy_share_percentile_correlation,D_03,D_03,correlation,1.0,1.0,0.9999999999999998,1.0,0.0,1.0,True,False,False,100,linear,False
shuffle,8192,detail_energy_share_percentile_correlation,D_03,D_04,correlation,-0.026966008517614756,-0.08766478843622377,-0.20728017952236966,0.05312247133894977,0.06069877991860902,0.77,True,False,False,100,linear,False
shuffle,8192,detail_energy_share_percentile_correlation,D_03,D_05,correlation,0.08611258402718575,-0.07837198481697358,-0.23319443235114812,0.05049382419448494,0.16448456884415932,0.96,False,True,False,100,linear,True
shuffle,8192,detail_energy_share_percentile_correlation,D_03,D_06,correlation,-0.0724531691267233,-0.05232115418610531,-0.15622666741605545,0.07096580755417545,-0.020132014940617983,0.37,True,False,False,100,linear,False
shuffle,8192,detail_energy_share_percentile_correlation,D_03,D_07,correlation,-0.007036637177990292,-0.01930635262501596,-0.10852646450336029,0.04500806611786597,0.01226971544702567,0.61,True,False,False,100,linear,False
shuffle,8192,detail_energy_share_percentile_correlation,D_03,D_08,correlation,0.08617236319624447,-0.0247683436069307,-0.09496221872432867,0.07892437114413976,0.11094070680317517,0.95,False,True,False,100,linear,True
shuffle,8192,detail_energy_share_percentile_correlation,D_03,D_09,correlation,0.08467977955592822,-0.01421661957952651,-0.10122898975134907,0.05629779024821181,0.09889639913545473,0.97,False,True,False,100,linear,True
shuffle,8192,detail_energy_share_percentile_correlation,D_04,D_01,correlation,-0.3822177232385332,-0.2639060140359097,-0.39619827659687934,-0.13160461580072802,-0.11831170920262352,0.08,True,False,False,100,linear,False
shuffle,8192,detail_energy_share_percentile_correlation,D_04,D_02,correlation,0.06040490853200492,-0.13452338661709468,-0.26970405558159727,-0.006903569490097413,0.1949282951490996,0.98,False,True,False,100,linear,True
shuffle,8192,detail_energy_share_percentile_correlation,D_04,D_03,correlation,-0.026966008517614756,-0.08766478843622377,-0.20728017952236966,0.05312247133894977,0.06069877991860902,0.77,True,False,False,100,linear,False
shuffle,8192,detail_energy_share_percentile_correlation,D_04,D_04,correlation,1.0,1.0,0.9999999999999998,1.0,0.0,1.0,True,False,False,100,linear,False
shuffle,8192,detail_energy_share_percentile_correlation,D_04,D_05,correlation,-0.024153703338382113,-0.03911166258447256,-0.17876829735403227,0.09002756765921308,0.014957959246090446,0.58,True,False,False,100,linear,False
shuffle,8192,detail_energy_share_percentile_correlation,D_04,D_06,correlation,-0.005257172264764412,-0.054677147501387455,-0.13638031175497095,0.07120941079882553,0.049419975236623045,0.69,True,False,False,100,linear,False
shuffle,8192,detail_energy_share_percentile_correlation,D_04,D_07,correlation,0.023113947127309246,-0.025666570794086234,-0.11198952440801974,0.059576342943214705,0.04878051792139548,0.77,True,False,False,100,linear,False
shuffle,8192,detail_energy_share_percentile_correlation,D_04,D_08,correlation,0.04948883764006455,-0.01531231943526295,-0.0915004726479702,0.06368290227880688,0.0648011570753275,0.9,True,False,False,100,linear,False
shuffle,8192,detail_energy_share_percentile_correlation,D_04,D_09,correlation,0.038139827692486146,-0.009519192735231295,-0.07873613679318926,0.07076232055524641,0.04765902042771744,0.83,True,False,False,100,linear,False
shuffle,8192,detail_energy_share_percentile_correlation,D_05,D_01,correlation,-0.3052274265450117,-0.16600439659702404,-0.30264815841345627,-0.04646748285204541,-0.1392230299479877,0.05,False,False,True,100,linear,True
shuffle,8192,detail_energy_share_percentile_correlation,D_05,D_02,correlation,-0.056025893572639825,-0.09230569431321546,-0.22928337346949404,0.030589557780175386,0.036279800740575636,0.71,True,False,False,100,linear,False
shuffle,8192,detail_energy_share_percentile_correlation,D_05,D_03,correlation,0.08611258402718575,-0.07837198481697358,-0.23319443235114812,0.05049382419448494,0.16448456884415932,0.96,False,True,False,100,linear,True
shuffle,8192,detail_energy_share_percentile_correlation,D_05,D_04,correlation,-0.024153703338382113,-0.03911166258447256,-0.17876829735403227,0.09002756765921308,0.014957959246090446,0.58,True,False,False,100,linear,False
shuffle,8192,detail_energy_share_percentile_correlation,D_05,D_05,correlation,0.9999999999999998,1.0,0.9999999999999998,1.0,-2.220446049250313e-16,0.26,True,False,False,100,linear,False
shuffle,8192,detail_energy_share_percentile_correlation,D_05,D_06,correlation,0.00890192525732881,-0.0017341836611282336,-0.11249508029052188,0.09708081659734386,0.010636108918457045,0.61,True,False,False,100,linear,False
shuffle,8192,detail_energy_share_percentile_correlation,D_05,D_07,correlation,0.09695282401897728,-0.017992985734912894,-0.09357075621923516,0.09521348258198213,0.11494580975389018,0.95,False,True,False,100,linear,True
shuffle,8192,detail_energy_share_percentile_correlation,D_05,D_08,correlation,0.08566790098421023,-0.010460941998977229,-0.08882444349023254,0.06288311926117908,0.09612884298318747,0.99,False,True,False,100,linear,True
shuffle,8192,detail_energy_share_percentile_correlation,D_05,D_09,correlation,0.07470250907251905,-0.020377320783902003,-0.09951793212944356,0.04827458482246729,0.09507982985642105,0.99,False,True,False,100,linear,True
shuffle,8192,detail_energy_share_percentile_correlation,D_06,D_01,correlation,-0.15727384075086084,-0.1239598090265904,-0.23392712097398982,-0.031231252751739987,-0.03331403172427044,0.28,True,False,False,100,linear,False
shuffle,8192,detail_energy_share_percentile_correlation,D_06,D_02,correlation,0.05366876163846474,-0.04814052465396887,-0.1648585075386074,0.052050591539536104,0.1018092862924336,0.95,False,True,False,100,linear,True
shuffle,8192,detail_energy_share_percentile_correlation,D_06,D_03,correlation,-0.0724531691267233,-0.05232115418610531,-0.15622666741605545,0.07096580755417545,-0.020132014940617983,0.37,True,False,False,100,linear,False
shuffle,8192,detail_energy_share_percentile_correlation,D_06,D_04,correlation,-0.005257172264764412,-0.054677147501387455,-0.13638031175497095,0.07120941079882553,0.049419975236623045,0.69,True,False,False,100,linear,False
shuffle,8192,detail_energy_share_percentile_correlation,D_06,D_05,correlation,0.00890192525732881,-0.0017341836611282336,-0.11249508029052188,0.09708081659734386,0.010636108918457045,0.61,True,False,False,100,linear,False
shuffle,8192,detail_energy_share_percentile_correlation,D_06,D_06,correlation,1.0,1.0,0.9999999999999998,1.0,0.0,1.0,True,False,False,100,linear,False
shuffle,8192,detail_energy_share_percentile_correlation,D_06,D_07,correlation,0.0478288930488751,-0.02944179087644619,-0.13847362259818963,0.07878470520635071,0.0772706839253213,0.85,True,False,False,100,linear,False
shuffle,8192,detail_energy_share_percentile_correlation,D_06,D_08,correlation,0.0799336783379638,-0.01627101678965303,-0.09137802862841962,0.06493424559752352,0.09620469512761684,0.99,False,True,False,100,linear,True
shuffle,8192,detail_energy_share_percentile_correlation,D_06,D_09,correlation,0.04328478915852932,-0.01484685352266138,-0.07910668318602039,0.05394737087307019,0.0581316426811907,0.89,True,False,False,100,linear,False
shuffle,8192,detail_energy_share_percentile_correlation,D_07,D_01,correlation,-0.18582137562977646,-0.09915913609723409,-0.16813533240273448,-0.03136066515618589,-0.08666223953254237,0.01,False,False,True,100,linear,True
shuffle,8192,detail_energy_share_percentile_correlation,D_07,D_02,correlation,0.06761006056073493,-0.03146087860157175,-0.12866904623728198,0.04440001537787738,0.09907093916230668,0.98,False,True,False,100,linear,True
shuffle,8192,detail_energy_share_percentile_correlation,D_07,D_03,correlation,-0.007036637177990292,-0.01930635262501596,-0.10852646450336027,0.04500806611786597,0.01226971544702567,0.61,True,False,False,100,linear,False
shuffle,8192,detail_energy_share_percentile_correlation,D_07,D_04,correlation,0.023113947127309246,-0.025666570794086237,-0.11198952440801974,0.059576342943214705,0.04878051792139548,0.77,True,False,False,100,linear,False
shuffle,8192,detail_energy_share_percentile_correlation,D_07,D_05,correlation,0.09695282401897728,-0.017992985734912894,-0.09357075621923516,0.09521348258198213,0.11494580975389018,0.95,False,True,False,100,linear,True
shuffle,8192,detail_energy_share_percentile_correlation,D_07,D_06,correlation,0.0478288930488751,-0.02944179087644619,-0.13847362259818963,0.07878470520635071,0.0772706839253213,0.85,True,False,False,100,linear,False
shuffle,8192,detail_energy_share_percentile_correlation,D_07,D_07,correlation,1.0,1.0,0.9999999999999998,1.0,0.0,1.0,True,False,False,100,linear,False
shuffle,8192,detail_energy_share_percentile_correlation,D_07,D_08,correlation,0.10608164490065888,-0.007248322270218963,-0.08674275993989132,0.06872048941157105,0.11332996717087784,1.0,False,True,False,100,linear,True
shuffle,8192,detail_energy_share_percentile_correlation,D_07,D_09,correlation,0.1136411694178817,-0.010025140928779815,-0.06289690836458509,0.051369529984457006,0.12366631034666152,1.0,False,True,False,100,linear,True
shuffle,8192,detail_energy_share_percentile_correlation,D_08,D_01,correlation,-0.17503435591497235,-0.06212584545248101,-0.15333053502676833,0.017348775403267673,-0.11290851046249134,0.04,False,False,True,100,linear,True
shuffle,8192,detail_energy_share_percentile_correlation,D_08,D_02,correlation,-0.006090668874680398,-0.024389322535176124,-0.1134097085467343,0.060729259833241345,0.018298653660495726,0.64,True,False,False,100,linear,False
shuffle,8192,detail_energy_share_percentile_correlation,D_08,D_03,correlation,0.08617236319624447,-0.0247683436069307,-0.09496221872432867,0.07892437114413976,0.11094070680317517,0.95,False,True,False,100,linear,True
shuffle,8192,detail_energy_share_percentile_correlation,D_08,D_04,correlation,0.04948883764006455,-0.01531231943526295,-0.0915004726479702,0.06368290227880688,0.0648011570753275,0.9,True,False,False,100,linear,False
shuffle,8192,detail_energy_share_percentile_correlation,D_08,D_05,correlation,0.08566790098421023,-0.010460941998977229,-0.08882444349023254,0.06288311926117908,0.09612884298318747,0.99,False,True,False,100,linear,True
shuffle,8192,detail_energy_share_percentile_correlation,D_08,D_06,correlation,0.0799336783379638,-0.01627101678965303,-0.09137802862841962,0.06493424559752352,0.09620469512761684,0.99,False,True,False,100,linear,True
shuffle,8192,detail_energy_share_percentile_correlation,D_08,D_07,correlation,0.10608164490065888,-0.007248322270218963,-0.08674275993989132,0.06872048941157105,0.11332996717087784,1.0,False,True,False,100,linear,True
shuffle,8192,detail_energy_share_percentile_correlation,D_08,D_08,correlation,1.0,1.0,0.9999999999999998,1.0,0.0,1.0,True,False,False,100,linear,False
shuffle,8192,detail_energy_share_percentile_correlation,D_08,D_09,correlation,0.13766008338715527,-0.004383568316816773,-0.07071221659058294,0.060322067615625044,0.14204365170397204,1.0,False,True,False,100,linear,True
shuffle,8192,detail_energy_share_percentile_correlation,D_09,D_01,correlation,-0.11443147454202833,-0.03754987514140025,-0.139007529606607,0.014743057397088876,-0.07688159940062808,0.09,True,False,False,100,linear,False
shuffle,8192,detail_energy_share_percentile_correlation,D_09,D_02,correlation,-0.04187042174108359,-0.01821635890847781,-0.08175907226748891,0.07437781629742678,-0.02365406283260578,0.3,True,False,False,100,linear,False
shuffle,8192,detail_energy_share_percentile_correlation,D_09,D_03,correlation,0.08467977955592822,-0.01421661957952651,-0.10122898975134907,0.05629779024821181,0.09889639913545473,0.97,False,True,False,100,linear,True
shuffle,8192,detail_energy_share_percentile_correlation,D_09,D_04,correlation,0.038139827692486146,-0.009519192735231295,-0.07873613679318926,0.07076232055524641,0.04765902042771744,0.83,True,False,False,100,linear,False
shuffle,8192,detail_energy_share_percentile_correlation,D_09,D_05,correlation,0.07470250907251905,-0.020377320783902003,-0.09951793212944356,0.04827458482246729,0.09507982985642105,0.99,False,True,False,100,linear,True
shuffle,8192,detail_energy_share_percentile_correlation,D_09,D_06,correlation,0.04328478915852932,-0.01484685352266138,-0.07910668318602039,0.05394737087307019,0.0581316426811907,0.89,True,False,False,100,linear,False
shuffle,8192,detail_energy_share_percentile_correlation,D_09,D_07,correlation,0.1136411694178817,-0.010025140928779815,-0.06289690836458509,0.051369529984457006,0.12366631034666152,1.0,False,True,False,100,linear,True
shuffle,8192,detail_energy_share_percentile_correlation,D_09,D_08,correlation,0.13766008338715527,-0.004383568316816773,-0.07071221659058294,0.060322067615625044,0.14204365170397204,1.0,False,True,False,100,linear,True
shuffle,8192,detail_energy_share_percentile_correlation,D_09,D_09,correlation,1.0,1.0,0.9999999999999998,1.0,0.0,1.0,True,False,False,100,linear,False
shuffle,8192,rms_volatility_correlation,D_01,D_01,correlation,1.0,1.0,0.9999999999999998,1.0,0.0,1.0,True,False,False,100,linear,False
shuffle,8192,rms_volatility_correlation,D_01,D_02,correlation,0.991026756545219,0.8823173963471986,0.8386112597926261,0.9091916358008519,0.10870936019802035,1.0,False,True,False,100,linear,True
shuffle,8192,rms_volatility_correlation,D_01,D_03,correlation,0.9850024123753667,0.827181114682912,0.7791428012886555,0.8561411528268592,0.15782129769245468,1.0,False,True,False,100,linear,True
shuffle,8192,rms_volatility_correlation,D_01,D_04,correlation,0.9782747711342011,0.7301004086591383,0.642626490294583,0.7783354299071088,0.24817436247506286,1.0,False,True,False,100,linear,True
shuffle,8192,rms_volatility_correlation,D_01,D_05,correlation,0.96752086814112,0.6153729856578362,0.5174609218993943,0.6885819254460516,0.3521478824832839,1.0,False,True,False,100,linear,True
shuffle,8192,rms_volatility_correlation,D_01,D_06,correlation,0.9612519726656973,0.4734496910964352,0.3872986505688422,0.5586670798177501,0.4878022815692621,1.0,False,True,False,100,linear,True
shuffle,8192,rms_volatility_correlation,D_01,D_07,correlation,0.9295299207345622,0.3583302125967357,0.27771091468693054,0.44372326067858703,0.5711997081378265,1.0,False,True,False,100,linear,True
shuffle,8192,rms_volatility_correlation,D_01,D_08,correlation,0.8978402210389901,0.26868001887704984,0.18973405711511154,0.3480724963612031,0.6291602021619402,1.0,False,True,False,100,linear,True
shuffle,8192,rms_volatility_correlation,D_01,D_09,correlation,0.7847025409525566,0.18610313276245427,0.10886887644316291,0.2701336750704662,0.5985994081901024,1.0,False,True,False,100,linear,True
shuffle,8192,rms_volatility_correlation,D_02,D_01,correlation,0.991026756545219,0.8823173963471986,0.8386112597926261,0.909191635800852,0.10870936019802035,1.0,False,True,False,100,linear,True
shuffle,8192,rms_volatility_correlation,D_02,D_02,correlation,1.0,1.0,0.9999999999999999,1.0,0.0,1.0,True,False,False,100,linear,False
shuffle,8192,rms_volatility_correlation,D_02,D_03,correlation,0.9837529368804222,0.7880464771713653,0.7272136263549684,0.8382054500116085,0.19570645970905687,1.0,False,True,False,100,linear,True
shuffle,8192,rms_volatility_correlation,D_02,D_04,correlation,0.9810723548209979,0.69651891530559,0.6293956464215105,0.7611995055372748,0.2845534395154079,1.0,False,True,False,100,linear,True
shuffle,8192,rms_volatility_correlation,D_02,D_05,correlation,0.9668598362358445,0.5898281285191016,0.5029182479229293,0.6756284803870748,0.3770317077167429,1.0,False,True,False,100,linear,True
shuffle,8192,rms_volatility_correlation,D_02,D_06,correlation,0.9600029661055026,0.4604127695901202,0.3660619005408807,0.5484572542432078,0.49959019651538245,1.0,False,True,False,100,linear,True
shuffle,8192,rms_volatility_correlation,D_02,D_07,correlation,0.9277828593628746,0.3455495333339398,0.28183866278220987,0.4343828430479998,0.5822333260289348,1.0,False,True,False,100,linear,True
shuffle,8192,rms_volatility_correlation,D_02,D_08,correlation,0.8951284920823557,0.2590616087417591,0.17831563440288814,0.3349417596881633,0.6360668833405966,1.0,False,True,False,100,linear,True
shuffle,8192,rms_volatility_correlation,D_02,D_09,correlation,0.7815825752684866,0.1806769109400684,0.09541219046399206,0.27690547157332596,0.6009056643284182,1.0,False,True,False,100,linear,True
shuffle,8192,rms_volatility_correlation,D_03,D_01,correlation,0.9850024123753667,0.827181114682912,0.7791428012886555,0.8561411528268592,0.15782129769245468,1.0,False,True,False,100,linear,True
shuffle,8192,rms_volatility_correlation,D_03,D_02,correlation,0.9837529368804223,0.7880464771713653,0.7272136263549684,0.8382054500116086,0.19570645970905698,1.0,False,True,False,100,linear,True
shuffle,8192,rms_volatility_correlation,D_03,D_03,correlation,1.0,1.0,0.9999999999999998,1.0,0.0,1.0,True,False,False,100,linear,False
shuffle,8192,rms_volatility_correlation,D_03,D_04,correlation,0.9753237478672573,0.6587929578322995,0.5689338024345315,0.7179468383011673,0.31653079003495777,1.0,False,True,False,100,linear,True
shuffle,8192,rms_volatility_correlation,D_03,D_05,correlation,0.9659763083241931,0.5463513916650876,0.44223393923295323,0.628771690728959,0.4196249166591055,1.0,False,True,False,100,linear,True
shuffle,8192,rms_volatility_correlation,D_03,D_06,correlation,0.9505062852587246,0.429534934536681,0.3389526192356599,0.50809868975224,0.5209713507220436,1.0,False,True,False,100,linear,True
shuffle,8192,rms_volatility_correlation,D_03,D_07,correlation,0.9203601000222806,0.3202243774741661,0.2457606055979965,0.4184744390827446,0.6001357225481145,1.0,False,True,False,100,linear,True
shuffle,8192,rms_volatility_correlation,D_03,D_08,correlation,0.8981907400031176,0.24346492361765876,0.15779133605509144,0.3214398454069253,0.6547258163854588,1.0,False,True,False,100,linear,True
shuffle,8192,rms_volatility_correlation,D_03,D_09,correlation,0.7927115342936398,0.17012465043303576,0.07771786008553348,0.25705769957504576,0.6225868838606041,1.0,False,True,False,100,linear,True
shuffle,8192,rms_volatility_correlation,D_04,D_01,correlation,0.9782747711342012,0.7301004086591382,0.6426264902945831,0.7783354299071087,0.24817436247506308,1.0,False,True,False,100,linear,True
shuffle,8192,rms_volatility_correlation,D_04,D_02,correlation,0.981072354820998,0.69651891530559,0.6293956464215105,0.7611995055372749,0.284553439515408,1.0,False,True,False,100,linear,True
shuffle,8192,rms_volatility_correlation,D_04,D_03,correlation,0.9753237478672573,0.6587929578322995,0.5689338024345315,0.7179468383011673,0.31653079003495777,1.0,False,True,False,100,linear,True
shuffle,8192,rms_volatility_correlation,D_04,D_04,correlation,0.9999999999999998,1.0,0.9999999999999999,1.0,-2.220446049250313e-16,0.0,False,False,True,100,linear,True
shuffle,8192,rms_volatility_correlation,D_04,D_05,correlation,0.9557846979796171,0.48219893101284905,0.35997090579803975,0.5882057125540207,0.473585766966768,1.0,False,True,False,100,linear,True
shuffle,8192,rms_volatility_correlation,D_04,D_06,correlation,0.9492025939812726,0.37102979544923287,0.27107463963696654,0.4742468410946384,0.5781727985320397,1.0,False,True,False,100,linear,True
shuffle,8192,rms_volatility_correlation,D_04,D_07,correlation,0.9190090973080955,0.28673248732207657,0.16903649599284756,0.36836299691174895,0.632276609986019,1.0,False,True,False,100,linear,True
shuffle,8192,rms_volatility_correlation,D_04,D_08,correlation,0.8906698530032024,0.20608224346753232,0.12092617957703622,0.2884953302748684,0.6845876095356701,1.0,False,True,False,100,linear,True
shuffle,8192,rms_volatility_correlation,D_04,D_09,correlation,0.7838328602734835,0.14561633602229626,0.0665275553875729,0.23685486377001533,0.6382165242511872,1.0,False,True,False,100,linear,True
shuffle,8192,rms_volatility_correlation,D_05,D_01,correlation,0.9675208681411201,0.6153729856578362,0.5174609218993943,0.6885819254460517,0.352147882483284,1.0,False,True,False,100,linear,True
shuffle,8192,rms_volatility_correlation,D_05,D_02,correlation,0.9668598362358445,0.5898281285191016,0.5029182479229294,0.6756284803870748,0.3770317077167429,1.0,False,True,False,100,linear,True
shuffle,8192,rms_volatility_correlation,D_05,D_03,correlation,0.9659763083241931,0.5463513916650875,0.44223393923295323,0.6287716907289591,0.4196249166591056,1.0,False,True,False,100,linear,True
shuffle,8192,rms_volatility_correlation,D_05,D_04,correlation,0.9557846979796171,0.48219893101284905,0.35997090579803975,0.5882057125540207,0.473585766966768,1.0,False,True,False,100,linear,True
shuffle,8192,rms_volatility_correlation,D_05,D_05,correlation,0.9999999999999999,1.0,0.9999999999999999,1.0,-1.1102230246251565e-16,0.24,True,False,False,100,linear,False
shuffle,8192,rms_volatility_correlation,D_05,D_06,correlation,0.9338934808823547,0.3233702564399388,0.20319525643257969,0.4387732161203307,0.6105232244424159,1.0,False,True,False,100,linear,True
shuffle,8192,rms_volatility_correlation,D_05,D_07,correlation,0.9139669607161364,0.24963074688510417,0.1630991425301516,0.3297586058389173,0.6643362138310323,1.0,False,True,False,100,linear,True
shuffle,8192,rms_volatility_correlation,D_05,D_08,correlation,0.8850688925700839,0.18656213919700054,0.08586558586250749,0.2459343068832895,0.6985067533730833,1.0,False,True,False,100,linear,True
shuffle,8192,rms_volatility_correlation,D_05,D_09,correlation,0.7724433134579168,0.11666847568034919,0.027577924864194563,0.1979971774949264,0.6557748377775676,1.0,False,True,False,100,linear,True
shuffle,8192,rms_volatility_correlation,D_06,D_01,correlation,0.9612519726656973,0.4734496910964352,0.3872986505688423,0.5586670798177501,0.4878022815692621,1.0,False,True,False,100,linear,True
shuffle,8192,rms_volatility_correlation,D_06,D_02,correlation,0.9600029661055026,0.4604127695901201,0.3660619005408807,0.5484572542432079,0.4995901965153825,1.0,False,True,False,100,linear,True
shuffle,8192,rms_volatility_correlation,D_06,D_03,correlation,0.9505062852587246,0.429534934536681,0.3389526192356599,0.5080986897522402,0.5209713507220436,1.0,False,True,False,100,linear,True
shuffle,8192,rms_volatility_correlation,D_06,D_04,correlation,0.9492025939812726,0.37102979544923287,0.27107463963696654,0.4742468410946384,0.5781727985320397,1.0,False,True,False,100,linear,True
shuffle,8192,rms_volatility_correlation,D_06,D_05,correlation,0.9338934808823547,0.3233702564399387,0.20319525643257969,0.4387732161203307,0.6105232244424159,1.0,False,True,False,100,linear,True
shuffle,8192,rms_volatility_correlation,D_06,D_06,correlation,1.0,1.0,0.9999999999999998,1.0,0.0,1.0,True,False,False,100,linear,False
shuffle,8192,rms_volatility_correlation,D_06,D_07,correlation,0.9020739879644742,0.18525005322293953,0.08968637637482961,0.2864829649921403,0.7168239347415347,1.0,False,True,False,100,linear,True
shuffle,8192,rms_volatility_correlation,D_06,D_08,correlation,0.8774564532846469,0.13281239759634866,0.049654955535880015,0.20793713457540422,0.7446440556882983,1.0,False,True,False,100,linear,True
shuffle,8192,rms_volatility_correlation,D_06,D_09,correlation,0.7678678725718576,0.08991302748829269,0.022434336451491267,0.1679677453617483,0.677954845083565,1.0,False,True,False,100,linear,True
shuffle,8192,rms_volatility_correlation,D_07,D_01,correlation,0.9295299207345623,0.3583302125967357,0.27771091468693054,0.44372326067858703,0.5711997081378266,1.0,False,True,False,100,linear,True
shuffle,8192,rms_volatility_correlation,D_07,D_02,correlation,0.9277828593628746,0.3455495333339398,0.2818386627822098,0.4343828430479998,0.5822333260289348,1.0,False,True,False,100,linear,True
shuffle,8192,rms_volatility_correlation,D_07,D_03,correlation,0.9203601000222805,0.3202243774741661,0.24576060559799653,0.4184744390827446,0.6001357225481144,1.0,False,True,False,100,linear,True
shuffle,8192,rms_volatility_correlation,D_07,D_04,correlation,0.9190090973080955,0.28673248732207657,0.16903649599284756,0.3683629969117489,0.632276609986019,1.0,False,True,False,100,linear,True
shuffle,8192,rms_volatility_correlation,D_07,D_05,correlation,0.9139669607161364,0.24963074688510417,0.1630991425301516,0.32975860583891725,0.6643362138310323,1.0,False,True,False,100,linear,True
shuffle,8192,rms_volatility_correlation,D_07,D_06,correlation,0.9020739879644741,0.18525005322293953,0.08968637637482962,0.2864829649921403,0.7168239347415346,1.0,False,True,False,100,linear,True
shuffle,8192,rms_volatility_correlation,D_07,D_07,correlation,1.0,1.0,0.9999999999999998,1.0,0.0,1.0,True,False,False,100,linear,False
shuffle,8192,rms_volatility_correlation,D_07,D_08,correlation,0.8478220512498673,0.10334405062940275,0.0029155272980103245,0.17996896389676323,0.7444780006204645,1.0,False,True,False,100,linear,True
shuffle,8192,rms_volatility_correlation,D_07,D_09,correlation,0.7597621863162478,0.07671646463842624,0.008380931627299484,0.14277201224339195,0.6830457216778216,1.0,False,True,False,100,linear,True
shuffle,8192,rms_volatility_correlation,D_08,D_01,correlation,0.89784022103899,0.26868001887704984,0.18973405711511154,0.3480724963612031,0.6291602021619401,1.0,False,True,False,100,linear,True
shuffle,8192,rms_volatility_correlation,D_08,D_02,correlation,0.8951284920823557,0.2590616087417591,0.17831563440288814,0.3349417596881633,0.6360668833405966,1.0,False,True,False,100,linear,True
shuffle,8192,rms_volatility_correlation,D_08,D_03,correlation,0.8981907400031175,0.24346492361765878,0.1577913360550914,0.3214398454069253,0.6547258163854587,1.0,False,True,False,100,linear,True
shuffle,8192,rms_volatility_correlation,D_08,D_04,correlation,0.8906698530032024,0.20608224346753232,0.12092617957703623,0.2884953302748684,0.6845876095356701,1.0,False,True,False,100,linear,True
shuffle,8192,rms_volatility_correlation,D_08,D_05,correlation,0.8850688925700838,0.18656213919700054,0.08586558586250749,0.24593430688328946,0.6985067533730833,1.0,False,True,False,100,linear,True
shuffle,8192,rms_volatility_correlation,D_08,D_06,correlation,0.877456453284647,0.13281239759634866,0.04965495553588002,0.20793713457540422,0.7446440556882984,1.0,False,True,False,100,linear,True
shuffle,8192,rms_volatility_correlation,D_08,D_07,correlation,0.8478220512498673,0.10334405062940275,0.002915527298010324,0.17996896389676326,0.7444780006204645,1.0,False,True,False,100,linear,True
shuffle,8192,rms_volatility_correlation,D_08,D_08,correlation,1.0,1.0,0.9999999999999998,1.0,0.0,1.0,True,False,False,100,linear,False
shuffle,8192,rms_volatility_correlation,D_08,D_09,correlation,0.7364694947576034,0.05432759191318663,-0.02282032583989613,0.12251412516909468,0.6821419028444168,1.0,False,True,False,100,linear,True
shuffle,8192,rms_volatility_correlation,D_09,D_01,correlation,0.7847025409525566,0.18610313276245427,0.10886887644316291,0.2701336750704662,0.5985994081901024,1.0,False,True,False,100,linear,True
shuffle,8192,rms_volatility_correlation,D_09,D_02,correlation,0.7815825752684866,0.1806769109400684,0.09541219046399205,0.27690547157332596,0.6009056643284182,1.0,False,True,False,100,linear,True
shuffle,8192,rms_volatility_correlation,D_09,D_03,correlation,0.7927115342936399,0.17012465043303576,0.07771786008553348,0.2570576995750458,0.6225868838606041,1.0,False,True,False,100,linear,True
shuffle,8192,rms_volatility_correlation,D_09,D_04,correlation,0.7838328602734835,0.1456163360222963,0.0665275553875729,0.2368548637700153,0.6382165242511872,1.0,False,True,False,100,linear,True
shuffle,8192,rms_volatility_correlation,D_09,D_05,correlation,0.7724433134579168,0.11666847568034919,0.02757792486419456,0.1979971774949264,0.6557748377775676,1.0,False,True,False,100,linear,True
shuffle,8192,rms_volatility_correlation,D_09,D_06,correlation,0.7678678725718576,0.08991302748829269,0.022434336451491267,0.1679677453617483,0.677954845083565,1.0,False,True,False,100,linear,True
shuffle,8192,rms_volatility_correlation,D_09,D_07,correlation,0.7597621863162477,0.07671646463842624,0.008380931627299484,0.14277201224339195,0.6830457216778214,1.0,False,True,False,100,linear,True
shuffle,8192,rms_volatility_correlation,D_09,D_08,correlation,0.7364694947576034,0.05432759191318663,-0.022820325839896134,0.12251412516909468,0.6821419028444168,1.0,False,True,False,100,linear,True
shuffle,8192,rms_volatility_correlation,D_09,D_09,correlation,1.0,1.0,0.9999999999999998,1.0,0.0,1.0,True,False,False,100,linear,False
