event_id,component,component_type,k,scale_minutes,scale_days,energy,rms_volatility,detail_energy_share,total_component_energy_share
0,D_01,detail,1,5,0.003472222222222222,0.0003614655449594895,0.00028007685304394633,0.5226327904154051,0.5216249044827234
0,D_02,detail,2,10,0.006944444444444444,0.00016705903136366888,0.00019040517343349848,0.24154592033239047,0.24108010429546295
0,D_03,detail,3,20,0.013888888888888888,8.269412133003274e-05,0.00013396183358733196,0.11956508714131724,0.11933450847962665
0,D_04,detail,4,40,0.027777777777777776,4.239710901442266e-05,9.592060000263775e-05,0.06130077872909621,0.061182561514875146
0,D_05,detail,5,80,0.05555555555555555,2.143726899276422e-05,6.820692861635801e-05,0.03099553987595042,0.03093576565360969
0,D_06,detail,6,160,0.1111111111111111,7.045414353216911e-06,3.910182563033595e-05,0.010186765002642706,0.010167120048606168
0,D_07,detail,7,320,0.2222222222222222,5.627025236127389e-06,3.4944851256915126e-05,0.008135956364042258,0.008120266349717452
0,D_08,detail,8,640,0.4444444444444444,2.240137121658837e-06,2.2048602414111108e-05,0.0032389507966434352,0.003232704550704694
0,D_09,detail,9,1280,0.8888888888888888,1.6586612737408441e-06,1.897241506408445e-05,0.0023982113425120516,0.0023935864442660103
0,A_09,approximation,9,2560,1.7777777777777777,1.3363595381145415e-06,1.702963829093255e-05,,0.0019284781804077558
1,D_01,detail,1,5,0.003472222222222222,0.00042015477272122994,0.0003019593038200038,0.49353951689450404,0.49232342109658367
1,D_02,detail,2,10,0.006944444444444444,0.00018844010247226728,0.0002022229449398051,0.221353280209958,0.22080785925640797
1,D_03,detail,3,20,0.013888888888888888,9.761352822504112e-05,0.0001455454958708152,0.11466282591658049,0.11438029336143225
1,D_04,detail,4,40,0.027777777777777776,7.492619156185279e-05,0.00012751479996640203,0.08801289140827456,0.08779602507084751
1,D_05,detail,5,80,0.05555555555555555,2.399135544016732e-05,7.21557852412841e-05,0.02818171479261222,0.028112274223489945
1,D_06,detail,6,160,0.1111111111111111,3.489307530482273e-05,8.701885983620121e-05,0.040987542322485665,0.04088654781996012
1,D_07,detail,7,320,0.2222222222222222,6.992475108292577e-06,3.895464306355953e-05,0.00821378932456712,0.00819355030754684
1,D_08,detail,8,640,0.4444444444444444,3.793871422519952e-06,2.8693601923520783e-05,0.00445651362449881,0.004445532644644898
1,D_09,detail,9,1280,0.8888888888888888,5.039116790977692e-07,1.045733394023241e-05,0.0005919255065190524,0.0005904669847664496
1,A_09,approximation,9,2560,1.7777777777777777,2.1028324035822233e-06,2.1362205822034102e-05,,0.0024640292343203955
2,D_01,detail,1,5,0.003472222222222222,0.00040602846769862566,0.00029683971562928594,0.491244231165525,0.49019008335996017
2,D_02,detail,2,10,0.006944444444444444,0.00022080229074434492,0.00021889989444950724,0.2671434645237797,0.26657020853616115
2,D_03,detail,3,20,0.013888888888888888,9.925504779342067e-05,0.00014676417789604774,0.12008633266268244,0.11982864262578502
2,D_04,detail,4,40,0.027777777777777776,5.56494843309616e-05,0.00010989408996539925,0.06732899370300408,0.06718451422322573
2,D_05,detail,5,80,0.05555555555555555,2.40578382644287e-05,7.225569209428133e-05,0.029107008995452828,0.029044549046383678
2,D_06,detail,6,160,0.1111111111111111,1.0447903573545175e-05,4.76165956913255e-05,0.012640671200639348,0.012613545923716695
2,D_07,detail,7,320,0.2222222222222222,6.585634391225115e-06,3.7804419451172274e-05,0.00796780314836425,0.007950705253526702
2,D_08,detail,8,640,0.4444444444444444,3.0345901905950897e-06,2.5662194341971517e-05,0.0036714788338137374,0.0036636003059648506
2,D_09,detail,9,1280,0.8888888888888888,6.695029472413253e-07,1.2053689816956989e-05,0.0008100157667386413,0.0008082775756540263
2,A_09,approximation,9,2560,1.7777777777777777,1.7774443351535903e-06,1.964001291891648e-05,,0.0021458731496219585
3,D_01,detail,1,5,0.003472222222222222,0.0003721973647239725,0.000284204147670201,0.48274290000957104,0.4821591556936596
3,D_02,detail,2,10,0.006944444444444444,0.0001772576147632883,0.00019613098764588351,0.2299045160168426,0.2296265099510371
3,D_03,detail,3,20,0.013888888888888888,8.10842760344254e-05,0.00013265147594343152,0.10516694170326556,0.10503977130999854
3,D_04,detail,4,40,0.027777777777777776,7.373155239757236e-05,0.00012649415369736286,0.0956304015021932,0.09551476292251831
3,D_05,detail,5,80,0.05555555555555555,2.281894586502457e-05,7.037064858670845e-05,0.029596351683502053,0.029560563063790363
3,D_06,detail,6,160,0.1111111111111111,3.3143717586102075e-05,8.480947497535325e-05,0.042987661550153405,0.0429356798367326
3,D_07,detail,7,320,0.2222222222222222,5.767261922593929e-06,3.53776191689452e-05,0.007480183927934321,0.0074711387097657735
3,D_08,detail,8,640,0.4444444444444444,3.944180779501112e-06,2.92564866216083e-05,0.005115633392703983,0.0051094474458672325
3,D_09,detail,9,1280,0.8888888888888888,1.0604486508103032e-06,1.5170104998954993e-05,0.0013754102138338721,0.00137374703474961
3,A_09,approximation,9,2560,1.7777777777777777,9.334469598102673e-07,1.4232742350648257e-05,,0.0012092240318808034
4,D_01,detail,1,5,0.003472222222222222,0.0002168542567791729,0.00021693405815076158,0.5210537887351266,0.5201721559360046
4,D_02,detail,2,10,0.006944444444444444,0.00010500721861159307,0.00015095702988700965,0.2523095922337603,0.25188267966378103
4,D_03,detail,3,20,0.013888888888888888,4.847655794254655e-05,0.00010256747222711292,0.11647866431565335,0.11628158022744839
4,D_04,detail,4,40,0.027777777777777776,2.129660814859419e-05,6.798279013448349e-05,0.05117113460369997,0.05108455208264313
4,D_05,detail,5,80,0.05555555555555555,1.4540996984028874e-05,5.617471231635913e-05,0.034938864853502706,0.03487974763780466
4,D_06,detail,6,160,0.1111111111111111,5.913292309331389e-06,3.582271011781162e-05,0.014208360063750085,0.014184319251602177
4,D_07,detail,7,320,0.2222222222222222,2.6194939606942885e-06,2.3842537015410625e-05,0.0062940763675137104,0.006283426672058565
4,D_08,detail,8,640,0.4444444444444444,9.457046936807156e-07,1.4325887522807357e-05,0.0022723234534829527,0.002268478639511505
4,D_09,detail,9,1280,0.8888888888888888,5.298835598671843e-07,1.0723436575327241e-05,0.0012731953735102774,0.0012710411030198892
4,A_09,approximation,9,2560,1.7777777777777777,7.053846926149437e-07,1.2372480564020396e-05,,0.0016920187861260883
5,D_01,detail,1,5,0.003472222222222222,0.00023387245787102426,0.00022528553346052606,0.547877890974796,0.5471016082631867
5,D_02,detail,2,10,0.006944444444444444,0.00010042644510823599,0.00014762768507371786,0.23526254200629135,0.23492920086028563
5,D_03,detail,3,20,0.013888888888888888,4.726055224022693e-05,0.0001012728800453909,0.11071424110127218,0.11055737119885113
5,D_04,detail,4,40,0.027777777777777776,2.9783117473262118e-05,8.039496343743948e-05,0.06977098430677206,0.06967212649596874
5,D_05,detail,5,80,0.05555555555555555,7.604652060165246e-06,4.0624070662888534e-05,0.01781492686333406,0.017789685071393915
5,D_06,detail,6,160,0.1111111111111111,3.5238288489242862e-06,2.7653567623073813e-05,0.008255046085715154,0.008243349593366325
5,D_07,detail,7,320,0.2222222222222222,2.2276963682397817e-06,2.198729296969887e-05,0.0052186802972606005,0.0052112860012707195
5,D_08,detail,8,640,0.4444444444444444,1.6667245542020938e-06,1.9018474629002086e-05,0.0039045278862880877,0.0038989955997237786
5,D_09,detail,9,1280,0.8888888888888888,5.042015907992542e-07,1.0460341677178158e-05,0.0011811604782704834,0.0011794869037860555
5,A_09,approximation,9,2560,1.7777777777777777,6.056855704196434e-07,1.146482363931743e-05,,0.0014168900121669604
6,D_01,detail,1,5,0.003472222222222222,0.0002380128121414864,0.00022727095275948598,0.5137271076873021,0.5126901389705405
6,D_02,detail,2,10,0.006944444444444444,0.00012313683914753372,0.00016346988814118602,0.265778685003793,0.26524220527008435
6,D_03,detail,3,20,0.013888888888888888,4.876127376483202e-05,0.00010286823439177883,0.10524638532258906,0.10503394333247669
6,D_04,detail,4,40,0.027777777777777776,2.612018732993113e-05,7.528906581286978e-05,0.056377840203322066,0.05626404037509689
6,D_05,detail,5,80,0.05555555555555555,1.3744783190543125e-05,5.4615097291082374e-05,0.029666754704235528,0.029606871750628847
6,D_06,detail,6,160,0.1111111111111111,6.5873676667094e-06,3.780939400325709e-05,0.014218181400586928,0.01418948170944541
6,D_07,detail,7,320,0.2222222222222222,1.668145930571663e-06,1.902658234227921e-05,0.0036005279564677297,0.003593260216847193
6,D_08,detail,8,640,0.4444444444444444,3.008121652562724e-06,2.555003283899079e-05,0.0064927329845754795,0.006479627269711414
6,D_09,detail,9,1280,0.8888888888888888,2.2663928460309096e-06,2.2177437301616354e-05,0.004891784737128064,0.004881910569178528
6,A_09,approximation,9,2560,1.7777777777777777,9.370840447624877e-07,1.4260443638598242e-05,,0.00201852053599015
7,D_01,detail,1,5,0.003472222222222222,0.0002460540330550587,0.00023107821747207915,0.5131517004768712,0.5122781040560392
7,D_02,detail,2,10,0.006944444444444444,0.00011171051352524216,0.00015570078024816582,0.23297500660676118,0.23257838679292087
7,D_03,detail,3,20,0.013888888888888888,6.15678120043115e-05,0.00011559009608714605,0.12840117689752792,0.12818258499095514
7,D_04,detail,4,40,0.027777777777777776,2.9230214248021284e-05,7.964522877748867e-05,0.06096032631710205,0.06085654663005457
7,D_05,detail,5,80,0.05555555555555555,1.350394514750497e-05,5.413449595038541e-05,0.028162807695324227,0.02811486294919876
7,D_06,detail,6,160,0.1111111111111111,9.430060185934518e-06,4.5237750092217547e-05,0.01966662102599521,0.019633140303389786
7,D_07,detail,7,320,0.2222222222222222,3.727699159667061e-06,2.8442265930252323e-05,0.0077742077172997135,0.007760972800548339
7,D_08,detail,8,640,0.4444444444444444,2.6305755109751346e-06,2.389291572103727e-05,0.005486129529881128,0.005476789868496257
7,D_09,detail,9,1280,0.8888888888888888,1.6408456602418377e-06,1.8870249012547175e-05,0.003422023733237412,0.003416198033580604
7,A_09,approximation,9,2560,1.7777777777777777,8.17692036209825e-07,1.3321055839961346e-05,,0.001702413574816547
8,D_01,detail,1,5,0.003472222222222222,0.0007445892427702515,0.0004019778690405795,0.5568214505596933,0.5564985124037791
8,D_02,detail,2,10,0.006944444444444444,0.0003034238796759184,0.00025660708507409794,0.22690755534823973,0.22677595641753487
8,D_03,detail,3,20,0.013888888888888888,0.0001376191932616285,0.00017281572936355525,0.10291488839093972,0.10285520113528589
8,D_04,detail,4,40,0.027777777777777776,7.510128621758575e-05,0.0001276637073824656,0.05616251851153597,0.056129946095115256
8,D_05,detail,5,80,0.05555555555555555,3.152659258419693e-05,8.271462059462149e-05,0.02357633176195863,0.023562658263757766
8,D_06,detail,6,160,0.1111111111111111,1.6481590987537933e-05,5.980580369229787e-05,0.012325323646992526,0.012318175364027484
8,D_07,detail,7,320,0.2222222222222222,2.1721610161103383e-05,6.865778247212365e-05,0.016243933948599604,0.016234513000342524
8,D_08,detail,8,640,0.4444444444444444,4.881377069878175e-06,3.2547298214557105e-05,0.0036504092520405467,0.0036482921345498296
8,D_09,detail,9,1280,0.8888888888888888,1.8688745224174072e-06,2.013881148318258e-05,0.0013975885799999512,0.001396778024518839
8,A_09,approximation,9,2560,1.7777777777777777,7.759900515117563e-07,1.2976926401026379e-05,,0.0005799671610884
9,D_01,detail,1,5,0.003472222222222222,0.0007695447356647479,0.00040865865433216875,0.5572395542950019,0.5568310013526063
9,D_02,detail,2,10,0.006944444444444444,0.0003290114324008393,0.0002672078786903745,0.2382423989823447,0.23806772611076296
9,D_03,detail,3,20,0.013888888888888888,0.00014075553854918404,0.00017477387334269485,0.10192331898410943,0.10184859156831719
9,D_04,detail,4,40,0.027777777777777776,7.105425599701334e-05,0.00012417632792130115,0.051451514262307825,0.05141379140616713
9,D_05,detail,5,80,0.05555555555555555,3.431014170323568e-05,8.628891747697395e-05,0.02484451804350798,0.024826302716058877
9,D_06,detail,6,160,0.1111111111111111,2.463228885889919e-05,7.311326006617517e-05,0.01783663122994645,0.017823553895225226
9,D_07,detail,7,320,0.2222222222222222,3.7212180038938453e-06,2.8417529632752242e-05,0.0026945930052177124,0.002692617402638256
9,D_08,detail,8,640,0.4444444444444444,4.760572463720169e-06,3.214203390716388e-05,0.003447206062141356,0.003444678664061164
9,D_09,detail,9,1280,0.8888888888888888,3.204273290631465e-06,2.636990344811166e-05,0.002320265135422524,0.0023185639798945137
9,A_09,approximation,9,2560,1.7777777777777777,1.01325060465612e-06,1.4828670005615565e-05,,0.0007331729042684257
10,D_01,detail,1,5,0.003472222222222222,0.00022452842636860488,0.00022073918313782328,0.5141302913335788,0.513851275450716
10,D_02,detail,2,10,0.006944444444444444,0.00010652604933660781,0.00015204483626386956,0.2439257677338955,0.2437933904657506
10,D_03,detail,3,20,0.013888888888888888,5.654286275374456e-05,0.00011077267955186792,0.1294731316234,0.12940286721623345
10,D_04,detail,4,40,0.027777777777777776,2.61183373643735e-05,7.528639958687536e-05,0.05980636222982799,0.059773905622544476
10,D_05,detail,5,80,0.05555555555555555,1.2385399772258833e-05,5.18440331187828e-05,0.028360369758885246,0.02834497873108553
10,D_06,detail,6,160,0.1111111111111111,6.914960690212333e-06,3.873812735402647e-05,0.015834034076302704,0.015825441026891783
10,D_07,detail,7,320,0.2222222222222222,2.2170536931507646e-06,2.193470865605743e-05,0.005076659911607396,0.005073904834205601
10,D_08,detail,8,640,0.4444444444444444,7.002917482149189e-07,1.2327734408110769e-05,0.0016035439536602966,0.0016026737185477547
10,D_09,detail,9,1280,0.8888888888888888,7.816497606892376e-07,1.3024164246363019e-05,0.0017898393788421088,0.0017888680421539417
10,A_09,approximation,9,2560,1.7777777777777777,2.3713170695773076e-07,7.173623485084616e-06,,0.0005426948918708199
11,D_01,detail,1,5,0.003472222222222222,0.00013782238869848218,0.00017294326395501407,0.5288870002106234,0.5279348327996604
11,D_02,detail,2,10,0.006944444444444444,6.416146335179553e-05,0.00011799969779103281,0.2462166285297354,0.24577335907968303
11,D_03,detail,3,20,0.013888888888888888,2.728670261095862e-05,7.695189048073302e-05,0.10471145091761294,0.10452293648810589
11,D_04,detail,4,40,0.027777777777777776,1.4514223637528842e-05,5.612297315523447e-05,0.05569765748896275,0.05559738371723675
11,D_05,detail,5,80,0.05555555555555555,9.289088509138736e-06,4.489834319439068e-05,0.03564644469366582,0.03558226958075798
11,D_06,detail,6,160,0.1111111111111111,3.754667327892594e-06,2.854496379941696e-05,0.014408361069567069,0.014382421366283824
11,D_07,detail,7,320,0.2222222222222222,2.2841183554823358e-06,2.2263993509829168e-05,0.008765197850401056,0.008749417663441514
11,D_08,detail,8,640,0.4444444444444444,9.528666809219706e-07,1.4380031433189737e-05,0.0036565815266487566,0.003649998498962658
11,D_09,detail,9,1280,0.8888888888888888,5.239614608945915e-07,1.0663344421739306e-05,0.0020106777127827285,0.0020070578435265377
11,A_09,approximation,9,2560,1.7777777777777777,4.6999136196944245e-07,1.0099240229105066e-05,,0.0018003229623414212
12,D_01,detail,1,5,0.003472222222222222,0.00013409968361848972,0.00017059159956110993,0.5066433123434803,0.5055869158050941
12,D_02,detail,2,10,0.006944444444444444,6.527143928497568e-05,0.00011901600259043979,0.24660265638543857,0.2460884678306594
12,D_03,detail,3,20,0.013888888888888888,3.008175141634415e-05,8.079701640190488e-05,0.11365215612312142,0.11341518123095665
12,D_04,detail,4,40,0.027777777777777776,1.9023463049585428e-05,6.425228164450361e-05,0.07187272983511245,0.07172286877674579
12,D_05,detail,5,80,0.05555555555555555,8.027180320684914e-06,4.1737388732456554e-05,0.03032756764751574,0.030264331961383187
12,D_06,detail,6,160,0.1111111111111111,4.7171842524237955e-06,3.199522619429208e-05,0.01782203947163505,0.017784878928218947
12,D_07,detail,7,320,0.2222222222222222,1.9485690662529707e-06,2.056371928509403e-05,0.00736190764524912,0.00734655741055168
12,D_08,detail,8,640,0.4444444444444444,1.0408341205448416e-06,1.5029153675030495e-05,0.00393238546284119,0.00392418608807528
12,D_09,detail,9,1280,0.8888888888888888,4.7252336175901406e-07,1.0126407671340065e-05,0.0017852450856062634,0.0017815226902194927
12,A_09,approximation,9,2560,1.7777777777777777,5.530400486406219e-07,1.0955244025890142e-05,,0.0020850892780954968
13,D_01,detail,1,5,0.003472222222222222,0.0001403063155817449,0.00017449475401875602,0.49266369935024773,0.4915928822155923
13,D_02,detail,2,10,0.006944444444444444,7.363937012229854e-05,0.0001264150548216796,0.25857313943317584,0.25801112410987953
13,D_03,detail,3,20,0.013888888888888888,3.778487528885607e-05,9.05529829857434e-05,0.13267568435613314,0.1323873103672477
13,D_04,detail,4,40,0.027777777777777776,1.729753365046032e-05,6.126830376036873e-05,0.06073758606330295,0.06060557136857311
13,D_05,detail,5,80,0.05555555555555555,8.184500438990147e-06,4.214439783503936e-05,0.02873859417438254,0.028676130105874092
13,D_06,detail,6,160,0.1111111111111111,4.500040390845612e-06,3.125014024567701e-05,0.015801188542278178,0.015766844255371493
13,D_07,detail,7,320,0.2222222222222222,2.0973295002505143e-06,2.133423612719129e-05,0.007364444758353153,0.007348437949560729
13,D_08,detail,8,640,0.4444444444444444,5.31325444326287e-07,1.0738016620347744e-05,0.0018656662593936758,0.0018616111861241371
13,D_09,detail,9,1280,0.8888888888888888,4.499693539312763e-07,9.881781184454911e-06,0.0015799970627328375,0.0015765628987590944
13,A_09,approximation,9,2560,1.7777777777777777,6.203494228582076e-07,1.1602777284962313e-05,,0.0021735255430178468
14,D_01,detail,1,5,0.003472222222222222,0.00013098899745522875,0.00016860139898416016,0.4953081702750118,0.4943071208580765
14,D_02,detail,2,10,0.006944444444444444,6.913686335007372e-05,0.0001224894264056257,0.2614269438636092,0.26089858332883237
14,D_03,detail,3,20,0.013888888888888888,3.2598989187043835e-05,8.410965115447347e-05,0.1232664269574883,0.12301729764317683
14,D_04,detail,4,40,0.027777777777777776,1.4881827031321755e-05,5.68292456208854e-05,0.05627259281645073,0.05615886231570598
14,D_05,detail,5,80,0.05555555555555555,9.464986634606325e-06,4.5321446996507905e-05,0.035789915968069456,0.0357175822642016
14,D_06,detail,6,160,0.1111111111111111,4.843592681772108e-06,3.2421087027814595e-05,0.018315057564937606,0.01827804166494481
14,D_07,detail,7,320,0.2222222222222222,9.431536110265202e-07,1.4306552098547838e-05,0.003566342963465199,0.0035591351567734863
14,D_08,detail,8,640,0.4444444444444444,9.622830288758832e-07,1.445090939381098e-05,0.0036386769543916707,0.0036313229560887817
14,D_09,detail,9,1280,0.8888888888888888,6.389006958413818e-07,1.1774987244933874e-05,0.0024158726365761237,0.002410990003824696
14,A_09,approximation,9,2560,1.7777777777777777,5.355721390226243e-07,1.0780843782832601e-05,,0.0020210638083749018
15,D_01,detail,1,5,0.003472222222222222,0.00013699574309241334,0.00017242383527142573,0.5002996375791146,0.4997487464003221
15,D_02,detail,2,10,0.006944444444444444,6.928015960700108e-05,0.00012261629932092317,0.253006684444382,0.25272809309598454
15,D_03,detail,3,20,0.013888888888888888,3.0911364372728946e-05,8.190357375223232e-05,0.11288631342595837,0.11276201176830841
15,D_04,detail,4,40,0.027777777777777776,1.7938922528284802e-05,6.239387261854792e-05,0.06551179063576111,0.0654396541302406
15,D_05,detail,5,80,0.05555555555555555,1.0743603524002245e-05,4.8285724406123374e-05,0.039234948678121974,0.039191746194043156
15,D_06,detail,6,160,0.1111111111111111,3.4037923667777414e-06,2.7178488156716018e-05,0.012430430676555568,0.012416743249873748
15,D_07,detail,7,320,0.2222222222222222,2.1903671776792303e-06,2.1802295735145637e-05,0.007999079974469608,0.007990272007672524
15,D_08,detail,8,640,0.4444444444444444,1.761190184334767e-06,1.9550005907299028e-05,0.006431753213938903,0.006424671065874847
15,D_09,detail,9,1280,0.8888888888888888,6.022453801935189e-07,1.1432218158396162e-05,0.0021993613716979744,0.0021969396054450385
15,A_09,approximation,9,2560,1.7777777777777777,3.0184986711045094e-07,8.093553825250888e-06,,0.0011011224822350374
16,D_01,detail,1,5,0.003472222222222222,0.000179465100263837,0.00019734847181594698,0.5583068298122433,0.5578539381862603
16,D_02,detail,2,10,0.006944444444444444,7.376065010904636e-05,0.0001265191113118362,0.22946564355259186,0.22927950384792312
16,D_03,detail,3,20,0.013888888888888888,3.7170123858620285e-05,8.981332378350587e-05,0.11563437116590411,0.11554056998780554
16,D_04,detail,4,40,0.027777777777777776,1.6314223283222742e-05,5.950137005896439e-05,0.050752721664071354,0.05071155168116923
16,D_05,detail,5,80,0.05555555555555555,8.495718259553562e-06,4.2938198127192774e-05,0.026429748856441688,0.02640830936959546
16,D_06,detail,6,160,0.1111111111111111,3.488962939800336e-06,2.7516420838388144e-05,0.010853986849747652,0.010845182229258888
16,D_07,detail,7,320,0.2222222222222222,1.1679249305972163e-06,1.5920299341381354e-05,0.003633355256825994,0.003630407923778695
16,D_08,detail,8,640,0.4444444444444444,1.06179152934814e-06,1.5179707143852304e-05,0.0033031796254556047,0.0033005001268150637
16,D_09,detail,9,1280,0.8888888888888888,5.207938334373238e-07,1.0631062745727065e-05,0.0016201632167184524,0.001618848960265913
16,A_09,approximation,9,2560,1.7777777777777777,2.609641514345549e-07,7.525479743072974e-06,,0.0008111876871279192
17,D_01,detail,1,5,0.003472222222222222,0.00018568482206460652,0.0002007390976961928,0.5300798492748483,0.5293388540410574
17,D_02,detail,2,10,0.006944444444444444,9.554589580759119e-05,0.00014399578610701754,0.2727576410682418,0.27237635490486833
17,D_03,detail,3,20,0.013888888888888888,3.3238565012331934e-05,8.493073798344337e-05,0.09488709597232903,0.09475445390725158
17,D_04,detail,4,40,0.027777777777777776,1.9279194264772742e-05,6.468270960653006e-05,0.055036875261972214,0.0549599395657603
17,D_05,detail,5,80,0.05555555555555555,8.663872763246973e-06,4.336105073900711e-05,0.024733008963330912,0.024698434848159007
17,D_06,detail,6,160,0.1111111111111111,5.233582507326842e-06,3.370103993552514e-05,0.01494045983837087,0.014919574665040812
17,D_07,detail,7,320,0.2222222222222222,1.2855717877219953e-06,1.6702901936471737e-05,0.0036699590838424542,0.003664828871492268
17,D_08,detail,8,640,0.4444444444444444,1.039118452983664e-06,1.5016761851284417e-05,0.002966401598212724,0.002962254884375569
17,D_09,detail,9,1280,0.8888888888888888,3.2532297595615715e-07,8.402357059608463e-06,0.0009287089388516862,0.0009274107025610414
17,A_09,approximation,9,2560,1.7777777777777777,4.903619376347724e-07,1.0315781649938736e-05,,0.001397893609433677
18,D_01,detail,1,5,0.003472222222222222,0.00018724298190609263,0.00020157958148233422,0.5292510614878131,0.5285750167365099
18,D_02,detail,2,10,0.006944444444444444,9.042785075472575e-05,0.0001400860434024285,0.25559855708772433,0.25527206541763847
18,D_03,detail,3,20,0.013888888888888888,4.171611193483469e-05,9.514712649524771e-05,0.11791254496111661,0.11776192805557903
18,D_04,detail,4,40,0.027777777777777776,1.6325208058122418e-05,5.952139856903038e-05,0.0461439654817287,0.0460850229723258
18,D_05,detail,5,80,0.05555555555555555,1.1129342780730225e-05,4.9144907748654357e-05,0.03145760882678798,0.0314174260989988
18,D_06,detail,6,160,0.1111111111111111,3.619083456075691e-06,2.8024834968585027e-05,0.010229508958053602,0.0102164421805963
18,D_07,detail,7,320,0.2222222222222222,1.537104014675226e-06,1.8263978751942155e-05,0.004344696517341523,0.004339146770746217
18,D_08,detail,8,640,0.4444444444444444,1.296072282951417e-06,1.6770977502947984e-05,0.0036634090342621863,0.0036587295378384516
18,D_09,detail,9,1280,0.8888888888888888,4.94825565359725e-07,1.0362626127597049e-05,0.00139864764517201,0.0013968610669896572
18,A_09,approximation,9,2560,1.7777777777777777,4.5249379088362375e-07,9.909462006472948e-06,,0.0012773611627774218
19,D_01,detail,1,5,0.003472222222222222,0.00018258124403297608,0.00019905442925433078,0.5636520858828038,0.5632756259250378
19,D_02,detail,2,10,0.006944444444444444,7.130718965126386e-05,0.00012439714840766368,0.22013458391222476,0.21998755730088407
19,D_03,detail,3,20,0.013888888888888888,3.3845957712718706e-05,8.570322576429646e-05,0.10448688070078821,0.1044170945194169
19,D_04,detail,4,40,0.027777777777777776,1.9351010066698924e-05,6.480307051754856e-05,0.0597390890055718,0.05969918961464025
19,D_05,detail,5,80,0.05555555555555555,9.412226855546576e-06,4.519495495104073e-05,0.029056770469658936,0.029037363621254045
19,D_06,detail,6,160,0.1111111111111111,3.58243761035015e-06,2.7882588070763877e-05,0.011059451600922228,0.011052065057366589
19,D_07,detail,7,320,0.2222222222222222,2.2154417737625327e-06,2.1926733339262033e-05,0.0068393573696300105,0.006834789402525825
19,D_08,detail,8,640,0.4444444444444444,9.902855979348722e-07,1.4659663322140289e-05,0.0030571406490957956,0.003055098802594259
19,D_09,detail,9,1280,0.8888888888888888,6.396362427789355e-07,1.1781763387529655e-05,0.0019746404093044225,0.0019733215584322116
19,A_09,approximation,9,2560,1.7777777777777777,2.1649250901858964e-07,6.854333030823421e-06,,0.0006678941978481833
20,D_01,detail,1,5,0.003472222222222222,0.00013725929446759203,0.00017258960941655003,0.5239852308074749,0.5236568121495889
20,D_02,detail,2,10,0.006944444444444444,5.639643962535355e-05,0.00011062915837420714,0.21529253482202548,0.21515759574133772
20,D_03,detail,3,20,0.013888888888888888,3.8368763240898904e-05,9.124995628911019e-05,0.14647215943053415,0.1463803549536337
20,D_04,detail,4,40,0.027777777777777776,1.4823613847938775e-05,5.6717987345535984e-05,0.05658891628170953,0.05655344799969741
20,D_05,detail,5,80,0.05555555555555555,7.532680982814361e-06,4.043137882684589e-05,0.028755892988441525,0.028737869633533173
20,D_06,detail,6,160,0.1111111111111111,4.35922173180408e-06,3.0757302556429756e-05,0.016641261447104632,0.01663083118985947
20,D_07,detail,7,320,0.2222222222222222,1.7227749381170197e-06,1.933561710939398e-05,0.006576666644543451,0.006572544581733711
20,D_08,detail,8,640,0.4444444444444444,8.046499974913135e-07,1.3214394619127456e-05,0.003071738903293495,0.003069813626952326
20,D_09,detail,9,1280,0.8888888888888888,6.851628779119316e-07,1.2193845195752292e-05,0.002615598674872713,0.00261395929392099
20,A_09,approximation,9,2560,1.7777777777777777,1.6428721996412786e-07,5.9709805307972405e-06,,0.000626770829742578
21,D_01,detail,1,5,0.003472222222222222,0.0001482747117915434,0.00017938135864621502,0.4973417727909416,0.4968454929331862
21,D_02,detail,2,10,0.006944444444444444,6.926606891524356e-05,0.00012260382939917815,0.23233165718101567,0.23209982159412976
21,D_03,detail,3,20,0.013888888888888888,4.79933984590255e-05,0.00010205505396886101,0.1609790474955091,0.16081841216752457
21,D_04,detail,4,40,0.027777777777777776,1.607455480439607e-05,5.906269254156607e-05,0.053917134531226554,0.05386333251957252
21,D_05,detail,5,80,0.05555555555555555,7.46959077226756e-06,4.02617056506346e-05,0.0250544376166124,0.025029436674771664
21,D_06,detail,6,160,0.1111111111111111,5.655131141331796e-06,3.503201394663278e-05,0.018968392608641877,0.018949464716997388
21,D_07,detail,7,320,0.2222222222222222,1.9823254717430023e-06,2.0741074216791428e-05,0.006649099178498846,0.006642464276355016
21,D_08,detail,8,640,0.4444444444444444,8.974950577414503e-07,1.395596262315968e-05,0.003010370262703818,0.00300736632012851
21,D_09,detail,9,1280,0.8888888888888888,5.21165339845728e-07,1.063485388493988e-05,0.0017480883348501698,0.0017463439790014845
21,A_09,approximation,9,2560,1.7777777777777777,2.977950297420122e-07,8.039008489614648e-06,,0.0009978648183328416
22,D_01,detail,1,5,0.003472222222222222,0.00017591564778148482,0.0001953871511677983,0.5381705487861747,0.5375728661644865
22,D_02,detail,2,10,0.006944444444444444,8.140133877666434e-05,0.00013291057553364909,0.24902732482208187,0.2487507595126138
22,D_03,detail,3,20,0.013888888888888888,3.47129791999939e-05,8.679400100876666e-05,0.10619580066731286,0.10607786150342093
22,D_04,detail,4,40,0.027777777777777776,2.0593802804598817e-05,6.685163598324948e-05,0.0630016618573467,0.06293169333433007
22,D_05,detail,5,80,0.05555555555555555,7.758818818192187e-06,4.103378418961843e-05,0.023736193078774358,0.023709832085702154
22,D_06,detail,6,160,0.1111111111111111,3.796038539399168e-06,2.8701795863797637e-05,0.011613043920342693,0.011600146680700456
22,D_07,detail,7,320,0.2222222222222222,1.1396017547443377e-06,1.5726074163047514e-05,0.003486330576517354,0.0034824587199028586
22,D_08,detail,8,640,0.4444444444444444,7.550882324070324e-07,1.2800962220430434e-05,0.0023100062646004443,0.0023074408128055507
22,D_09,detail,9,1280,0.8888888888888888,8.038203056667608e-07,1.3207580039530298e-05,0.002459090026849117,0.0024563590052844304
22,A_09,approximation,9,2560,1.7777777777777777,3.634275389227066e-07,8.880812099742601e-06,,0.001110582180753266
23,D_01,detail,1,5,0.003472222222222222,0.00014490110393159905,0.00017732893748198395,0.5212599790421141,0.5201444411038314
23,D_02,detail,2,10,0.006944444444444444,7.836207887578566e-05,0.000130405749406428,0.28189582055751944,0.281292541013494
23,D_03,detail,3,20,0.013888888888888888,3.0684691642934385e-05,8.160272215306044e-05,0.11038357395993376,0.11014734430589082
23,D_04,detail,4,40,0.027777777777777776,1.2901681150704544e-05,5.291355213665841e-05,0.04641186204764116,0.046312536960386945
23,D_05,detail,5,80,0.05555555555555555,5.6089140360547415e-06,3.4888569007738234e-05,0.020177226629433102,0.02013404575482266
23,D_06,detail,6,160,0.1111111111111111,2.890084286855367e-06,2.5043730359256672e-05,0.010396644565988346,0.010374394917232434
23,D_07,detail,7,320,0.2222222222222222,1.717151915739841e-06,1.9304036237214967e-05,0.006177196358926304,0.006163976665936891
23,D_08,detail,8,640,0.4444444444444444,5.759229106540061e-07,1.1179591698323958e-05,0.002071796254078874,0.0020673624448191183
23,D_09,detail,9,1280,0.8888888888888888,3.407787958540492e-07,8.599635558508278e-06,0.0012259005843649842,0.0012232770593191228
23,A_09,approximation,9,2560,1.7777777777777777,5.961804016108674e-07,1.1374507788599643e-05,,0.0021400797742667705
24,D_01,detail,1,5,0.003472222222222222,0.00039611025885813835,0.00029319179337694475,0.5273044968437933,0.5263641192815167
24,D_02,detail,2,10,0.006944444444444444,0.00016515270666535474,0.0001893156917267413,0.21985233389714878,0.2194602564484479
24,D_03,detail,3,20,0.013888888888888888,9.316179356459908e-05,0.0001421879148075444,0.12401757233518054,0.12379640346017555
24,D_04,detail,4,40,0.027777777777777776,4.620013995980808e-05,0.000100130275341122,0.061501920262924045,0.06139223975346822
24,D_05,detail,5,80,0.05555555555555555,2.0655514842232795e-05,6.695172591438628e-05,0.02749675277871004,0.027447715970749298
24,D_06,detail,6,160,0.1111111111111111,1.5505039111525977e-05,5.8006972296152255e-05,0.02064040671608716,0.020603597291042903
24,D_07,detail,7,320,0.2222222222222222,9.59396181055994e-06,4.562918980609998e-05,0.012771543003807104,0.012748766652480087
24,D_08,detail,8,640,0.4444444444444444,4.206506558159834e-06,3.021374433635925e-05,0.005599728294123719,0.005589741922161868
24,D_09,detail,9,1280,0.8888888888888888,6.124113369573931e-07,1.1528302816666797e-05,0.000815245868225304,0.0008137919854558482
24,A_09,approximation,9,2560,1.7777777777777777,1.342055871630725e-06,1.706589475558639e-05,,0.001783367234501458
25,D_01,detail,1,5,0.003472222222222222,0.00036166863013070173,0.00028015552094110295,0.509995973246291,0.509070843991626
25,D_02,detail,2,10,0.006944444444444444,0.0001623985034459986,0.0001877304737717129,0.22900128990659857,0.2285858831117173
25,D_03,detail,3,20,0.013888888888888888,9.576318156158614e-05,0.0001441594271737112,0.1350375258258167,0.13479256866503006
25,D_04,detail,4,40,0.027777777777777776,4.5774880676996904e-05,9.966837446823316e-05,0.0645480499999719,0.06443096027276003
25,D_05,detail,5,80,0.05555555555555555,2.2195788899243647e-05,6.940313008778275e-05,0.03129871384628573,0.031241938190532455
25,D_06,detail,6,160,0.1111111111111111,9.073064612562372e-06,4.437320177440794e-05,0.012794104967682757,0.012770896547589719
25,D_07,detail,7,320,0.2222222222222222,6.804503098861193e-06,3.8427485989072495e-05,0.00959516223208801,0.009577756672534946
25,D_08,detail,8,640,0.4444444444444444,3.4242942813773615e-06,2.726021677649839e-05,0.004828664001303186,0.004819904837382501
25,D_09,detail,9,1280,0.8888888888888888,2.0569292582796367e-06,2.112775940578181e-05,0.002900515973962111,0.002895254457554334
25,A_09,approximation,9,2560,1.7777777777777777,1.2887488307781486e-06,1.672352820334796e-05,,0.001813993253272647
26,D_01,detail,1,5,0.003472222222222222,0.0003519961729084681,0.00027638389670324936,0.5345701340268545,0.5330959356418875
26,D_02,detail,2,10,0.006944444444444444,0.00016057580652968404,0.00018667399453720535,0.2438635332559844,0.2431910242548357
26,D_03,detail,3,20,0.013888888888888888,7.396319923580786e-05,0.00012669270500240476,0.11232655458109828,0.1120167886312032
26,D_04,detail,4,40,0.027777777777777776,3.374354715897234e-05,8.557346781493786e-05,0.05124570639012017,0.05110438473223455
26,D_05,detail,5,80,0.05555555555555555,1.977313949079954e-05,6.55060752636034e-05,0.030029104408692022,0.029946292342690826
26,D_06,detail,6,160,0.1111111111111111,7.702703991925986e-06,4.088512869305693e-05,0.011697955325223941,0.01166569556032096
26,D_07,detail,7,320,0.2222222222222222,5.604036397302586e-06,3.4873395763153216e-05,0.008510747327859213,0.008487277011867033
26,D_08,detail,8,640,0.4444444444444444,3.930355940260516e-06,2.9205167818615255e-05,0.005968959504297389,0.005952498744705596
26,D_09,detail,9,1280,0.8888888888888888,1.1768794084971098e-06,1.598121325779783e-05,0.0017873051798700682,0.0017823762804761577
26,A_09,approximation,9,2560,1.7777777777777777,1.8208904149312362e-06,1.9878594270841438e-05,,0.0027577267997783944
27,D_01,detail,1,5,0.003472222222222222,0.0003768641359289857,0.00028598033449994426,0.5526864109250951,0.5516530741147894
27,D_02,detail,2,10,0.006944444444444444,0.00015181487548697099,0.00018151015542004813,0.22264262013444813,0.22222635367596444
27,D_03,detail,3,20,0.013888888888888888,8.265822856898565e-05,0.00013393275786909725,0.12122161629576582,0.1209949728396448
27,D_04,detail,4,40,0.027777777777777776,3.7349423511070354e-05,9.002968201596336e-05,0.054774431585457646,0.05467202190918916
27,D_05,detail,5,80,0.05555555555555555,1.9354111255794855e-05,6.480826297323712e-05,0.028383582481899747,0.028330514774774825
27,D_06,detail,6,160,0.1111111111111111,5.660850935444404e-06,3.504972576099697e-05,0.00830186554785963,0.00828634386486682
27,D_07,detail,7,320,0.2222222222222222,5.693575321101158e-06,3.5150887927817224e-05,0.00834985717543591,0.008334245764318108
27,D_08,detail,8,640,0.4444444444444444,1.5170847348727418e-06,1.8144653705394948e-05,0.0022248657732293806,0.0022207060261177783
27,D_09,detail,9,1280,0.8888888888888888,9.646855001680968e-07,1.4468937485047116e-05,0.0014147500808085734,0.0014121049762664956
27,A_09,approximation,9,2560,1.7777777777777777,1.2772675573616208e-06,1.6648867822607555e-05,,0.0018696620540682037
28,D_01,detail,1,5,0.003472222222222222,0.0003190898857768779,0.000263148127520512,0.5069455523452384,0.5064861625488872
28,D_02,detail,2,10,0.006944444444444444,0.00015409456781169577,0.00018286787967674559,0.24481363802086864,0.2445917899608667
28,D_03,detail,3,20,0.013888888888888888,8.332118962406962e-05,0.00013446878963970744,0.13237431952190412,0.13225436302676186
28,D_04,detail,4,40,0.027777777777777776,3.302764473984107e-05,8.46608387971296e-05,0.05247179040017789,0.0524242409049814
28,D_05,detail,5,80,0.05555555555555555,2.4902547534751255e-05,7.351325515685443e-05,0.03956325874783593,0.03952740685546784
28,D_06,detail,6,160,0.1111111111111111,8.506843590240488e-06,4.2966303188517466e-05,0.013515021048283917,0.013502773849865209
28,D_07,detail,7,320,0.2222222222222222,3.365437418375267e-06,2.702492667841671e-05,0.005346749010197587,0.0053419038312082995
28,D_08,detail,8,640,0.4444444444444444,2.377058729427205e-06,2.271243621873882e-05,0.0037764887082292645,0.0037730664859204383
28,D_09,detail,9,1280,0.8888888888888888,7.510320768663834e-07,1.2766534051224426e-05,0.0011931821972641452,0.00119210094559111
28,A_09,approximation,9,2560,1.7777777777777777,5.70907149039279e-07,1.1130803232807704e-05,,0.000906191590449913
29,D_01,detail,1,5,0.003472222222222222,0.00017456378086098896,0.00019463495303719477,0.5189890459358888,0.5183933992629023
29,D_02,detail,2,10,0.006944444444444444,8.886004760275682e-05,0.00013886635480607262,0.26418648301331915,0.2638832746876576
29,D_03,detail,3,20,0.013888888888888888,3.656247839228771e-05,8.907617876473107e-05,0.1087025365987908,0.10857777808071166
29,D_04,detail,4,40,0.027777777777777776,1.710140812648894e-05,6.0919972775809846e-05,0.05084355668713756,0.05078520324861964
29,D_05,detail,5,80,0.05555555555555555,1.1331997158179943e-05,4.959032942191922e-05,0.03369073678780707,0.03365206973802004
29,D_06,detail,6,160,0.1111111111111111,4.646282642781345e-06,3.175386378359213e-05,0.013813689094221817,0.013797835044863595
29,D_07,detail,7,320,0.2222222222222222,1.675075696339887e-06,1.9066061235766092e-05,0.004980104883304069,0.004974389188670255
29,D_08,detail,8,640,0.4444444444444444,1.1252042482856343e-06,1.562641832649966e-05,0.0033453026533940868,0.003341463230556108
29,D_09,detail,9,1280,0.8888888888888888,4.872229573755995e-07,1.0282711156889715e-05,0.001448544346136661,0.0014468818435709394
29,A_09,approximation,9,2560,1.7777777777777777,3.864783813386001e-07,9.158120795543843e-06,,0.001147705674427875
30,D_01,detail,1,5,0.003472222222222222,0.00015682320744314307,0.00018447984745024432,0.5120440833725447,0.51033933561914
30,D_02,detail,2,10,0.006944444444444444,7.698844808155065e-05,0.0001292577367808118,0.25137529050019447,0.2505383870466497
30,D_03,detail,3,20,0.013888888888888888,3.520377055521787e-05,8.740541832026198e-05,0.1149439723820167,0.11456128955245437
30,D_04,detail,4,40,0.027777777777777776,1.8951901728890594e-05,6.413131759153718e-05,0.06187993031869746,0.06167391354081217
30,D_05,detail,5,80,0.05555555555555555,1.0994953112168376e-05,4.8847287877861254e-05,0.03589966548851201,0.035780144775204616
30,D_06,detail,6,160,0.1111111111111111,3.5040315238101327e-06,2.7575777555153293e-05,0.011441027377075948,0.01140293677833443
30,D_07,detail,7,320,0.2222222222222222,2.0733581921198982e-06,2.121196653616951e-05,0.006769730145787867,0.0067471916913228215
30,D_08,detail,8,640,0.4444444444444444,1.1240054774770937e-06,1.561809206656551e-05,0.003669994790975963,0.003657776281714581
30,D_09,detail,9,1280,0.8888888888888888,6.052810625851121e-07,1.1460994601795872e-05,0.0019763056241948137,0.0019697259122475595
30,A_09,approximation,9,2560,1.7777777777777777,1.0230669678864076e-06,1.4900326885501314e-05,,0.003329298802119776
31,D_01,detail,1,5,0.003472222222222222,0.00015483019749675534,0.00018330385505003867,0.4957062649337648,0.4947970690208706
31,D_02,detail,2,10,0.006944444444444444,8.025073373864799e-05,0.00013196788933225674,0.2569317363340114,0.2564604869246482
31,D_03,detail,3,20,0.013888888888888888,3.746109730899772e-05,9.016417475400463e-05,0.1199359099684202,0.11971593042233336
31,D_04,detail,4,40,0.027777777777777776,2.1558588098401702e-05,6.839965674027808e-05,0.06902224085665315,0.06889564423336042
31,D_05,detail,5,80,0.05555555555555555,7.5232120182234265e-06,4.0405958681985166e-05,0.02408640814358257,0.02404223023946959
31,D_06,detail,6,160,0.1111111111111111,6.1506236744577105e-06,3.65345146770302e-05,0.01969191241742434,0.019655794644554588
31,D_07,detail,7,320,0.2222222222222222,2.558339276892984e-06,2.356257956115447e-05,0.008190810500054721,0.008175787386657241
31,D_08,detail,8,640,0.4444444444444444,1.266414012975194e-06,1.6577980272009332e-05,0.0040545666826064045,0.004047130029658564
31,D_09,detail,9,1280,0.8888888888888888,7.434223570548773e-07,1.2701691886966201e-05,0.002380150163482493,0.002375784628983949
31,A_09,approximation,9,2560,1.7777777777777777,5.739335549141018e-07,1.1160266695546926e-05,,0.0018341424694635403
32,D_01,detail,1,5,0.003472222222222222,0.00015389666037714359,0.00018275041109517786,0.5173221063613662,0.5162537669508561
32,D_02,detail,2,10,0.006944444444444444,7.269703196932396e-05,0.00012560360511682328,0.24437035613656294,0.24386569863399193
32,D_03,detail,3,20,0.013888888888888888,3.5531953998947076e-05,8.781188710608952e-05,0.1194403130050017,0.1191936527675639
32,D_04,detail,4,40,0.027777777777777776,1.8094284417370582e-05,6.26634744334785e-05,0.06082375865048992,0.06069814944558135
32,D_05,detail,5,80,0.05555555555555555,9.311561649151052e-06,4.4952621782393354e-05,0.0313007226670655,0.031236082484108935
32,D_06,detail,6,160,0.1111111111111111,4.922484848286182e-06,3.268405696854686e-05,0.016546884279403897,0.016512712748012796
32,D_07,detail,7,320,0.2222222222222222,1.9077299284000373e-06,2.034708555817795e-05,0.00641281534316582,0.006399572020912271
32,D_08,detail,8,640,0.4444444444444444,7.42656106249588e-07,1.2695144336489561e-05,0.0024964311782052612,0.0024912757135914215
32,D_09,detail,9,1280,0.8888888888888888,3.8275060325658637e-07,9.113846437552042e-06,0.001286612378738715,0.0012839553519205017
32,A_09,approximation,9,2560,1.7777777777777777,6.156220607811193e-07,1.155848335621515e-05,,0.002065133883460822
33,D_01,detail,1,5,0.003472222222222222,0.00016948479314701548,0.00019178256977202786,0.5322566088889769,0.5312297260695092
33,D_02,detail,2,10,0.006944444444444444,7.281706306166523e-05,0.0001257072552897383,0.2286775251915231,0.22823633758032982
33,D_03,detail,3,20,0.013888888888888888,4.126217178539514e-05,9.462803159291641e-05,0.12958132244252954,0.1293313211620985
33,D_04,detail,4,40,0.027777777777777776,1.84301001017133e-05,6.324229356755105e-05,0.057878600194610136,0.057766934995602565
33,D_05,detail,5,80,0.05555555555555555,7.231137506867955e-06,3.9613852014866206e-05,0.022708944303202836,0.022665131930817487
33,D_06,detail,6,160,0.1111111111111111,5.450470993490694e-06,3.4392265214340004e-05,0.017116870215764104,0.017083846633427914
33,D_07,detail,7,320,0.2222222222222222,2.3526207611907653e-06,2.2595384052207343e-05,0.007388261360221335,0.007374007185581052
33,D_08,detail,8,640,0.4444444444444444,1.105489530396466e-06,1.5488918042177402e-05,0.0034717221391106965,0.0034650241446488525
33,D_09,detail,9,1280,0.8888888888888888,2.929989541514302e-07,7.974010438968532e-06,0.0009201452640614278,0.0009183700275546393
33,A_09,approximation,9,2560,1.7777777777777777,6.155285391720056e-07,1.1557605375155085e-05,,0.0019293002704300006
34,D_01,detail,1,5,0.003472222222222222,0.00016246004028053776,0.0001877660382772269,0.5380181441850588,0.5377187057165203
34,D_02,detail,2,10,0.006944444444444444,7.167166617275163e-05,0.0001247146623268293,0.23735471663264346,0.23722261489292143
34,D_03,detail,3,20,0.013888888888888888,3.594189138482915e-05,8.831698377686947e-05,0.11902859107984164,0.11896234472846769
34,D_04,detail,4,40,0.027777777777777776,1.6936966609057663e-05,6.062637206540451e-05,0.05609007191795674,0.05605885452237843
34,D_05,detail,5,80,0.05555555555555555,7.949167006355583e-06,4.15340781223861e-05,0.026325218639557838,0.02631056712038777
34,D_06,detail,6,160,0.1111111111111111,4.2577068047092804e-06,3.0397064191113027e-05,0.014100227413449714,0.014092379814723981
34,D_07,detail,7,320,0.2222222222222222,1.5142003462000512e-06,1.8127396550133033e-05,0.005014570098469438,0.005011779197815075
34,D_08,detail,8,640,0.4444444444444444,8.047328665833509e-07,1.3215075061987213e-05,0.0026650300141268916,0.0026635467695287967
34,D_09,detail,9,1280,0.8888888888888888,4.237799410018988e-07,9.589897446267397e-06,0.0014034300188956012,0.0014026489282574861
34,A_09,approximation,9,2560,1.7777777777777777,1.6815201765758772e-07,6.040804853360703e-06,,0.0005565583089990862
35,D_01,detail,1,5,0.003472222222222222,0.00017095096131632663,0.00019261031365051573,0.5485540247891173,0.5478762347865745
35,D_02,detail,2,10,0.006944444444444444,7.19182331610421e-05,0.00012492900167813555,0.23077399479030622,0.23048885185187667
35,D_03,detail,3,20,0.013888888888888888,3.4238792640228606e-05,8.619915046980612e-05,0.1098667557181128,0.10973100502579737
35,D_04,detail,4,40,0.027777777777777776,1.826687779294651e-05,6.296162472256736e-05,0.058615460577084,0.058543035672009504
35,D_05,detail,5,80,0.05555555555555555,9.872931501695783e-06,4.628783058122966e-05,0.03168064262417954,0.03164149821565378
35,D_06,detail,6,160,0.1111111111111111,2.6941494083542633e-06,2.4179905714345906e-05,0.00864509032272289,0.008634408501923064
35,D_07,detail,7,320,0.2222222222222222,2.4958007148542617e-06,2.3272804279291147e-05,0.00800862140032966,0.007998725996642884
35,D_08,detail,8,640,0.4444444444444444,7.174861858739049e-07,1.2478159616728434e-05,0.0023022972901769493,0.0022994525857072973
35,D_09,detail,9,1280,0.8888888888888888,4.84010800856008e-07,1.024875924968422e-05,0.0015531124879706077,0.001551193471666652
35,A_09,approximation,9,2560,1.7777777777777777,3.855359116673715e-07,9.146947441483385e-06,,0.0012355938921482731
36,D_01,detail,1,5,0.003472222222222222,0.00014303117173981037,0.0001761810171715182,0.5102211814730481,0.5096612457116565
36,D_02,detail,2,10,0.006944444444444444,7.149405160955893e-05,0.0001245600344099716,0.2550337736649559,0.25475389008618055
36,D_03,detail,3,20,0.013888888888888888,3.224927137082246e-05,8.365727579843424e-05,0.11503968778496841,0.11491343893935177
36,D_04,detail,4,40,0.027777777777777776,1.8279290763667116e-05,6.298301338261094e-05,0.06520593529705203,0.06513437587076087
36,D_05,detail,5,80,0.05555555555555555,9.459465509936893e-06,4.530822659431421e-05,0.03374383087180007,0.03370679913278657
36,D_06,detail,6,160,0.1111111111111111,2.4174857059675063e-06,2.290475877160267e-05,0.00862366152838861,0.008614197600470249
36,D_07,detail,7,320,0.2222222222222222,1.9194755073336355e-06,2.0409626269813106e-05,0.006847158205079277,0.006839643878190964
36,D_08,detail,8,640,0.4444444444444444,1.0116024454319807e-06,1.481660489763779e-05,0.00360859097084269,0.003604630768471287
36,D_09,detail,9,1280,0.8888888888888888,4.6988644790033473e-07,1.0098112962085438e-05,0.0016761802038649824,0.001674340701169365
36,A_09,approximation,9,2560,1.7777777777777777,3.079844618727223e-07,8.175384137051372e-06,,0.0010974373109620301
37,D_01,detail,1,5,0.003472222222222222,0.00017493815375579805,0.00019484355021808682,0.51130253391791,0.5106633062718785
37,D_02,detail,2,10,0.006944444444444444,8.022554755906607e-05,0.00013194717906811587,0.23448015696543129,0.23418701114894258
37,D_03,detail,3,20,0.013888888888888888,4.954483742942134e-05,0.0001036914550236735,0.1448077527763119,0.14462671491165469
37,D_04,detail,4,40,0.027777777777777776,2.0678822600126586e-05,6.69894895494578e-05,0.06043927049009021,0.060363709642958854
37,D_05,detail,5,80,0.05555555555555555,9.058225577054559e-06,4.433690064618195e-05,0.02647503469605192,0.026441935751719135
37,D_06,detail,6,160,0.1111111111111111,3.723020475567193e-06,2.8424411195586747e-05,0.010881501617097505,0.01086789762297941
37,D_07,detail,7,320,0.2222222222222222,2.213525467967856e-06,2.1917248229609072e-05,0.006469607437630119,0.006461519169611153
37,D_08,detail,8,640,0.4444444444444444,9.549611065347405e-07,1.4395826598939728e-05,0.0027911237376259377,0.002787634289914983
37,D_09,detail,9,1280,0.8888888888888888,8.050667866273938e-07,1.321781654363882e-05,0.002353018361851169,0.002350076631097383
37,A_09,approximation,9,2560,1.7777777777777777,4.2827970081940526e-07,9.640676501521508e-06,,0.0012501945592433106
38,D_01,detail,1,5,0.003472222222222222,0.00018240426163246276,0.0001989579306455691,0.5410901705688493,0.5398613071536705
38,D_02,detail,2,10,0.006944444444444444,8.19708721876822e-05,0.00013337472680033117,0.24316116749005073,0.2426089270706645
38,D_03,detail,3,20,0.013888888888888888,3.4899820295892965e-05,8.702727000162135e-05,0.10352800722812777,0.10329288600906134
38,D_04,detail,4,40,0.027777777777777776,2.0058208358634938e-05,6.59765852409094e-05,0.05950134763818325,0.05936621483917208
38,D_05,detail,5,80,0.05555555555555555,9.502763064043018e-06,4.5411799873135055e-05,0.028189317734028725,0.028125297311654796
38,D_06,detail,6,160,0.1111111111111111,4.3886477932018715e-06,3.086093849134174e-05,0.013018633236623809,0.012989066774377231
38,D_07,detail,7,320,0.2222222222222222,2.2247711112471187e-06,2.1972852130285502e-05,0.006599636265554825,0.006584647910560866
38,D_08,detail,8,640,0.4444444444444444,9.835678901400912e-07,1.4609856016591697e-05,0.0029176890533089877,0.0029110627245942937
38,D_09,detail,9,1280,0.8888888888888888,6.721979678131522e-07,1.2077925943569133e-05,0.0019940307852726216,0.0019895021658039185
38,A_09,approximation,9,2560,1.7777777777777777,7.673380767052113e-07,1.2904379881199965e-05,,0.00227108804044046
39,D_01,detail,1,5,0.003472222222222222,0.00017960782504248217,0.00019742692974197878,0.5639236007565511,0.5625054642717352
39,D_02,detail,2,10,0.006944444444444444,7.405031429889955e-05,0.00012676729341375357,0.2324994463170671,0.23191476437242176
39,D_03,detail,3,20,0.013888888888888888,3.2881562771165185e-05,8.447340297226499e-05,0.10323987427625816,0.10298025004311283
39,D_04,detail,4,40,0.027777777777777776,1.7576463937919605e-05,6.176031729260504e-05,0.05518569600235895,0.05504691683291842
39,D_05,detail,5,80,0.05555555555555555,8.635659347374185e-06,4.329039175259744e-05,0.02711380817025297,0.027045623259110838
39,D_06,detail,6,160,0.1111111111111111,2.6390963224896162e-06,2.3931580727060984e-05,0.008286101680534827,0.008265264065130371
39,D_07,detail,7,320,0.2222222222222222,1.5759982679056965e-06,1.849360735498535e-05,0.004948239965676641,0.004935796294900075
39,D_08,detail,8,640,0.4444444444444444,8.576985358810889e-07,1.3643038326042382e-05,0.0026929586536849548,0.002686186490019933
39,D_09,detail,9,1280,0.8888888888888888,6.721154333251516e-07,1.2077184438772634e-05,0.002110274177615146,0.002104967329665839
39,A_09,approximation,9,2560,1.7777777777777777,8.029643575188431e-07,1.3200546119927472e-05,,0.0025147670409847657
40,D_01,detail,1,5,0.003472222222222222,0.00012419610273956152,0.00016417149338528975,0.4887108532850745,0.48796614971766594
40,D_02,detail,2,10,0.006944444444444444,6.780557879302767e-05,0.00012130437890792281,0.2668145097831103,0.2664079345741985
40,D_03,detail,3,20,0.013888888888888888,2.995448467501337e-05,8.062592144581838e-05,0.11787070159470735,0.1176910887799305
40,D_04,detail,4,40,0.027777777777777776,1.697524777999696e-05,6.069484768569419e-05,0.06679748916666506,0.06669570233680037
40,D_05,detail,5,80,0.05555555555555555,6.282612495713411e-06,3.6924438656216495e-05,0.02472203914544841,0.024684367400240638
40,D_06,detail,6,160,0.1111111111111111,5.3717179815652866e-06,3.414289690688029e-05,0.021137675180376743,0.021105465332758793
40,D_07,detail,7,320,0.2222222222222222,1.6867434885353397e-06,1.9132348627522578e-05,0.006637324613025611,0.006627210576711206
40,D_08,detail,8,640,0.4444444444444444,1.099410050882881e-06,1.544626979647919e-05,0.004326171371124756,0.004319579098349062
40,D_09,detail,9,1280,0.8888888888888888,7.581298122037258e-07,1.2826718162840156e-05,0.0029832358604672607,0.002978689969225481
40,A_09,approximation,9,2560,1.7777777777777777,3.878374317769723e-07,9.174208921024194e-06,,0.0015238122141196047
41,D_01,detail,1,5,0.003472222222222222,0.00018881626346673607,0.00020242468135181894,0.4839116066611827,0.48337777526680337
41,D_02,detail,2,10,0.006944444444444444,0.00010070320639331853,0.00014783096577846764,0.25808926364178647,0.25780455017431075
41,D_03,detail,3,20,0.013888888888888888,5.350142389427375e-05,0.00010775227171799799,0.13711721395175294,0.1369659518772135
41,D_04,detail,4,40,0.027777777777777776,1.989176263074534e-05,6.570227366958256e-05,0.0509800090163454,0.050923769965816226
41,D_05,detail,5,80,0.05555555555555555,1.1592170796464323e-05,5.0156376117149164e-05,0.029709231036637574,0.029676457034088527
41,D_06,detail,6,160,0.1111111111111111,8.234021789189239e-06,4.227170554481808e-05,0.021102730454104716,0.02107945078924763
41,D_07,detail,7,320,0.2222222222222222,4.072072017047397e-06,2.9727027840924118e-05,0.010436192709409261,0.010424679930568276
41,D_08,detail,8,640,0.4444444444444444,2.5141417464106795e-06,2.335816083527306e-05,0.006443419383171287,0.006436311267749914
41,D_09,detail,9,1280,0.8888888888888888,8.624443799772402e-07,1.3680731298042055e-05,0.002210333145609664,0.002207894796934159
41,A_09,approximation,9,2560,1.7777777777777777,4.3091418689491316e-07,9.670282492019484e-06,,0.001103158897267671
42,D_01,detail,1,5,0.003472222222222222,0.00020001693144334546,0.0002083421516067804,0.49479858380422215,0.4942630644754859
42,D_02,detail,2,10,0.006944444444444444,0.00010657715869785659,0.00015208130613507411,0.26364881617291575,0.2633634696871326
42,D_03,detail,3,20,0.013888888888888888,4.987779400958376e-05,0.00010403929088194853,0.12338686360765005,0.12325332229905128
42,D_04,detail,4,40,0.027777777777777776,2.1833017225404164e-05,6.883362531686862e-05,0.05401015766689276,0.053951702601891686
42,D_05,detail,5,80,0.05555555555555555,1.3878265390937728e-05,5.487965327441011e-05,0.034331823868821776,0.03429466661762035
42,D_06,detail,6,160,0.1111111111111111,5.193266384852971e-06,3.357098351572209e-05,0.012847016670042078,0.012833112374499215
42,D_07,detail,7,320,0.2222222222222222,3.657115457035902e-06,2.8171702956105216e-05,0.009046911858371568,0.009037120407215255
42,D_08,detail,8,640,0.4444444444444444,2.6042962139069355e-06,2.3773271739467283e-05,0.006442464991084238,0.0064354923265691
42,D_09,detail,9,1280,0.8888888888888888,6.012496092596612e-07,1.1422763058838433e-05,0.001487361359999606,0.0014857515923422872
42,A_09,approximation,9,2560,1.7777777777777777,4.379810349150723e-07,9.749254722618548e-06,,0.0010822976181923153
43,D_01,detail,1,5,0.003472222222222222,0.00018744141500839071,0.00020168636644505005,0.46900586511072617,0.46836508925533266
43,D_02,detail,2,10,0.006944444444444444,0.00011171383662507066,0.0001557030960793798,0.27952437613018544,0.27914247798233205
43,D_03,detail,3,20,0.013888888888888888,5.1133372058049097e-05,0.00010534064705667837,0.1279431837251144,0.12776838227998988
43,D_04,detail,4,40,0.027777777777777776,2.6166429380193686e-05,7.535568059630482e-05,0.0654722375402848,0.06538278657146909
43,D_05,detail,5,80,0.05555555555555555,9.996716147623419e-06,4.65771000311753e-05,0.02501324749854566,0.024979073330897952
43,D_06,detail,6,160,0.1111111111111111,7.824483198450082e-06,4.120705676751767e-05,0.019578002606143095,0.01955125430233694
43,D_07,detail,7,320,0.2222222222222222,3.27548520206682e-06,2.6661316203415927e-05,0.00819574356491047,0.008184546189815485
43,D_08,detail,8,640,0.4444444444444444,1.6613168574380966e-06,1.898759679130851e-05,0.0041568580236705345,0.004151178746599579
43,D_09,detail,9,1280,0.8888888888888888,4.438132766808396e-07,9.813951554446834e-06,0.001110485800419323,0.001108968607263331
43,A_09,approximation,9,2560,1.7777777777777777,5.467753194546064e-07,1.0893017874919176e-05,,0.001366242733963068
44,D_01,detail,1,5,0.003472222222222222,0.0002081671807022225,0.0002125445116280949,0.527101893617446,0.5262399253509272
44,D_02,detail,2,10,0.006944444444444444,9.754284929606519e-05,0.00014549279383887687,0.24698908060029365,0.24658518004096722
44,D_03,detail,3,20,0.013888888888888888,4.806422840433866e-05,0.00010213033399763916,0.1217038426601406,0.12150482070336772
44,D_04,detail,4,40,0.027777777777777776,2.1305731521788748e-05,6.799735033930338e-05,0.05394842449302509,0.05386020278389304
44,D_05,detail,5,80,0.05555555555555555,1.0181541848380258e-05,4.7005701690347796e-05,0.02578076894793247,0.02573860972788668
44,D_06,detail,6,160,0.1111111111111111,4.201345350391937e-06,3.019520314642387e-05,0.010638262393053578,0.010620865672031044
44,D_07,detail,7,320,0.2222222222222222,3.0265163639554056e-06,2.5628033204438893e-05,0.007663467896926029,0.007650935849102597
44,D_08,detail,8,640,0.4444444444444444,1.7949683146557793e-06,1.9736591762403797e-05,0.004545054577992253,0.004537622062831022
44,D_09,detail,9,1280,0.8888888888888888,6.434182401068336e-07,1.18165432537451e-05,0.0016292048131903035,0.001626540579072319
44,A_09,approximation,9,2560,1.7777777777777777,6.468821493082893e-07,1.1848308354959148e-05,,0.0016352972299211578
45,D_01,detail,1,5,0.003472222222222222,0.00019802464808631667,0.00020730195121383986,0.47100178568051654,0.4700531256819187
45,D_02,detail,2,10,0.006944444444444444,0.0001238514670532623,0.00016394355281566442,0.29458081458531854,0.29398748979622524
45,D_03,detail,3,20,0.013888888888888888,5.1353655341559415e-05,0.00010556730769670821,0.12214471077637344,0.12189869514612178
45,D_04,detail,4,40,0.027777777777777776,2.5833721383108588e-05,7.487507156470997e-05,0.06144552720989215,0.0613217677772765
45,D_05,detail,5,80,0.05555555555555555,1.1917123854012693e-05,5.085451201152006e-05,0.02834488872803966,0.02828779836677458
45,D_06,detail,6,160,0.1111111111111111,5.923452570401031e-06,3.5853472327678567e-05,0.014088936730929683,0.014060559745733973
45,D_07,detail,7,320,0.2222222222222222,1.7317116385135588e-06,1.9385702904666037e-05,0.004118877533205318,0.0041105815681502615
45,D_08,detail,8,640,0.4444444444444444,1.2947416001164463e-06,1.6762365875600395e-05,0.003079543943357392,0.003073341333851854
45,D_09,detail,9,1280,0.8888888888888888,5.023815034379679e-07,1.0441444524917044e-05,0.0011949148123672178,0.0011925080956228492
45,A_09,approximation,9,2560,1.7777777777777777,8.485165939935257e-07,1.3569815247426526e-05,,0.002014132488324277
46,D_01,detail,1,5,0.003472222222222222,0.0002457877486643994,0.00023095314498596054,0.5288679611570231,0.5276863076324801
46,D_02,detail,2,10,0.006944444444444444,0.00011092933310646275,0.0001551554252009399,0.238689562646296,0.23815625682388325
46,D_03,detail,3,20,0.013888888888888888,5.965446615308346e-05,0.00011377982109966264,0.12836008328213955,0.12807328741632623
46,D_04,detail,4,40,0.027777777777777776,2.5793970764242072e-05,7.481744385792979e-05,0.0555015650794496,0.05537755752971961
46,D_05,detail,5,80,0.05555555555555555,1.0400263987960956e-05,4.750791232519559e-05,0.0223785214710517,0.022328520978088434
46,D_06,detail,6,160,0.1111111111111111,6.7657628995086525e-06,3.831793989925003e-05,0.014558069919183266,0.014525542717889185
46,D_07,detail,7,320,0.2222222222222222,3.1987233127214474e-06,2.6347056487836185e-05,0.006882777054174066,0.006867398815441444
46,D_08,detail,8,640,0.4444444444444444,1.6359845168758664e-06,1.8842275928593176e-05,0.003520190898961262,0.0035123257108834642
46,D_09,detail,9,1280,0.8888888888888888,5.768709970647987e-07,1.1188789856827359e-05,0.0012412684917214878,0.0012384951165203546
46,A_09,approximation,9,2560,1.7777777777777777,1.0407041892388263e-06,1.502821557237172e-05,,0.0022343072587679095
47,D_01,detail,1,5,0.003472222222222222,0.00023731409246422464,0.00022693711484417605,0.5160404312195945,0.5154527935130997
47,D_02,detail,2,10,0.006944444444444444,0.00012342278372864897,0.00016365958045420496,0.26838333061596953,0.26807771083247334
47,D_03,detail,3,20,0.013888888888888888,4.640719782478659e-05,0.000100354404349749,0.10091263493256764,0.10079772132161668
47,D_04,detail,4,40,0.027777777777777776,2.933591030621454e-05,7.978909687198654e-05,0.06379105280871782,0.0637184111595377
47,D_05,detail,5,80,0.05555555555555555,1.20334912207811e-05,5.110219884439426e-05,0.026166874179986647,0.02613707682109962
47,D_06,detail,6,160,0.1111111111111111,6.2664547803434235e-06,3.687692668090298e-05,0.013626430666160292,0.01361091365629064
47,D_07,detail,7,320,0.2222222222222222,2.8637682044798152e-06,2.4929449952426055e-05,0.006227275269695628,0.006220184000221746
47,D_08,detail,8,640,0.4444444444444444,1.376810691916004e-06,1.7285457544320134e-05,0.0029938802866129413,0.0029904710247824536
47,D_09,detail,9,1280,0.8888888888888888,8.544891452321668e-07,1.3617489211311132e-05,0.0018580900206950158,0.0018559741326905786
47,A_09,approximation,9,2560,1.7777777777777777,5.242766994677932e-07,1.0666551711089065e-05,,0.0011387435381876479
48,D_01,detail,1,5,0.003472222222222222,0.0001939939872419054,0.00020518135780920105,0.49393539205148357,0.4934463904550881
48,D_02,detail,2,10,0.006944444444444444,9.66328515229134e-05,0.00014481253710715112,0.24604054012511475,0.24579695722169195
48,D_03,detail,3,20,0.013888888888888888,4.59831969350354e-05,9.98949067291004e-05,0.11707954833448066,0.1169636382641311
48,D_04,detail,4,40,0.027777777777777776,3.371173200384443e-05,8.553311676382601e-05,0.08583470962576568,0.08574973229733653
48,D_05,detail,5,80,0.05555555555555555,1.156984272894708e-05,5.010804889877115e-05,0.029458412013411185,0.029429247854021828
48,D_06,detail,6,160,0.1111111111111111,5.787065710322362e-06,3.543830745186056e-05,0.014734665806375625,0.014720078321417834
48,D_07,detail,7,320,0.2222222222222222,3.1882355484439207e-06,2.6303828524791115e-05,0.00811768652195087,0.008109649920945655
48,D_08,detail,8,640,0.4444444444444444,9.792748380615762e-07,1.4577936784702408e-05,0.002493368521061111,0.0024909000581673363
48,D_09,detail,9,1280,0.8888888888888888,9.055586657465219e-07,1.4018516600221516e-05,0.0023056770003565675,0.0023033943541803867
48,A_09,approximation,9,2560,1.7777777777777777,3.8921397359995814e-07,9.190475396889122e-06,,0.000990011253019364
49,D_01,detail,1,5,0.003472222222222222,0.00018097237050160309,0.0001981754725085668,0.5132412840981843,0.5123185959132577
49,D_02,detail,2,10,0.006944444444444444,8.367916694320328e-05,0.0001347573427955861,0.2373158011643305,0.23688916267554352
49,D_03,detail,3,20,0.013888888888888888,3.8644044852502346e-05,9.157671350205893e-05,0.10959528876078044,0.1093982619798174
49,D_04,detail,4,40,0.027777777777777776,2.5718401676328622e-05,7.470776642215048e-05,0.07293790463553039,0.07280677928586417
49,D_05,detail,5,80,0.05555555555555555,1.3456075287871953e-05,5.403846063132043e-05,0.03816170026688173,0.038093094425839864
49,D_06,detail,6,160,0.1111111111111111,5.613900729817314e-06,3.490407467923805e-05,0.01592113542738641,0.015892512937332286
49,D_07,detail,7,320,0.2222222222222222,1.9290560108251344e-06,2.0460497227429468e-05,0.005470841661348756,0.005461006363373067
49,D_08,detail,8,640,0.4444444444444444,1.672861851158697e-06,1.9053457846118496e-05,0.004744269869637089,0.0047357407783686235
49,D_09,detail,9,1280,0.8888888888888888,9.209293321042337e-07,1.4136988920975599e-05,0.002611774115920492,0.002607078754901958
49,A_09,approximation,9,2560,1.7777777777777777,6.350465072123945e-07,1.1739417027922109e-05,,0.0017977668857014303
50,D_01,detail,1,5,0.003472222222222222,0.00014132720517872062,0.0001751284283080051,0.5023986967764432,0.5015502686838714
50,D_02,detail,2,10,0.006944444444444444,7.290291870207835e-05,0.0001257813416166664,0.2591598079138829,0.25872215060523446
50,D_03,detail,3,20,0.013888888888888888,3.468556776265809e-05,8.675972538276911e-05,0.12330240323420924,0.12309417573788661
50,D_04,detail,4,40,0.027777777777777776,1.659718283307192e-05,6.001515801199597e-05,0.05900069285988531,0.05890105517048701
50,D_05,detail,5,80,0.05555555555555555,9.444263328461146e-06,4.527180483038063e-05,0.03357305185673372,0.03351635521215365
50,D_06,detail,6,160,0.1111111111111111,2.8196170324295618e-06,2.4736532848903613e-05,0.010023349154254447,0.010006422177614797
50,D_07,detail,7,320,0.2222222222222222,1.2712448469282688e-06,1.6609569168460206e-05,0.004519099868796492,0.0045114682182639055
50,D_08,detail,8,640,0.4444444444444444,1.3891307221665943e-06,1.7362622503308745e-05,0.0049381678749400295,0.004929828521399073
50,D_09,detail,9,1280,0.8888888888888888,8.67749732552075e-07,1.3722745499477102e-05,0.003084730460854756,0.0030795211082075584
50,A_09,approximation,9,2560,1.7777777777777777,4.7585850868708233e-07,1.0162081751838589e-05,,0.0016887545648815259
51,D_01,detail,1,5,0.003472222222222222,0.00014284453358666367,0.00017606603232924115,0.5292098963125587,0.5285584098979168
51,D_02,detail,2,10,0.006944444444444444,6.198240678002929e-05,0.00011597863224761356,0.22963218991758874,0.22934950009425364
51,D_03,detail,3,20,0.013888888888888888,3.154131272886731e-05,8.273392856592819e-05,0.11685413798966868,0.11671028413522375
51,D_04,detail,4,40,0.027777777777777776,1.9514537699070683e-05,6.50763068708125e-05,0.07229738662730946,0.07220838457816034
51,D_05,detail,5,80,0.05555555555555555,6.800217603522258e-06,3.84153832133827e-05,0.025193420864645804,0.025162406381458623
51,D_06,detail,6,160,0.1111111111111111,3.8055181940097565e-06,2.873761128763973e-05,0.014098669639644394,0.014081313403869603
51,D_07,detail,7,320,0.2222222222222222,1.1752297847527608e-06,1.5970008952009027e-05,0.004353986931919286,0.0043486269351478
51,D_08,detail,8,640,0.4444444444444444,1.4197770994771586e-06,1.7553100857481708e-05,0.005259984913216178,0.005253509583226963
51,D_09,detail,9,1280,0.8888888888888888,8.36841372942349e-07,1.3476134487505538e-05,0.0031003268034488283,0.0030965101310708723
51,A_09,approximation,9,2560,1.7777777777777777,3.326963566493138e-07,8.497042436967838e-06,,0.0012310548596716428
52,D_01,detail,1,5,0.003472222222222222,0.00013912747377746313,0.00017376016268332101,0.5302001776954832,0.5282633891197219
52,D_02,detail,2,10,0.006944444444444444,6.665024502817194e-05,0.0001202664910478431,0.2539970776290237,0.25306924195690667
52,D_03,detail,3,20,0.013888888888888888,3.091102882527177e-05,8.190312921328934e-05,0.11779868153233232,0.11736837020798833
52,D_04,detail,4,40,0.027777777777777776,1.4695546180531138e-05,5.647245015034605e-05,0.05600318172033053,0.05579860554867841
52,D_05,detail,5,80,0.05555555555555555,6.4768958427276036e-06,3.749101698752109e-05,0.024682769215102245,0.024592604580224626
52,D_06,detail,6,160,0.1111111111111111,2.156241679811493e-06,2.1631791241600926e-05,0.008217210380884892,0.008187193417745615
52,D_07,detail,7,320,0.2222222222222222,1.4092461912653332e-06,1.7487881414520883e-05,0.005370489097075782,0.00535087103135827
52,D_08,detail,8,640,0.4444444444444444,3.5528463766054295e-07,8.780757420700917e-06,0.0013539524071385035,0.0013490065024319676
52,D_09,detail,9,1280,0.8888888888888888,6.235963983581028e-07,1.1633102746249455e-05,0.002376460322628868,0.002367779259518661
52,A_09,approximation,9,2560,1.7777777777777777,9.620657015141042e-07,1.444927746471057e-05,,0.003652938375425381
53,D_01,detail,1,5,0.003472222222222222,0.00022620652972643433,0.00022156253904483393,0.5231685215500801,0.5218571412375906
53,D_02,detail,2,10,0.006944444444444444,0.00010056945841988714,0.0001477327630390399,0.23259618074798696,0.23201315245093002
53,D_03,detail,3,20,0.013888888888888888,5.853475149437331e-05,0.00011270693881451422,0.1353786711446729,0.13503932939004265
53,D_04,detail,4,40,0.027777777777777776,2.5111017276189726e-05,7.382031910701827e-05,0.058076545353887205,0.057930970008549465
53,D_05,detail,5,80,0.05555555555555555,1.2037301745010943e-05,5.1110289212778214e-05,0.027839768219801518,0.02776998473237084
53,D_06,detail,6,160,0.1111111111111111,5.428208067499044e-06,3.4321954233784646e-05,0.012554313055304467,0.012522844267907288
53,D_07,detail,7,320,0.2222222222222222,2.8867669527277377e-06,2.502935322231427e-05,0.006676489845561306,0.006659754478314699
53,D_08,detail,8,640,0.4444444444444444,1.087191627212341e-06,1.536019801268165e-05,0.002514447469479209,0.002508144726151888
53,D_09,detail,9,1280,0.8888888888888888,5.167187156879679e-07,1.0589387987656229e-05,0.0011950626132263221,0.0011920670553541974
53,A_09,approximation,9,2560,1.7777777777777777,1.0865270943776248e-06,1.535550292676971e-05,,0.0025066116527883435
54,D_01,detail,1,5,0.003472222222222222,0.0002733925119457778,0.0002435774460217022,0.5171513088562186,0.5159923598911733
54,D_02,detail,2,10,0.006944444444444444,0.000128122549561362,0.00016674643244960467,0.24235756761617255,0.24181443827017732
54,D_03,detail,3,20,0.013888888888888888,6.273221658892209e-05,0.00011667802826831644,0.11866472744815744,0.1183987968380859
54,D_04,detail,4,40,0.027777777777777776,3.4399296930968224e-05,8.640095602499451e-05,0.06506996590715754,0.06492414249270961
54,D_05,detail,5,80,0.05555555555555555,1.3616164257891495e-05,5.4358962070250434e-05,0.02575643757560712,0.025698716757424286
54,D_06,detail,6,160,0.1111111111111111,9.340947007075613e-06,4.502349648695119e-05,0.01766940482855582,0.01762980725220179
54,D_07,detail,7,320,0.2222222222222222,4.507708573665732e-06,3.1276754427993117e-05,0.00852681506242561,0.008507706257473368
54,D_08,detail,8,640,0.4444444444444444,1.6467613838631565e-06,1.890423476325323e-05,0.0031150260809177277,0.003108045229877143
54,D_09,detail,9,1280,0.8888888888888888,8.927574461945275e-07,1.3919079180505705e-05,0.0016887466247875972,0.001684962101535882
54,A_09,approximation,9,2560,1.7777777777777777,1.1873808159235245e-06,1.6052355853756355e-05,,0.0022410249093413343
55,D_01,detail,1,5,0.003472222222222222,0.00027758553752302707,0.000245438214215278,0.503676000257464,0.5022604479315811
55,D_02,detail,2,10,0.006944444444444444,0.0001487333463549473,0.00017965857034927434,0.2698750722585952,0.2691166039455562
55,D_03,detail,3,20,0.013888888888888888,5.608157682629674e-05,0.00011031990338146443,0.10175942362147597,0.10147343463507547
55,D_04,detail,4,40,0.027777777777777776,3.611061864546131e-05,8.852404070327552e-05,0.06552233278601471,0.06533818605175477
55,D_05,detail,5,80,0.05555555555555555,1.7245526273906427e-05,6.117612869932146e-05,0.03129182367887461,0.03120387981463032
55,D_06,detail,6,160,0.1111111111111111,6.478802395051675e-06,3.749653454777937e-05,0.011755717916418489,0.01172267914976988
55,D_07,detail,7,320,0.2222222222222222,5.423370377889684e-06,3.430665673875324e-05,0.00984064776654182,0.009812991194009075
55,D_08,detail,8,640,0.4444444444444444,2.596651978333298e-06,2.373835596474903e-05,0.0047115973482554085,0.004698355675867728
55,D_09,detail,9,1280,0.8888888888888888,8.63815690282615e-07,1.369160334772631e-05,0.001567384366359849,0.0015629793230696799
55,A_09,approximation,9,2560,1.7777777777777777,1.5532541609024426e-06,1.8359676628151354e-05,,0.0028104422786858507
56,D_01,detail,1,5,0.003472222222222222,0.0002994962023520649,0.000254940847217301,0.5157100557321029,0.5145236523461335
56,D_02,detail,2,10,0.006944444444444444,0.0001462205497948865,0.0001781344720890927,0.2517808482768555,0.2512016203800989
56,D_03,detail,3,20,0.013888888888888888,6.553228007945492e-05,0.00011925357415104327,0.11284168395664623,0.1125820889488766
56,D_04,detail,4,40,0.027777777777777776,3.884616526804643e-05,9.181588856640904e-05,0.06689019058683428,0.06673630809468915
56,D_05,detail,5,80,0.05555555555555555,1.4102723236272642e-05,5.5321666762916886e-05,0.024283834416047458,0.02422796887095038
56,D_06,detail,6,160,0.1111111111111111,9.575620208384972e-06,4.5585552315889026e-05,0.016488501665642634,0.01645056947101457
56,D_07,detail,7,320,0.2222222222222222,4.385003338779487e-06,3.084812194185082e-05,0.007550647715957041,0.007533277269294416
56,D_08,detail,8,640,0.4444444444444444,1.8577921975270806e-06,2.00790116672307e-05,0.0031989791863841683,0.0031916198578308707
56,D_09,detail,9,1280,0.8888888888888888,7.289854805405524e-07,1.2577757116260463e-05,0.0012552584635297968,0.0012523707112456488
56,A_09,approximation,9,2560,1.7777777777777777,1.339099209944402e-06,1.704708559132831e-05,,0.0023005240498658536
57,D_01,detail,1,5,0.003472222222222222,0.0002928443849699681,0.0002520938294001019,0.513048805859931,0.5124859430076784
57,D_02,detail,2,10,0.006944444444444444,0.00014625513353797346,0.00017815553681836379,0.2562317239589113,0.2559506136291769
57,D_03,detail,3,20,0.013888888888888888,6.636603761504534e-05,0.00012000979923734256,0.11626999900150409,0.11614243986381209
57,D_04,detail,4,40,0.027777777777777776,3.226355901266169e-05,8.367580540833696e-05,0.05652415164434523,0.0564621393272863
57,D_05,detail,5,80,0.05555555555555555,1.8587548860052314e-05,6.351185923142375e-05,0.03256446165935854,0.032528735378423275
57,D_06,detail,6,160,0.1111111111111111,7.857638025709859e-06,4.1294268191124393e-05,0.013766191236289037,0.013751088428183043
57,D_07,detail,7,320,0.2222222222222222,4.24147038349976e-06,3.0339050455317975e-05,0.007430845278348013,0.0074226929413378755
57,D_08,detail,8,640,0.4444444444444444,1.4724037525244726e-06,1.787545983604139e-05,0.0025795781846861482,0.002576748144506623
57,D_09,detail,9,1280,0.8888888888888888,9.042740445024063e-07,1.4008569770635094e-05,0.001584243176626615,0.00158250511267856
57,A_09,approximation,9,2560,1.7777777777777777,6.269008368882275e-07,1.1663883939786664e-05,,0.00109709416691706
58,D_01,detail,1,5,0.003472222222222222,0.00022664224946598245,0.00022177582362182437,0.5263904592434837,0.525539649168895
58,D_02,detail,2,10,0.006944444444444444,0.0001115458921978677,0.00015558601433110896,0.25907214369389986,0.2586534028409276
58,D_03,detail,3,20,0.013888888888888888,4.948735576547528e-05,0.00010363128642207318,0.11493740460797926,0.1147516301508812
58,D_04,detail,4,40,0.027777777777777776,2.4057389016676152e-05,7.225501745222774e-05,0.055874754519624655,0.05578444360455071
58,D_05,detail,5,80,0.05555555555555555,1.0680752700675395e-05,4.814427982464864e-05,0.024806700129485184,0.02476660481617384
58,D_06,detail,6,160,0.1111111111111111,3.553891398726575e-06,2.7771276404343155e-05,0.008254129712730079,0.008240788481723259
58,D_07,detail,7,320,0.2222222222222222,1.8107913866451657e-06,1.9823392262233298e-05,0.004205673531109919,0.004198875859632661
58,D_08,detail,8,640,0.4444444444444444,2.166853623210897e-06,2.1684956339037808e-05,0.005032649810540242,0.005024515489171958
58,D_09,detail,9,1280,0.8888888888888888,6.140138945405961e-07,1.1543376589458859e-05,0.0014260847511470551,0.0014237797563429375
58,A_09,approximation,9,2560,1.7777777777777777,6.970436896055068e-07,1.229911223652954e-05,,0.0016163098317008766
59,D_01,detail,1,5,0.003472222222222222,0.00017829837387890642,0.00019670593152730948,0.5173348046254228,0.5162334192097354
59,D_02,detail,2,10,0.006944444444444444,8.761636737280642e-05,0.00013789114769951797,0.2542199085202228,0.25367868435142893
59,D_03,detail,3,20,0.013888888888888888,4.3090697858028196e-05,9.670201609639177e-05,0.1250281607879175,0.1247619807597987
59,D_04,detail,4,40,0.027777777777777776,1.8154060071623683e-05,6.276689553630604e-05,0.05267421634865911,0.052562075017454496
59,D_05,detail,5,80,0.05555555555555555,8.790863507989673e-06,4.367767709666185e-05,0.025506792667011675,0.025452489710409424
59,D_06,detail,6,160,0.1111111111111111,4.451648409979261e-06,3.108165911619968e-05,0.012916509614393912,0.012889010874344556
59,D_07,detail,7,320,0.2222222222222222,1.8509019156702083e-06,2.0041742006908634e-05,0.005370413426060692,0.005358980027474727
59,D_08,detail,8,640,0.4444444444444444,1.7484122692563223e-06,1.9478956489821563e-05,0.005073038525492801,0.005062238226353362
59,D_09,detail,9,1280,0.8888888888888888,6.466131199685455e-07,1.1845844324950066e-05,0.0018761554848186833,0.0018721612237133682
59,A_09,approximation,9,2560,1.7777777777777777,7.353073218045685e-07,1.263217722458338e-05,,0.002128960599286952
60,D_01,detail,1,5,0.003472222222222222,0.0002065726715807036,0.00021172892763601233,0.5191000362269214,0.5181984759513365
60,D_02,detail,2,10,0.006944444444444444,9.475740208225008e-05,0.00014340039165524336,0.2381175132086532,0.23770395652237294
60,D_03,detail,3,20,0.013888888888888888,5.2836920540571714e-05,0.00010708102354489651,0.13277481070875505,0.13254421065755223
60,D_04,detail,4,40,0.027777777777777776,2.200009915226015e-05,6.909650550478745e-05,0.055284429346562684,0.05518841269875138
60,D_05,detail,5,80,0.05555555555555555,1.0724830742071477e-05,4.82435200520447e-05,0.026950612509079607,0.026903805342935922
60,D_06,detail,6,160,0.1111111111111111,7.027917838711908e-06,3.905324289953993e-05,0.017660576187348703,0.017629903729588572
60,D_07,detail,7,320,0.2222222222222222,2.668205277123905e-06,2.406320019329337e-05,0.006704979150520237,0.006693334106349808
60,D_08,detail,8,640,0.4444444444444444,1.1226187389303518e-06,1.560845470489683e-05,0.002821048029192466,0.0028161485018159643
60,D_09,detail,9,1280,0.8888888888888888,2.3319296554809818e-07,7.1137973203574945e-06,0.0005859946329666803,0.0005849768917878727
60,A_09,approximation,9,2560,1.7777777777777777,6.923416253876668e-07,1.22575588338393e-05,,0.0017367755975087734
61,D_01,detail,1,5,0.003472222222222222,0.00018449383576506554,0.00020009428971213758,0.5130354961705035,0.5116746292356855
61,D_02,detail,2,10,0.006944444444444444,9.036711365912744e-05,0.00014003899015214112,0.25129043906184223,0.2506238714420425
61,D_03,detail,3,20,0.013888888888888888,4.34796562705201e-05,9.713747626337494e-05,0.12090705868609322,0.1205863432198532
61,D_04,detail,4,40,0.027777777777777776,2.1354872426760133e-05,6.807572189890696e-05,0.05938305486299182,0.05922553664747897
61,D_05,detail,5,80,0.05555555555555555,9.620869118567438e-06,4.5693131014533645e-05,0.026753454072693403,0.026682488435205428
61,D_06,detail,6,160,0.1111111111111111,6.751403861538818e-06,3.8277257052354215e-05,0.018774122265866427,0.01872432243249709
61,D_07,detail,7,320,0.2222222222222222,1.4654738597518166e-06,1.783334464899257e-05,0.0040751502923928005,0.004064340636279867
61,D_08,detail,8,640,0.4444444444444444,1.286563926585782e-06,1.670934591815429e-05,0.0035776423623796265,0.003568152385113125
61,D_09,detail,9,1280,0.8888888888888888,7.924351047682358e-07,1.3113711289250994e-05,0.002203582225237022,0.0021977370503692755
61,A_09,approximation,9,2560,1.7777777777777777,9.56436682661003e-07,1.4406944297117707e-05,,0.0026525785154749553
62,D_01,detail,1,5,0.003472222222222222,0.00018709095341177336,0.00020149773044830771,0.49600398657913464,0.4945960940614685
62,D_02,detail,2,10,0.006944444444444444,9.54573430533733e-05,0.0001439290423750999,0.2530706153307022,0.25235228193942727
62,D_03,detail,3,20,0.013888888888888888,4.613278927521115e-05,0.00010005726363390715,0.12230440315389374,0.12195724575448336
62,D_04,detail,4,40,0.027777777777777776,2.6189008392384128e-05,7.538818579442689e-05,0.0694306824049757,0.06923360548442796
62,D_05,detail,5,80,0.05555555555555555,1.2752254086305534e-05,5.260623776101451e-05,0.033807988838222315,0.03371202587056363
62,D_06,detail,6,160,0.1111111111111111,5.8570915434385375e-06,3.565207165677503e-05,0.015527959542279158,0.015483883892393812
62,D_07,detail,7,320,0.2222222222222222,2.2438298143315596e-06,2.2066767638531142e-05,0.005948703092362011,0.005931817876113416
62,D_08,detail,8,640,0.4444444444444444,8.015795210072689e-07,1.3189158013591324e-05,0.002125098144669453,0.0021190661169879395
62,D_09,detail,9,1280,0.8888888888888888,6.716220477231774e-07,1.2072750823235178e-05,0.0017805629137607176,0.001775508839052958
62,A_09,approximation,9,2560,1.7777777777777777,1.0737086196032344e-06,1.5264654698800708e-05,,0.0028384701650810687
63,D_01,detail,1,5,0.003472222222222222,0.00017664490767944446,0.00019579172190860113,0.5025765802148574,0.5017530692194723
63,D_02,detail,2,10,0.006944444444444444,9.118344914258507e-05,0.00014067009241745243,0.2594281751129612,0.259003081777679
63,D_03,detail,3,20,0.013888888888888888,4.616159282275639e-05,0.00010008849472227958,0.13133543311778856,0.1311202297487618
63,D_04,detail,4,40,0.027777777777777776,1.8289906792024702e-05,6.30012999893858e-05,0.05203704385673563,0.05195177709447416
63,D_05,detail,5,80,0.05555555555555555,9.773382875811459e-06,4.605387959205953e-05,0.027806481417337502,0.027760918324882297
63,D_06,detail,6,160,0.1111111111111111,3.979851261039499e-06,2.9388484128269192e-05,0.011323168399321895,0.0113046145031665
63,D_07,detail,7,320,0.2222222222222222,3.1457692238966575e-06,2.6128061788521464e-05,0.008950101984033036,0.008935436542618079
63,D_08,detail,8,640,0.4444444444444444,1.7609101031016156e-06,1.9548451331443518e-05,0.005010006737859589,0.005001797450363906
63,D_09,detail,9,1280,0.8888888888888888,5.388198973898296e-07,1.0813482387430932e-05,0.0015330091591053137,0.0015304972038168087
63,A_09,approximation,9,2560,1.7777777777777777,5.76870379271266e-07,1.1188783865571168e-05,,0.0016385781347652206
64,D_01,detail,1,5,0.003472222222222222,0.00011304885754291516,0.0001566306873183988,0.5232008562114104,0.5223663174117256
64,D_02,detail,2,10,0.006944444444444444,5.3030919303972585e-05,0.00010727742553542166,0.24543213428745986,0.24504065434945763
64,D_03,detail,3,20,0.013888888888888888,2.3776538561254882e-05,7.183202000149062e-05,0.1100400800447699,0.10986455908522336
64,D_04,detail,4,40,0.027777777777777776,1.4511468711517163e-05,5.611764658800093e-05,0.06716045628208735,0.06705333106257261
64,D_05,detail,5,80,0.05555555555555555,5.5959257936245e-06,3.484815086067114e-05,0.025898476376980794,0.025857166652172966
64,D_06,detail,6,160,0.1111111111111111,3.180561605259439e-06,2.6272153372116987e-05,0.014719941371129452,0.014696462123996243
64,D_07,detail,7,320,0.2222222222222222,1.626565295866561e-06,1.878795519442466e-05,0.007527898768531031,0.007515891288941011
64,D_08,detail,8,640,0.4444444444444444,8.101291898173295e-07,1.325930940828607e-05,0.0037493548804186628,0.003743374419789919
64,D_09,detail,9,1280,0.8888888888888888,4.90655822850111e-07,1.031887242980939e-05,0.00227080177721248,0.0022671797032671128
64,A_09,approximation,9,2560,1.7777777777777777,3.4519865832662273e-07,8.655224045782248e-06,,0.0015950639028536311
65,D_01,detail,1,5,0.003472222222222222,9.609903274738029e-05,0.0001444119967834033,0.5157485017945799,0.5155210284974374
65,D_02,detail,2,10,0.006944444444444444,4.532774825276661e-05,9.918039585981405e-05,0.24326694642744523,0.24315965239906306
65,D_03,detail,3,20,0.013888888888888888,2.206444395687048e-05,6.919747675494682e-05,0.11841642510180872,0.11836419698178512
65,D_04,detail,4,40,0.027777777777777776,1.2323290619955974e-05,5.171387842102555e-05,0.06613717633484457,0.06610800622283798
65,D_05,detail,5,80,0.05555555555555555,5.812147170856666e-06,3.551502020754259e-05,0.031192886232880922,0.031179128464018595
65,D_06,detail,6,160,0.1111111111111111,2.3829319899700966e-06,2.274047796553866e-05,0.012788823868146136,0.012783183297360688
65,D_07,detail,7,320,0.2222222222222222,1.5919081382867897e-06,1.85867204165632e-05,0.00854352238356314,0.008539754222920817
65,D_08,detail,8,640,0.4444444444444444,3.183383596295949e-07,8.311669231010583e-06,0.00170847226396442,0.0017077187342544777
65,D_09,detail,9,1280,0.8888888888888888,4.094111285609649e-07,9.425916462785136e-06,0.0021972455927669254,0.0021962764872864846
65,A_09,approximation,9,2560,1.7777777777777777,8.221765368703132e-08,4.224023290885428e-06,,0.00044105469303529443
66,D_01,detail,1,5,0.003472222222222222,0.00011765032758159923,0.0001597865924210619,0.5376918014543959,0.5365676760960802
66,D_02,detail,2,10,0.006944444444444444,5.366195207833924e-05,0.00010791380312957927,0.24524871520268043,0.24473598597915883
66,D_03,detail,3,20,0.013888888888888888,2.0558401979619532e-05,6.679415216123539e-05,0.09395710511539729,0.09376067369470527
66,D_04,detail,4,40,0.027777777777777776,1.4809351218373137e-05,5.6690695002095006e-05,0.06768248672707745,0.06754098633700648
66,D_05,detail,5,80,0.05555555555555555,6.837916099475599e-06,3.852171809048945e-05,0.031251008826736947,0.031185673905505015
66,D_06,detail,6,160,0.1111111111111111,3.157175448336828e-06,2.617538771342454e-05,0.014429091607470588,0.014398925427273043
66,D_07,detail,7,320,0.2222222222222222,1.298421914420436e-06,1.678617255561657e-05,0.005934117078665762,0.005921710916865828
66,D_08,detail,8,640,0.4444444444444444,5.645527812273721e-07,1.1068685312049943e-05,0.002580149228600294,0.002574755039646208
66,D_09,detail,9,1280,0.8888888888888888,2.6815247873004845e-07,7.628421345494943e-06,0.001225524758975443,0.0012229626156526668
66,A_09,approximation,9,2560,1.7777777777777777,4.5840565303664735e-07,9.973985835869907e-06,,0.0020906499881063615
67,D_01,detail,1,5,0.003472222222222222,0.00011683140227297127,0.0001592295103038368,0.5421572122616497,0.5409532331674971
67,D_02,detail,2,10,0.006944444444444444,4.5231805522895146e-05,9.90753754370348e-05,0.20989861553281397,0.2094324895839607
67,D_03,detail,3,20,0.013888888888888888,2.6641943003135896e-05,7.603730438848187e-05,0.12363218507012257,0.12335763266572329
67,D_04,detail,4,40,0.027777777777777776,1.178314859355142e-05,5.056784452240609e-05,0.054679810982826337,0.054558382460238
67,D_05,detail,5,80,0.05555555555555555,9.297271144506268e-06,4.491811402011171e-05,0.043144073487786296,0.043048262602417474
67,D_06,detail,6,160,0.1111111111111111,3.7111289793085382e-06,2.8378980460333644e-05,0.01722152865258226,0.01718328446805769
67,D_07,detail,7,320,0.2222222222222222,1.0360521520773288e-06,1.4994589244590984e-05,0.004807809677876958,0.004797132881165758
67,D_08,detail,8,640,0.4444444444444444,7.695775783437573e-07,1.2923197091976596e-05,0.0035712319323111356,0.0035633012279146442
67,D_09,detail,9,1280,0.8888888888888888,1.9125754070373827e-07,6.442479544976701e-06,0.0008875324020308075,0.0008855614415173975
67,A_09,approximation,9,2560,1.7777777777777777,4.796159030179598e-07,1.0202122930394617e-05,,0.0022207195015080056
68,D_01,detail,1,5,0.003472222222222222,7.412380320738853e-05,0.00012683018092421883,0.503610431560285,0.5025766529331125
68,D_02,detail,2,10,0.006944444444444444,3.4536325450732725e-05,8.657287273734086e-05,0.23464599780568557,0.23416433181490864
68,D_03,detail,3,20,0.013888888888888888,1.890726178491492e-05,6.405574453696298e-05,0.12845933229415243,0.12819563936036013
68,D_04,detail,4,40,0.027777777777777776,1.0104455274897704e-05,4.682741861676124e-05,0.06865148388885685,0.06851056060307802
68,D_05,detail,5,80,0.05555555555555555,5.570161199573336e-06,3.476783490034155e-05,0.03784467558591038,0.03776699050569514
68,D_06,detail,6,160,0.1111111111111111,2.542838846019101e-06,2.349109079613673e-05,0.017276503811454298,0.01724103973193313
68,D_07,detail,7,320,0.2222222222222222,7.86829069415487e-07,1.3067242870807918e-05,0.0053458580114115455,0.005334884382968278
68,D_08,detail,8,640,0.4444444444444444,4.602023752481274e-07,9.993513252530356e-06,0.003126697589374042,0.003120279308617799
68,D_09,detail,9,1280,0.8888888888888888,1.5292787564897997e-07,5.760856968724493e-06,0.0010390194528699462,0.0010368866215458101
68,A_09,approximation,9,2560,1.7777777777777777,3.0275283352741755e-07,8.105650484440793e-06,,0.002052734737780678
69,D_01,detail,1,5,0.003472222222222222,8.230031719504434e-05,0.00013364247787019538,0.4952630766067167,0.49504184271860724
69,D_02,detail,2,10,0.006944444444444444,4.1146820752689894e-05,9.44956696730346e-05,0.24761145197371576,0.24750084400221928
69,D_03,detail,3,20,0.013888888888888888,2.181846969915724e-05,6.881068927876322e-05,0.13129818691276815,0.1312395360466639
69,D_04,detail,4,40,0.027777777777777776,1.107660729060597e-05,4.902833490777981e-05,0.06665629966053432,0.06662652430873155
69,D_05,detail,5,80,0.05555555555555555,5.850093661890889e-06,3.563076726554148e-05,0.03520442550129073,0.03518869969353282
69,D_06,detail,6,160,0.1111111111111111,2.401571246165285e-06,2.2829242553664885e-05,0.014452065369897082,0.014445609636037613
69,D_07,detail,7,320,0.2222222222222222,9.088670164727822e-07,1.4044100744711294e-05,0.005469338274090902,0.005466895122099735
69,D_08,detail,8,640,0.4444444444444444,4.7389826015960977e-07,1.014112934415666e-05,0.0028518032290081033,0.002850529329243963
69,D_09,detail,9,1280,0.8888888888888888,1.983052878526847e-07,6.560106836335948e-06,0.0011933524719782615,0.0011928194017379568
69,A_09,approximation,9,2560,1.7777777777777777,7.426348080744397e-08,4.014499566876148e-06,,0.000446699741126012
70,D_01,detail,1,5,0.003472222222222222,0.00011279942739053471,0.0001564577975124915,0.5031966026775483,0.5022611797289226
70,D_02,detail,2,10,0.006944444444444444,5.133645507081938e-05,0.00010554962698507386,0.22901117836093346,0.22858545547132977
70,D_03,detail,3,20,0.013888888888888888,3.247587335643159e-05,8.395067344662741e-05,0.14487439803541027,0.14460508215396442
70,D_04,detail,4,40,0.027777777777777776,1.2908756837829128e-05,5.2928059874685897e-05,0.05758577623888944,0.05747872651653112
70,D_05,detail,5,80,0.05555555555555555,8.310478480427378e-06,4.246750820998295e-05,0.037072923459953985,0.0370040063345351
70,D_06,detail,6,160,0.1111111111111111,3.1133754935008617e-06,2.599318609589801e-05,0.013888722730525402,0.01386290413417538
70,D_07,detail,7,320,0.2222222222222222,1.9059696120472449e-06,2.03376959760544e-05,0.00850250267909868,0.008486696856713433
70,D_08,detail,8,640,0.4444444444444444,9.438910456403132e-07,1.4312144021836982e-05,0.004210684206929047,0.004202856708461015
70,D_09,detail,9,1280,0.8888888888888888,3.714900294606709e-07,8.97878031676397e-06,0.0016572116107114025,0.0016541309186655108
70,A_09,approximation,9,2560,1.7777777777777777,4.174914660662394e-07,9.518479218286828e-06,,0.0018589611767017042
71,D_01,detail,1,5,0.003472222222222222,0.00011491005241850787,0.0001579147787503325,0.4979284802085988,0.49628606904325306
71,D_02,detail,2,10,0.006944444444444444,5.91742285534391e-05,0.0001133209136054848,0.25641389130882103,0.25556811314031996
71,D_03,detail,3,20,0.013888888888888888,3.0432025775175467e-05,8.126605847608048e-05,0.13186811793205158,0.13143315251462057
71,D_04,detail,4,40,0.027777777777777776,1.1928097122453866e-05,5.087792000060614e-05,0.0516868554748601,0.051516366997282036
71,D_05,detail,5,80,0.05555555555555555,8.41372924631545e-06,4.2730505541136486e-05,0.036458389221217725,0.03633813165831961
71,D_06,detail,6,160,0.1111111111111111,3.184042764369705e-06,2.6286527018311067e-05,0.013797100786340237,0.013751591213617279
71,D_07,detail,7,320,0.2222222222222222,1.5908603447196127e-06,1.8580602522166e-05,0.006893519383190013,0.006870781191555071
71,D_08,detail,8,640,0.4444444444444444,9.237880560937554e-07,1.4158913749366965e-05,0.004002960342671754,0.003989756625626916
71,D_09,detail,9,1280,0.8888888888888888,2.1939556955155817e-07,6.900136647442305e-06,0.0009506853422487181,0.0009475495179628976
71,A_09,approximation,9,2560,1.7777777777777777,7.637317745179635e-07,1.2874020446471074e-05,,0.003298488097442554
72,D_01,detail,1,5,0.003472222222222222,0.00011366218114199254,0.00015705499657513966,0.5406698171117363,0.5392667881107847
72,D_02,detail,2,10,0.006944444444444444,4.6565051382838026e-05,0.00010052493664211191,0.22150127300043726,0.2209264809555854
72,D_03,detail,3,20,0.013888888888888888,2.5059857611509483e-05,7.374508224468595e-05,0.11920507327529423,0.1188957381328976
72,D_04,detail,4,40,0.027777777777777776,1.461918414321871e-05,5.632553597883176e-05,0.06954073498873464,0.06936027796145337
72,D_05,detail,5,80,0.05555555555555555,6.2008127204518315e-06,3.6683272519459636e-05,0.029496110718855485,0.029419568812050125
72,D_06,detail,6,160,0.1111111111111111,2.3833806237276585e-06,2.2742618535638432e-05,0.011337297533721242,0.011307877439000212
72,D_07,detail,7,320,0.2222222222222222,8.080366599141358e-07,1.3242174214710935e-05,0.0038436798304053326,0.0038337055464676044
72,D_08,detail,8,640,0.4444444444444444,3.691002358657978e-07,8.949853494613357e-06,0.0017557410478702454,0.0017511849296436306
72,D_09,detail,9,1280,0.8888888888888888,5.571528919035718e-07,1.0995904500207558e-05,0.002650272492945215,0.0026433950807976487
72,A_09,approximation,9,2560,1.7777777777777777,5.46949001624179e-07,1.089474781104906e-05,,0.002594983031319829
73,D_01,detail,1,5,0.003472222222222222,0.00012302143225042018,0.00016339326616891117,0.5389998930113089,0.5379852189172271
73,D_02,detail,2,10,0.006944444444444444,5.3966913555702744e-05,0.00010822000638538859,0.2364479107466657,0.23600279457364753
73,D_03,detail,3,20,0.013888888888888888,2.4102604891578437e-05,7.232288724790923e-05,0.1056019363472356,0.10540313937067633
73,D_04,detail,4,40,0.027777777777777776,1.3036895532603384e-05,5.319010620941119e-05,0.057119195970414614,0.05701166836386508
73,D_05,detail,5,80,0.05555555555555555,7.770396294628571e-06,4.106438746779451e-05,0.03404482206754641,0.0339807322607812
73,D_06,detail,6,160,0.1111111111111111,3.835820637013602e-06,2.8851799831528305e-05,0.016806070902770198,0.016774433262411733
73,D_07,detail,7,320,0.2222222222222222,1.3123508140867646e-06,1.6875969712922218e-05,0.005749867607996851,0.0057390434097328415
73,D_08,detail,8,640,0.4444444444444444,7.417788945132882e-07,1.2687644485641515e-05,0.003249992602645412,0.003243874450596368
73,D_09,detail,9,1280,0.8888888888888888,4.51986479245659e-07,9.90390547139347e-06,0.0019803107434163067,0.0019765827834748854
73,A_09,approximation,9,2560,1.7777777777777777,4.3047539053381645e-07,9.665357653532883e-06,,0.0018825126075869033
74,D_01,detail,1,5,0.003472222222222222,9.394028511250447e-05,0.0001427807640951525,0.4504242913105482,0.45000318396028127
74,D_02,detail,2,10,0.006944444444444444,5.981567001527582e-05,0.00011393345060389204,0.2868038003464595,0.2865356638566202
74,D_03,detail,3,20,0.013888888888888888,2.6208555182202586e-05,7.541631443029303e-05,0.1256646164111506,0.12554713097650577
74,D_04,detail,4,40,0.027777777777777776,1.4844358272733101e-05,5.6757659543234865e-05,0.07117563617087283,0.07110909317101759
74,D_05,detail,5,80,0.05555555555555555,7.473651937339265e-06,4.027264916942977e-05,0.03583461954949561,0.035801117311766814
74,D_06,detail,6,160,0.1111111111111111,3.5674915678536306e-06,2.782436376124773e-05,0.01710538624917303,0.017089394207851896
74,D_07,detail,7,320,0.2222222222222222,1.3712542519612404e-06,1.72505425385271e-05,0.006574881307912937,0.00656873436846205
74,D_08,detail,8,640,0.4444444444444444,9.435737044163239e-07,1.4309737909852906e-05,0.004524241294371142,0.004520011524129627
74,D_09,detail,9,1280,0.8888888888888888,3.94704644516057e-07,9.255073736547753e-06,0.0018925273600160894,0.0018907580123204639
74,A_09,approximation,9,2560,1.7777777777777777,1.9516741295887417e-07,6.5079981000757075e-06,,0.0009349126110443734
75,D_01,detail,1,5,0.003472222222222222,7.654809314872976e-05,0.00012888754548533678,0.5473564352123975,0.5460763393384
75,D_02,detail,2,10,0.006944444444444444,3.189469933373177e-05,8.319611010951765e-05,0.2280627539024771,0.2275293862986601
75,D_03,detail,3,20,0.013888888888888888,1.573616940176804e-05,5.843772170517963e-05,0.1125213344101843,0.11225818212650052
75,D_04,detail,4,40,0.027777777777777776,8.447264956430989e-06,4.281557915840821e-05,0.06040209028934379,0.060260828651431
75,D_05,detail,5,80,0.05555555555555555,3.9689769252688615e-06,2.9348306892610697e-05,0.02838013295817122,0.02831376068451894
75,D_06,detail,6,160,0.1111111111111111,1.2707439768706669e-06,1.6606296763662743e-05,0.00908644310572347,0.009065192751145222
75,D_07,detail,7,320,0.2222222222222222,1.049112696161315e-06,1.5088804660299445e-05,0.007501670673771099,0.007484126607309442
75,D_08,detail,8,640,0.4444444444444444,6.911325877347866e-07,1.2246851456687438e-05,0.004941937204714155,0.004930379555953061
75,D_09,detail,9,1280,0.8888888888888888,2.443471775600295e-07,7.281945567039475e-06,0.001747202243217313,0.0017431160824659304
75,A_09,approximation,9,2560,1.7777777777777777,3.2783346685315304e-07,8.434714906250797e-06,,0.002338687903615757
76,D_01,detail,1,5,0.003472222222222222,7.38483439329049e-05,0.0001265942980741387,0.5426841463617124,0.5417152545799496
76,D_02,detail,2,10,0.006944444444444444,3.248773795908588e-05,8.396600714398893e-05,0.23874036170083687,0.23831412191480705
76,D_03,detail,3,20,0.013888888888888888,1.6323458426055383e-05,5.951820892092083e-05,0.11995505423470515,0.11974089012652528
76,D_04,detail,4,40,0.027777777777777776,6.449287187248829e-06,3.741102635675947e-05,0.04739342448943102,0.04730880970971937
76,D_05,detail,5,80,0.05555555555555555,3.1865619148684885e-06,2.6296923647659533e-05,0.023416864082562314,0.023375056325110104
76,D_06,detail,6,160,0.1111111111111111,1.8544952624114227e-06,2.0061187123944666e-05,0.013627999286320552,0.01360366827057427
76,D_07,detail,7,320,0.2222222222222222,1.0479646197411333e-06,1.5080546327901685e-05,0.007701104111396185,0.007687354794166163
76,D_08,detail,8,640,0.4444444444444444,5.960642646697205e-07,1.137339984805212e-05,0.00438025566210263,0.004372435286767394
76,D_09,detail,9,1280,0.8888888888888888,2.858750688207517e-07,7.876475126677546e-06,0.0021007900709329127,0.002097039384187074
76,A_09,approximation,9,2560,1.7777777777777777,2.4338725512810633e-07,7.267627862056678e-06,,0.0017853696081936085
77,D_01,detail,1,5,0.003472222222222222,5.091901534898035e-05,0.00010511961538778216,0.5202195693377648,0.518925166787833
77,D_02,detail,2,10,0.006944444444444444,2.3512630427426616e-05,7.14322571886334e-05,0.24021930493199997,0.23962159485115342
77,D_03,detail,3,20,0.013888888888888888,1.2343110508089994e-05,5.1755448141677984e-05,0.12610470938605056,0.12579093753468498
77,D_04,detail,4,40,0.027777777777777776,6.176507742390078e-06,3.6611309249034e-05,0.06310295232018619,0.06294594049824444
77,D_05,detail,5,80,0.05555555555555555,2.6669994770017556e-06,2.4057762326716584e-05,0.02724768556188666,0.027179888278297454
77,D_06,detail,6,160,0.1111111111111111,8.871845844507633e-07,1.3875567622044621e-05,0.009064016247818546,0.009041463298188576
77,D_07,detail,7,320,0.2222222222222222,7.58693538543438e-07,1.2831486089856607e-05,0.007751273727022605,0.007731987123694226
77,D_08,detail,8,640,0.4444444444444444,4.7176566554257605e-07,1.011828551305256e-05,0.004819844407337257,0.004807851742587882
77,D_09,detail,9,1280,0.8888888888888888,1.4394642741783542e-07,5.5891299864653935e-06,0.0014706440799334055,0.0014669848453345777
77,A_09,approximation,9,2560,1.7777777777777777,2.441506798103006e-07,7.279017000976111e-06,,0.0024881850399815345
78,D_01,detail,1,5,0.003472222222222222,0.00028573513998481905,0.0002490150475780864,0.49895346234177446,0.49822609665356565
78,D_02,detail,2,10,0.006944444444444444,0.00014565382611738949,0.00017778892889401383,0.2543421185383758,0.253971343017102
78,D_03,detail,3,20,0.013888888888888888,7.321360995123982e-05,0.00012604907859684183,0.12784631311938785,0.1276599409854205
78,D_04,detail,4,40,0.027777777777777776,4.0429089324308436e-05,9.366789150239496e-05,0.07059766642198892,0.07049475037049595
78,D_05,detail,5,80,0.05555555555555555,1.6154524470033736e-05,5.9209426431884455e-05,0.028209186721788904,0.028168063859513523
78,D_06,detail,6,160,0.1111111111111111,4.846898470579357e-06,3.243214895979041e-05,0.008463700942219106,0.008451362706040251
78,D_07,detail,7,320,0.2222222222222222,4.482191913457414e-06,3.118810507045472e-05,0.007826846828215453,0.00781543698689881
78,D_08,detail,8,640,0.4444444444444444,1.3524036115319325e-06,1.7131560556059184e-05,0.0023615802539835628,0.0023581375833211784
78,D_09,detail,9,1280,0.8888888888888888,8.012353054479868e-07,1.318632585485223e-05,0.001399124832265931,0.0013970852123949017
78,A_09,approximation,9,2560,1.7777777777777777,8.360455730645988e-07,1.3469725353513645e-05,,0.0014577826252472796
79,D_01,detail,1,5,0.003472222222222222,0.0007013979507621802,0.00039014496915069674,0.5153376336884038,0.5143407020104416
79,D_02,detail,2,10,0.006944444444444444,0.00035469574796955004,0.0002774417121473,0.26060536281769586,0.260101216167702
79,D_03,detail,3,20,0.013888888888888888,0.00015370976096167852,0.0001826394069922353,0.11293506689422847,0.11271659159108827
79,D_04,detail,4,40,0.027777777777777776,8.053564666525478e-05,0.0001322019435447468,0.059171900252828126,0.05905743094581274
79,D_05,detail,5,80,0.05555555555555555,4.072654884285425e-05,9.401184364435727e-05,0.02992298920486579,0.02986510254204992
79,D_06,detail,6,160,0.1111111111111111,1.4184725937440806e-05,5.54822722904093e-05,0.010421933926633058,0.010401772472475857
79,D_07,detail,7,320,0.2222222222222222,8.258025973030577e-06,4.2333276874733145e-05,0.0060674137403088964,0.00605567619861662
79,D_08,detail,8,640,0.4444444444444444,6.56550332627808e-06,3.7746594672215687e-05,0.004823867740789424,0.004814535865438747
79,D_09,detail,9,1280,0.8888888888888888,9.71557446728918e-07,1.4520380841892612e-05,0.0007138317342466706,0.000712450811484419
79,A_09,approximation,9,2560,1.7777777777777777,2.6380749895499196e-06,2.3926949506001447e-05,,0.0019345213948897912
80,D_01,detail,1,5,0.003472222222222222,0.0010728032607198621,0.00048250720991659585,0.5495898340719693,0.5488999187641407
80,D_02,detail,2,10,0.006944444444444444,0.00045471971138305654,0.0003141345140567497,0.2329498239598713,0.2326573956077762
80,D_03,detail,3,20,0.013888888888888888,0.00020157164388871527,0.00020915029603138583,0.10326378598446598,0.10313415609999893
80,D_04,detail,4,40,0.027777777777777776,0.00011124482034426766,0.00015537590251276198,0.05698996693331001,0.05691842585277614
80,D_05,detail,5,80,0.05555555555555555,6.512011862985229e-05,0.0001188779634279206,0.03336059509039192,0.033318716613381885
80,D_06,detail,6,160,0.1111111111111111,2.7870372698277485e-05,7.777054689299744e-05,0.014277802899752761,0.014259879579174368
80,D_07,detail,7,320,0.2222222222222222,9.369519270828486e-06,4.509230326765174e-05,0.004799941172749093,0.004793915673938061
80,D_08,detail,8,640,0.4444444444444444,7.76024341161567e-06,4.103755111454746e-05,0.003975520065147941,0.003970529484937962
80,D_09,detail,9,1280,0.8888888888888888,1.5474142452328473e-06,1.8325129824370822e-05,0.0007927298223417646,0.0007917346866869552
80,A_09,approximation,9,2560,1.7777777777777777,2.453488398176702e-06,2.3074684366900816e-05,,0.0012553276371888454
81,D_01,detail,1,5,0.003472222222222222,0.00021162812738402854,0.00021430408983937098,0.5168805909307432,0.5163976033730596
81,D_02,detail,2,10,0.006944444444444444,0.00010232993611509233,0.0001490201912026949,0.2499306614053888,0.2496971192645917
81,D_03,detail,3,20,0.013888888888888888,5.201784191961532e-05,0.0001062477960551803,0.12704839003542542,0.12692967249662146
81,D_04,detail,4,40,0.027777777777777776,2.1304274122238544e-05,6.799502465049855e-05,0.05203356441212007,0.051984942806600445
81,D_05,detail,5,80,0.05555555555555555,1.2552265829498792e-05,5.2192106893922646e-05,0.0306576571822974,0.030629009817264567
81,D_06,detail,6,160,0.1111111111111111,5.27189194563311e-06,3.3824159604103276e-05,0.012876070198537877,0.012864038441480496
81,D_07,detail,7,320,0.2222222222222222,2.5657840308997963e-06,2.359683814824719e-05,0.006266671554890104,0.006260815803209331
81,D_08,detail,8,640,0.4444444444444444,1.3610705525279392e-06,1.718636708720714e-05,0.003324279055838624,0.0033211727573038943
81,D_09,detail,9,1280,0.8888888888888888,4.021106799864681e-07,9.341498939015031e-06,0.0009821152247584195,0.0009811975090575535
81,A_09,approximation,9,2560,1.7777777777777777,3.8294366502776036e-07,9.116144688026746e-06,,0.000934427730810963
82,D_01,detail,1,5,0.003472222222222222,0.00020357968201852364,0.00021018948235723695,0.534270295315231,0.5333265629243156
82,D_02,detail,2,10,0.006944444444444444,9.285368451200224e-05,0.00014195259481112558,0.24368328387908975,0.2432528429391052
82,D_03,detail,3,20,0.013888888888888888,4.2540887386398455e-05,9.608310678005062e-05,0.11164342257315758,0.11144621618710392
82,D_04,detail,4,40,0.027777777777777776,2.2029260153913645e-05,6.91422838453131e-05,0.05781313346847935,0.05771101263722048
82,D_05,detail,5,80,0.05555555555555555,1.0037704940325722e-05,4.66724906622659e-05,0.026342744666764006,0.026296212973676014
82,D_06,detail,6,160,0.1111111111111111,6.529561064004408e-06,3.764313269690858e-05,0.01713604463547127,0.01710577561150256
82,D_07,detail,7,320,0.2222222222222222,2.172731177442767e-06,2.171434646327145e-05,0.005702070640366426,0.0056919985311629255
82,D_08,detail,8,640,0.4444444444444444,7.657650795582595e-07,1.2891146492467119e-05,0.0020096579930823175,0.0020061081432041494
82,D_09,detail,9,1280,0.8888888888888888,5.332105955521109e-07,1.075704908130125e-05,0.0013993468283584186,0.0013968750290844812
82,A_09,approximation,9,2560,1.7777777777777777,6.742625667412214e-07,1.2096459884640483e-05,,0.0017663950236247174
83,D_01,detail,1,5,0.003472222222222222,0.00012140748031507547,0.00016231792705482582,0.4975755842378109,0.49619615847422016
83,D_02,detail,2,10,0.006944444444444444,5.788383832340397e-05,0.00011207852987248537,0.23723072579176452,0.23657305249460353
83,D_03,detail,3,20,0.013888888888888888,3.837616040932551e-05,9.125875196961409e-05,0.15728059248836096,0.15684456445912476
83,D_04,detail,4,40,0.027777777777777776,1.423586874459572e-05,5.558220252901554e-05,0.05834418677780137,0.058182439543920654
83,D_05,detail,5,80,0.05555555555555555,5.639069701125125e-06,3.4982230425698526e-05,0.023111124568381807,0.023047053738411292
83,D_06,detail,6,160,0.1111111111111111,4.230108140913348e-06,3.0298386394000482e-05,0.01733664617815745,0.017288583899480656
83,D_07,detail,7,320,0.2222222222222222,1.2138683587522812e-06,1.6230412598945395e-05,0.004974909752072005,0.004961117840047103
83,D_08,detail,8,640,0.4444444444444444,7.676558487940452e-07,1.2907051602713015e-05,0.0031461554631229743,0.003137433395482253
83,D_09,detail,9,1280,0.8888888888888888,2.440163031774546e-07,7.277013597955521e-06,0.0010000747425280036,0.000997302241406445
83,A_09,approximation,9,2560,1.7777777777777777,6.783148417390055e-07,1.2132754909616892e-05,,0.0027722939133030464
84,D_01,detail,1,5,0.003472222222222222,0.00012991480072234652,0.00016790865412176183,0.5414313412024706,0.5403223977547015
84,D_02,detail,2,10,0.006944444444444444,5.561767352664735e-05,0.00010986267620520786,0.23179153879819703,0.231316790314617
84,D_03,detail,3,20,0.013888888888888888,2.8525792634607874e-05,7.867968729776624e-05,0.11888374595615002,0.11864025183031769
84,D_04,detail,4,40,0.027777777777777776,1.396671338111881e-05,5.505425311302547e-05,0.05820750458056866,0.058088285714013484
84,D_05,detail,5,80,0.05555555555555555,6.541425121769251e-06,3.767731551677506e-05,0.027261963666668276,0.027206126529655986
84,D_06,detail,6,160,0.1111111111111111,3.060944551729727e-06,2.5773387065811215e-05,0.012756755233234577,0.01273062722945247
84,D_07,detail,7,320,0.2222222222222222,1.055513937842783e-06,1.51347674058007e-05,0.0043989470317974165,0.004389937240311832
84,D_08,detail,8,640,0.4444444444444444,7.703296221749783e-07,1.2929509930175254e-05,0.003210416351202156,0.003203840872639409
84,D_09,detail,9,1280,0.8888888888888888,4.937597642342854e-07,1.0351460119874064e-05,0.002057787179711237,0.0020535724816762545
84,A_09,approximation,9,2560,1.7777777777777777,4.924608025473321e-07,1.0337835067659949e-05,,0.0020481700326143797
85,D_01,detail,1,5,0.003472222222222222,0.00011366114501068305,0.0001570542807259078,0.5300599619752937,0.528327446399298
85,D_02,detail,2,10,0.006944444444444444,4.792055911092409e-05,0.00010197758033210787,0.22347803849577455,0.2227475943755583
85,D_03,detail,3,20,0.013888888888888888,2.6171140019593607e-05,7.53624632845002e-05,0.1220493906016169,0.12165046880893876
85,D_04,detail,4,40,0.027777777777777776,1.2122223357774977e-05,5.129026060423628e-05,0.056532117914827325,0.05634734113133574
85,D_05,detail,5,80,0.05555555555555555,6.7273765814897034e-06,3.820908470467619e-05,0.03137319243654243,0.03127064829349403
85,D_06,detail,6,160,0.1111111111111111,3.820541145793844e-06,2.8794278801677487e-05,0.01781713438021576,0.01775889858606466
85,D_07,detail,7,320,0.2222222222222222,2.334804703409256e-06,2.2509665667950545e-05,0.010888386635490308,0.01085279764406158
85,D_08,detail,8,640,0.4444444444444444,1.083083740919077e-06,1.5331151770469652e-05,0.005050972577072535,0.005034463334172742
85,D_09,detail,9,1280,0.8888888888888888,5.898571228105246e-07,1.1314026167104391e-05,0.0027508049831665503,0.0027418139013611962
85,A_09,approximation,9,2560,1.7777777777777777,7.031710799876224e-07,1.2353051874832951e-05,,0.003268527525714959
86,D_01,detail,1,5,0.003472222222222222,0.00011309671884759465,0.0001566638400451419,0.5123036352105027,0.5107432577836556
86,D_02,detail,2,10,0.006944444444444444,5.395722656592643e-05,0.00010821029327531906,0.24441454709973423,0.24367010783388596
86,D_03,detail,3,20,0.013888888888888888,2.814643002231686e-05,7.81547582523416e-05,0.1274972303843953,0.12710889856981508
86,D_04,detail,4,40,0.027777777777777776,1.2678580312667236e-05,5.245405627062622e-05,0.057431222140410305,0.057256297786052915
86,D_05,detail,5,80,0.05555555555555555,5.5660258315783795e-06,3.47549264330517e-05,0.02521289119833569,0.025136097625954982
86,D_06,detail,6,160,0.1111111111111111,3.778270170757006e-06,2.863454387673853e-05,0.01711474535255616,0.01706261716044721
86,D_07,detail,7,320,0.2222222222222222,2.300884880574239e-06,2.2345558301798195e-05,0.010422510047418019,0.01039076510498286
86,D_08,detail,8,640,0.4444444444444444,8.90968152047675e-07,1.3905123643895181e-05,0.004035892710255366,0.00402360016448869
86,D_09,detail,9,1280,0.8888888888888888,3.460045948143919e-07,8.665321845961375e-06,0.0015673258563921636,0.0015625520860756141
86,A_09,approximation,9,2560,1.7777777777777777,6.74449728997741e-07,1.2098138639884112e-05,,0.0030458058846411537
87,D_01,detail,1,5,0.003472222222222222,7.10454344881739e-05,0.0001241686193290374,0.5225969798202119,0.5217686867385752
87,D_02,detail,2,10,0.006944444444444444,3.608556338471874e-05,8.849332428417585e-05,0.26543868125831427,0.26501797269746363
87,D_03,detail,3,20,0.013888888888888888,1.4945933053569903e-05,5.695151494936891e-05,0.10993949900736923,0.10976524976762478
87,D_04,detail,4,40,0.027777777777777776,7.70216188607302e-06,4.088368994780786e-05,0.0566556678658658,0.056565871140012255
87,D_05,detail,5,80,0.05555555555555555,2.9674561069970977e-06,2.5376745060912027e-05,0.021828054264681398,0.02179345776483318
87,D_06,detail,6,160,0.1111111111111111,1.6307356828613403e-06,1.88120252043106e-05,0.011995387865356023,0.011976375706533671
87,D_07,detail,7,320,0.2222222222222222,9.648649409813543e-07,1.4470283103481838e-05,0.0070973667445892955,0.007086117732445359
87,D_08,detail,8,640,0.4444444444444444,4.2868494596882643e-07,9.645236504763283e-06,0.003153326595461824,0.0031483287123817098
87,D_09,detail,9,1280,0.8888888888888888,1.7605619612347183e-07,6.181151978696167e-06,0.0012950365781502333,0.001292984002495247
87,A_09,approximation,9,2560,1.7777777777777777,2.1581185664601155e-07,6.843549538001634e-06,,0.0015849557376350052
88,D_01,detail,1,5,0.003472222222222222,7.40521766784994e-05,0.00012676888751459578,0.5310981162112596,0.5306206599599862
88,D_02,detail,2,10,0.006944444444444444,3.653768615702666e-05,8.90459733168102e-05,0.26204626466232184,0.2618106855416908
88,D_03,detail,3,20,0.013888888888888888,1.5243611545403516e-05,5.751587104599549e-05,0.10932633906452875,0.1092280548823374
88,D_04,detail,4,40,0.027777777777777776,8.076215567815673e-06,4.186467422394046e-05,0.0579221714549319,0.05787009952696919
88,D_05,detail,5,80,0.05555555555555555,2.8697214452336888e-06,2.4955348341748415e-05,0.020581483515759766,0.020562980799095697
88,D_06,detail,6,160,0.1111111111111111,1.5090868704570659e-06,1.809676242948033e-05,0.010823087585642781,0.010813357649369032
88,D_07,detail,7,320,0.2222222222222222,6.99094308598368e-07,1.2317190207552243e-05,0.005013865722847919,0.005009358266580711
88,D_08,detail,8,640,0.4444444444444444,2.7779027168680044e-07,7.76429952759768e-06,0.0019922964673300316,0.0019905053963891243
88,D_09,detail,9,1280,0.8888888888888888,1.6681323756170877e-07,6.016709183716003e-06,0.0011963753153774294,0.0011952997761206325
88,A_09,approximation,9,2560,1.7777777777777777,1.2546208369135681e-07,5.217951196587084e-06,,0.0008989982014612647
89,D_01,detail,1,5,0.003472222222222222,7.251931405876897e-05,0.0001254499835131441,0.5103674876270357,0.5097309399206599
89,D_02,detail,2,10,0.006944444444444444,4.027086563386015e-05,9.3484422018462e-05,0.283413333190979,0.283059850432824
89,D_03,detail,3,20,0.013888888888888888,1.6247916545245823e-05,5.938032970459086e-05,0.11434758386780612,0.11420496566816511
89,D_04,detail,4,40,0.027777777777777776,7.2301324356900105e-06,3.961109891243594e-05,0.050883334657902166,0.05081987123055918
89,D_05,detail,5,80,0.05555555555555555,2.4155375916182943e-06,2.2895528089877874e-05,0.016999772652342385,0.016978569957121593
89,D_06,detail,6,160,0.1111111111111111,1.8348113926217906e-06,1.995443699257117e-05,0.012912809406373774,0.012896704110856787
89,D_07,detail,7,320,0.2222222222222222,8.480857331683221e-07,1.3566369561015288e-05,0.005968553212992105,0.005961109030221418
89,D_08,detail,8,640,0.4444444444444444,5.367293971380805e-07,1.0792485059240235e-05,0.0037773279781844866,0.003772616766128401
89,D_09,detail,9,1280,0.8888888888888888,1.8895403427145524e-07,6.40356539737769e-06,0.001329797406384244,0.0013281388377851466
89,A_09,approximation,9,2560,1.7777777777777777,1.774437264440475e-07,6.205461556931839e-06,,0.0012472340456785088
90,D_01,detail,1,5,0.003472222222222222,8.555835030152781e-05,0.0001362620648818019,0.5176036750163577,0.5166265350029641
90,D_02,detail,2,10,0.006944444444444444,4.062747532386225e-05,9.389742496878557e-05,0.24578466578839558,0.24532066979452472
90,D_03,detail,3,20,0.013888888888888888,1.9722219238762417e-05,6.542167450106344e-05,0.11931381474146364,0.11908857232499348
90,D_04,detail,4,40,0.027777777777777776,1.0853089188716182e-05,4.853113527727591e-05,0.06565810151273432,0.06553415115981318
90,D_05,detail,5,80,0.05555555555555555,4.316407100398493e-06,3.060588653976698e-05,0.026113034790399236,0.026063738210030028
90,D_06,detail,6,160,0.1111111111111111,2.326169653699121e-06,2.2468002197893925e-05,0.014072664529211859,0.014046097941163339
90,D_07,detail,7,320,0.2222222222222222,9.9849627563513e-07,1.4720311131788332e-05,0.006040618360890257,0.006029214790570012
90,D_08,detail,8,640,0.4444444444444444,6.409313745136273e-07,1.1793685178692162e-05,0.0038774524486783492,0.0038701325355469073
90,D_09,detail,9,1280,0.8888888888888888,2.538917442720353e-07,7.4228050480433384e-06,0.0015359728118690956,0.0015330731792613584
90,A_09,approximation,9,2560,1.7777777777777777,3.1264043048812264e-07,8.236948199674673e-06,,0.0018878150611329589
91,D_01,detail,1,5,0.003472222222222222,9.895830283638077e-05,0.00014654462165622918,0.5188590382225114,0.517581409754872
91,D_02,detail,2,10,0.006944444444444444,4.5541216272224484e-05,9.941366328611667e-05,0.2387821031405432,0.23819413070475356
91,D_03,detail,3,20,0.013888888888888888,2.4312417244075743e-05,7.263698929902147e-05,0.12747507855892512,0.12716118638921486
91,D_04,detail,4,40,0.027777777777777776,9.818724759614018e-06,4.616058539504735e-05,0.051481623464867544,0.051354856110242035
91,D_05,detail,5,80,0.05555555555555555,5.382386251626828e-06,3.4176784108040764e-05,0.028220974630887297,0.028151483848387934
91,D_06,detail,6,160,0.1111111111111111,3.292817858074139e-06,2.673176404174349e-05,0.017264931369196303,0.017222418535875153
91,D_07,detail,7,320,0.2222222222222222,1.6381434792161737e-06,1.8854704637906068e-05,0.00858912820586595,0.008567978502575414
91,D_08,detail,8,640,0.4444444444444444,1.106046885798821e-06,1.549282207929359e-05,0.005799234697299189,0.005784954773863387
91,D_09,detail,9,1280,0.8888888888888888,6.728489910581554e-07,1.208377325939607e-05,0.0035278877099039576,0.0035192007073911956
91,A_09,approximation,9,2560,1.7777777777777777,4.7079166238837206e-07,1.010783505560738e-05,,0.0024623806728244543
92,D_01,detail,1,5,0.003472222222222222,0.00011832015062802025,0.00016024080635626428,0.5124181685505459,0.511147033092266
92,D_02,detail,2,10,0.006944444444444444,5.082547040817452e-05,0.00010502301170641173,0.2201137703429285,0.21956774282963787
92,D_03,detail,3,20,0.013888888888888888,3.1039023473188154e-05,8.207252397258213e-05,0.13442308412648277,0.13408962610502373
92,D_04,detail,4,40,0.027777777777777776,1.7019598976529804e-05,6.077408461857806e-05,0.07370808514634218,0.07352524041845819
92,D_05,detail,5,80,0.05555555555555555,6.52120547240569e-06,3.761903985763409e-05,0.028241885656631143,0.0281718271292991
92,D_06,detail,6,160,0.1111111111111111,3.532641406349843e-06,2.768812470431851e-05,0.015299081601734604,0.01526112977586923
92,D_07,detail,7,320,0.2222222222222222,1.897785228696131e-06,2.02939831663288e-05,0.008218884323837695,0.008198496062974339
92,D_08,detail,8,640,0.4444444444444444,1.0846662045034505e-06,1.5342347642575585e-05,0.004697447282227398,0.004685794510779558
92,D_09,detail,9,1280,0.8888888888888888,6.649137262934045e-07,1.2012306752598935e-05,0.0028795929692697533,0.0028724496770266106
92,A_09,approximation,9,2560,1.7777777777777777,5.7422247029667e-07,1.1163075354330672e-05,,0.0024806603986653984
93,D_01,detail,1,5,0.003472222222222222,0.00013887881258262385,0.00017360481330546787,0.5007785524404258,0.5005139673651243
93,D_02,detail,2,10,0.006944444444444444,7.378138182506927e-05,0.0001265368902630939,0.26604586329848406,0.2659052986428465
93,D_03,detail,3,20,0.013888888888888888,3.1557275356914214e-05,8.27548611740812e-05,0.11379134353411571,0.11373122216699465
93,D_04,detail,4,40,0.027777777777777776,1.6118678656626736e-05,5.91436990644388e-05,0.05812181437046545,0.05809110585757701
93,D_05,detail,5,80,0.05555555555555555,8.843333776965857e-06,4.3807833245685946e-05,0.03188788703778545,0.03187103915372176
93,D_06,detail,6,160,0.1111111111111111,4.386384906544671e-06,3.085298116443182e-05,0.015816721378137753,0.015808364653600603
93,D_07,detail,7,320,0.2222222222222222,2.1853653215476938e-06,2.1777387976338717e-05,0.007880137091660923,0.0078759736412583
93,D_08,detail,8,640,0.4444444444444444,1.3121088145894048e-06,1.6874413663871015e-05,0.004731290112546777,0.004728790347441821
93,D_09,detail,9,1280,0.8888888888888888,2.624585678976692e-07,7.546996388741794e-06,0.0009463907363780746,0.000945890713238048
93,A_09,approximation,9,2560,1.7777777777777777,1.4660183812994137e-07,5.64044634854707e-06,,0.000528347458196927
94,D_01,detail,1,5,0.003472222222222222,0.00012232571054810414,0.0001629305930669273,0.5311286673437556,0.5307983026153942
94,D_02,detail,2,10,0.006944444444444444,5.664171583165831e-05,0.0001108694684120363,0.24593389983949407,0.24578092770484788
94,D_03,detail,3,20,0.013888888888888888,2.625950619182929e-05,7.548958576512877e-05,0.11401672196530357,0.11394580298522082
94,D_04,detail,4,40,0.027777777777777776,1.2405945935795392e-05,5.188701738269665e-05,0.05386564690688249,0.05383214220095614
94,D_05,detail,5,80,0.05555555555555555,4.947207284179138e-06,3.276602954096137e-05,0.021480387075994877,0.021467026166148023
94,D_06,detail,6,160,0.1111111111111111,3.982850343175924e-06,2.9399555129883394e-05,0.01729322466652481,0.01728246819296065
94,D_07,detail,7,320,0.2222222222222222,2.647619332257622e-06,2.3970193315670816e-05,0.011495756053855593,0.011488605635210269
94,D_08,detail,8,640,0.4444444444444444,7.882826042879095e-07,1.3079307072623547e-05,0.0034226614113233235,0.0034205324985439023
94,D_09,detail,9,1280,0.8888888888888888,3.1392429544933585e-07,8.253843478777926e-06,0.001363034736865604,0.0013621869223372641
94,A_09,approximation,9,2560,1.7777777777777777,1.4334486904454448e-07,5.577439151046392e-06,,0.0006220050783808785
95,D_01,detail,1,5,0.003472222222222222,0.00020523608597895553,0.00021104284199808222,0.5195458281485605,0.5184871725801684
95,D_02,detail,2,10,0.006944444444444444,0.00010077216075920291,0.00014788156916293156,0.25510014706345746,0.2545803407700477
95,D_03,detail,3,20,0.013888888888888888,4.358942156780774e-05,9.72600117666411e-05,0.11034464050968866,0.11011979611331635
95,D_04,detail,4,40,0.027777777777777776,2.4067358061437445e-05,7.226998663479807e-05,0.06092542359563218,0.0608012785530745
95,D_05,detail,5,80,0.05555555555555555,9.850754157241202e-06,4.623581369621716e-05,0.024936736646968296,0.02488592416098815
95,D_06,detail,6,160,0.1111111111111111,5.759532044373884e-06,3.53539028556926e-05,0.014579993725125074,0.01455028471639483
95,D_07,detail,7,320,0.2222222222222222,3.5518706293371144e-06,2.7763379803306953e-05,0.008991399143056739,0.008973077766472205
95,D_08,detail,8,640,0.4444444444444444,1.8149522440207247e-06,1.9846154403877673e-05,0.004594469155714283,0.004585107209006259
95,D_09,detail,9,1280,0.8888888888888888,3.8766724188187546e-07,9.172195797932758e-06,0.0009813620117966953,0.0009793623338046702
95,A_09,approximation,9,2560,1.7777777777777777,8.065782962603313e-07,1.3230218923541244e-05,,0.0020376557967268483
96,D_01,detail,1,5,0.003472222222222222,0.0001857618743006778,0.00020078074297421813,0.47229138811460997,0.47148324292875754
96,D_02,detail,2,10,0.006944444444444444,0.00010974950576909568,0.00015432811490647126,0.27903328721091325,0.2785558289861248
96,D_03,detail,3,20,0.013888888888888888,5.1634488734735354e-05,0.00010585556764343784,0.13127841464198325,0.13105378209210172
96,D_04,detail,4,40,0.027777777777777776,2.240595840082108e-05,6.973094124450675e-05,0.056966162916904754,0.05686868722398229
96,D_05,detail,5,80,0.05555555555555555,1.1405915302853713e-05,4.975180435129537e-05,0.028999037565604475,0.028949416858573267
96,D_06,detail,6,160,0.1111111111111111,8.106734314219887e-06,4.194369964270984e-05,0.020611015132965208,0.02057574730239618
96,D_07,detail,7,320,0.2222222222222222,2.758987384700667e-06,2.446913528813956e-05,0.0070146039741278655,0.007002601175484886
96,D_08,detail,8,640,0.4444444444444444,9.170186226139186e-07,1.410694075542174e-05,0.0023314794805539656,0.0023274900495257075
96,D_09,detail,9,1280,0.8888888888888888,5.799946878591629e-07,1.1219041971006891e-05,0.001474610962337305,0.0014720877324410847
96,A_09,approximation,9,2560,1.7777777777777777,6.741704083235797e-07,1.2095633182438618e-05,,0.0017111156506125227
97,D_01,detail,1,5,0.003472222222222222,0.00022533035030780402,0.0002211330269430421,0.47410876801954754,0.4733641898040128
97,D_02,detail,2,10,0.006944444444444444,0.0001288501850178698,0.00016721925647119942,0.2711086295941256,0.2706828589835493
97,D_03,detail,3,20,0.013888888888888888,6.0725664945401914e-05,0.00011479683229586671,0.12777049409945912,0.12756983312688952
97,D_04,detail,4,40,0.027777777777777776,3.091943149385544e-05,8.191426048445505e-05,0.06505636525835064,0.06495419555464407
97,D_05,detail,5,80,0.05555555555555555,1.4056293908390388e-05,5.5230526019810797e-05,0.029575297685039952,0.029528850279170994
97,D_06,detail,6,160,0.1111111111111111,7.789234675569197e-06,4.111413514125591e-05,0.016389023719195595,0.016363285089458435
97,D_07,detail,7,320,0.2222222222222222,4.64539469700633e-06,3.17508294162714e-05,0.00977419310693688,0.00975884293467102
97,D_08,detail,8,640,0.4444444444444444,1.1149640990050833e-06,1.5555150114884434e-05,0.0023459523079923826,0.0023422680374176976
97,D_09,detail,9,1280,0.8888888888888888,1.8399069648837343e-06,1.9982126154220214e-05,0.003871276209352259,0.0038651964484909653
97,A_09,approximation,9,2560,1.7777777777777777,7.475782029350257e-07,1.2737144619870534e-05,,0.0015704797416951526
98,D_01,detail,1,5,0.003472222222222222,0.00024213363320046315,0.00022922993122982062,0.4978217591795472,0.4967844410076597
98,D_02,detail,2,10,0.006944444444444444,0.00011438651723788276,0.00015755463478504483,0.2351763217902083,0.23468628159471205
98,D_03,detail,3,20,0.013888888888888888,7.270676191736814e-05,0.00012561201038199582,0.14948360392373394,0.14917212284463272
98,D_04,detail,4,40,0.027777777777777776,2.7882752894616153e-05,7.778781806034011e-05,0.057326365252507484,0.05720691350234155
98,D_05,detail,5,80,0.05555555555555555,1.4013936628599706e-05,5.514724731493737e-05,0.02881236486343217,0.028752328135232208
98,D_06,detail,6,160,0.1111111111111111,7.810108076457136e-06,4.116918661225265e-05,0.016057421228984573,0.01602396215547616
98,D_07,detail,7,320,0.2222222222222222,4.757117330979019e-06,3.213036775227586e-05,0.009780535182284448,0.009760155344143004
98,D_08,detail,8,640,0.4444444444444444,1.8460194977535238e-06,2.0015290909007686e-05,0.0037953780385832224,0.0037874695562077365
98,D_09,detail,9,1280,0.8888888888888888,8.493521629093461e-07,1.3576494978791333e-05,0.0017462505407186662,0.0017426118540097102
98,A_09,approximation,9,2560,1.7777777777777777,1.0156059672473703e-06,1.4845895073423944e-05,,0.002083714005585174
99,D_01,detail,1,5,0.003472222222222222,0.00038072648035664233,0.0002874420534736943,0.5283785840296492,0.5276560365853796
99,D_02,detail,2,10,0.006944444444444444,0.0001763376985541115,0.0001956213938222104,0.24472441051588917,0.2443897546408912
99,D_03,detail,3,20,0.013888888888888888,8.544416763818062e-05,0.00013617110964531253,0.11858084645954467,0.11841868945670925
99,D_04,detail,4,40,0.027777777777777776,4.567206147037825e-05,9.955637434769895e-05,0.06338445160638152,0.06329777460072898
99,D_05,detail,5,80,0.05555555555555555,1.4801971271592833e-05,5.6676567899529456e-05,0.020542423563513285,0.020514332198545912
99,D_06,detail,6,160,0.1111111111111111,8.311100473542235e-06,4.246909740870044e-05,0.011534284391841563,0.011518511482112246
99,D_07,detail,7,320,0.2222222222222222,5.358027667672172e-06,3.409936100480185e-05,0.007435960507880429,0.007425791976408765
99,D_08,detail,8,640,0.4444444444444444,1.9058072865974096e-06,2.0336829908746474e-05,0.002644911261707985,0.0026412943969632173
99,D_09,detail,9,1280,0.8888888888888888,1.9989149699529714e-06,2.0827681368498772e-05,0.002774127663592111,0.002770334097929174
99,A_09,approximation,9,2560,1.7777777777777777,9.866959271105672e-07,1.4633069407786319e-05,,0.0013674805643316354
100,D_01,detail,1,5,0.003472222222222222,0.0003819277521603207,0.0002878951662861031,0.5490009411932023,0.5482281903160043
100,D_02,detail,2,10,0.006944444444444444,0.00016973753645884308,0.0001919255138780488,0.24398873018424672,0.24364530180165322
100,D_03,detail,3,20,0.013888888888888888,7.75039975820611e-05,0.00012968979882673162,0.11140789685512621,0.11125108373594565
100,D_04,detail,4,40,0.027777777777777776,3.018820568695467e-05,8.09398536859544e-05,0.04339394883280215,0.04333286931633948
100,D_05,detail,5,80,0.05555555555555555,1.4579709459574544e-05,5.624943954114025e-05,0.02095756113651026,0.020928062145639734
100,D_06,detail,6,160,0.1111111111111111,9.821707234229938e-06,4.61675955885551e-05,0.014118184617945445,0.014098312448829945
100,D_07,detail,7,320,0.2222222222222222,5.066973760745759e-06,3.316027262730805e-05,0.007283506757275351,0.007273254796279566
100,D_08,detail,8,640,0.4444444444444444,5.3607830087084895e-06,3.410812759752883e-05,0.007705842009820961,0.007694995587299907
100,D_09,detail,9,1280,0.8888888888888888,1.4911076779419493e-06,1.7988637412051622e-05,0.0021433884130706246,0.0021403714687412098
100,A_09,approximation,9,2560,1.7777777777777777,9.805873153762417e-07,1.4587702584879963e-05,,0.0014075583832669097
101,D_01,detail,1,5,0.003472222222222222,0.0003771107930038559,0.00028607390606579197,0.5065827231228945,0.5059362237312063
101,D_02,detail,2,10,0.006944444444444444,0.0001944549756490758,0.00020542499964561306,0.26121641946243035,0.2608830558308395
101,D_03,detail,3,20,0.013888888888888888,8.991678715421453e-05,0.0001396896261600359,0.12078755563640936,0.12063340691068682
101,D_04,detail,4,40,0.027777777777777776,4.1668761846488146e-05,9.509311254497537e-05,0.05597473007126981,0.05590329528423659
101,D_05,detail,5,80,0.05555555555555555,2.2016957049882443e-05,6.912297353915431e-05,0.029575950262169286,0.029538205520826307
101,D_06,detail,6,160,0.1111111111111111,8.719540851924635e-06,4.350013183430253e-05,0.011713185703237459,0.011698237369853341
101,D_07,detail,7,320,0.2222222222222222,7.181187563165738e-06,3.947679622161758e-05,0.00964667577405446,0.009634364714606372
101,D_08,detail,8,640,0.4444444444444444,2.359613919120686e-06,2.262894148794265e-05,0.003169730664947106,0.0031656854639302394
101,D_09,detail,9,1280,0.8888888888888888,9.9233494244971e-07,1.4674824187749008e-05,0.0013330293025875686,0.0013313280944849456
101,A_09,approximation,9,2560,1.7777777777777777,9.512418167371989e-07,1.4367765516038717e-05,,0.001276197079329707
102,D_01,detail,1,5,0.003472222222222222,0.00048821069161081033,0.00032549731302054704,0.5130566068468507,0.5125335723356785
102,D_02,detail,2,10,0.006944444444444444,0.00021929984513262705,0.00021815387281678606,0.2304604064580345,0.23022546406682912
102,D_03,detail,3,20,0.013888888888888888,0.00011687775650392196,0.00015926109526034514,0.1228258745623236,0.12270065997507597
102,D_04,detail,4,40,0.027777777777777776,7.076337405164941e-05,0.00012392189069671076,0.07436464871382964,0.07428883782440836
102,D_05,detail,5,80,0.05555555555555555,3.3664793197627834e-05,8.547354965401536e-05,0.03537805473122381,0.03534198864550222
102,D_06,detail,6,160,0.1111111111111111,1.359734289728866e-05,5.432137940715721e-05,0.014289335995487186,0.014274768761058012
102,D_07,detail,7,320,0.2222222222222222,5.145367002739087e-06,3.34158061854712e-05,0.005407223931735404,0.005401711548329379
102,D_08,detail,8,640,0.4444444444444444,2.8133606903248697e-06,2.4709074127828608e-05,0.002956537647407864,0.0029535236111347947
102,D_09,detail,9,1280,0.8888888888888888,1.2002292976032205e-06,1.613897231645356e-05,0.0012613111131072412,0.001260025272066163
102,A_09,approximation,9,2560,1.7777777777777777,9.71068863458885e-07,1.4516729329918846e-05,,0.0010194479599174532
103,D_01,detail,1,5,0.003472222222222222,0.00046371831131647093,0.0003172275430787431,0.517273588888255,0.5167238700759299
103,D_02,detail,2,10,0.006944444444444444,0.00021057855999927856,0.0002137720099125834,0.2348984821507491,0.23464885000752989
103,D_03,detail,3,20,0.013888888888888888,0.00010789157086935614,0.00015301623891826035,0.1203520730418071,0.12022417206237455
103,D_04,detail,4,40,0.027777777777777776,5.936113380571073e-05,0.00011349973786767516,0.06621680872809056,0.0661464385676341
103,D_05,detail,5,80,0.05555555555555555,3.134526042216907e-05,8.247640185198362e-05,0.034965354952625226,0.034928196447319766
103,D_06,detail,6,160,0.1111111111111111,1.470103529615662e-05,5.6482996028112444e-05,0.01639887212223129,0.016381444655026018
103,D_07,detail,7,320,0.2222222222222222,5.0012049536013605e-06,3.29443612187489e-05,0.005578798964765415,0.005572870243858357
103,D_08,detail,8,640,0.4444444444444444,2.8106221462004973e-06,2.4697045210798095e-05,0.003135223624114627,0.003131891748209797
103,D_09,detail,9,1280,0.8888888888888888,1.058545124199458e-06,1.5156483562056744e-05,0.0011807975273616684,0.0011795426660498184
103,A_09,approximation,9,2560,1.7777777777777777,9.537092970604036e-07,1.4386388129915263e-05,,0.0010627235260678015
104,D_01,detail,1,5,0.003472222222222222,0.00027958243264681796,0.0002463194490366155,0.49812926239121463,0.49716725416510127
104,D_02,detail,2,10,0.006944444444444444,0.00014001087159257587,0.00017431093979159126,0.24945598882195957,0.2489742289025604
104,D_03,detail,3,20,0.013888888888888888,7.023249378090713e-05,0.00012345617279731037,0.12513254138243157,0.12489088014457034
104,D_04,detail,4,40,0.027777777777777776,4.103927583718684e-05,9.437209781822024e-05,0.07311927293969823,0.07297806191804945
104,D_05,detail,5,80,0.05555555555555555,1.5729641664283984e-05,5.8425599769236104e-05,0.028025347393002865,0.027971223660937152
104,D_06,detail,6,160,0.1111111111111111,7.692719129354134e-06,4.085862080872393e-05,0.013706041790289053,0.013679572104717047
104,D_07,detail,7,320,0.2222222222222222,4.861084095480072e-06,3.247957456273184e-05,0.008660945582235647,0.008644219199095587
104,D_08,detail,8,640,0.4444444444444444,1.558388407504001e-06,1.838999534289788e-05,0.002776565253402815,0.0027712030335619417
104,D_09,detail,9,1280,0.8888888888888888,5.579165679763187e-07,1.1003437830609261e-05,0.0009940344457656132,0.0009921147245485218
104,A_09,approximation,9,2560,1.7777777777777777,1.0860356810012066e-06,1.5352030048373557e-05,,0.0019312421468582607
105,D_01,detail,1,5,0.003472222222222222,0.0004140043145040718,0.00029974103207153213,0.5128549481231574,0.512243091603399
105,D_02,detail,2,10,0.006944444444444444,0.00018771346362904731,0.0002018326751022801,0.23253327387859,0.23225585235774077
105,D_03,detail,3,20,0.013888888888888888,0.00010399857027495244,0.0001502302704991635,0.12883001334692296,0.12867631397462415
105,D_04,detail,4,40,0.027777777777777776,4.8761665440695524e-05,0.00010286864753647864,0.06040434972264208,0.06033228491107145
105,D_05,detail,5,80,0.05555555555555555,2.80235318586521e-05,7.79839446876584e-05,0.034714630920725145,0.03467321497390123
105,D_06,detail,6,160,0.1111111111111111,1.3206598673835444e-05,5.353517850165322e-05,0.01635990070747589,0.01634038268986272
105,D_07,detail,7,320,0.2222222222222222,7.99063464923758e-06,4.164227059036707e-05,0.009898535775924958,0.009886726425790528
105,D_08,detail,8,640,0.4444444444444444,2.8683845029683707e-06,2.4949534581185855e-05,0.0035532605191066044,0.0035490213368134984
105,D_09,detail,9,1280,0.8888888888888888,6.870435657610772e-07,1.2210569030225432e-05,0.0008510870054550622,0.0008500716245270337
105,A_09,approximation,9,2560,1.7777777777777777,9.64237015222527e-07,1.4465573769610914e-05,,0.001193040102269666
106,D_01,detail,1,5,0.003472222222222222,0.000432095123547124,0.0003062199260839932,0.48473798173712707,0.48375231942240604
106,D_02,detail,2,10,0.006944444444444444,0.00023240977875458224,0.00022457994100840385,0.26072464360311637,0.2601944882090667
106,D_03,detail,3,20,0.013888888888888888,0.00010859521390161711,0.0001535143956881916,0.12182554707132809,0.12157782798340319
106,D_04,detail,4,40,0.027777777777777776,6.0636560417872034e-05,0.00011471257901873046,0.0680240121090723,0.06788569262976978
106,D_05,detail,5,80,0.05555555555555555,2.9371488724610776e-05,7.983746608318638e-05,0.03294986540950834,0.03288286541810495
106,D_06,detail,6,160,0.1111111111111111,1.8771072503174207e-05,6.382463037518607e-05,0.021057983079130056,0.0210151639456453
106,D_07,detail,7,320,0.2222222222222222,6.094625781434964e-06,3.636782152056519e-05,0.0068371440447734,0.006823241451044099
106,D_08,detail,8,640,0.4444444444444444,2.596721754431112e-06,2.3738674905973036e-05,0.0029130846283169235,0.002907161185455204
106,D_09,detail,9,1280,0.8888888888888888,8.287681352759514e-07,1.3410972970796227e-05,0.0009297383176274009,0.000927847795207529
106,A_09,approximation,9,2560,1.7777777777777777,1.8162574417846237e-06,1.985328916489824e-05,,0.002033391959897219
107,D_01,detail,1,5,0.003472222222222222,0.0005538129878715204,0.0003466772421362177,0.4851870508165895,0.4844542365052688
107,D_02,detail,2,10,0.006944444444444444,0.00028152559050911754,0.000247173953356992,0.24664024495612918,0.24626772573710365
107,D_03,detail,3,20,0.013888888888888888,0.00017859470013298752,0.00019686932318369103,0.15646407315586436,0.15622775375734954
107,D_04,detail,4,40,0.027777777777777776,6.994676228129855e-05,0.00012320478439513315,0.061279283889429915,0.06118672920119972
107,D_05,detail,5,80,0.05555555555555555,2.685007603670993e-05,7.633373708714114e-05,0.023522939136044047,0.023487410680751997
107,D_06,detail,6,160,0.1111111111111111,1.8794384662552323e-05,6.386425060152328e-05,0.01646547167733051,0.01644060264327965
107,D_07,detail,7,320,0.2222222222222222,4.280367444744744e-06,3.047784744789981e-05,0.003749964161925429,0.0037443003104269735
107,D_08,detail,8,640,0.4444444444444444,5.340095761918796e-06,3.40422523980578e-05,0.004678375860705934,0.004671309759542079
107,D_09,detail,9,1280,0.8888888888888888,2.297262455523493e-06,2.232796137742072e-05,0.0020125963459811415,0.002009556571109235
107,A_09,approximation,9,2560,1.7777777777777777,1.7266134478254422e-06,1.935714593943156e-05,,0.001510374833968424
108,D_01,detail,1,5,0.003472222222222222,0.0006813505223951632,0.00038452896712920124,0.5382695546294147,0.536912503476761
108,D_02,detail,2,10,0.006944444444444444,0.00033205960706124687,0.0002684428182523748,0.2623283771397966,0.26166701142904886
108,D_03,detail,3,20,0.013888888888888888,0.00012550606058551615,0.00016503502139481594,0.09915027451241548,0.0989003031121091
108,D_04,detail,4,40,0.027777777777777776,6.407656171115325e-05,0.00011792160041131668,0.050620732208734136,0.050493110420726205
108,D_05,detail,5,80,0.05555555555555555,3.653658861621449e-05,8.90446358987346e-05,0.02886404667746319,0.02879127646878796
108,D_06,detail,6,160,0.1111111111111111,1.2218393764745259e-05,5.1493311671159004e-05,0.009652578450981072,0.009628242980768562
108,D_07,detail,7,320,0.2222222222222222,1.0152116143970013e-05,4.693772688205729e-05,0.008020211118575378,0.007999991069625215
108,D_08,detail,8,640,0.4444444444444444,2.766535585681451e-06,2.4502584479973365e-05,0.002185573839932456,0.002180063709416655
108,D_09,detail,9,1280,0.8888888888888888,1.1501860289109208e-06,1.5798934871681283e-05,0.0009086514226869424,0.0009063605881972104
108,A_09,approximation,9,2560,1.7777777777777777,3.199362702137871e-06,2.63496895988739e-05,,0.0025211367445591515
109,D_01,detail,1,5,0.003472222222222222,0.0005868635429474164,0.00035687188135538264,0.532019896381231,0.5310656014755211
109,D_02,detail,2,10,0.006944444444444444,0.0002557923553215734,0.0002356066505351305,0.23188801555098137,0.231472073302504
109,D_03,detail,3,20,0.013888888888888888,0.00012900788249269493,0.00016732155353408758,0.11695182142584608,0.11674204256577085
109,D_04,detail,4,40,0.027777777777777776,7.537284440015076e-05,0.00012789430823884944,0.06832909174479058,0.06820652846359118
109,D_05,detail,5,80,0.05555555555555555,3.138604117280584e-05,8.253003605801574e-05,0.028452948855385577,0.028401912222489303
109,D_06,detail,6,160,0.1111111111111111,1.6163266288023988e-05,5.9225444483859817e-05,0.014652774668109284,0.01462649168825194
109,D_07,detail,7,320,0.2222222222222222,5.790940485680167e-06,3.545016946534338e-05,0.005249764777802,0.005240348167976487
109,D_08,detail,8,640,0.4444444444444444,2.068248597454012e-06,2.118581297289498e-05,0.0018749663660853823,0.001871603200790807
109,D_09,detail,9,1280,0.8888888888888888,6.405841845792574e-07,1.1790490450200215e-05,0.0005807202297687255,0.0005796785800847935
109,A_09,approximation,9,2560,1.7777777777777777,1.9821827412055955e-06,2.0740327508442683e-05,,0.0017937203330196758
110,D_01,detail,1,5,0.003472222222222222,0.0006331249457333429,0.0003706708872114985,0.5239222463882031,0.5218737562026565
110,D_02,detail,2,10,0.006944444444444444,0.0002813138833270911,0.00024708099849896835,0.23279228323913514,0.231882085760838
110,D_03,detail,3,20,0.013888888888888888,0.00014135139018345733,0.00017514341233275887,0.11697081022330062,0.11651346458014519
110,D_04,detail,4,40,0.027777777777777776,7.152887181817902e-05,0.00012459036335567,0.059191424152757986,0.05895999085844507
110,D_05,detail,5,80,0.05555555555555555,4.525964754312929e-05,9.910586321239996e-05,0.03745316998064038,0.037306731359925474
110,D_06,detail,6,160,0.1111111111111111,1.7377850404632445e-05,6.141038101851052e-05,0.014380482845842299,0.014324256414962133
110,D_07,detail,7,320,0.2222222222222222,9.59538402127295e-06,4.5632571720633366e-05,0.0079403523510826,0.007909306267483162
110,D_08,detail,8,640,0.4444444444444444,5.8276000974869285e-06,3.5562201282329335e-05,0.004822443586693552,0.0048035882538158305
110,D_09,detail,9,1280,0.8888888888888888,3.053453141923681e-06,2.574182862325158e-05,0.002526787232344431,0.002516907715141059
110,A_09,approximation,9,2560,1.7777777777777777,4.743413832911947e-06,3.208405651549648e-05,,0.003909912586587615
111,D_01,detail,1,5,0.003472222222222222,0.0005188497614383844,0.00033555566524619436,0.47828628611249085,0.4770057370588509
111,D_02,detail,2,10,0.006944444444444444,0.0002677127876008753,0.00024103400826968599,0.24678310455704125,0.2461223750312933
111,D_03,detail,3,20,0.013888888888888888,0.00015648505817519623,0.00018428084823877752,0.1442511163524931,0.14386490283164746
111,D_04,detail,4,40,0.027777777777777776,6.117213524187155e-05,0.00011521806698810564,0.05638972117341958,0.056238745061036
111,D_05,detail,5,80,0.05555555555555555,3.787237317365615e-05,9.065776846948281e-05,0.03491152556624125,0.0348180545169491
111,D_06,detail,6,160,0.1111111111111111,2.0464067831780512e-05,6.664073035809782e-05,0.018864194858416106,0.01881368844086864
111,D_07,detail,7,320,0.2222222222222222,9.611369643984108e-06,4.5670567152046696e-05,0.008859956452001575,0.008836235075956867
111,D_08,detail,8,640,0.4444444444444444,9.787619902631075e-06,4.608741105807808e-05,0.009022427533034606,0.00899827116189365
111,D_09,detail,9,1280,0.8888888888888888,2.8548591913587865e-06,2.4890642726674594e-05,0.002631667394861575,0.0026246214491804304
111,A_09,approximation,9,2560,1.7777777777777777,2.9122342818722017e-06,2.5139516440548872e-05,,0.0026773693723235346
112,D_01,detail,1,5,0.003472222222222222,0.0005361630594624818,0.00034110823885171365,0.5096247443942639,0.5083031807080144
112,D_02,detail,2,10,0.006944444444444444,0.0002530353557600846,0.00023433349436194448,0.24051093454894815,0.23988723932860792
112,D_03,detail,3,20,0.013888888888888888,0.0001335235660444139,0.000170224758262747,0.12691458692475746,0.12658547082280194
112,D_04,detail,4,40,0.027777777777777776,6.681413155316548e-05,0.0001204142621166042,0.06350705091253933,0.06334236383007326
112,D_05,detail,5,80,0.05555555555555555,2.883316694444784e-05,7.91024505789624e-05,0.027406019633043358,0.027334950084851147
112,D_06,detail,6,160,0.1111111111111111,2.3757745329953663e-05,7.180362598981393e-05,0.022581814762284796,0.022523255387592502
112,D_07,detail,7,320,0.2222222222222222,4.58056792698405e-06,3.152850867317585e-05,0.004353844819727194,0.004342554388340947
112,D_08,detail,8,640,0.4444444444444444,3.8496765386559796e-06,2.8903862659133486e-05,0.0036591301608506883,0.0036496412700599
112,D_09,detail,9,1280,0.8888888888888888,1.5169583106769564e-06,1.8143897659607917e-05,0.0014418738435850685,0.001438134762755899
112,A_09,approximation,9,2560,1.7777777777777777,2.7353421099124837e-06,2.436405608090834e-05,,0.0025932094169019847
113,D_01,detail,1,5,0.003472222222222222,0.0004016109006187565,0.0002952204995650631,0.4722063014850522,0.47188731271494355
113,D_02,detail,2,10,0.006944444444444444,0.00023509457416455535,0.0002258733888622727,0.2764196370029089,0.2762329076861587
113,D_03,detail,3,20,0.013888888888888888,0.00010961090144913209,0.00015423063245702167,0.1288783703230985,0.12879130932303628
113,D_04,detail,4,40,0.027777777777777776,5.541646759438216e-05,0.0001096637731483919,0.06515760693694507,0.06511359112259725
113,D_05,detail,5,80,0.05555555555555555,2.386322689455294e-05,7.196284923364872e-05,0.028057918985800564,0.02803896506451459
113,D_06,detail,6,160,0.1111111111111111,1.1161459566866474e-05,4.921576725280006e-05,0.013123427509374782,0.013114562261309137
113,D_07,detail,7,320,0.2222222222222222,8.591431537889161e-06,4.317939287623176e-05,0.010101638438394527,0.010094814494683035
113,D_08,detail,8,640,0.4444444444444444,3.4155079232453446e-06,2.7225220971633726e-05,0.0040158879194855494,0.004013175073120937
113,D_09,detail,9,1280,0.8888888888888888,1.7343468816589236e-06,1.9400447455435677e-05,0.002039211398939916,0.0020378338537142514
113,A_09,approximation,9,2560,1.7777777777777777,5.749244876602075e-07,1.1169896995254416e-05,,0.0006755284059222583
114,D_01,detail,1,5,0.003472222222222222,0.0002855813865996328,0.00024894804136660234,0.4904298644878267,0.49018050801517044
114,D_02,detail,2,10,0.006944444444444444,0.00015630200234037763,0.00018417303105776794,0.268417948171227,0.2682814724840795
114,D_03,detail,3,20,0.013888888888888888,6.6656532884109e-05,0.00012027216394923056,0.11446948549000419,0.11441128408508285
114,D_04,detail,4,40,0.027777777777777776,4.404103549459341e-05,9.776255102735047e-05,0.07563181664846215,0.07559336205100457
114,D_05,detail,5,80,0.05555555555555555,1.5575836297643433e-05,5.813925358695547e-05,0.026748435448445518,0.026734835347808364
114,D_06,detail,6,160,0.1111111111111111,8.67422789075824e-06,4.3386955731900685e-05,0.014896280390167977,0.014888706455131066
114,D_07,detail,7,320,0.2222222222222222,3.7037377980989257e-06,2.8350706216780884e-05,0.006360441232000214,0.006357207299271003
114,D_08,detail,8,640,0.4444444444444444,1.2070247687448576e-06,1.6184595733305585e-05,0.002072827647548624,0.002071773729286209
114,D_09,detail,9,1280,0.8888888888888888,5.66528038876713e-07,1.1088031966098904e-05,0.0009729004843175513,0.00097240581820812
114,A_09,approximation,9,2560,1.7777777777777777,2.9622219638007434e-07,8.017750982142566e-06,,0.000508444714957978
115,D_01,detail,1,5,0.003472222222222222,0.00031283530266695185,0.0002605563386553622,0.5392559125621151,0.5385744107525224
115,D_02,detail,2,10,0.006944444444444444,0.00013649809894015764,0.0001721103810841866,0.23529124200324636,0.2349938852131378
115,D_03,detail,3,20,0.013888888888888888,6.067949761456223e-05,0.00011475318624404382,0.10459745936917944,0.10446527100336214
115,D_04,detail,4,40,0.027777777777777776,3.35375373158174e-05,8.531184792666117e-05,0.05781097956703737,0.0577379191030323
115,D_05,detail,5,80,0.05555555555555555,1.693860411289849e-05,6.06293027412441e-05,0.029198246938753884,0.02916134672558579
115,D_06,detail,6,160,0.1111111111111111,8.820775131720027e-06,4.375192240746644e-05,0.015204981990874878,0.015185766211316017
115,D_07,detail,7,320,0.2222222222222222,6.296658075492682e-06,3.696569025415722e-05,0.010853986323296504,0.010840269252888363
115,D_08,detail,8,640,0.4444444444444444,3.103421348118086e-06,2.595159986621064e-05,0.005349582661793886,0.005342821956570911
115,D_09,detail,9,1280,0.8888888888888888,1.4141152675415678e-06,1.751806648995109e-05,0.0024376085837025524,0.002434527978331015
115,A_09,approximation,9,2560,1.7777777777777777,7.340778823363076e-07,1.2621612258072354e-05,,0.0012637818032533129
116,D_01,detail,1,5,0.003472222222222222,0.00025578565354437467,0.00023560356405973734,0.4868145614412819,0.4862457370106795
116,D_02,detail,2,10,0.006944444444444444,0.00014378548048596645,0.0001766449724334577,0.27365438465553515,0.27333462984156104
116,D_03,detail,3,20,0.013888888888888888,6.468243520650082e-05,0.00011847779035315574,0.12310444660081027,0.12296060370396879
116,D_04,detail,4,40,0.027777777777777776,3.499830252766418e-05,8.714997266802918e-05,0.06660922166707205,0.06653139130703625
116,D_05,detail,5,80,0.05555555555555555,1.2449222974437405e-05,5.197744021522763e-05,0.02369352205100934,0.023665837065273233
116,D_06,detail,6,160,0.1111111111111111,8.179270789875399e-06,4.213093118346845e-05,0.015566893871129108,0.01554870454352092
116,D_07,detail,7,320,0.2222222222222222,2.18510117478418e-06,2.177607181186714e-05,0.004158712794745734,0.004153853495897922
116,D_08,detail,8,640,0.4444444444444444,2.0212619529270463e-06,2.094377990879031e-05,0.0038468918703504396,0.003842396922476936
116,D_09,detail,9,1280,0.8888888888888888,1.3405568114431387e-06,1.7056360893454512e-05,0.0025513650480659144,0.002548383874358973
116,A_09,approximation,9,2560,1.7777777777777777,6.146601475967868e-07,1.1549449726069079e-05,,0.0011684622352263494
117,D_01,detail,1,5,0.003472222222222222,0.0002649491095990833,0.0002397866481515297,0.5002121685436353,0.49826216832235354
117,D_02,detail,2,10,0.006944444444444444,0.00013605332109582112,0.00017182974220795666,0.25686263632244216,0.2558612968325891
117,D_03,detail,3,20,0.013888888888888888,7.11252135973365e-05,0.00012423831615411917,0.13428124889903778,0.1337577740986756
117,D_04,detail,4,40,0.027777777777777776,3.537393122851315e-05,8.761640474926913e-05,0.06678441334074672,0.0665240645747985
117,D_05,detail,5,80,0.05555555555555555,1.2748079586259253e-05,5.259762662781637e-05,0.024067808886992587,0.023973984234961342
117,D_06,detail,6,160,0.1111111111111111,4.659310115490433e-06,3.179834913485159e-05,0.008796570859639639,0.008762278780794858
117,D_07,detail,7,320,0.2222222222222222,2.607812602351683e-06,2.3789315970195367e-05,0.004923434537868965,0.004904241285401191
117,D_08,detail,8,640,0.4444444444444444,1.5938734470232377e-06,1.859819010375072e-05,0.0030091623803757492,0.002997431623555719
117,D_09,detail,9,1280,0.8888888888888888,5.628078334466068e-07,1.1051566252499154e-05,0.0010625562292610412,0.0010584140171908793
117,A_09,approximation,9,2560,1.7777777777777777,2.0729315371065284e-06,2.1209783927893038e-05,,0.0038983462296793532
118,D_01,detail,1,5,0.003472222222222222,0.000278650214833478,0.0002459084519912592,0.5240228177914292,0.5222366521418387
118,D_02,detail,2,10,0.006944444444444444,0.00012245803801881215,0.00016301869541916297,0.2302916083598806,0.22950664452571967
118,D_03,detail,3,20,0.013888888888888888,7.675723193289511e-05,0.0001290634936847131,0.14434778378829907,0.14385576503597863
118,D_04,detail,4,40,0.027777777777777776,3.315593315322885e-05,8.482510237731655e-05,0.062352241600970124,0.062139709954749045
118,D_05,detail,5,80,0.05555555555555555,1.0227241131129274e-05,4.711107481761335e-05,0.019233100964840454,0.01916754369688924
118,D_06,detail,6,160,0.1111111111111111,5.545269724432998e-06,3.469006410828642e-05,0.010428299393730679,0.010392753861115834
118,D_07,detail,7,320,0.2222222222222222,1.665010736319917e-06,1.9008694193198478e-05,0.003131178700941449,0.003120505875926075
118,D_08,detail,8,640,0.4444444444444444,2.5535015218113476e-06,2.354029089735249e-05,0.004802052865790656,0.00478568475817171
118,D_09,detail,9,1280,0.8888888888888888,7.396227375763106e-07,1.2669191236700205e-05,0.001390916534117755,0.0013861755051962292
118,A_09,approximation,9,2560,1.7777777777777777,1.8187104764565848e-06,1.9866691552918604e-05,,0.003408564644414777
119,D_01,detail,1,5,0.003472222222222222,0.0001957037841208075,0.0002060835734898054,0.5023902974456409,0.5017814958531039
119,D_02,detail,2,10,0.006944444444444444,0.00010716728490609432,0.00015250176805248867,0.2751086514871847,0.27477527206883673
119,D_03,detail,3,20,0.013888888888888888,4.622992840904888e-05,0.00010016255062198955,0.11867663974231446,0.11853282620204623
119,D_04,detail,4,40,0.027777777777777776,2.5413976028510314e-05,7.426429673858107e-05,0.0652401027072537,0.06516104409758826
119,D_05,detail,5,80,0.05555555555555555,6.91965037484249e-06,3.875126110975005e-05,0.017763403123012722,0.017741877253255378
119,D_06,detail,6,160,0.1111111111111111,4.613405083407284e-06,3.164131757955069e-05,0.01184305128540329,0.01182869975727922
119,D_07,detail,7,320,0.2222222222222222,1.8047710112452235e-06,1.979041120604265e-05,0.004633019485208597,0.004627405145809148
119,D_08,detail,8,640,0.4444444444444444,1.2666680863407888e-06,1.6579643161065365e-05,0.0032516579049326148,0.0032477175133267784
119,D_09,detail,9,1280,0.8888888888888888,4.2584190277714254e-07,9.613199642861466e-06,0.001093176819048948,0.0010918520964343884
119,A_09,approximation,9,2560,1.7777777777777777,4.7262764172538344e-07,1.0127524995141208e-05,,0.001211810012319905
120,D_01,detail,1,5,0.003472222222222222,0.00017011503339414512,0.0001921388168885367,0.5184407853199585,0.5179384692611376
120,D_02,detail,2,10,0.006944444444444444,8.099912034690946e-05,0.00013258180155308627,0.24685206665763648,0.24661289227023037
120,D_03,detail,3,20,0.013888888888888888,3.683817534652413e-05,8.941138457444887e-05,0.11226763546615286,0.1121588596179223
120,D_04,detail,4,40,0.027777777777777776,1.9818984991660087e-05,6.558197166043941e-05,0.06040013006677846,0.06034160852266675
120,D_05,detail,5,80,0.05555555555555555,9.598199083643705e-06,4.5639264997053694e-05,0.029251370506757413,0.029223028922599453
120,D_06,detail,6,160,0.1111111111111111,6.018558903227213e-06,3.614015596391614e-05,0.018342096768450184,0.018324325153985955
120,D_07,detail,7,320,0.2222222222222222,3.063778801278804e-06,2.578531660385134e-05,0.009337140028661877,0.009328093295625698
120,D_08,detail,8,640,0.4444444444444444,9.218789690497479e-07,1.4144275879604635e-05,0.0028095086433469457,0.002806786517023342
120,D_09,detail,9,1280,0.8888888888888888,7.544541550231756e-07,1.2795586355066344e-05,0.002299266542257181,0.0022970387883065103
120,A_09,approximation,9,2560,1.7777777777777777,3.182309597620556e-07,8.31026703197961e-06,,0.000968897650502031
121,D_01,detail,1,5,0.003472222222222222,0.00015505355682495102,0.00018343602523124224,0.507568687903188,0.5062270645886409
121,D_02,detail,2,10,0.006944444444444444,8.020128263247649e-05,0.00013192722326324703,0.26253934851604904,0.2618453953243929
121,D_03,detail,3,20,0.013888888888888888,3.574699109465343e-05,8.807720223489856e-05,0.11701797583969044,0.11670866983175641
121,D_04,detail,4,40,0.027777777777777776,1.6426365570313992e-05,5.970552296667697e-05,0.053771799823689785,0.05362966832104204
121,D_05,detail,5,80,0.05555555555555555,1.093973652913438e-05,4.872447811528911e-05,0.03581128888496278,0.03571663123322597
121,D_06,detail,6,160,0.1111111111111111,3.4655874728099454e-06,2.7424088221107784e-05,0.01134462002941173,0.011314633532827368
121,D_07,detail,7,320,0.2222222222222222,2.6073640386914576e-06,2.3787269910300186e-05,0.008535220804374464,0.008512660210116253
121,D_08,detail,8,640,0.4444444444444444,6.944213560593439e-07,1.2275955319482636e-05,0.002273192203806803,0.002267183622639842
121,D_09,detail,9,1280,0.8888888888888888,3.4759860860787123e-07,8.685259111066344e-06,0.0011378659948268926,0.001134858347618006
121,A_09,approximation,9,2560,1.7777777777777777,8.096030715116484e-07,1.3255003244252038e-05,,0.0026432349877402997
122,D_01,detail,1,5,0.003472222222222222,0.00015414981330360032,0.00018290065734302458,0.503544137964272,0.5026006153498574
122,D_02,detail,2,10,0.006944444444444444,7.895013804196167e-05,0.00013089414228605002,0.2578976798642114,0.25741444061106333
122,D_03,detail,3,20,0.013888888888888888,3.7240835489230496e-05,8.989871264367058e-05,0.12165051647880172,0.1214225721841526
122,D_04,detail,4,40,0.027777777777777776,1.9947129383383812e-05,6.57936480190751e-05,0.06515908034501142,0.06503698764011265
122,D_05,detail,5,80,0.05555555555555555,7.455993792551971e-06,4.022504454258713e-05,0.02435566989330799,0.02431003312862147
122,D_06,detail,6,160,0.1111111111111111,4.194312737257321e-06,3.0169920754427108e-05,0.013701097305094664,0.013675424689379358
122,D_07,detail,7,320,0.2222222222222222,2.6918186695810956e-06,2.4169444297904503e-05,0.008793066189842012,0.008776590063570934
122,D_08,detail,8,640,0.4444444444444444,8.953998456725614e-07,1.3939662930641958e-05,0.0029249035970905168,0.0029194230195586355
122,D_09,detail,9,1280,0.8888888888888888,6.042535968719389e-07,1.145126294049169e-05,0.0019738483623683036,0.001970149837399174
122,A_09,approximation,9,2560,1.7777777777777777,5.746914771349758e-07,1.1167633248113097e-05,,0.0018737634762844779
123,D_01,detail,1,5,0.003472222222222222,0.00015395361694161473,0.0001827842255803551,0.5240409817355184,0.5227925965271232
123,D_02,detail,2,10,0.006944444444444444,7.520554451940858e-05,0.00012775229032061742,0.2559913054647571,0.2553814757560927
123,D_03,detail,3,20,0.013888888888888888,3.239423653659412e-05,8.384509078290046e-05,0.11026637668179835,0.11000369700896626
123,D_04,detail,4,40,0.027777777777777776,1.6885887188591864e-05,6.053488288693873e-05,0.05747768110664619,0.05734075615343211
123,D_05,detail,5,80,0.05555555555555555,6.06567474046322e-06,3.6281340440549124e-05,0.020646881892266003,0.02059769630783246
123,D_06,detail,6,160,0.1111111111111111,5.281060340222013e-06,3.38535587773052e-05,0.01797614177745494,0.017933318505456874
123,D_07,detail,7,320,0.2222222222222222,2.5824950898640597e-06,2.36735570307434e-05,0.008790525933098117,0.008769584894264567
123,D_08,detail,8,640,0.4444444444444444,1.1588882310309828e-06,1.5858588896985717e-05,0.003944726589577486,0.003935329350626282
123,D_09,detail,9,1280,0.8888888888888888,2.542324051652004e-07,7.4277831771313694e-06,0.0008653788188833464,0.0008633172890511285
123,A_09,approximation,9,2560,1.7777777777777777,7.01526095258566e-07,1.2338594169884126e-05,,0.00238222820715441
124,D_01,detail,1,5,0.003472222222222222,0.00015265226208625843,0.00018201005753261227,0.5264640807242651,0.525672678492732
124,D_02,detail,2,10,0.006944444444444444,7.316472779368515e-05,0.0001260069922980649,0.2523290558090651,0.251949744503395
124,D_03,detail,3,20,0.013888888888888888,3.198945353241344e-05,8.331959982200734e-05,0.11032459012823022,0.11015874571449483
124,D_04,detail,4,40,0.027777777777777776,1.6093234587665757e-05,5.9097000115661705e-05,0.05550202687653513,0.05541859397098102
124,D_05,detail,5,80,0.05555555555555555,8.57562535955303e-06,4.313965471501573e-05,0.02957544591773982,0.02953098690381111
124,D_06,detail,6,160,0.1111111111111111,2.859901244077952e-06,2.491261308685879e-05,0.009863170442734085,0.009848343723525374
124,D_07,detail,7,320,0.2222222222222222,2.702894629977379e-06,2.4219117963053184e-05,0.009321689159519427,0.009307676417012184
124,D_08,detail,8,640,0.4444444444444444,1.1233986166635882e-06,1.5613875322115372e-05,0.00387435477159527,0.0038685306838288774
124,D_09,detail,9,1280,0.8888888888888888,7.961035804662496e-07,1.3144030354322425e-05,0.0027455861703158395,0.002741458893448128
124,A_09,approximation,9,2560,1.7777777777777777,4.365322798975198e-07,9.733117059097446e-06,,0.0015032406967713393
125,D_01,detail,1,5,0.003472222222222222,0.00015962687967043036,0.00018612159984396977,0.5314695031325095,0.5309191039870604
125,D_02,detail,2,10,0.006944444444444444,7.321242874827509e-05,0.0001260480617767043,0.24375702394424376,0.2435045848919833
125,D_03,detail,3,20,0.013888888888888888,3.616609711762865e-05,8.859201646553615e-05,0.12041316415526447,0.1202884621690522
125,D_04,detail,4,40,0.027777777777777776,1.4895094001839956e-05,5.6854571273599906e-05,0.04959245099956893,0.04954109218689952
125,D_05,detail,5,80,0.05555555555555555,7.604177924395279e-06,4.06228042259032e-05,0.0253177201205305,0.02529150064521362
125,D_06,detail,6,160,0.1111111111111111,4.132886171580136e-06,2.9948183591492105e-05,0.013760232390984959,0.013745982052810257
125,D_07,detail,7,320,0.2222222222222222,2.4907771463425764e-06,2.3249370634134844e-05,0.008292914671473825,0.008284326383488234
125,D_08,detail,8,640,0.4444444444444444,1.4928207960588753e-06,1.799896792504902e-05,0.004970270222567389,0.0049651229234899666
125,D_09,detail,9,1280,0.8888888888888888,7.288655267561636e-07,1.257672224541846e-05,0.002426720362856722,0.0024242072086567393
125,A_09,approximation,9,2560,1.7777777777777777,3.113702200802487e-07,8.220198437008925e-06,,0.0010356175513457856
126,D_01,detail,1,5,0.003472222222222222,0.00016189601052006303,0.00018743981124231678,0.5449205482140824,0.5431135590259693
126,D_02,detail,2,10,0.006944444444444444,6.531559793436422e-05,0.00011905625524448288,0.21984365963677413,0.21911464488895294
126,D_03,detail,3,20,0.013888888888888888,3.83589825845891e-05,9.123832519562623e-05,0.1291112594546508,0.12868311878228517
126,D_04,detail,4,40,0.027777777777777776,1.738348173936416e-05,6.142033030429259e-05,0.058510499232529954,0.05831647491127652
126,D_05,detail,5,80,0.05555555555555555,7.847673329606819e-06,4.12680761362532e-05,0.026414229969208735,0.026326638799958234
126,D_06,detail,6,160,0.1111111111111111,3.0617960024421387e-06,2.5776971456600996e-05,0.010305600186260888,0.010271426198558236
126,D_07,detail,7,320,0.2222222222222222,1.5278332653997194e-06,1.8208817602969254e-05,0.005142484597902757,0.005125431810851684
126,D_08,detail,8,640,0.4444444444444444,1.3817819051563057e-06,1.731663549406373e-05,0.004650895045846496,0.004635472399204821
126,D_09,detail,9,1280,0.8888888888888888,3.270549438232396e-07,8.424693777189668e-06,0.0011008236627436834,0.0010971732655195078
126,A_09,approximation,9,2560,1.7777777777777777,9.884799640045584e-07,1.4646292400378265e-05,,0.003316059917423645
127,D_01,detail,1,5,0.003472222222222222,0.00014253660972935687,0.0001758761609383306,0.5288608886906491,0.5278092406339177
127,D_02,detail,2,10,0.006944444444444444,6.677927504469049e-05,0.00012038284834073753,0.24777456692221583,0.24728186336371236
127,D_03,detail,3,20,0.013888888888888888,3.462494935790674e-05,8.668387919757733e-05,0.12847072427961487,0.12821525825740623
127,D_04,detail,4,40,0.027777777777777776,1.2879703426398045e-05,5.286846440268704e-05,0.047788223762936566,0.04769319614087256
127,D_05,detail,5,80,0.05555555555555555,7.238247696418075e-06,3.96333228652447e-05,0.02685644141922007,0.026803036970085695
127,D_06,detail,6,160,0.1111111111111111,2.828599174339093e-06,2.4775901738003944e-05,0.010495096494374566,0.010474226832674223
127,D_07,detail,7,320,0.2222222222222222,1.652009312707032e-06,1.8934332980889862e-05,0.006129534825490699,0.00611734615068842
127,D_08,detail,8,640,0.4444444444444444,8.127908658399455e-07,1.3281073249150225e-05,0.003015739608539482,0.0030097427636852896
127,D_09,detail,9,1280,0.8888888888888888,1.64077187100853e-07,5.9671625125101076e-06,0.0006087839969589723,0.0006075734205653273
127,A_09,approximation,9,2560,1.7777777777777777,5.370050979659083e-07,1.079525658160752e-05,,0.0019885154663921547
128,D_01,detail,1,5,0.003472222222222222,0.00016093114423147638,0.0001868804255480262,0.4947378315107409,0.49391319066628575
128,D_02,detail,2,10,0.006944444444444444,8.856662512008924e-05,0.0001386368917102332,0.2722733394172157,0.271819507706279
128,D_03,detail,3,20,0.013888888888888888,3.7581485321562524e-05,9.030893798430462e-05,0.1155337746570623,0.11534120019958578
128,D_04,detail,4,40,0.027777777777777776,2.279388171781449e-05,7.033199069027031e-05,0.07007341970155585,0.06995661965046597
128,D_05,detail,5,80,0.05555555555555555,7.866058848984448e-06,4.13163892547131e-05,0.02418199979914937,0.024141692663804393
128,D_06,detail,6,160,0.1111111111111111,4.812865835172415e-06,3.231808675635419e-05,0.014795811078186649,0.014771149066582126
128,D_07,detail,7,320,0.2222222222222222,1.594467458299539e-06,1.860165540569885e-05,0.004901744634332051,0.004893574289197506
128,D_08,detail,8,640,0.4444444444444444,7.491650801107012e-07,1.2750655961736999e-05,0.0023030986882466072,0.0022992598282966016
128,D_09,detail,9,1280,0.8888888888888888,3.900112214206075e-07,9.199883253106616e-06,0.0011989805135104931,0.001196982024128496
128,A_09,approximation,9,2560,1.7777777777777777,5.430992396910991e-07,1.0856338151419391e-05,,0.0016668239053743029
129,D_01,detail,1,5,0.003472222222222222,0.00017520025998700396,0.000194989460623194,0.4952611526387745,0.4947671290443089
129,D_02,detail,2,10,0.006944444444444444,9.259606620448801e-05,0.0001417555375385701,0.26175323302404213,0.2614921338597879
129,D_03,detail,3,20,0.013888888888888888,4.302165077052755e-05,9.662450900331575e-05,0.121614844353626,0.12149353340034844
129,D_04,detail,4,40,0.027777777777777776,2.053748882688e-05,6.676017014907417e-05,0.058055966295147275,0.05799805539905439
129,D_05,detail,5,80,0.05555555555555555,1.014990831412608e-05,4.6932622717190717e-05,0.028692053831454623,0.028663433473304394
129,D_06,detail,6,160,0.1111111111111111,7.814662154070488e-06,4.1181187748869726e-05,0.022090712571971354,0.02206867705965434
129,D_07,detail,7,320,0.2222222222222222,2.3624460036729746e-06,2.264251740745906e-05,0.0066782305626300695,0.006671569019624643
129,D_08,detail,8,640,0.4444444444444444,1.5797221573734654e-06,1.851544351981775e-05,0.004465604198120649,0.004461149752570737
129,D_09,detail,9,1280,0.8888888888888888,4.91081204056596e-07,1.0323344509051314e-05,0.0013882025242334009,0.0013868177905485277
129,A_09,approximation,9,2560,1.7777777777777777,3.5322166623050857e-07,8.755227434424292e-06,,0.000997501200797758
130,D_01,detail,1,5,0.003472222222222222,0.00017729908181836362,0.0001961539274188319,0.5052129044960683,0.5042985880596877
130,D_02,detail,2,10,0.006944444444444444,8.914066554407066e-05,0.00013908545030973785,0.25400590959838837,0.2535462186918086
130,D_03,detail,3,20,0.013888888888888888,4.353593296689334e-05,9.720031954449279e-05,0.12405543739184896,0.12383092625125788
130,D_04,detail,4,40,0.027777777777777776,2.089288405604288e-05,6.733532519492667e-05,0.059534175411390965,0.059426432567491735
130,D_05,detail,5,80,0.05555555555555555,1.2577704180255896e-05,5.224496624031225e-05,0.035840109241565554,0.03577524708014882
130,D_06,detail,6,160,0.1111111111111111,4.2872570077884784e-06,3.0502365743107845e-05,0.012216518794185885,0.012194409770783132
130,D_07,detail,7,320,0.2222222222222222,1.71814656108834e-06,1.9309626275587302e-05,0.004895850590848723,0.00488699025370088
130,D_08,detail,8,640,0.4444444444444444,8.126044635305295e-07,1.3279550246873177e-05,0.0023155126186570414,0.0023113220858597913
130,D_09,detail,9,1280,0.8888888888888888,6.7506054184609e-07,1.2103615716861656e-05,0.0019235818570461926,0.0019201006266718914
130,A_09,approximation,9,2560,1.7777777777777777,6.362690908060343e-07,1.1750711883780278e-05,,0.0018097646125896096
131,D_01,detail,1,5,0.003472222222222222,0.00018441837543427026,0.00020005336496935541,0.5144142966589126,0.5135353184207906
131,D_02,detail,2,10,0.006944444444444444,8.065325633977759e-05,0.0001322984384255822,0.22497317870618103,0.22458876767886662
131,D_03,detail,3,20,0.013888888888888888,5.256334028965018e-05,0.00010680344043731456,0.14661952021576474,0.14636899186071983
131,D_04,detail,4,40,0.027777777777777776,2.1567313033265588e-05,6.841349628715801e-05,0.06015959168225181,0.06005679715992525
131,D_05,detail,5,80,0.05555555555555555,1.172749911264423e-05,5.044829223448419e-05,0.032712538505953216,0.03265664268492489
131,D_06,detail,6,160,0.1111111111111111,4.84369377908599e-06,3.2421425378696257e-05,0.01351093849911795,0.01348785239712883
131,D_07,detail,7,320,0.2222222222222222,1.2575634758197811e-06,1.6519949770271062e-05,0.003507831740706007,0.0035018379186386576
131,D_08,detail,8,640,0.4444444444444444,1.0766823170303495e-06,1.528577825027747e-05,0.0030032841116619676,0.002998152408685993
131,D_09,detail,9,1280,0.8888888888888888,3.939287426094563e-07,9.245972549104191e-06,0.0010988198794506703,0.0010969423290638981
131,A_09,approximation,9,2560,1.7777777777777777,6.136192382415783e-07,1.1539666251146197e-05,,0.0017086971412554497
132,D_01,detail,1,5,0.003472222222222222,0.0001593471291219827,0.00018595843668422625,0.5000809889067248,0.49879743764217715
132,D_02,detail,2,10,0.006944444444444444,8.342240559896091e-05,0.0001345504390906872,0.2618055268317418,0.2611335540463634
132,D_03,detail,3,20,0.013888888888888888,3.6456158098522085e-05,8.894657184461039e-05,0.11441079418313643,0.11411713750989895
132,D_04,detail,4,40,0.027777777777777776,1.973046058406021e-05,6.543534198669587e-05,0.0619203389156059,0.06176140880012582
132,D_05,detail,5,80,0.05555555555555555,1.0481400961588191e-05,4.7692867220140924e-05,0.03289390519227009,0.03280947684057899
132,D_06,detail,6,160,0.1111111111111111,4.427343161805359e-06,3.099669267823602e-05,0.013894383656514924,0.01385872112562884
132,D_07,detail,7,320,0.2222222222222222,2.4978277609808404e-06,2.3282253245445944e-05,0.007838962544933903,0.007818842383379095
132,D_08,detail,8,640,0.4444444444444444,1.7122818264749295e-06,1.9276642291568675e-05,0.005373674403729611,0.005359881864662582
132,D_09,detail,9,1280,0.8888888888888888,5.676380906480818e-07,1.1098889563060076e-05,0.0017814253653425708,0.0017768530044028328
132,A_09,approximation,9,2560,1.7777777777777777,8.19960447521612e-07,1.3339520435598077e-05,,0.002566686782782397
133,D_01,detail,1,5,0.003472222222222222,0.0001424183676684965,0.0001758031962648803,0.5194326951966527,0.5180578060715507
133,D_02,detail,2,10,0.006944444444444444,6.6410094189288e-05,0.00012004962641130872,0.2422129587477078,0.2415718439969028
133,D_03,detail,3,20,0.013888888888888888,2.9292154548349846e-05,7.972957025139265e-05,0.10683525611375148,0.10655247331404216
133,D_04,detail,4,40,0.027777777777777776,1.9677294604649562e-05,6.534712101514e-05,0.07176764021381636,0.0715776780705461
133,D_05,detail,5,80,0.05555555555555555,7.165092588513785e-06,3.94325323417395e-05,0.026132748293031787,0.026063577384520704
133,D_06,detail,6,160,0.1111111111111111,4.670645888787671e-06,3.18370072077875e-05,0.017034924792631256,0.016989834960857285
133,D_07,detail,7,320,0.2222222222222222,2.214012832699319e-06,2.191966092059784e-05,0.008075016388095945,0.008053642584868542
133,D_08,detail,8,640,0.4444444444444444,1.4677004327021385e-06,1.7846887084995973e-05,0.005353042616485519,0.005338873619909693
133,D_09,detail,9,1280,0.8888888888888888,8.65236553182059e-07,1.3702859162045582e-05,0.003155717637827097,0.003147364752261243
133,A_09,approximation,9,2560,1.7777777777777777,7.276561030114358e-07,1.2566283487501212e-05,,0.0026469052445407685
134,D_01,detail,1,5,0.003472222222222222,0.00016482930682894904,0.0001891302431601306,0.515886869194198,0.5151303543492783
134,D_02,detail,2,10,0.006944444444444444,7.946075293420736e-05,0.00013131674306154386,0.24869824331410914,0.248333543368816
134,D_03,detail,3,20,0.013888888888888888,3.524752370887077e-05,8.745971754908289e-05,0.11031857745957584,0.11015680237573051
134,D_04,detail,4,40,0.027777777777777776,2.2257801467688203e-05,6.95000147814361e-05,0.06966302131105616,0.06956086498006428
134,D_05,detail,5,80,0.05555555555555555,9.868583975036198e-06,4.627763807984559e-05,0.03088693987862667,0.030841646171948654
134,D_06,detail,6,160,0.1111111111111111,4.25514910561495e-06,3.038793272355949e-05,0.013317871635098382,0.013298341834678332
134,D_07,detail,7,320,0.2222222222222222,1.920936966530553e-06,2.041739457955448e-05,0.006012196354203193,0.006003379855734001
134,D_08,detail,8,640,0.4444444444444444,9.901536492699252e-07,1.4658686640541554e-05,0.0030990075489012395,0.0030944630540608808
134,D_09,detail,9,1280,0.8888888888888888,6.764829887006116e-07,1.211636101084389e-05,0.0021172733042313535,0.002114168459388326
134,A_09,approximation,9,2560,1.7777777777777777,4.692240579973991e-07,1.0090992893974365e-05,,0.0014664355503007831
135,D_01,detail,1,5,0.003472222222222222,0.00014656860471131073,0.00017834635655773813,0.48777910498279836,0.48673630013852975
135,D_02,detail,2,10,0.006944444444444444,7.410141212797984e-05,0.0001268110232513372,0.24660888705968667,0.2460816710731089
135,D_03,detail,3,20,0.013888888888888888,4.046506406543202e-05,9.370955616679355e-05,0.1346673987364829,0.13437949830300203
135,D_04,detail,4,40,0.027777777777777776,1.930688362455095e-05,6.47291425687766e-05,0.06425314911702751,0.0641157846943323
135,D_05,detail,5,80,0.05555555555555555,1.1243033756380926e-05,4.939528801800104e-05,0.03741672340935962,0.0373367315851315
135,D_06,detail,6,160,0.1111111111111111,4.906709799502139e-06,3.263164377163951e-05,0.016329489655207047,0.016294579445353993
135,D_07,detail,7,320,0.2222222222222222,1.778421816945672e-06,1.9645412558157795e-05,0.005918573106841472,0.005905920009068475
135,D_08,detail,8,640,0.4444444444444444,1.284418053462957e-06,1.669540525836654e-05,0.004274532665272491,0.004265394300539775
135,D_09,detail,9,1280,0.8888888888888888,8.26967578970619e-07,1.3396396914747016e-05,0.0027521412673238844,0.0027462575666561853
135,A_09,approximation,9,2560,1.7777777777777777,6.437645598312926e-07,1.1819722951822203e-05,,0.0021378628842770976
136,D_01,detail,1,5,0.003472222222222222,0.00015648372921711655,0.000184280065729428,0.5190928660648803,0.5171713618644763
136,D_02,detail,2,10,0.006944444444444444,7.608370066418277e-05,0.0001284959912300475,0.25238730209321386,0.2514530506464985
136,D_03,detail,3,20,0.013888888888888888,3.25945696308235e-05,8.410394944498554e-05,0.10812375607651849,0.10772351892234708
136,D_04,detail,4,40,0.027777777777777776,1.6653593622454033e-05,6.011706177104756e-05,0.05524383708778518,0.05503934330266476
136,D_05,detail,5,80,0.05555555555555555,1.1529761081322416e-05,5.002117841692195e-05,0.03824689477103995,0.038105317851456974
136,D_06,detail,6,160,0.1111111111111111,4.624229210751868e-06,3.167841479839009e-05,0.015339642059652327,0.015282859952678366
136,D_07,detail,7,320,0.2222222222222222,2.249637426412709e-06,2.209530643588845e-05,0.00746256971971282,0.007434945839671973
136,D_08,detail,8,640,0.4444444444444444,7.549424841699111e-07,1.2799726730565417e-05,0.0025043195211571835,0.0024950493870566394
136,D_09,detail,9,1280,0.8888888888888888,4.819718691360309e-07,1.0227149634979274e-05,0.0015988126060399609,0.0015928943487511376
136,A_09,approximation,9,2560,1.7777777777777777,1.120033460376281e-06,1.5590471991634377e-05,,0.0037016578843982683
137,D_01,detail,1,5,0.003472222222222222,0.0001285833515809083,0.0001670460211227438,0.4922428842924238,0.4914131013288113
137,D_02,detail,2,10,0.006944444444444444,7.016632807849921e-05,0.00012339800535409297,0.26861079050219105,0.2681579883085715
137,D_03,detail,3,20,0.013888888888888888,3.1383050640881565e-05,8.252610414150571e-05,0.12014061832602307,0.11993809505650317
137,D_04,detail,4,40,0.027777777777777776,1.787938050436012e-05,6.22902391565113e-05,0.06844585804166194,0.06833047758874904
137,D_05,detail,5,80,0.05555555555555555,6.931378906681468e-06,3.8784088127753637e-05,0.026534710000941875,0.026489979947942062
137,D_06,detail,6,160,0.1111111111111111,3.698873878251591e-06,2.8332084371413697e-05,0.014160031793220156,0.014136161964887105
137,D_07,detail,7,320,0.2222222222222222,1.5338105883887198e-06,1.8244401897710732e-05,0.005871734860726904,0.005861836768322207
137,D_08,detail,8,640,0.4444444444444444,9.055667747884491e-07,1.4018579366162962e-05,0.0034666914158072,0.003460847549763156
137,D_09,detail,9,1280,0.8888888888888888,1.3757919189007728e-07,5.464118909966762e-06,0.0005266807670041143,0.0005257929314626202
137,A_09,approximation,9,2560,1.7777777777777777,4.410858014089227e-07,9.783749030786842e-06,,0.0016857185549878455
138,D_01,detail,1,5,0.003472222222222222,0.00014623674817443636,0.0001781443387250899,0.5241528281985117,0.5236524898597273
138,D_02,detail,2,10,0.006944444444444444,6.481132174007119e-05,0.00011859577131939334,0.2323016479333919,0.2320799007360652
138,D_03,detail,3,20,0.013888888888888888,3.399973665558455e-05,8.589770120804461e-05,0.12186443112624239,0.12174810351386228
138,D_04,detail,4,40,0.027777777777777776,1.776132228314612e-05,6.20842461537097e-05,0.06366147649940498,0.06360070743419599
138,D_05,detail,5,80,0.05555555555555555,8.836733569024606e-06,4.379148224128775e-05,0.03167328971727409,0.0316430554796464
138,D_06,detail,6,160,0.1111111111111111,3.6834556765323747e-06,2.827297368361071e-05,0.01320252080616089,0.013189918131954925
138,D_07,detail,7,320,0.2222222222222222,2.22071945787854e-06,2.1952835026152024e-05,0.007959670869418175,0.007952072840206421
138,D_08,detail,8,640,0.4444444444444444,8.602987062498864e-07,1.36637025673632e-05,0.0030835477785550575,0.00308060432944998
138,D_09,detail,9,1280,0.8888888888888888,5.860562149059366e-07,1.127751472196954e-05,0.0021005870710407394,0.00209858192256294
138,A_09,approximation,9,2560,1.7777777777777777,2.6657486451866697e-07,7.605948200535197e-06,,0.0009545657523286039
139,D_01,detail,1,5,0.003472222222222222,0.00013641039017276693,0.00017205507622922034,0.5101561342408228,0.5096220172560408
139,D_02,detail,2,10,0.006944444444444444,6.235376616827896e-05,0.00011632554871156485,0.2331945261902491,0.23295037905795646
139,D_03,detail,3,20,0.013888888888888888,3.6558668081961725e-05,8.907153716572209e-05,0.13672440023128368,0.136581254203046
139,D_04,detail,4,40,0.027777777777777776,1.7579565013962892e-05,6.176576534501245e-05,0.06574516001163794,0.06567632695392772
139,D_05,detail,5,80,0.05555555555555555,7.324107040448692e-06,3.986769307956332e-05,0.02739115495373199,0.027362477299751893
139,D_06,detail,6,160,0.1111111111111111,3.900438990362076e-06,2.9093804042653577e-05,0.014587106412093135,0.014571834183121283
139,D_07,detail,7,320,0.2222222222222222,1.9098990020188834e-06,2.0358649508578063e-05,0.007142760096399741,0.007135281857426123
139,D_08,detail,8,640,0.4444444444444444,8.542078120230609e-07,1.3615247306104778e-05,0.003194619960166315,0.0031912752963151442
139,D_09,detail,9,1280,0.8888888888888888,4.98450889248692e-07,1.0400517578273857e-05,0.0018641379036153465,0.0018621862114774513
139,A_09,approximation,9,2560,1.7777777777777777,2.8024156142992314e-07,7.798481331272266e-06,,0.0010469676809370513
140,D_01,detail,1,5,0.003472222222222222,8.715415427512407e-05,0.00013752694991188766,0.48846713152569043,0.48775731718551507
140,D_02,detail,2,10,0.006944444444444444,4.286742872621945e-05,9.645116595741158e-05,0.2402562461873948,0.239907118645634
140,D_03,detail,3,20,0.013888888888888888,2.61646441284368e-05,7.535310991396375e-05,0.1466432526493566,0.14643015850872249
140,D_04,detail,4,40,0.027777777777777776,1.2679656967132603e-05,5.245628340069987e-05,0.07106483585295717,0.07096156822998921
140,D_05,detail,5,80,0.05555555555555555,5.707961983006086e-06,3.519526996006828e-05,0.03199103748853061,0.031944549821908044
140,D_06,detail,6,160,0.1111111111111111,2.238740084426599e-06,2.2041726155926528e-05,0.012547318671917499,0.012529085578738315
140,D_07,detail,7,320,0.2222222222222222,1.13955022473972e-06,1.5725718611719273e-05,0.006386761871969004,0.006377480970816354
140,D_08,detail,8,640,0.4444444444444444,3.6086579937011293e-07,8.849457073081137e-06,0.002022520708853421,0.002019581689808349
140,D_09,detail,9,1280,0.8888888888888888,1.1078244349024664e-07,4.90319578259241e-06,0.0006208950433305164,0.0006199927918235967
140,A_09,approximation,9,2560,1.7777777777777777,2.5965322609797606e-07,7.506554226678691e-06,,0.0014531465770445911
141,D_01,detail,1,5,0.003472222222222222,6.785582763427773e-05,0.00012134931824566937,0.5000405429254036,0.4993905295822461
141,D_02,detail,2,10,0.006944444444444444,3.017970759613753e-05,8.092846045098934e-05,0.22239913501665406,0.22211003364814946
141,D_03,detail,3,20,0.013888888888888888,2.1081501127414918e-05,6.763858767948815e-05,0.15535298347919518,0.15515103682988945
141,D_04,detail,4,40,0.027777777777777776,7.129681663227477e-06,3.933497100897363e-05,0.052539774608314084,0.05247147703719696
141,D_05,detail,5,80,0.05555555555555555,4.668807163856538e-06,3.1830739845325796e-05,0.034405193340380176,0.03436046929737693
141,D_06,detail,6,160,0.1111111111111111,2.0433279265635957e-06,2.1057790473333994e-05,0.015057613198388857,0.015038039486549819
141,D_07,detail,7,320,0.2222222222222222,1.0894903068024666e-06,1.5376427686102906e-05,0.008028629868929146,0.008018193282104515
141,D_08,detail,8,640,0.4444444444444444,1.1326676514473023e-06,1.5678157157626134e-05,0.008346810688631865,0.008335960491788467
141,D_09,detail,9,1280,0.8888888888888888,5.196407960162868e-07,1.0619287639423477e-05,0.003829316874103127,0.0038243390636064356
141,A_09,approximation,9,2560,1.7777777777777777,1.7662977001524527e-07,6.191212585960721e-06,,0.0012999212810919326
142,D_01,detail,1,5,0.003472222222222222,6.45442072362715e-05,0.00011835112765662033,0.5244778033290394,0.5220174584614268
142,D_02,detail,2,10,0.006944444444444444,2.9359832664598555e-05,7.982162278274955e-05,0.23857416802205889,0.23745500773326822
142,D_03,detail,3,20,0.013888888888888888,1.4015111159990842e-05,5.514955825788343e-05,0.11388496395496082,0.11335072535651808
142,D_04,detail,4,40,0.027777777777777776,6.2534954982386e-06,3.683877545768749e-05,0.05081508817728693,0.0505767127101066
142,D_05,detail,5,80,0.05555555555555555,4.1759875426305e-06,3.0103941545548477e-05,0.03393352969803706,0.03377434624908533
142,D_06,detail,6,160,0.1111111111111111,1.7938496991763049e-06,1.9730440930207652e-05,0.014576588512155923,0.014508209193707086
142,D_07,detail,7,320,0.2222222222222222,1.6401075702627154e-06,1.886600439994697e-05,0.013327300039891354,0.013264781180095664
142,D_08,detail,8,640,0.4444444444444444,8.228173988556899e-07,1.3362739373762898e-05,0.006686106784347196,0.0066547420089329385
142,D_09,detail,9,1280,0.8888888888888888,4.5834498006236833e-07,9.973325753029166e-06,0.003724451482222433,0.003706979941900241
142,A_09,approximation,9,2560,1.7777777777777777,5.800175262730987e-07,1.1219262854583559e-05,,0.004691037164959024
143,D_01,detail,1,5,0.003472222222222222,0.00013008642253983492,0.00016801952400543452,0.5237813097648196,0.5223850854224739
143,D_02,detail,2,10,0.006944444444444444,6.248336331956736e-05,0.00011644637248466208,0.2515836567648885,0.2509130195749719
143,D_03,detail,3,20,0.013888888888888888,2.7387337116629853e-05,7.709366078991744e-05,0.11027265586865023,0.10997870615423974
143,D_04,detail,4,40,0.027777777777777776,1.3079092044213873e-05,5.327611685972036e-05,0.052661790736502075,0.05252141216100301
143,D_05,detail,5,80,0.05555555555555555,8.86056835817953e-06,4.3850500535049506e-05,0.03567628357591915,0.03558118263465897
143,D_06,detail,6,160,0.1111111111111111,3.769053208620766e-06,2.8599596050153175e-05,0.015175754607135541,0.015135301162919555
143,D_07,detail,7,320,0.2222222222222222,1.7196868283364024e-06,1.9318279589246083e-05,0.00692416473406766,0.006905707245852859
143,D_08,detail,8,640,0.4444444444444444,7.466513829619629e-07,1.2729246649383563e-05,0.0030063248083079088,0.0029983109601615476
143,D_09,detail,9,1280,0.8888888888888888,2.280093369853289e-07,7.034286951935028e-06,0.000918059139709318,0.0009156119036306755
143,A_09,approximation,9,2560,1.7777777777777777,6.638140031864962e-07,1.2002368863287065e-05,,0.0026656627800877965
144,D_01,detail,1,5,0.003472222222222222,0.000131181690163535,0.00016872536481930047,0.494478368189976,0.493382737310765
144,D_02,detail,2,10,0.006944444444444444,6.925248017864512e-05,0.00012259180249416546,0.2610414101934171,0.26046301273832195
144,D_03,detail,3,20,0.013888888888888888,2.960493036883442e-05,8.015410825170177e-05,0.11159329965111515,0.1113460389560551
144,D_04,detail,4,40,0.027777777777777776,1.567722034076146e-05,5.8328162607068606e-05,0.059093965950511036,0.05896302963855987
144,D_05,detail,5,80,0.05555555555555555,1.2017189057664293e-05,5.1067572205037615e-05,0.045297785293484945,0.0451974176019536
144,D_06,detail,6,160,0.1111111111111111,3.941241858873058e-06,2.924558467265983e-05,0.014856180314402655,0.014823263020246457
144,D_07,detail,7,320,0.2222222222222222,1.7760159551107705e-06,1.9632119833255465e-05,0.006694543043832895,0.006679709739581631
144,D_08,detail,8,640,0.4444444444444444,1.0739097314586095e-06,1.5266084211069164e-05,0.00404801257654934,0.004039043270986921
144,D_09,detail,9,1280,0.8888888888888888,7.684041106995941e-07,1.2913340555453773e-05,0.002896434786710984,0.002890017067360474
144,A_09,approximation,9,2560,1.7777777777777777,5.89123352810668e-07,1.1306986770519545e-05,,0.0022157306561691147
145,D_01,detail,1,5,0.003472222222222222,0.0001330054947592569,0.00016989420137631853,0.4916546888038115,0.490804131987024
145,D_02,detail,2,10,0.006944444444444444,7.602986000767827e-05,0.0001284505180680252,0.28104430745159736,0.28055810411220916
145,D_03,detail,3,20,0.013888888888888888,3.1384019571712364e-05,8.252737810098114e-05,0.1160109994242856,0.11581030176263463
145,D_04,detail,4,40,0.027777777777777776,1.4659291112175281e-05,5.640274614420367e-05,0.05418805608660318,0.054094311388255926
145,D_05,detail,5,80,0.05555555555555555,8.970376654129544e-06,4.412138169312869e-05,0.033158989035166064,0.03310162437496062
145,D_06,detail,6,160,0.1111111111111111,3.994764201634852e-06,2.9443493586714482e-05,0.014766642189891157,0.014741096072948323
145,D_07,detail,7,320,0.2222222222222222,1.5491575102100745e-06,1.833544915708685e-05,0.005726459308835528,0.005716552601725632
145,D_08,detail,8,640,0.4444444444444444,4.4755572645307546e-07,9.855242700820395e-06,0.001654389330380173,0.0016515272563379238
145,D_09,detail,9,1280,0.8888888888888888,4.857213085500506e-07,1.0266852978622338e-05,0.0017954683694294123,0.0017923622303124232
145,A_09,approximation,9,2560,1.7777777777777777,4.688182582018037e-07,1.0086628445347268e-05,,0.001729988213591382
146,D_01,detail,1,5,0.003472222222222222,0.00013225028966126526,0.00016941118518584654,0.4891289407231913,0.48824387586278895
146,D_02,detail,2,10,0.006944444444444444,7.495068280900951e-05,0.0001275356387495697,0.277205805618649,0.27670420962375686
146,D_03,detail,3,20,0.013888888888888888,3.33197972661614e-05,8.503445643807606e-05,0.12323358371200929,0.12301059605888927
146,D_04,detail,4,40,0.027777777777777776,1.4592351789929195e-05,5.6273821711052054e-05,0.05396995040199707,0.05387229331683698
146,D_05,detail,5,80,0.05555555555555555,7.86988983842153e-06,4.132644914534765e-05,0.029106861619243595,0.02905419358374012
146,D_06,detail,6,160,0.1111111111111111,4.9531203576252155e-06,3.278560523984531e-05,0.018319162249134067,0.01828601424780185
146,D_07,detail,7,320,0.2222222222222222,8.744965544372068e-07,1.3775989913554385e-05,0.00323433373517391,0.0032284813005754092
146,D_08,detail,8,640,0.4444444444444444,1.1680737721650175e-06,1.5921313758815396e-05,0.004320131837359268,0.004312314682079315
146,D_09,detail,9,1280,0.8888888888888888,4.0049380418825036e-07,9.322699068552914e-06,0.0014812301032424517,0.0014785498596391767
146,A_09,approximation,9,2560,1.7777777777777777,4.901303161470867e-07,1.0313345042682314e-05,,0.0018094714638919773
147,D_01,detail,1,5,0.003472222222222222,8.766401810538939e-05,0.000137928639102532,0.4944570698207331,0.49389677235829627
147,D_02,detail,2,10,0.006944444444444444,4.86946441607357e-05,0.00010279792846833967,0.27465557235506666,0.2743443444859
147,D_03,detail,3,20,0.013888888888888888,2.0471709317680866e-05,6.665317135165308e-05,0.11546791514020253,0.1153370718702916
147,D_04,detail,4,40,0.027777777777777776,1.0580712937379548e-05,4.791828108099992e-05,0.05967908417500862,0.05961145840633282
147,D_05,detail,5,80,0.05555555555555555,6.139218929806586e-06,3.6500627045266086e-05,0.03462743630312242,0.03458819798320444
147,D_06,detail,6,160,0.1111111111111111,1.8758256108222793e-06,2.0176228851842412e-05,0.010580341342634048,0.010568352155366199
147,D_07,detail,7,320,0.2222222222222222,1.086761498830299e-06,1.5357159215033256e-05,0.006129731649530472,0.006122785701543732
147,D_08,detail,8,640,0.4444444444444444,3.769447300902059e-07,9.044459175265714e-06,0.0021261059069948326,0.0021236966953215256
147,D_09,detail,9,1280,0.8888888888888888,4.0365175996548433e-07,9.359382361403666e-06,0.002276743306707328,0.002274163399218432
147,A_09,approximation,9,2560,1.7777777777777777,2.0112925708496167e-07,6.606651364294974e-06,,0.0011331569445249686
148,D_01,detail,1,5,0.003472222222222222,0.00010392252022736157,0.0001501753317215379,0.48836610231496913,0.48718615333877363
148,D_02,detail,2,10,0.006944444444444444,5.526146499000619e-05,0.00010951029825170976,0.259691799297597,0.2590643538806136
148,D_03,detail,3,20,0.013888888888888888,2.74703271110109e-05,7.721037828822205e-05,0.12909210199262908,0.12878020054644132
148,D_04,detail,4,40,0.027777777777777776,1.2619411099797227e-05,5.2331515153438914e-05,0.05930276323971994,0.05915948090616203
148,D_05,detail,5,80,0.05555555555555555,6.552596675004105e-06,3.7709474761166376e-05,0.030792806902802977,0.030718407920549876
148,D_06,detail,6,160,0.1111111111111111,3.693586988168583e-06,2.8311829263611044e-05,0.01735738006571411,0.017315442628326683
148,D_07,detail,7,320,0.2222222222222222,1.6586715473892492e-06,1.8972473820993716e-05,0.007794643132662911,0.007775810373508257
148,D_08,detail,8,640,0.4444444444444444,9.29571407892554e-07,1.4203165359407835e-05,0.0043683617785897355,0.004357807311390097
148,D_09,detail,9,1280,0.8888888888888888,6.881921539126408e-07,1.2220771482332977e-05,0.0032340412753151387,0.0032262274576203946
148,A_09,approximation,9,2560,1.7777777777777777,5.153858014989023e-07,1.057572111306807e-05,,0.002416115636614077
149,D_01,detail,1,5,0.003472222222222222,0.00010773316772729613,0.00015290387075159173,0.5099459965809563,0.5087777163724625
149,D_02,detail,2,10,0.006944444444444444,5.122979461771303e-05,0.00010543992107816173,0.24249197551765936,0.24193642928802864
149,D_03,detail,3,20,0.013888888888888888,2.5673996245299204e-05,7.464324328772908e-05,0.12152572766323337,0.12124731366762666
149,D_04,detail,4,40,0.027777777777777776,1.2640796418814375e-05,5.237583784055055e-05,0.05983415937129303,0.05969708002435429
149,D_05,detail,5,80,0.05555555555555555,7.123444570494277e-06,3.9317761997949524e-05,0.0337182329009855,0.03364098483074332
149,D_06,detail,6,160,0.1111111111111111,2.5814677394022735e-06,2.3668847736400186e-05,0.012219163018981245,0.01219116906194433
149,D_07,detail,7,320,0.2222222222222222,2.920483519794375e-06,2.517509654532605e-05,0.013823866042532261,0.013792195729968497
149,D_08,detail,8,640,0.4444444444444444,7.936975699431284e-07,1.3124153163348071e-05,0.003756901489363549,0.003748294472768239
149,D_09,detail,9,1280,0.8888888888888888,5.670274714669138e-07,1.1092918312593331e-05,0.0026839774149954093,0.0026778284546839118
149,A_09,approximation,9,2560,1.7777777777777777,4.851144164101921e-07,1.0260436933251898e-05,,0.0022909880974195315
150,D_01,detail,1,5,0.003472222222222222,0.00010633601751942247,0.00015190915933822717,0.5151439275117673,0.5146044007761642
150,D_02,detail,2,10,0.006944444444444444,5.3514904610102066e-05,0.0001077658459947129,0.2592524977365288,0.25898097429166095
150,D_03,detail,3,20,0.013888888888888888,2.0734640714857263e-05,6.707984060986629e-05,0.10044878962526507,0.1003435863904651
150,D_04,detail,4,40,0.027777777777777776,1.2580118663424984e-05,5.224998061084374e-05,0.06094427728269156,0.06088044838901743
150,D_05,detail,5,80,0.05555555555555555,7.067957763125028e-06,3.916433327248371e-05,0.034240660939916,0.03420479959896797
150,D_06,detail,6,160,0.1111111111111111,2.873489849070679e-06,2.4971728150642167e-05,0.01392059700040104,0.013906017513278773
150,D_07,detail,7,320,0.2222222222222222,1.6378857799905354e-06,1.8853221546238647e-05,0.007934723654343053,0.007926413364106656
150,D_08,detail,8,640,0.4444444444444444,8.912741357804656e-07,1.3907511145844983e-05,0.004317769928817801,0.004313247790071
150,D_09,detail,9,1280,0.8888888888888888,7.837264986102949e-07,1.304145449283524e-05,0.003796756320269475,0.003792779855763236
150,A_09,approximation,9,2560,1.7777777777777777,2.164169544147445e-07,6.853136865628258e-06,,0.0010473320305047183
151,D_01,detail,1,5,0.003472222222222222,6.564631834165318e-05,0.00011935729066362119,0.5450567153880862,0.5437517073023173
151,D_02,detail,2,10,0.006944444444444444,2.670921409229624e-05,7.613324122441604e-05,0.22176470625477507,0.2212337436473433
151,D_03,detail,3,20,0.013888888888888888,1.4766289906255385e-05,5.660821492519639e-05,0.12260345557970136,0.12230991089644615
151,D_04,detail,4,40,0.027777777777777776,7.64066027228682e-06,4.0720135060775514e-05,0.06343985918196454,0.06328796759553842
151,D_05,detail,5,80,0.05555555555555555,2.9071437857931138e-06,2.5117535279444332e-05,0.024137808228612632,0.024080016013560936
151,D_06,detail,6,160,0.1111111111111111,1.7437673722648909e-06,1.945306502258096e-05,0.014478376553899521,0.014443711540262924
151,D_07,detail,7,320,0.2222222222222222,6.898755765801003e-07,1.2235709285656964e-05,0.005727987879536919,0.005714273581030094
151,D_08,detail,8,640,0.4444444444444444,1.7549331407810257e-07,6.171262963291082e-06,0.0014571085136283592,0.0014536198154095439
151,D_09,detail,9,1280,0.8888888888888888,1.606640779202352e-07,5.904772337204688e-06,0.0013339824197954194,0.0013307885175922933
151,A_09,approximation,9,2560,1.7777777777777777,2.890555075582577e-07,7.920167914884703e-06,,0.0023942610904991437
152,D_01,detail,1,5,0.003472222222222222,9.472882968422544e-05,0.00014337877011491967,0.4887779260508213,0.4880671556713524
152,D_02,detail,2,10,0.006944444444444444,4.545493690425695e-05,9.931944737457954e-05,0.23453651716055524,0.2341954591863369
152,D_03,detail,3,20,0.013888888888888888,2.8675282733968174e-05,7.888557929740291e-05,0.14795754650776452,0.1477423898162046
152,D_04,detail,4,40,0.027777777777777776,1.201045307226996e-05,5.105325776608979e-05,0.061971042639961935,0.061880925678565624
152,D_05,detail,5,80,0.05555555555555555,6.79559248750147e-06,3.840231702666926e-05,0.03506361910518381,0.035012630342130806
152,D_06,detail,6,160,0.1111111111111111,3.188331812030551e-06,2.63042256224529e-05,0.016451023577943112,0.016427100852206247
152,D_07,detail,7,320,0.2222222222222222,1.909390042572057e-06,2.0355936690417448e-05,0.009851992346379323,0.00983766579036003
152,D_08,detail,8,640,0.4444444444444444,4.5203078037160784e-07,9.904390821545859e-06,0.0023323698611887413,0.0023289781789483147
152,D_09,detail,9,1280,0.8888888888888888,5.92656126853141e-07,1.1340838190461356e-05,0.003057962750201999,0.0030535159263408553
152,A_09,approximation,9,2560,1.7777777777777777,2.8224114511357255e-07,7.826253797670352e-06,,0.0014541785575542248
153,D_01,detail,1,5,0.003472222222222222,9.404872149456595e-05,0.00014286314709036684,0.481088790570153,0.4791637652404356
153,D_02,detail,2,10,0.006944444444444444,4.9648508655032234e-05,0.00010379988410765304,0.2539677371780254,0.25295151244657965
153,D_03,detail,3,20,0.013888888888888888,2.3729221607899155e-05,7.176050906617405e-05,0.12138243181939422,0.12089673300367641
153,D_04,detail,4,40,0.027777777777777776,1.326719912476688e-05,5.365786500345428e-05,0.06786589631158653,0.06759433818762992
153,D_05,detail,5,80,0.05555555555555555,7.69915818598854e-06,4.0875717230552616e-05,0.039383615654142966,0.03922602632926963
153,D_06,detail,6,160,0.1111111111111111,4.2650364974929905e-06,3.042321739353022e-05,0.021817003120398814,0.021729704716344295
153,D_07,detail,7,320,0.2222222222222222,1.4669443156261378e-06,1.784228939114815e-05,0.00750388155653042,0.00747385557722959
153,D_08,detail,8,640,0.4444444444444444,1.1153547231942671e-06,1.555787472539158e-05,0.005705390209576014,0.005682560701001642
153,D_09,detail,9,1280,0.8888888888888888,2.512560225528713e-07,7.384175415099032e-06,0.0012852535801926035,0.0012801107754848724
153,A_09,approximation,9,2560,1.7777777777777777,7.853805426216172e-07,1.3055209144704764e-05,,0.0040013930223484675
154,D_01,detail,1,5,0.003472222222222222,9.099848696338598e-05,0.00014052734801073152,0.4748674829515408,0.4739663789415059
154,D_02,detail,2,10,0.006944444444444444,4.453771501787984e-05,9.831227155475136e-05,0.232416091000099,0.23197506044080463
154,D_03,detail,3,20,0.013888888888888888,2.667017705851777e-05,7.607758435192438e-05,0.13917593876858692,0.1389118398335635
154,D_04,detail,4,40,0.027777777777777776,1.5377161235623115e-05,5.776727066266888e-05,0.08024434355527715,0.08009207265369668
154,D_05,detail,5,80,0.05555555555555555,8.977214553648801e-06,4.4138194816703334e-05,0.04684679296615553,0.0467578969382854
154,D_06,detail,6,160,0.1111111111111111,2.545230317087792e-06,2.3502134567505173e-05,0.013282057257652441,0.013256853352381873
154,D_07,detail,7,320,0.2222222222222222,1.2332969711468857e-06,1.63597852022413e-05,0.006435850176892754,0.0064236375689324535
154,D_08,detail,8,640,0.4444444444444444,8.385180412700962e-07,1.3489627905895602e-05,0.004375731563840176,0.004367428217326523
154,D_09,detail,9,1280,0.8888888888888888,4.5142321505231997e-07,9.897732438959398e-06,0.0023557117599552987,0.00235124158377017
154,A_09,approximation,9,2560,1.7777777777777777,3.643251278866366e-07,8.89177219808407e-06,,0.0018975904697328496
155,D_01,detail,1,5,0.003472222222222222,0.00011046886864909814,0.0001548330674846192,0.5058844029336934,0.504913738317773
155,D_02,detail,2,10,0.006944444444444444,5.1887741256949627e-05,0.00010611484587856254,0.23761625629325414,0.23716033060980987
155,D_03,detail,3,20,0.013888888888888888,2.9276589445576725e-05,7.970838430797606e-05,0.13407007922436404,0.1338128325466605
155,D_04,detail,4,40,0.027777777777777776,1.2175632722343318e-05,5.1403126429805145e-05,0.055757452442533675,0.055650467949938186
155,D_05,detail,5,80,0.05555555555555555,9.73392370614512e-06,4.596081632889366e-05,0.04457581798838807,0.04449028823298126
155,D_06,detail,6,160,0.1111111111111111,2.6679688497361878e-06,2.4062134059880595e-05,0.012217775424873085,0.012194332594413375
155,D_07,detail,7,320,0.2222222222222222,1.084762038151813e-06,1.5343025399782214e-05,0.004967591346831869,0.00495805979156201
155,D_08,detail,8,640,0.4444444444444444,8.645488558762554e-07,1.3697412505584611e-05,0.0039591405896555075,0.003951543997118661
155,D_09,detail,9,1280,0.8888888888888888,2.0777342313511204e-07,6.7148878294657534e-06,0.0009514837564062796,0.000949658098984128
155,A_09,approximation,9,2560,1.7777777777777777,4.197982532761424e-07,9.544739466963904e-06,,0.001918747860759039
156,D_01,detail,1,5,0.003472222222222222,0.00010718339473808318,0.00015251322997177752,0.4927527813450576,0.49177135515431125
156,D_02,detail,2,10,0.006944444444444444,5.40975286526432e-05,0.0001083508886543539,0.24870184204020668,0.2482064972939044
156,D_03,detail,3,20,0.013888888888888888,2.7346124689834398e-05,7.703563373518402e-05,0.12571797182625444,0.1254675766689486
156,D_04,detail,4,40,0.027777777777777776,1.704342311116536e-05,6.0816605703810535e-05,0.07835350020578714,0.07819744187359733
156,D_05,detail,5,80,0.05555555555555555,7.604218348742476e-06,4.062291220260864e-05,0.03495877090340595,0.034889142776158746
156,D_06,detail,6,160,0.1111111111111111,2.3785983613139835e-06,2.2719790502852048e-05,0.01093509830607948,0.01091331863829825
156,D_07,detail,7,320,0.2222222222222222,1.0349788371267333e-06,1.4986820288592651e-05,0.004758094309978669,0.004748617512382302
156,D_08,detail,8,640,0.4444444444444444,5.84316055360203e-07,1.1260759277861015e-05,0.002686268354971323,0.0026809180571774767
156,D_09,detail,9,1280,0.8888888888888888,2.4703108899820417e-07,7.3218288220879285e-06,0.0011356727082587313,0.0011334107647807898
156,A_09,approximation,9,2560,1.7777777777777777,4.341030518117046e-07,9.705997705140509e-06,,0.0019917212604408496
157,D_01,detail,1,5,0.003472222222222222,0.0001084470268479453,0.0001534096184556573,0.4946584469469299,0.4942068821766723
157,D_02,detail,2,10,0.006944444444444444,5.816704894001853e-05,0.00011235238090785502,0.2653168365094813,0.2650746335569929
157,D_03,detail,3,20,0.013888888888888888,2.6184213263897426e-05,7.538128380370294e-05,0.11943381615991351,0.11932478718428778
157,D_04,detail,4,40,0.027777777777777776,1.3880528493392194e-05,5.488412765257429e-05,0.06331312961646289,0.06325533220290207
157,D_05,detail,5,80,0.05555555555555555,6.839739360658299e-06,3.852685346148657e-05,0.031198041550819372,0.03116956142164674
157,D_06,detail,6,160,0.1111111111111111,3.098016229543252e-06,2.5928990528249913e-05,0.014130953528776094,0.014118053636288406
157,D_07,detail,7,320,0.2222222222222222,2.014979789047812e-06,2.0911207522612813e-05,0.009190909165978004,0.009182518950847526
157,D_08,detail,8,640,0.4444444444444444,3.502507932759953e-07,8.718330501606487e-06,0.0015975957892027412,0.001596137372834905
157,D_09,detail,9,1280,0.8888888888888888,2.5437331970778797e-07,7.429841407416696e-06,0.001160270732436159,0.0011592115422212482
157,A_09,approximation,9,2560,1.7777777777777777,2.0031961813252063e-07,6.593340530541061e-06,,0.0009128819553061848
158,D_01,detail,1,5,0.003472222222222222,0.0001161572174754416,0.0001587694223925312,0.47802246745863974,0.47729885983613607
158,D_02,detail,2,10,0.006944444444444444,6.568287470855138e-05,0.00011939051919605836,0.2703051133658283,0.26989593837145387
158,D_03,detail,3,20,0.013888888888888888,2.911826930286962e-05,7.949257109396886e-05,0.11983058171332098,0.1196491878913992
158,D_04,detail,4,40,0.027777777777777776,1.5308725851968588e-05,5.7638581966158504e-05,0.0630000878503574,0.06290472132076878
158,D_05,detail,5,80,0.05555555555555555,8.682217555702446e-06,4.340693257928244e-05,0.03572998001494891,0.035675893674555384
158,D_06,detail,6,160,0.1111111111111111,4.147164747939985e-06,2.999987249661846e-05,0.0170668510218652,0.017041016036415224
158,D_07,detail,7,320,0.2222222222222222,2.5446075882592553e-06,2.3499259316504372e-05,0.010471838293740456,0.010455986524154685
158,D_08,detail,8,640,0.4444444444444444,9.152137588539797e-07,1.4093051371988959e-05,0.003766384463814934,0.003760683090568222
158,D_09,detail,9,1280,0.8888888888888888,4.3901860952095894e-07,9.760795856216637e-06,0.001806695817484087,0.0018039609274860765
158,A_09,approximation,9,2560,1.7777777777777777,3.6839237017855433e-07,8.941267297729289e-06,,0.0015137523270625098
159,D_01,detail,1,5,0.003472222222222222,0.00010178281108929593,0.00014862127592148855,0.4899582686287092,0.48925961390246414
159,D_02,detail,2,10,0.006944444444444444,5.529236746349534e-05,0.00010954091331154125,0.2661643193076006,0.26578478298471636
159,D_03,detail,3,20,0.013888888888888888,2.542782580593035e-05,7.428452977662435e-05,0.12240351168858868,0.12222897071760032
159,D_04,detail,4,40,0.027777777777777776,1.493215019278112e-05,5.6925249079897774e-05,0.07187982309645888,0.07177732624857722
159,D_05,detail,5,80,0.05555555555555555,5.993102350465384e-06,3.606364440241216e-05,0.02884937073286899,0.028808233047269507
159,D_06,detail,6,160,0.1111111111111111,2.4766909747515868e-06,2.318353596858889e-05,0.011922201881936956,0.011905201448991156
159,D_07,detail,7,320,0.2222222222222222,1.0874820881926445e-06,1.53622497394e-05,0.005234880382976924,0.005227415718830872
159,D_08,detail,8,640,0.4444444444444444,3.9771288041152714e-07,9.290275498568764e-06,0.0019144953083169622,0.0019117653386824598
159,D_09,detail,9,1280,0.8888888888888888,3.475719893797815e-07,8.684926544545669e-06,0.0016731289725428222,0.0016707431786107058
159,A_09,approximation,9,2560,1.7777777777777777,2.966460589930161e-07,8.023485208164665e-06,,0.0014259474142572007
160,D_01,detail,1,5,0.003472222222222222,0.0001581557969867776,0.00018526198896271794,0.46576243891507113,0.46456769331797076
160,D_02,detail,2,10,0.006944444444444444,8.333688712383269e-05,0.00013448145583178856,0.24542376908025315,0.2447942228931123
160,D_03,detail,3,20,0.013888888888888888,5.064484951984887e-05,0.00010483623298504663,0.1491470377960516,0.1487644548485248
160,D_04,detail,4,40,0.027777777777777776,2.7487117582170003e-05,7.72339710286404e-05,0.08094845189194784,0.08074080782619776
160,D_05,detail,5,80,0.05555555555555555,1.0434444495594964e-05,4.7585915756495895e-05,0.030729017902508888,0.030650193687040247
160,D_06,detail,6,160,0.1111111111111111,3.6541442815381055e-06,2.8160256765478526e-05,0.010761307426872497,0.010733703172872864
160,D_07,detail,7,320,0.2222222222222222,2.753837245935052e-06,2.4446286632276754e-05,0.008109939543658367,0.008089136417959554
160,D_08,detail,8,640,0.4444444444444444,2.131690556845104e-06,2.150828811525169e-05,0.006277742654298082,0.006261639369083794
160,D_09,detail,9,1280,0.8888888888888888,9.64459665600329e-07,1.4467243784093939e-05,0.0028402947893385075,0.002833009037181391
160,A_09,approximation,9,2560,1.7777777777777777,8.732670755585953e-07,1.3766302484893971e-05,,0.002565139430056453
161,D_01,detail,1,5,0.003472222222222222,0.00017806906038001,0.00019657939689564707,0.46686658528742203,0.46595849929073807
161,D_02,detail,2,10,0.006944444444444444,0.0001082389033182475,0.00015326234155252016,0.2837838705927066,0.2832318924321549
161,D_03,detail,3,20,0.013888888888888888,5.089912075332184e-05,0.00010509907771100337,0.13344877908337163,0.1331892124933027
161,D_04,detail,4,40,0.027777777777777776,2.0654746273940223e-05,6.695048030388621e-05,0.05415320798747303,0.05404787646151114
161,D_05,detail,5,80,0.05555555555555555,1.0523475633136193e-05,4.7788496228426646e-05,0.027590751159763095,0.027537085346968315
161,D_06,detail,6,160,0.1111111111111111,7.2574401007400336e-06,3.968583248011517e-05,0.01902776524192222,0.018990754995935687
161,D_07,detail,7,320,0.2222222222222222,3.4790308266747933e-06,2.7477227102839597e-05,0.009121423107939727,0.0091036813443285
161,D_08,detail,8,640,0.4444444444444444,9.905826930964418e-07,1.4661862176916257e-05,0.002597138202357083,0.0025920865989497383
161,D_09,detail,9,1280,0.8888888888888888,1.300801706806885e-06,1.6801548650867465e-05,0.0034104793370446523,0.0034038457320158333
161,A_09,approximation,9,2560,1.7777777777777777,7.433193119240804e-07,1.2700811571189367e-05,,0.0019450653040950755
162,D_01,detail,1,5,0.003472222222222222,0.00021174707175191233,0.00021436430556815442,0.5137533715286057,0.51271837402721
162,D_02,detail,2,10,0.006944444444444444,9.59258144255913e-05,0.0001442817869078819,0.2327409308191758,0.23227205548867702
162,D_03,detail,3,20,0.013888888888888888,5.102495329129622e-05,0.00010522891021063605,0.12379978418878092,0.12355037956311887
162,D_04,detail,4,40,0.027777777777777776,2.47559733198953e-05,7.329658957536876e-05,0.0600644186167054,0.05994341401286971
162,D_05,detail,5,80,0.05555555555555555,1.3324998272236055e-05,5.377461942678602e-05,0.03232990535044928,0.0322647741549916
162,D_06,detail,6,160,0.1111111111111111,9.136517264634563e-06,4.452809385656229e-05,0.02216756297926433,0.022122904640133043
162,D_07,detail,7,320,0.2222222222222222,3.158083196095242e-06,2.6179150402930956e-05,0.007662329760397795,0.0076468933806164135
162,D_08,detail,8,640,0.4444444444444444,2.374999807191703e-06,2.2702597742748135e-05,0.005762366148581727,0.005750757398359488
162,D_09,detail,9,1280,0.8888888888888888,7.086342237375253e-07,1.2400946282160864e-05,0.0017193306080390788,0.0017158668781990219
162,A_09,approximation,9,2560,1.7777777777777777,8.319996589529181e-07,1.3437093493148064e-05,,0.0020145804558247965
163,D_01,detail,1,5,0.003472222222222222,0.0002289388377039652,0.0002228966296017947,0.4356950712383312,0.43483611172383957
163,D_02,detail,2,10,0.006944444444444444,0.00017514485022069465,0.00019495862398276952,0.3333193649415069,0.33266223600252887
163,D_03,detail,3,20,0.013888888888888888,5.116952122351005e-05,0.00010537787620414662,0.09738106656912748,0.09718908277315948
163,D_04,detail,4,40,0.027777777777777776,3.268177406500053e-05,8.421638133780028e-05,0.06219690823213621,0.062074288928809895
163,D_05,detail,5,80,0.05555555555555555,1.882369843934426e-05,6.391403602960626e-05,0.03582350952224177,0.03575288456828222
163,D_06,detail,6,160,0.1111111111111111,8.573553423004029e-06,4.3134442965253986e-05,0.016316388284593274,0.016284221023854344
163,D_07,detail,7,320,0.2222222222222222,7.0738205025950135e-06,3.9180572948466416e-05,0.013462236284219248,0.0134356958969025
163,D_08,detail,8,640,0.4444444444444444,2.6668496441212766e-06,2.4057086530847988e-05,0.005075299836980055,0.005065294038494703
163,D_09,detail,9,1280,0.8888888888888888,3.8366478962206014e-07,9.124723997229762e-06,0.0007301550908639369,0.0007287156124218938
163,A_09,approximation,9,2560,1.7777777777777777,1.0379678874289239e-06,1.5008445881993753e-05,,0.00197146943170658
164,D_01,detail,1,5,0.003472222222222222,0.0003024999542480196,0.00025621610304599066,0.5581653737942299,0.5574990846286997
164,D_02,detail,2,10,0.006944444444444444,0.00012219022032443393,0.00016284033559531728,0.22546234815449887,0.22519321085780636
164,D_03,detail,3,20,0.013888888888888888,5.877110830995046e-05,0.00011293425861381675,0.10844298380035022,0.10831353401973631
164,D_04,detail,4,40,0.027777777777777776,3.278757533224338e-05,8.435258875747406e-05,0.06049881655890501,0.060426598345642187
164,D_05,detail,5,80,0.05555555555555555,1.2978180668733261e-05,5.3070193683690334e-05,0.023947015404151832,0.02391842954472793
164,D_06,detail,6,160,0.1111111111111111,7.348944795482449e-06,3.9935236186823866e-05,0.013560089716246547,0.013543902863235341
164,D_07,detail,7,320,0.2222222222222222,3.1978004485053962e-06,2.6343255516750186e-05,0.005900501661550436,0.005893458157039292
164,D_08,detail,8,640,0.4444444444444444,1.79172893759703e-06,1.9718774418880317e-05,0.0033060535651249015,0.003302107086581936
164,D_09,detail,9,1280,0.8888888888888888,3.8848202384041966e-07,9.181829597473236e-06,0.0007168173449422806,0.0007159616708839768
164,A_09,approximation,9,2560,1.7777777777777777,6.477106153169293e-07,1.185589302855512e-05,,0.0011937128256469612
165,D_01,detail,1,5,0.003472222222222222,0.00018962099078354604,0.00020285558563890098,0.511251687937929,0.5097406529971789
165,D_02,detail,2,10,0.006944444444444444,8.097056149895218e-05,0.0001325584265009379,0.21831093735226523,0.2176657063201337
165,D_03,detail,3,20,0.013888888888888888,5.356857066659362e-05,0.00010781986756890744,0.14443032947222983,0.14400345699535486
165,D_04,detail,4,40,0.027777777777777776,2.6786041118874155e-05,7.624265834258774e-05,0.07221989864419316,0.07200644841440722
165,D_05,detail,5,80,0.05555555555555555,9.414729222047091e-06,4.520096239365156e-05,0.02538377310634632,0.02530874984677242
165,D_06,detail,6,160,0.1111111111111111,4.206885569634097e-06,3.021510545367737e-05,0.011342506647337785,0.011308983190566531
165,D_07,detail,7,320,0.2222222222222222,3.858520333622448e-06,2.8937043783984922e-05,0.010403252431895169,0.010372504997132773
165,D_08,detail,8,640,0.4444444444444444,1.6965555093547652e-06,1.9187915697150312e-05,0.004574213351875811,0.0045606939907388185
165,D_09,detail,9,1280,0.8888888888888888,7.727242408096965e-07,1.2949590438960859e-05,0.0020834010559277814,0.002077243439502494
165,A_09,approximation,9,2560,1.7777777777777777,1.0994535669423042e-06,1.5446575485035826e-05,,0.002955559808212321
166,D_01,detail,1,5,0.003472222222222222,0.00031830212984483336,0.0002628231021794761,0.5034651803155152,0.5026284744699356
166,D_02,detail,2,10,0.006944444444444444,0.00016985871782282638,0.00019199401270980293,0.2686691101894919,0.26822261056288155
166,D_03,detail,3,20,0.013888888888888888,7.242745036871472e-05,0.0001253705015815992,0.11456002313730632,0.114369636503282
166,D_04,detail,4,40,0.027777777777777776,4.0866574171507795e-05,9.417331992940001e-05,0.06463952077281244,0.06453209673039469
166,D_05,detail,5,80,0.05555555555555555,1.5648686404916446e-05,5.827505720918345e-05,0.024751856754439163,0.02471072178811953
166,D_06,detail,6,160,0.1111111111111111,7.716713575074645e-06,4.0922292486719624e-05,0.012205688329550468,0.012185403767332566
166,D_07,detail,7,320,0.2222222222222222,3.945345203990597e-06,2.926080493983592e-05,0.0062404355745353845,0.006230064631065363
166,D_08,detail,8,640,0.4444444444444444,2.8366146182704457e-06,2.4810980826842388e-05,0.004486733063864033,0.004479276588364103
166,D_09,detail,9,1280,0.8888888888888888,6.204961740817941e-07,1.1604149593062265e-05,0.0009814518624850746,0.000979820793361324
166,A_09,approximation,9,2560,1.7777777777777777,1.0524363008638142e-06,1.5112686540066032e-05,,0.001661894165263147
167,D_01,detail,1,5,0.003472222222222222,0.00032759874195228955,0.00026663360063235457,0.5245931575511624,0.5236736813774627
167,D_02,detail,2,10,0.006944444444444444,0.00016212436051855442,0.00018757195408630718,0.25961433701957803,0.2591593002090435
167,D_03,detail,3,20,0.013888888888888888,7.304091251177052e-05,0.00012590032753004426,0.11696248494918897,0.11675747995326125
167,D_04,detail,4,40,0.027777777777777776,3.178583404831982e-05,8.305400326536187e-05,0.05089955764004058,0.05081034387537704
167,D_05,detail,5,80,0.05555555555555555,1.6373671753084694e-05,5.96096819529098e-05,0.02621962500365135,0.026173668780000364
167,D_06,detail,6,160,0.1111111111111111,8.46784154839809e-06,4.286769442030653e-05,0.013559794854657966,0.013536028040109116
167,D_07,detail,7,320,0.2222222222222222,2.7100539500753683e-06,2.4251172070738157e-05,0.004339686258658119,0.004332079910655421
167,D_08,detail,8,640,0.4444444444444444,1.824262623338217e-06,1.9896992894537426e-05,0.002921243482427463,0.0029161232978787244
167,D_09,detail,9,1280,0.8888888888888888,5.558592856763688e-07,1.0983131851144674e-05,0.000890113240634995,0.0008885531022594222
167,A_09,approximation,9,2560,1.7777777777777777,1.0964765190644711e-06,1.542564855938099e-05,,0.001752741453952413
168,D_01,detail,1,5,0.003472222222222222,0.00034470684157593726,0.0002735071703209996,0.5381939188409265,0.5376504592700472
168,D_02,detail,2,10,0.006944444444444444,0.00015173375642623277,0.0001814616558884444,0.23690329039639627,0.23666406926060937
168,D_03,detail,3,20,0.013888888888888888,7.537750021014818e-05,0.00012789825821850467,0.11768757488265733,0.11756873586069048
168,D_04,detail,4,40,0.027777777777777776,3.163054321090061e-05,8.285087319917385e-05,0.04938505405902046,0.049335185825011854
168,D_05,detail,5,80,0.05555555555555555,2.267624848366961e-05,7.015027347667228e-05,0.0354046324704241,0.03536888144148093
168,D_06,detail,6,160,0.1111111111111111,8.84170378865844e-06,4.3803795766809876e-05,0.01380463233480809,0.013790692638906324
168,D_07,detail,7,320,0.2222222222222222,2.937757929537251e-06,2.5249441041398306e-05,0.004586748105941943,0.00458211648141011
168,D_08,detail,8,640,0.4444444444444444,1.833252394712446e-06,1.9945957773228545e-05,0.002862273594640712,0.0028593833167593996
168,D_09,detail,9,1280,0.8888888888888888,7.505722834773987e-07,1.2762625518663619e-05,0.0011718753151845841,0.001170691974322454
168,A_09,approximation,9,2560,1.7777777777777777,6.474084108840457e-07,1.1853126884722125e-05,,0.0010097839307619844
169,D_01,detail,1,5,0.003472222222222222,0.0002776098444607526,0.0002454489599494516,0.5479700894868285,0.5470963635223058
169,D_02,detail,2,10,0.006944444444444444,0.00011975947532940603,0.0001612124978794366,0.23639151032494457,0.23601458938650968
169,D_03,detail,3,20,0.013888888888888888,5.4294922112414006e-05,0.00010854838642068471,0.10717196786163001,0.1070010845729502
169,D_04,detail,4,40,0.027777777777777776,2.8813814525593732e-05,7.90758998932181e-05,0.05687517513911031,0.05678448895347863
169,D_05,detail,5,80,0.05555555555555555,1.4963299115637738e-05,5.6984592055153095e-05,0.02953584146607379,0.0294887472321584
169,D_06,detail,6,160,0.1111111111111111,7.517552745804266e-06,4.039075830303671e-05,0.014838789520746628,0.014815129405103265
169,D_07,detail,7,320,0.2222222222222222,2.5283292395802153e-06,2.34239740580626e-05,0.004990632815475695,0.00498267536386668
169,D_08,detail,8,640,0.4444444444444444,6.298342724905706e-07,1.1691141297096826e-05,0.0012432208350857767,0.0012412385474680947
169,D_09,detail,9,1280,0.8888888888888888,4.978872752532619e-07,1.0394635820027705e-05,0.0009827725501047727,0.0009812055414108295
169,A_09,approximation,9,2560,1.7777777777777777,8.09076194386016e-07,1.3250689467010082e-05,,0.0015944774747483235
170,D_01,detail,1,5,0.003472222222222222,0.00024201213273011436,0.00022917241125854583,0.5317302844324701,0.5312553345329848
170,D_02,detail,2,10,0.006944444444444444,0.00010891989550083141,0.00015374371564394696,0.23931034515363916,0.23909658936860276
170,D_03,detail,3,20,0.013888888888888888,5.209269792288717e-05,0.00010632421623957493,0.1144540348903955,0.11435180273631593
170,D_04,detail,4,40,0.027777777777777776,2.4471219242460243e-05,7.287382557310209e-05,0.05376626461415247,0.05371823973627394
170,D_05,detail,5,80,0.05555555555555555,1.5801152091871883e-05,5.85582570128408e-05,0.03471706563381842,0.034686055801736344
170,D_06,detail,6,160,0.1111111111111111,7.744340796625596e-06,4.099548161879058e-05,0.017015264846758263,0.01700006654309702
170,D_07,detail,7,320,0.2222222222222222,2.1156158619219983e-06,2.1427039589983293e-05,0.004648267057189773,0.004644115151540936
170,D_08,detail,8,640,0.4444444444444444,1.3971577675406952e-06,1.741271490966657e-05,0.003069726665149982,0.0030669847367442746
170,D_09,detail,9,1280,0.8888888888888888,5.865611722755865e-07,1.1282372138285041e-05,0.0012887467064263052,0.0012875955774863156
170,A_09,approximation,9,2560,1.7777777777777777,4.0690238831981434e-07,9.396992587389846e-06,,0.0008932158152177419
171,D_01,detail,1,5,0.003472222222222222,0.00028046146019483935,0.00024670636830114134,0.539874828344359,0.5380045981771305
171,D_02,detail,2,10,0.006944444444444444,0.00012439564046042302,0.00016430332223403278,0.23945562785597027,0.23862610753863628
171,D_03,detail,3,20,0.013888888888888888,5.6812250690339436e-05,0.00011103624389739155,0.10936085146242872,0.1089820044542323
171,D_04,detail,4,40,0.027777777777777776,2.949176470002091e-05,8.0000765919756e-05,0.05677022929972246,0.056573566314410816
171,D_05,detail,5,80,0.05555555555555555,1.4953186355187706e-05,5.696533263502947e-05,0.02878416489417079,0.028684451014772773
171,D_06,detail,6,160,0.1111111111111111,7.1550140001736876e-06,3.940478921694845e-05,0.013773057989720658,0.013725345469716058
171,D_07,detail,7,320,0.2222222222222222,4.2036770257791755e-06,3.0203580896927056e-05,0.008091876192654213,0.008063844378295708
171,D_08,detail,8,640,0.4444444444444444,9.052538752418384e-07,1.4016157244336566e-05,0.0017425701918713965,0.0017365335938115366
171,D_09,detail,9,1280,0.8888888888888888,1.1152453932074152e-06,1.5557112194920984e-05,0.002146793769102573,0.002139356862880984
171,A_09,approximation,9,2560,1.7777777777777777,1.8058812229658886e-06,1.9796497343400172e-05,,0.003464192196112889
172,D_01,detail,1,5,0.003472222222222222,0.0006524570726555226,0.00037628745218255057,0.4833813648677996,0.48227755181219745
172,D_02,detail,2,10,0.006944444444444444,0.0003456203826613881,0.0002738693544751105,0.25605738568673453,0.2554726724440516
172,D_03,detail,3,20,0.013888888888888888,0.00018440762153703612,0.00020004753207801047,0.1366208008563652,0.13630882394824975
172,D_04,detail,4,40,0.027777777777777776,0.00010355261599513713,0.0001499078246847791,0.0767183113697171,0.07654312324735991
172,D_05,detail,5,80,0.05555555555555555,2.324931993849043e-05,7.103115748651286e-05,0.017224563078725524,0.017185230371705384
172,D_06,detail,6,160,0.1111111111111111,2.187716101909187e-05,6.89031769267683e-05,0.0162079811776744,0.01617096986004993
172,D_07,detail,7,320,0.2222222222222222,1.0438822739779468e-05,4.7595898123486525e-05,0.007733738501799827,0.007716078322596943
172,D_08,detail,8,640,0.4444444444444444,5.884983583959516e-06,3.5736860153101385e-05,0.004359967140000421,0.0043500110494249285
172,D_09,detail,9,1280,0.8888888888888888,2.2890697853765784e-06,2.228811198963756e-05,0.0016958873211834525,0.0016920147214061227
172,A_09,approximation,9,2560,1.7777777777777777,3.0893030875077997e-06,2.5892502331302763e-05,,0.0022835242229579554
173,D_01,detail,1,5,0.003472222222222222,0.0006793760751892849,0.0003839714105176281,0.5038563168332519,0.5030176952161112
173,D_02,detail,2,10,0.006944444444444444,0.00033846270515777764,0.000271018648602163,0.2510193959342807,0.2506015976756915
173,D_03,detail,3,20,0.013888888888888888,0.00017848920566583006,0.00019681117002403722,0.13237574451855874,0.1321554174982763
173,D_04,detail,4,40,0.027777777777777776,7.812105220123554e-05,0.00013020504345946827,0.05793813922323646,0.05784170662055541
173,D_05,detail,5,80,0.05555555555555555,3.83720299356041e-05,9.125384069115287e-05,0.028458449419759172,0.028411082997871852
173,D_06,detail,6,160,0.1111111111111111,1.5811107853609004e-05,5.8576701878420424e-05,0.011726239499901635,0.011706722273256165
173,D_07,detail,7,320,0.2222222222222222,1.2180236188430423e-05,5.141284297562685e-05,0.009033419291887414,0.00901838401210272
173,D_08,detail,8,640,0.4444444444444444,3.259907940736049e-06,2.6597843890791214e-05,0.0024176965722219512,0.0024136725428679172
173,D_09,detail,9,1280,0.8888888888888888,4.280479052741193e-06,3.0478244791043886e-05,0.0031745987069020072,0.00316931488488289
173,A_09,approximation,9,2560,1.7777777777777777,2.247948363810781e-06,2.2087010129304337e-05,,0.0016644062783840016
174,D_01,detail,1,5,0.003472222222222222,0.0007332111212385206,0.0003988947189379097,0.4924921237413146,0.49130911846612035
174,D_02,detail,2,10,0.006944444444444444,0.0003907218163114957,0.0002911907636438487,0.26244476049717996,0.26181434729634195
174,D_03,detail,3,20,0.013888888888888888,0.0001902112279529311,0.0002031710567192003,0.12776338069687865,0.12745648288866018
174,D_04,detail,4,40,0.027777777777777776,9.526804710884362e-05,0.00014378626286937158,0.06399079540155922,0.0638370844184295
174,D_05,detail,5,80,0.05555555555555555,3.980195758678094e-05,9.293856896519307e-05,0.026734660799830813,0.026670442016966903
174,D_06,detail,6,160,0.1111111111111111,2.107043916321471e-05,6.762083956448611e-05,0.014152847701116682,0.01411885143461347
174,D_07,detail,7,320,0.2222222222222222,9.921021676581627e-06,4.640042559918975e-05,0.006663871964912317,0.006647864814122122
174,D_08,detail,8,640,0.4444444444444444,5.882894340323613e-06,3.573051607122491e-05,0.0039514937014563135,0.003942001899113957
174,D_09,detail,9,1280,0.8888888888888888,2.6888294113422873e-06,2.41560205148574e-05,0.0018060654957513772,0.0018017271826985934
174,A_09,approximation,9,2560,1.7777777777777777,3.5847725965376106e-06,2.789167334451174e-05,,0.0024020795829329126
175,D_01,detail,1,5,0.003472222222222222,0.0002513761855064728,0.0002335639603851896,0.50458522468608,0.5037856883858375
175,D_02,detail,2,10,0.006944444444444444,0.00013228565765686907,0.00016943383668069782,0.2655358468307189,0.26511509422408264
175,D_03,detail,3,20,0.013888888888888888,5.6504095058152254e-05,0.00011073469829604932,0.11342017718646318,0.11324045819271551
175,D_04,detail,4,40,0.027777777777777776,3.294141821154464e-05,8.45502529363607e-05,0.06612302146387046,0.06601824678289367
175,D_05,detail,5,80,0.05555555555555555,1.1187897417826378e-05,4.927402081353277e-05,0.022457368906941964,0.022421784270748524
175,D_06,detail,6,160,0.1111111111111111,7.108764927216891e-06,3.927722905262382e-05,0.014269361836377685,0.014246751438349132
175,D_07,detail,7,320,0.2222222222222222,3.5246202458834432e-06,2.765667272857814e-05,0.007074939478132901,0.00706372894191812
175,D_08,detail,8,640,0.4444444444444444,2.197818928700438e-06,2.1839350557901066e-05,0.00441166276639628,0.0044046723030343035
175,D_09,detail,9,1280,0.8888888888888888,1.057343728928397e-06,1.5147880198464425e-05,0.002122396845018619,0.0021190338188377227
175,A_09,approximation,9,2560,1.7777777777777777,7.906457901046808e-07,1.3098897573622177e-05,,0.0015845416415828084
176,D_01,detail,1,5,0.003472222222222222,0.00020438389755617116,0.00021060423650756167,0.4964721260814777,0.4959683059963483
176,D_02,detail,2,10,0.006944444444444444,0.00011307601348991547,0.00015664949865064687,0.274674715070092,0.2743959750743106
176,D_03,detail,3,20,0.013888888888888888,5.110475900545342e-05,0.00010531116983731077,0.12413937036965426,0.12401339369370028
176,D_04,detail,4,40,0.027777777777777776,1.9000386438962252e-05,6.421329886799856e-05,0.04615413623340232,0.046107299000001684
176,D_05,detail,5,80,0.05555555555555555,1.2314483621421753e-05,5.169539612328416e-05,0.02991330500213466,0.029882948969880387
176,D_06,detail,6,160,0.1111111111111111,6.139771138013363e-06,3.650226858084356e-05,0.01491421421643767,0.014899079266696442
176,D_07,detail,7,320,0.2222222222222222,3.1699159203628732e-06,2.622814864470515e-05,0.0077000924011127484,0.007692278344682928
176,D_08,detail,8,640,0.4444444444444444,1.7041062391329992e-06,1.92305673872112e-05,0.004139471150747345,0.004135270413992955
176,D_09,detail,9,1280,0.8888888888888888,7.791187165678525e-07,1.3003060508530661e-05,0.0018925694749411762,0.0018906488947839292
176,A_09,approximation,9,2560,1.7777777777777777,4.181897257707162e-07,9.526435780651709e-06,,0.0010148003456024565
177,D_01,detail,1,5,0.003472222222222222,0.00020729594863773903,0.0002120992691283662,0.5040202893737914,0.502981184664075
177,D_02,detail,2,10,0.006944444444444444,0.00010352633568808372,0.00014988880114967767,0.25171439198024326,0.2511954493588361
177,D_03,detail,3,20,0.013888888888888888,4.983021394941167e-05,0.00010398965579963799,0.12115740331341933,0.12090762124897826
177,D_04,detail,4,40,0.027777777777777776,2.6652286214945697e-05,7.605206295219802e-05,0.06480248696999599,0.0646688880438585
177,D_05,detail,5,80,0.05555555555555555,1.2990601309059117e-05,5.309558276433182e-05,0.03158540566740013,0.031520288162253524
177,D_06,detail,6,160,0.1111111111111111,5.468699696919048e-06,3.444972842264349e-05,0.013296620709922076,0.01326920796187545
177,D_07,detail,7,320,0.2222222222222222,3.1487165472347455e-06,2.6140298830047964e-05,0.0076558033850757995,0.007640019930477221
177,D_08,detail,8,640,0.4444444444444444,1.4614747390605256e-06,1.780899538537755e-05,0.003553436165706468,0.003546110285512143
177,D_09,detail,9,1280,0.8888888888888888,9.106516383629934e-07,1.4057882253888431e-05,0.0022141624344455364,0.0022095976447689784
177,A_09,approximation,9,2560,1.7777777777777777,8.496701649840732e-07,1.3579036297766405e-05,,0.002061632699364802
178,D_01,detail,1,5,0.003472222222222222,0.00021362572061638,0.00021531314032741222,0.5261200045302904,0.5251149999727804
178,D_02,detail,2,10,0.006944444444444444,9.620538714344037e-05,0.00014449188626375914,0.2369357892565685,0.23648318995224696
178,D_03,detail,3,20,0.013888888888888888,4.8864187124858426e-05,0.00010297673171818914,0.12034331014693485,0.12011342803995914
178,D_04,detail,4,40,0.027777777777777776,2.431343370053355e-05,7.263850769113415e-05,0.05987941813262537,0.05976503531576584
178,D_05,detail,5,80,0.05555555555555555,1.3244107226248456e-05,5.361114822524895e-05,0.03261774721587159,0.03255544016743133
178,D_06,detail,6,160,0.1111111111111111,5.258927393893913e-06,3.378254408911839e-05,0.01295174989377091,0.012927009211875362
178,D_07,detail,7,320,0.2222222222222222,2.490775201060745e-06,2.3249361555324404e-05,0.006134311244380814,0.0061225933649907485
178,D_08,detail,8,640,0.4444444444444444,1.6106880754151323e-06,1.8696033885099742e-05,0.003966822043194164,0.003959244543388202
178,D_09,detail,9,1280,0.8888888888888888,4.2668604174062094e-07,9.622722964563562e-06,0.0010508475363634386,0.0010488401871765623
178,A_09,approximation,9,2560,1.7777777777777777,7.771097048041837e-07,1.2986285039719879e-05,,0.0019102192443853456
179,D_01,detail,1,5,0.003472222222222222,0.00019913583937807114,0.0002078827624421716,0.4971377053529435,0.49634997470207853
179,D_02,detail,2,10,0.006944444444444444,0.00010864934882283783,0.00015355265453026026,0.27124041624335116,0.270810627097753
179,D_03,detail,3,20,0.013888888888888888,4.930285576533012e-05,0.00010343792565090557,0.12308336188539669,0.12288833234785679
179,D_04,detail,4,40,0.027777777777777776,2.3441865055387628e-05,7.13246822529075e-05,0.058522037214523016,0.0584293071681625
179,D_05,detail,5,80,0.05555555555555555,9.157919892162303e-06,4.458021769721471e-05,0.02286252085618794,0.02282629445806818
179,D_06,detail,6,160,0.1111111111111111,5.9600548497756526e-06,3.596407486563358e-05,0.014879129749064308,0.014855553290398367
179,D_07,detail,7,320,0.2222222222222222,2.7277546455500307e-06,2.433024133800454e-05,0.006809772110785119,0.006798981808300896
179,D_08,detail,8,640,0.4444444444444444,1.1715645467878472e-06,1.5945086339771864e-05,0.0029247819592996315,0.0029201475484077807
179,D_09,detail,9,1280,0.8888888888888888,1.0175444649240928e-06,1.4860056576290043e-05,0.0025402746284487127,0.002536249481764208
179,A_09,approximation,9,2560,1.7777777777777777,6.357150101372689e-07,1.1745594347453352e-05,,0.0015845320972097804
180,D_01,detail,1,5,0.003472222222222222,0.00018188459750025343,0.0001986743159860385,0.5246523288408046,0.5244330058477753
180,D_02,detail,2,10,0.006944444444444444,7.097007462206052e-05,0.000124102747304272,0.20471560231161332,0.20463002404167982
180,D_03,detail,3,20,0.013888888888888888,5.219438020570959e-05,0.00010642793536748837,0.1505564709913921,0.15049353312945463
180,D_04,detail,4,40,0.027777777777777776,2.385706017715915e-05,7.195355033979596e-05,0.06881650427394946,0.06878773657225923
180,D_05,detail,5,80,0.05555555555555555,1.0188475483497739e-05,4.702170441958636e-05,0.029389005244092114,0.02937671961370803
180,D_06,detail,6,160,0.1111111111111111,3.9462743952925256e-06,2.9264250428553254e-05,0.011383163171538903,0.011378404611861032
180,D_07,detail,7,320,0.2222222222222222,2.427889321685712e-06,2.295399101443631e-05,0.007003329607326181,0.007000401971011208
180,D_08,detail,8,640,0.4444444444444444,5.926669303184705e-07,1.1340941555455236e-05,0.0017095679870203586,0.0017088533279078588
180,D_09,detail,9,1280,0.8888888888888888,6.150135493504966e-07,1.1552769454287133e-05,0.0017740275722628882,0.001773285966792986
180,A_09,approximation,9,2560,1.7777777777777777,1.4498346189458726e-07,5.609226764030709e-06,,0.00041803491754978785
181,D_01,detail,1,5,0.003472222222222222,0.00015147464577116543,0.0001813066516895271,0.4938235897432283,0.4923808111248973
181,D_02,detail,2,10,0.006944444444444444,7.208941077897795e-05,0.00012507758944293174,0.23501921019263905,0.2343325668276688
181,D_03,detail,3,20,0.013888888888888888,4.3267795609148405e-05,9.690052935248025e-05,0.14105765383511656,0.14064553304718283
181,D_04,detail,4,40,0.027777777777777776,2.2245664985594765e-05,6.94810641070163e-05,0.07252325353516573,0.07231136612900364
181,D_05,detail,5,80,0.05555555555555555,8.569654399417662e-06,4.312463365237324e-05,0.02793799237380266,0.02785636739906831
181,D_06,detail,6,160,0.1111111111111111,4.677951060106224e-06,3.18618949779443e-05,0.015250622131407163,0.015206065184383062
181,D_07,detail,7,320,0.2222222222222222,2.1623494791025567e-06,2.1662406828349177e-05,0.00704949119777439,0.007028895067128727
181,D_08,detail,8,640,0.4444444444444444,1.4672308286885738e-06,1.784403172019638e-05,0.004783329851119206,0.004769354645849632
181,D_09,detail,9,1280,0.8888888888888888,7.836727290414091e-07,1.3041007113925086e-05,0.002554857139746942,0.0025473927469340475
181,A_09,approximation,9,2560,1.7777777777777777,8.988075079240241e-07,1.3966163132984065e-05,,0.002921647827883701
182,D_01,detail,1,5,0.003472222222222222,0.000154724704166136,0.00018324139750142718,0.47706991870974164,0.4757064172590434
182,D_02,detail,2,10,0.006944444444444444,7.407740985866453e-05,0.00012679048383946212,0.22840634331770823,0.22775354093330166
182,D_03,detail,3,20,0.013888888888888888,4.2862963093657786e-05,9.644614201851516e-05,0.13216137932823716,0.1317836522375673
182,D_04,detail,4,40,0.027777777777777776,3.3514467500317055e-05,8.528250070374393e-05,0.10333672552256803,0.10304138144482468
182,D_05,detail,5,80,0.05555555555555555,9.170166772226271e-06,4.4610016285588744e-05,0.028274804208921273,0.028193992707199803
182,D_06,detail,6,160,0.1111111111111111,5.057027035418926e-06,3.312770899371869e-05,0.0155925680369037,0.015548003313150148
182,D_07,detail,7,320,0.2222222222222222,3.068183952876587e-06,2.5803847221688313e-05,0.009460275118145806,0.009433236945455139
182,D_08,detail,8,640,0.4444444444444444,1.3499414708372995e-06,1.7115958879326304e-05,0.0041623376901968115,0.0041504414182745985
182,D_09,detail,9,1280,0.8888888888888888,4.98045849551375e-07,1.0396291004782154e-05,0.001535648067577316,0.0015312590707326468
182,A_09,approximation,9,2560,1.7777777777777777,9.295959478919302e-07,1.4203352834714087e-05,,0.002858074670450592
183,D_01,detail,1,5,0.003472222222222222,0.0002128229110364946,0.0002149081840430553,0.49400037388003665,0.492712916685722
183,D_02,detail,2,10,0.006944444444444444,0.00010487123736483576,0.00015085925577548354,0.24342506272084227,0.24279065156480426
183,D_03,detail,3,20,0.013888888888888888,5.135265743869785e-05,0.00010556628200117095,0.1191987829266186,0.1188881286462846
183,D_04,detail,4,40,0.027777777777777776,3.276830422311769e-05,8.432779572449982e-05,0.07606114613693589,0.07586291659100927
183,D_05,detail,5,80,0.05555555555555555,1.3482556015901473e-05,5.409160667953082e-05,0.03129544502646029,0.031213883254488067
183,D_06,detail,6,160,0.1111111111111111,9.946968543742345e-06,4.646106247529187e-05,0.023088708615300678,0.023028535130449383
183,D_07,detail,7,320,0.2222222222222222,2.6811489239537766e-06,2.412149569735403e-05,0.006223430383555378,0.00620721096218593
183,D_08,detail,8,640,0.4444444444444444,1.9003337990176155e-06,2.0307605174215123e-05,0.004411017604446704,0.004399521669120808
183,D_09,detail,9,1280,0.8888888888888888,9.891659806774864e-07,1.4651373868119429e-05,0.0022960327058034586,0.0022900488159487793
183,A_09,approximation,9,2560,1.7777777777777777,1.125718886507571e-06,1.5629991470140914e-05,,0.0026061866799868966
184,D_01,detail,1,5,0.003472222222222222,0.00022331656899478343,0.00022014267439749574,0.49481540885701386,0.49323796309067747
184,D_02,detail,2,10,0.006944444444444444,0.00011350208512327682,0.00015694434965808743,0.251493119875533,0.25069137290058174
184,D_03,detail,3,20,0.013888888888888888,5.573755017923626e-05,0.00010998100982231271,0.12350090638044581,0.12310719191961576
184,D_04,detail,4,40,0.027777777777777776,3.154163184888509e-05,8.273434709616187e-05,0.06988861386137482,0.06966581259836362
184,D_05,detail,5,80,0.05555555555555555,1.3400712940855058e-05,5.392718080132332e-05,0.02969273297835579,0.02959807409124502
184,D_06,detail,6,160,0.1111111111111111,8.265642842529128e-06,4.235279562701683e-05,0.018314661831866315,0.018256275643296935
184,D_07,detail,7,320,0.2222222222222222,2.960701001258466e-06,2.53478448417282e-05,0.006560196061740945,0.006539282498180275
184,D_08,detail,8,640,0.4444444444444444,1.614614567174916e-06,1.8718808356283758e-05,0.003577594671095853,0.003566189485512357
184,D_09,detail,9,1280,0.8888888888888888,9.733760490750737e-07,1.4533964419974465e-05,0.002156765482573567,0.002149889826483299
184,A_09,approximation,9,2560,1.7777777777777777,1.4433633473454441e-06,1.7698301983159825e-05,,0.0031879479460435334
185,D_01,detail,1,5,0.003472222222222222,0.0002193749290212899,0.00021819121538603264,0.4910513258619662,0.48968430961603415
185,D_02,detail,2,10,0.006944444444444444,9.55732348844598e-05,0.00014401638578983935,0.21393221147151462,0.21333665497220902
185,D_03,detail,3,20,0.013888888888888888,6.762087859106563e-05,0.00012113905164368162,0.15136334054321818,0.15094196677908486
185,D_04,detail,4,40,0.027777777777777776,3.0267187780148808e-05,8.104566691625376e-05,0.06775041594708743,0.06756180853602761
185,D_05,detail,5,80,0.05555555555555555,1.8875971622538402e-05,6.40027187575916e-05,0.04225218867777177,0.0421345646631185
185,D_06,detail,6,160,0.1111111111111111,8.404739480310994e-06,4.270767143875053e-05,0.01881326404864885,0.018760890628114105
185,D_07,detail,7,320,0.2222222222222222,3.5570558684403968e-06,2.7783637756875798e-05,0.007962154144757493,0.00793998865309653
185,D_08,detail,8,640,0.4444444444444444,2.119549544634965e-06,2.1446950584498192e-05,0.004744423707697783,0.0047312159146536996
185,D_09,detail,9,1280,0.8888888888888888,9.518695568388065e-07,1.4372505496416853e-05,0.002130675597337635,0.002124744103005024
185,A_09,approximation,9,2560,1.7777777777777777,1.2471468453310769e-06,1.6451388601598548e-05,,0.002783856134656551
186,D_01,detail,1,5,0.003472222222222222,0.00021631505698881427,0.00021666419118618612,0.4930363380118143,0.49156932827416877
186,D_02,detail,2,10,0.006944444444444444,9.395465257848938e-05,0.00014279168230419602,0.2141462480296323,0.21350906450598664
186,D_03,detail,3,20,0.013888888888888888,6.255738778739272e-05,0.00011651532947416138,0.14258399678518915,0.14215974385373226
186,D_04,detail,4,40,0.027777777777777776,3.228812262036941e-05,8.370765230710791e-05,0.0735927399582108,0.07337376772875188
186,D_05,detail,5,80,0.05555555555555555,1.764082218498419e-05,6.1873285233296e-05,0.040207863893875546,0.04008822701660175
186,D_06,detail,6,160,0.1111111111111111,8.185546675053587e-06,4.214709143742772e-05,0.018656916506287837,0.018601403603730728
186,D_07,detail,7,320,0.2222222222222222,3.820603718983284e-06,2.8794514598442426e-05,0.00870811534260994,0.008682204696640793
186,D_08,detail,8,640,0.4444444444444444,2.5817810257649627e-06,2.3670283915931366e-05,0.0058845273196001585,0.005867018145906986
186,D_09,detail,9,1280,0.8888888888888888,1.39662282550052e-06,1.740938111113821e-05,0.003183254152780019,0.0031737825084416724
186,A_09,approximation,9,2560,1.7777777777777777,1.3093508691576774e-06,1.6856670016226643e-05,,0.0029754596660385097
187,D_01,detail,1,5,0.003472222222222222,0.0001477311888485468,0.00017905228231497637,0.5259920354635953,0.525273210263439
187,D_02,detail,2,10,0.006944444444444444,6.847534100930329e-05,0.00012190201001387024,0.243804197862864,0.24347101296744397
187,D_03,detail,3,20,0.013888888888888888,2.5620179479133e-05,7.456497021254659e-05,0.09121980577159866,0.09109514400731131
187,D_04,detail,4,40,0.027777777777777776,2.1693531959414666e-05,6.861339325706006e-05,0.07723910651951217,0.07713355089801908
187,D_05,detail,5,80,0.05555555555555555,8.323619668757856e-06,4.2501071444719924e-05,0.029635973866582937,0.02959547309202711
187,D_06,detail,6,160,0.1111111111111111,3.840607843396119e-06,2.8869798125247784e-05,0.013674357816455391,0.013655670322478875
187,D_07,detail,7,320,0.2222222222222222,2.8648689386053957e-06,2.493424050424918e-05,0.010200271561466587,0.01018633178338543
187,D_08,detail,8,640,0.4444444444444444,1.3383537600623668e-06,1.704234004414303e-05,0.004765164512060212,0.0047586523976112915
187,D_09,detail,9,1280,0.8888888888888888,9.74334698824638e-07,1.454111969799159e-05,0.003469086625864662,0.0034643457425050906
187,A_09,approximation,9,2560,1.7777777777777777,3.84353700624892e-07,9.132912530044485e-06,,0.0013666085257788524
188,D_01,detail,1,5,0.003472222222222222,0.00012195575263766639,0.00016268402549811506,0.4564615685442347,0.45572604218681906
188,D_02,detail,2,10,0.006944444444444444,6.515470147695331e-05,0.00011890952504702166,0.24386399649848087,0.24347104250320498
188,D_03,detail,3,20,0.013888888888888888,3.936921741325466e-05,9.243195861477001e-05,0.14735290746148016,0.14711546809144643
188,D_04,detail,4,40,0.027777777777777776,1.959863902013791e-05,6.521638498636404e-05,0.07335468245637629,0.07323648126244316
188,D_05,detail,5,80,0.05555555555555555,1.0354855063546031e-05,4.740408596546217e-05,0.03875662510482191,0.03869417402185345
188,D_06,detail,6,160,0.1111111111111111,5.343873429149761e-06,3.405429128009849e-05,0.020001293869414256,0.019969064477419026
188,D_07,detail,7,320,0.2222222222222222,3.3692472940165422e-06,2.7040219265066907e-05,0.012610572862515502,0.012590252622298846
188,D_08,detail,8,640,0.4444444444444444,9.943926909849559e-07,1.4690031482380576e-05,0.0037218584417618235,0.003715861168012762
188,D_09,detail,9,1280,0.8888888888888888,1.03570786401807e-06,1.4992097629196719e-05,0.0038764947609144073,0.0038702483115580473
188,A_09,approximation,9,2560,1.7777777777777777,4.312136161749962e-07,9.673641702480851e-06,,0.0016113653549443374
189,D_01,detail,1,5,0.003472222222222222,0.00012193446605554001,0.00016266982716011888,0.5067322929749671,0.5062067305488791
189,D_02,detail,2,10,0.006944444444444444,5.810119928069275e-05,0.00011228876704733847,0.24145555304019214,0.2412051250173337
189,D_03,detail,3,20,0.013888888888888888,2.814079804045451e-05,7.814693864250767e-05,0.11694684512490298,0.11682555254398941
189,D_04,detail,4,40,0.027777777777777776,1.792596802936486e-05,6.237133984572048e-05,0.0744963026219222,0.07441903804241276
189,D_05,detail,5,80,0.05555555555555555,8.672380745626087e-06,4.338233593910589e-05,0.036040469302431474,0.03600308957205602
189,D_06,detail,6,160,0.1111111111111111,2.843614059742542e-06,2.4841572929342665e-05,0.011817422255105901,0.011805165698346833
189,D_07,detail,7,320,0.2222222222222222,1.981121393376234e-06,2.0734774123137942e-05,0.008233096177007366,0.008224557139608346
189,D_08,detail,8,640,0.4444444444444444,6.703844682613541e-07,1.2061622631640668e-05,0.0027859674935727147,0.0027830779997409156
189,D_09,detail,9,1280,0.8888888888888888,3.590306868967188e-07,8.826927301949755e-06,0.0014920510098980816,0.001490503514387177
189,A_09,approximation,9,2560,1.7777777777777777,2.498298300341467e-07,7.363188370275495e-06,,0.0010371599232456858
190,D_01,detail,1,5,0.003472222222222222,0.00014311447866794297,0.00017623231704779981,0.5038441681717715,0.5029351305351879
190,D_02,detail,2,10,0.006944444444444444,7.05644178706756e-05,0.00012374756053876748,0.24842678920745465,0.24797857661397632
190,D_03,detail,3,20,0.013888888888888888,4.109039510157066e-05,9.443085532267936e-05,0.1446615054779759,0.1444005066189011
190,D_04,detail,4,40,0.027777777777777776,1.4121169877649583e-05,5.53578358573506e-05,0.04971453033151656,0.04962483517969926
190,D_05,detail,5,80,0.05555555555555555,8.350477054849376e-06,4.256958420927198e-05,0.02939841729990156,0.029345376559391314
190,D_06,detail,6,160,0.1111111111111111,3.4313547065271333e-06,2.728830571912894e-05,0.012080315520163478,0.012058520167228302
190,D_07,detail,7,320,0.2222222222222222,2.091260383309858e-06,2.1303345945211065e-05,0.007362423131932581,0.007349139819062919
190,D_08,detail,8,640,0.4444444444444444,6.850760972185006e-07,1.2193072953206232e-05,0.0024118565748913008,0.0024075050937407434
190,D_09,detail,9,1280,0.8888888888888888,5.964931345876433e-07,1.1377490708956341e-05,0.0020999942843924375,0.0020962054664171296
190,A_09,approximation,9,2560,1.7777777777777777,5.134016128962742e-07,1.0555343697693998e-05,,0.0018042039463949855
191,D_01,detail,1,5,0.003472222222222222,0.00013583923114339735,0.00017169449558476044,0.5050769340106018,0.5042480530827651
191,D_02,detail,2,10,0.006944444444444444,6.67270702537273e-05,0.00012033578441146865,0.24810434935166195,0.24769718571095095
191,D_03,detail,3,20,0.013888888888888888,3.626596759977578e-05,8.871425287486665e-05,0.13484398851526408,0.13462269626692042
191,D_04,detail,4,40,0.027777777777777776,1.5841482697959348e-05,5.863294096367848e-05,0.05890174321452799,0.0588050796603657
191,D_05,detail,5,80,0.05555555555555555,7.0831394901903375e-06,3.920637252167901e-05,0.026336503429544356,0.026293282636970613
191,D_06,detail,6,160,0.1111111111111111,4.170520411642299e-06,3.008422931073663e-05,0.015506813790172953,0.015481365583500504
191,D_07,detail,7,320,0.2222222222222222,1.6374439271315097e-06,1.88506783555474e-05,0.006088338040258861,0.006078346478688783
191,D_08,detail,8,640,0.4444444444444444,8.457244075294244e-07,1.3547469970670239e-05,0.003144569408832795,0.0031394088611345597
191,D_09,detail,9,1280,0.8888888888888888,5.370238817045754e-07,1.0795445381961623e-05,0.001996760239135106,0.001993483359182305
191,A_09,approximation,9,2560,1.7777777777777777,4.420949927821477e-07,9.794935101467448e-06,,0.0016410983595211014
192,D_01,detail,1,5,0.003472222222222222,0.00013666196841917748,0.0001722136615656732,0.4990461133130324,0.49852113616183263
192,D_02,detail,2,10,0.006944444444444444,7.299383498341731e-05,0.00012585974731686543,0.26655030705071786,0.26626990646825877
192,D_03,detail,3,20,0.013888888888888888,3.7513259774294704e-05,9.02269271809631e-05,0.13698651281417398,0.13684240831695116
192,D_04,detail,4,40,0.027777777777777776,1.3508891919119602e-05,5.4144410329671434e-05,0.0493301837035185,0.0492782902639786
192,D_05,detail,5,80,0.05555555555555555,6.618528434732419e-06,3.789871494316098e-05,0.024168764210054403,0.02414333960770898
192,D_06,detail,6,160,0.1111111111111111,3.6951392111664246e-06,2.831777763527793e-05,0.013493475052452252,0.01347928044016323
192,D_07,detail,7,320,0.2222222222222222,1.5733139798166865e-06,1.847785120633008e-05,0.0057452430674809225,0.005739199294655014
192,D_08,detail,8,640,0.4444444444444444,7.495061612547449e-07,1.2753558201540261e-05,0.002736958504293455,0.0027340793301245648
192,D_09,detail,9,1280,0.8888888888888888,5.319307755900935e-07,1.0744131711333821e-05,0.0019424422842761562,0.001940398910348245
192,A_09,approximation,9,2560,1.7777777777777777,2.8837912513906036e-07,7.910895993552377e-06,,0.001051961205978837
193,D_01,detail,1,5,0.003472222222222222,0.00012830250868014565,0.00016686349619637853,0.5094264278846415,0.5089128661720068
193,D_02,detail,2,10,0.006944444444444444,6.432945313267126e-05,0.00011815407227182865,0.25542075407774467,0.255163259937813
193,D_03,detail,3,20,0.013888888888888888,2.977453642976723e-05,8.038338099686826e-05,0.11822010256362689,0.11810092280573224
193,D_04,detail,4,40,0.027777777777777776,1.5662037212127633e-05,5.82999108346343e-05,0.0621862795392494,0.062123588460666825
193,D_05,detail,5,80,0.05555555555555555,7.611892631342037e-06,4.0643405636489334e-05,0.030223097837416318,0.030192629402649475
193,D_06,detail,6,160,0.1111111111111111,3.481834793564557e-06,2.7488297674102813e-05,0.013824660792813711,0.013810723909910262
193,D_07,detail,7,320,0.2222222222222222,1.305392123262589e-06,1.683116814704607e-05,0.005183072826738227,0.00517784768015786
193,D_08,detail,8,640,0.4444444444444444,8.79774530531118e-07,1.3817499492164074e-05,0.0034931538053527495,0.0034896322957635776
193,D_09,detail,9,1280,0.8888888888888888,5.093679494218012e-07,1.0513796630113403e-05,0.0020224506724164106,0.002020411804438245
193,A_09,approximation,9,2560,1.7777777777777777,2.541574734136522e-07,7.426688474392274e-06,,0.0010081175308615995
194,D_01,detail,1,5,0.003472222222222222,0.00012479383685489354,0.00016456608352040828,0.5124222027740087,0.5118564713387298
194,D_02,detail,2,10,0.006944444444444444,6.341259156621353e-05,0.00011730904952435151,0.26038160756088236,0.26009413746343496
194,D_03,detail,3,20,0.013888888888888888,2.7791118420080957e-05,7.765989109516831e-05,0.11411449857840306,0.11398851231411279
194,D_04,detail,4,40,0.027777777777777776,1.397312089292864e-05,5.5066880290143796e-05,0.057375729186911736,0.05731238444219271
194,D_05,detail,5,80,0.05555555555555555,5.753496961962833e-06,3.533537534010304e-05,0.023624721069604275,0.023598638578864378
194,D_06,detail,6,160,0.1111111111111111,4.524653717201135e-06,3.133548625832038e-05,0.018578906482807574,0.01855839474195495
194,D_07,detail,7,320,0.2222222222222222,2.3629604602599703e-06,2.2644982640127923e-05,0.009702669896448649,0.009691957820865585
194,D_08,detail,8,640,0.4444444444444444,7.204221712165877e-07,1.2503664143661594e-05,0.002958161438142865,0.002954895527908828
194,D_09,detail,9,1280,0.8888888888888888,2.049372355893704e-07,6.668899944772577e-06,0.0008415030127908374,0.0008405739650160914
194,A_09,approximation,9,2560,1.7777777777777777,2.691704071313174e-07,7.642886681442601e-06,,0.001104033806919871
195,D_01,detail,1,5,0.003472222222222222,0.00010945983671870028,0.00015412431619789247,0.5076895793647365,0.5073264920374138
195,D_02,detail,2,10,0.006944444444444444,5.811982122586614e-05,0.0001123067603742188,0.26956761927886813,0.2693748310271589
195,D_03,detail,3,20,0.013888888888888888,2.5462098981675894e-05,7.433457553041723e-05,0.11809667097321623,0.11801221108596972
195,D_04,detail,4,40,0.027777777777777776,1.2109906407751632e-05,5.12641968982901e-05,0.05616738956132033,0.05612722000065289
195,D_05,detail,5,80,0.05555555555555555,5.3072484367081066e-06,3.393739268932577e-05,0.024615738586755746,0.024598134004946672
195,D_06,detail,6,160,0.1111111111111111,2.5357766637518286e-06,2.3458447415685394e-05,0.011761276340028942,0.01175286495920535
195,D_07,detail,7,320,0.2222222222222222,1.2478361395096191e-06,1.6455934289218603e-05,0.005787633380194188,0.005783494204562165
195,D_08,detail,8,640,0.4444444444444444,8.01878161711133e-07,1.3191614696010731e-05,0.0037192197505931677,0.0037165598544403678
195,D_09,detail,9,1280,0.8888888888888888,5.594646032326477e-07,1.1018692719338175e-05,0.0025948727642868597,0.002593016973947601
195,A_09,approximation,9,2560,1.7777777777777777,1.5430503468906424e-07,5.786737911207724e-06,,0.0007151758517025123
196,D_01,detail,1,5,0.003472222222222222,9.600195552247842e-05,0.00014433903736990622,0.5219879392549263,0.5211394052406243
196,D_02,detail,2,10,0.006944444444444444,4.554926126217801e-05,9.942244375653451e-05,0.24766334072498616,0.24726074374352952
196,D_03,detail,3,20,0.013888888888888888,2.1787702154949106e-05,6.876215510437649e-05,0.11846548007346666,0.11827290476318951
196,D_04,detail,4,40,0.027777777777777776,1.0873438089623747e-05,4.857661047687272e-05,0.05912174924071998,0.059025642010182455
196,D_05,detail,5,80,0.05555555555555555,6.107923165283427e-06,3.64074739460552e-05,0.033210388359508,0.03315640216168235
196,D_06,detail,6,160,0.1111111111111111,1.9974961641113154e-06,2.082028843734963e-05,0.010860913204314357,0.010843257903133651
196,D_07,detail,7,320,0.2222222222222222,1.0517514720480744e-06,1.5107768766226406e-05,0.005718650005771635,0.005709353873273418
196,D_08,detail,8,640,0.4444444444444444,4.6887337486617504e-07,1.008722134565146e-05,0.00254938813887589,0.002545243900304819
196,D_09,detail,9,1280,0.8888888888888888,7.764034038218914e-08,4.104757264564606e-06,0.0004221509974310956,0.0004214647565171713
196,A_09,approximation,9,2560,1.7777777777777777,2.9945733417610675e-07,8.061414308039036e-06,,0.0016255816475627795
197,D_01,detail,1,5,0.003472222222222222,9.851822884157028e-05,0.00014621841186168952,0.5412316295553702,0.54048349196884
197,D_02,detail,2,10,0.006944444444444444,4.3186311206901154e-05,9.68092420266548e-05,0.23725353027391985,0.2369255777415065
197,D_03,detail,3,20,0.013888888888888888,1.9276805954761926e-05,6.46787030296633e-05,0.10590138720719786,0.10575500106878892
197,D_04,detail,4,40,0.027777777777777776,1.0098621844251024e-05,4.681389963289961e-05,0.05547900750242845,0.055402319577131
197,D_05,detail,5,80,0.05555555555555555,5.766384475307477e-06,3.53749278418344e-05,0.03167890554784876,0.03163511620028244
197,D_06,detail,6,160,0.1111111111111111,2.9518236819776565e-06,2.5309815023826034e-05,0.016216494757798322,0.01619407890368417
197,D_07,detail,7,320,0.2222222222222222,1.4378494628329433e-06,1.7664464429078422e-05,0.007899143305507925,0.007888224420347622
197,D_08,detail,8,640,0.4444444444444444,6.826662176540493e-07,1.2171608386165482e-05,0.003750377506455921,0.00374519340740657
197,D_09,detail,9,1280,0.8888888888888888,1.0730875840650152e-07,4.825711447406811e-06,0.0005895243434726434,0.0005887094514828889
197,A_09,approximation,9,2560,1.7777777777777777,2.51960503292322e-07,7.394520178204161e-06,,0.0013822872605297849
198,D_01,detail,1,5,0.003472222222222222,7.528301785083812e-05,0.00012781807568220554,0.511743765313702,0.5108811125463605
198,D_02,detail,2,10,0.006944444444444444,3.873888354048704e-05,9.168901661777631e-05,0.26333139522032495,0.2628874942444617
198,D_03,detail,3,20,0.013888888888888888,1.8078395739079912e-05,6.263595584175315e-05,0.12288968442628585,0.12268252777185534
198,D_04,detail,4,40,0.027777777777777776,8.13825530469563e-06,4.2025164276212274e-05,0.05532059595380296,0.0552273413439275
198,D_05,detail,5,80,0.05555555555555555,3.669054458667039e-06,2.8217650090332668e-05,0.0249407608438268,0.02489871789612554
198,D_06,detail,6,160,0.1111111111111111,1.7160915272972112e-06,1.929807493062561e-05,0.011665302014619485,0.011645637671354615
198,D_07,detail,7,320,0.2222222222222222,9.80119234606383e-07,1.4584220468600043e-05,0.006662457508911756,0.006651226522240458
198,D_08,detail,8,640,0.4444444444444444,3.2325745095517985e-07,8.37564066469502e-06,0.0021973745187165265,0.00219367037742954
198,D_09,detail,9,1280,0.8888888888888888,1.836919482279166e-07,6.3137709843259775e-06,0.0012486641998095342,0.0012465593111905479
198,A_09,approximation,9,2560,1.7777777777777777,2.484051713579202e-07,7.342164003649953e-06,,0.0016857123150542082
