window_length,window_id,window_start_index,window_end_index,window_start_timestamp_utc,window_end_timestamp_utc,step_size,K_roll,n_obs
2048,0,0,2047,2016-01-03 22:05:00+00:00,2016-01-13 00:45:00+00:00,288,9,2048
2048,1,288,2335,2016-01-04 22:05:00+00:00,2016-01-14 00:45:00+00:00,288,9,2048
2048,2,576,2623,2016-01-05 22:05:00+00:00,2016-01-15 00:45:00+00:00,288,9,2048
2048,3,864,2911,2016-01-06 22:05:00+00:00,2016-01-18 00:50:00+00:00,288,9,2048
2048,4,1152,3199,2016-01-07 22:05:00+00:00,2016-01-19 00:50:00+00:00,288,9,2048
2048,5,1440,3487,2016-01-10 22:10:00+00:00,2016-01-20 00:50:00+00:00,288,9,2048
2048,6,1728,3775,2016-01-11 22:10:00+00:00,2016-01-21 00:50:00+00:00,288,9,2048
2048,7,2016,4063,2016-01-12 22:10:00+00:00,2016-01-22 00:50:00+00:00,288,9,2048
2048,8,2304,4351,2016-01-13 22:10:00+00:00,2016-01-25 00:55:00+00:00,288,9,2048
2048,9,2592,4639,2016-01-14 22:10:00+00:00,2016-01-26 00:55:00+00:00,288,9,2048
2048,10,2880,4927,2016-01-17 22:15:00+00:00,2016-01-27 00:55:00+00:00,288,9,2048
2048,11,3168,5215,2016-01-18 22:15:00+00:00,2016-01-28 00:55:00+00:00,288,9,2048
2048,12,3456,5503,2016-01-19 22:15:00+00:00,2016-01-29 00:55:00+00:00,288,9,2048
2048,13,3744,5791,2016-01-20 22:15:00+00:00,2016-02-01 01:00:00+00:00,288,9,2048
2048,14,4032,6079,2016-01-21 22:15:00+00:00,2016-02-02 01:00:00+00:00,288,9,2048
2048,15,4320,6367,2016-01-24 22:20:00+00:00,2016-02-03 01:00:00+00:00,288,9,2048
2048,16,4608,6655,2016-01-25 22:20:00+00:00,2016-02-04 01:00:00+00:00,288,9,2048
2048,17,4896,6943,2016-01-26 22:20:00+00:00,2016-02-05 01:00:00+00:00,288,9,2048
2048,18,5184,7231,2016-01-27 22:20:00+00:00,2016-02-08 01:05:00+00:00,288,9,2048
2048,19,5472,7519,2016-01-28 22:20:00+00:00,2016-02-09 01:05:00+00:00,288,9,2048
2048,20,5760,7807,2016-01-31 22:25:00+00:00,2016-02-10 01:05:00+00:00,288,9,2048
2048,21,6048,8095,2016-02-01 22:25:00+00:00,2016-02-11 01:05:00+00:00,288,9,2048
2048,22,6336,8383,2016-02-02 22:25:00+00:00,2016-02-12 01:05:00+00:00,288,9,2048
2048,23,6624,8671,2016-02-03 22:25:00+00:00,2016-02-15 01:10:00+00:00,288,9,2048
2048,24,6912,8959,2016-02-04 22:25:00+00:00,2016-02-16 01:10:00+00:00,288,9,2048
2048,25,7200,9247,2016-02-07 22:30:00+00:00,2016-02-17 01:10:00+00:00,288,9,2048
2048,26,7488,9535,2016-02-08 22:30:00+00:00,2016-02-18 01:10:00+00:00,288,9,2048
2048,27,7776,9823,2016-02-09 22:30:00+00:00,2016-02-19 01:10:00+00:00,288,9,2048
2048,28,8064,10111,2016-02-10 22:30:00+00:00,2016-02-22 01:15:00+00:00,288,9,2048
2048,29,8352,10399,2016-02-11 22:30:00+00:00,2016-02-23 01:15:00+00:00,288,9,2048
2048,30,8640,10687,2016-02-14 22:35:00+00:00,2016-02-24 01:15:00+00:00,288,9,2048
2048,31,8928,10975,2016-02-15 22:35:00+00:00,2016-02-25 01:15:00+00:00,288,9,2048
2048,32,9216,11263,2016-02-16 22:35:00+00:00,2016-02-26 01:15:00+00:00,288,9,2048
2048,33,9504,11551,2016-02-17 22:35:00+00:00,2016-02-29 01:20:00+00:00,288,9,2048
2048,34,9792,11839,2016-02-18 22:35:00+00:00,2016-03-01 01:20:00+00:00,288,9,2048
2048,35,10080,12127,2016-02-21 22:40:00+00:00,2016-03-02 01:20:00+00:00,288,9,2048
2048,36,10368,12415,2016-02-22 22:40:00+00:00,2016-03-03 01:20:00+00:00,288,9,2048
2048,37,10656,12703,2016-02-23 22:40:00+00:00,2016-03-04 01:20:00+00:00,288,9,2048
2048,38,10944,12991,2016-02-24 22:40:00+00:00,2016-03-07 01:25:00+00:00,288,9,2048
2048,39,11232,13279,2016-02-25 22:40:00+00:00,2016-03-08 01:25:00+00:00,288,9,2048
2048,40,11520,13567,2016-02-28 22:45:00+00:00,2016-03-09 01:25:00+00:00,288,9,2048
2048,41,11808,13855,2016-02-29 22:45:00+00:00,2016-03-10 01:25:00+00:00,288,9,2048
2048,42,12096,14143,2016-03-01 22:45:00+00:00,2016-03-11 01:25:00+00:00,288,9,2048
2048,43,12384,14431,2016-03-02 22:45:00+00:00,2016-03-14 01:30:00+00:00,288,9,2048
2048,44,12672,14719,2016-03-03 22:45:00+00:00,2016-03-15 01:30:00+00:00,288,9,2048
2048,45,12960,15007,2016-03-06 22:50:00+00:00,2016-03-16 01:30:00+00:00,288,9,2048
2048,46,13248,15295,2016-03-07 22:50:00+00:00,2016-03-17 01:30:00+00:00,288,9,2048
2048,47,13536,15583,2016-03-08 22:50:00+00:00,2016-03-18 01:30:00+00:00,288,9,2048
2048,48,13824,15871,2016-03-09 22:50:00+00:00,2016-03-21 01:35:00+00:00,288,9,2048
2048,49,14112,16159,2016-03-10 22:50:00+00:00,2016-03-22 01:35:00+00:00,288,9,2048
2048,50,14400,16447,2016-03-13 22:55:00+00:00,2016-03-23 01:35:00+00:00,288,9,2048
2048,51,14688,16735,2016-03-14 22:55:00+00:00,2016-03-24 01:35:00+00:00,288,9,2048
2048,52,14976,17023,2016-03-15 22:55:00+00:00,2016-03-25 01:35:00+00:00,288,9,2048
2048,53,15264,17311,2016-03-16 22:55:00+00:00,2016-03-28 01:40:00+00:00,288,9,2048
2048,54,15552,17599,2016-03-17 22:55:00+00:00,2016-03-29 01:40:00+00:00,288,9,2048
2048,55,15840,17887,2016-03-20 23:00:00+00:00,2016-03-30 01:40:00+00:00,288,9,2048
2048,56,16128,18175,2016-03-21 23:00:00+00:00,2016-03-31 01:40:00+00:00,288,9,2048
2048,57,16416,18463,2016-03-22 23:00:00+00:00,2016-04-01 01:40:00+00:00,288,9,2048
2048,58,16704,18751,2016-03-23 23:00:00+00:00,2016-04-04 01:45:00+00:00,288,9,2048
2048,59,16992,19039,2016-03-24 23:00:00+00:00,2016-04-05 01:45:00+00:00,288,9,2048
2048,60,17280,19327,2016-03-27 23:05:00+00:00,2016-04-06 01:45:00+00:00,288,9,2048
2048,61,17568,19615,2016-03-28 23:05:00+00:00,2016-04-07 01:45:00+00:00,288,9,2048
2048,62,17856,19903,2016-03-29 23:05:00+00:00,2016-04-08 01:45:00+00:00,288,9,2048
2048,63,18144,20191,2016-03-30 23:05:00+00:00,2016-04-11 01:50:00+00:00,288,9,2048
2048,64,18432,20479,2016-03-31 23:05:00+00:00,2016-04-12 01:50:00+00:00,288,9,2048
2048,65,18720,20767,2016-04-03 23:10:00+00:00,2016-04-13 01:50:00+00:00,288,9,2048
2048,66,19008,21055,2016-04-04 23:10:00+00:00,2016-04-14 01:50:00+00:00,288,9,2048
2048,67,19296,21343,2016-04-05 23:10:00+00:00,2016-04-15 01:50:00+00:00,288,9,2048
2048,68,19584,21631,2016-04-06 23:10:00+00:00,2016-04-18 01:55:00+00:00,288,9,2048
2048,69,19872,21919,2016-04-07 23:10:00+00:00,2016-04-19 01:55:00+00:00,288,9,2048
2048,70,20160,22207,2016-04-10 23:15:00+00:00,2016-04-20 01:55:00+00:00,288,9,2048
2048,71,20448,22495,2016-04-11 23:15:00+00:00,2016-04-21 01:55:00+00:00,288,9,2048
2048,72,20736,22783,2016-04-12 23:15:00+00:00,2016-04-22 01:55:00+00:00,288,9,2048
2048,73,21024,23071,2016-04-13 23:15:00+00:00,2016-04-25 02:00:00+00:00,288,9,2048
2048,74,21312,23359,2016-04-14 23:15:00+00:00,2016-04-26 02:00:00+00:00,288,9,2048
2048,75,21600,23647,2016-04-17 23:20:00+00:00,2016-04-27 02:00:00+00:00,288,9,2048
2048,76,21888,23935,2016-04-18 23:20:00+00:00,2016-04-28 02:00:00+00:00,288,9,2048
2048,77,22176,24223,2016-04-19 23:20:00+00:00,2016-04-29 02:00:00+00:00,288,9,2048
2048,78,22464,24511,2016-04-20 23:20:00+00:00,2016-05-02 02:05:00+00:00,288,9,2048
2048,79,22752,24799,2016-04-21 23:20:00+00:00,2016-05-03 02:05:00+00:00,288,9,2048
2048,80,23040,25087,2016-04-24 23:25:00+00:00,2016-05-04 02:05:00+00:00,288,9,2048
2048,81,23328,25375,2016-04-25 23:25:00+00:00,2016-05-05 02:05:00+00:00,288,9,2048
2048,82,23616,25663,2016-04-26 23:25:00+00:00,2016-05-06 02:05:00+00:00,288,9,2048
2048,83,23904,25951,2016-04-27 23:25:00+00:00,2016-05-09 02:10:00+00:00,288,9,2048
2048,84,24192,26239,2016-04-28 23:25:00+00:00,2016-05-10 02:10:00+00:00,288,9,2048
2048,85,24480,26527,2016-05-01 23:30:00+00:00,2016-05-11 02:10:00+00:00,288,9,2048
2048,86,24768,26815,2016-05-02 23:30:00+00:00,2016-05-12 02:10:00+00:00,288,9,2048
2048,87,25056,27103,2016-05-03 23:30:00+00:00,2016-05-13 02:10:00+00:00,288,9,2048
2048,88,25344,27391,2016-05-04 23:30:00+00:00,2016-05-16 02:15:00+00:00,288,9,2048
2048,89,25632,27679,2016-05-05 23:30:00+00:00,2016-05-17 02:15:00+00:00,288,9,2048
2048,90,25920,27967,2016-05-08 23:35:00+00:00,2016-05-18 02:15:00+00:00,288,9,2048
2048,91,26208,28255,2016-05-09 23:35:00+00:00,2016-05-19 02:15:00+00:00,288,9,2048
2048,92,26496,28543,2016-05-10 23:35:00+00:00,2016-05-20 02:15:00+00:00,288,9,2048
2048,93,26784,28831,2016-05-11 23:35:00+00:00,2016-05-23 02:20:00+00:00,288,9,2048
2048,94,27072,29119,2016-05-12 23:35:00+00:00,2016-05-24 02:20:00+00:00,288,9,2048
2048,95,27360,29407,2016-05-15 23:40:00+00:00,2016-05-25 02:20:00+00:00,288,9,2048
2048,96,27648,29695,2016-05-16 23:40:00+00:00,2016-05-26 02:20:00+00:00,288,9,2048
2048,97,27936,29983,2016-05-17 23:40:00+00:00,2016-05-27 02:20:00+00:00,288,9,2048
2048,98,28224,30271,2016-05-18 23:40:00+00:00,2016-05-30 02:25:00+00:00,288,9,2048
2048,99,28512,30559,2016-05-19 23:40:00+00:00,2016-05-31 02:25:00+00:00,288,9,2048
2048,100,28800,30847,2016-05-22 23:45:00+00:00,2016-06-01 02:25:00+00:00,288,9,2048
2048,101,29088,31135,2016-05-23 23:45:00+00:00,2016-06-02 02:25:00+00:00,288,9,2048
2048,102,29376,31423,2016-05-24 23:45:00+00:00,2016-06-03 02:25:00+00:00,288,9,2048
2048,103,29664,31711,2016-05-25 23:45:00+00:00,2016-06-06 02:30:00+00:00,288,9,2048
2048,104,29952,31999,2016-05-26 23:45:00+00:00,2016-06-07 02:30:00+00:00,288,9,2048
2048,105,30240,32287,2016-05-29 23:50:00+00:00,2016-06-08 02:30:00+00:00,288,9,2048
2048,106,30528,32575,2016-05-30 23:50:00+00:00,2016-06-09 02:30:00+00:00,288,9,2048
2048,107,30816,32863,2016-05-31 23:50:00+00:00,2016-06-10 02:30:00+00:00,288,9,2048
2048,108,31104,33151,2016-06-01 23:50:00+00:00,2016-06-13 02:35:00+00:00,288,9,2048
2048,109,31392,33439,2016-06-02 23:50:00+00:00,2016-06-14 02:35:00+00:00,288,9,2048
2048,110,31680,33727,2016-06-05 23:55:00+00:00,2016-06-15 02:35:00+00:00,288,9,2048
2048,111,31968,34015,2016-06-06 23:55:00+00:00,2016-06-16 02:35:00+00:00,288,9,2048
2048,112,32256,34303,2016-06-07 23:55:00+00:00,2016-06-17 02:35:00+00:00,288,9,2048
2048,113,32544,34591,2016-06-08 23:55:00+00:00,2016-06-20 02:40:00+00:00,288,9,2048
2048,114,32832,34879,2016-06-09 23:55:00+00:00,2016-06-21 02:40:00+00:00,288,9,2048
2048,115,33120,35167,2016-06-13 00:00:00+00:00,2016-06-22 02:40:00+00:00,288,9,2048
2048,116,33408,35455,2016-06-14 00:00:00+00:00,2016-06-23 02:40:00+00:00,288,9,2048
2048,117,33696,35743,2016-06-15 00:00:00+00:00,2016-06-24 02:40:00+00:00,288,9,2048
2048,118,33984,36031,2016-06-16 00:00:00+00:00,2016-06-27 02:45:00+00:00,288,9,2048
2048,119,34272,36319,2016-06-17 00:00:00+00:00,2016-06-28 02:45:00+00:00,288,9,2048
2048,120,34560,36607,2016-06-20 00:05:00+00:00,2016-06-29 02:45:00+00:00,288,9,2048
2048,121,34848,36895,2016-06-21 00:05:00+00:00,2016-06-30 02:45:00+00:00,288,9,2048
2048,122,35136,37183,2016-06-22 00:05:00+00:00,2016-07-01 02:45:00+00:00,288,9,2048
2048,123,35424,37471,2016-06-23 00:05:00+00:00,2016-07-04 02:50:00+00:00,288,9,2048
2048,124,35712,37759,2016-06-24 00:05:00+00:00,2016-07-05 02:50:00+00:00,288,9,2048
2048,125,36000,38047,2016-06-27 00:10:00+00:00,2016-07-06 02:50:00+00:00,288,9,2048
2048,126,36288,38335,2016-06-28 00:10:00+00:00,2016-07-07 02:50:00+00:00,288,9,2048
2048,127,36576,38623,2016-06-29 00:10:00+00:00,2016-07-08 02:50:00+00:00,288,9,2048
2048,128,36864,38911,2016-06-30 00:10:00+00:00,2016-07-11 02:55:00+00:00,288,9,2048
2048,129,37152,39199,2016-07-01 00:10:00+00:00,2016-07-12 03:05:00+00:00,288,9,2048
2048,130,37440,39487,2016-07-04 00:15:00+00:00,2016-07-13 03:05:00+00:00,288,9,2048
2048,131,37728,39775,2016-07-05 00:15:00+00:00,2016-07-14 03:05:00+00:00,288,9,2048
2048,132,38016,40063,2016-07-06 00:15:00+00:00,2016-07-15 03:05:00+00:00,288,9,2048
2048,133,38304,40351,2016-07-07 00:15:00+00:00,2016-07-18 03:10:00+00:00,288,9,2048
2048,134,38592,40639,2016-07-08 00:15:00+00:00,2016-07-19 03:10:00+00:00,288,9,2048
2048,135,38880,40927,2016-07-11 00:20:00+00:00,2016-07-20 03:10:00+00:00,288,9,2048
2048,136,39168,41215,2016-07-12 00:20:00+00:00,2016-07-21 03:10:00+00:00,288,9,2048
2048,137,39456,41503,2016-07-13 00:30:00+00:00,2016-07-22 03:10:00+00:00,288,9,2048
2048,138,39744,41791,2016-07-14 00:30:00+00:00,2016-07-25 03:15:00+00:00,288,9,2048
2048,139,40032,42079,2016-07-15 00:30:00+00:00,2016-07-26 03:15:00+00:00,288,9,2048
2048,140,40320,42367,2016-07-18 00:35:00+00:00,2016-07-27 03:15:00+00:00,288,9,2048
2048,141,40608,42655,2016-07-19 00:35:00+00:00,2016-07-28 03:15:00+00:00,288,9,2048
2048,142,40896,42943,2016-07-20 00:35:00+00:00,2016-07-29 03:15:00+00:00,288,9,2048
2048,143,41184,43231,2016-07-21 00:35:00+00:00,2016-08-01 03:20:00+00:00,288,9,2048
2048,144,41472,43519,2016-07-22 00:35:00+00:00,2016-08-02 03:20:00+00:00,288,9,2048
2048,145,41760,43807,2016-07-25 00:40:00+00:00,2016-08-03 03:20:00+00:00,288,9,2048
2048,146,42048,44095,2016-07-26 00:40:00+00:00,2016-08-04 03:20:00+00:00,288,9,2048
2048,147,42336,44383,2016-07-27 00:40:00+00:00,2016-08-05 03:20:00+00:00,288,9,2048
2048,148,42624,44671,2016-07-28 00:40:00+00:00,2016-08-08 03:25:00+00:00,288,9,2048
2048,149,42912,44959,2016-07-29 00:40:00+00:00,2016-08-09 03:25:00+00:00,288,9,2048
2048,150,43200,45247,2016-08-01 00:45:00+00:00,2016-08-10 03:25:00+00:00,288,9,2048
2048,151,43488,45535,2016-08-02 00:45:00+00:00,2016-08-11 03:25:00+00:00,288,9,2048
2048,152,43776,45823,2016-08-03 00:45:00+00:00,2016-08-12 03:25:00+00:00,288,9,2048
2048,153,44064,46111,2016-08-04 00:45:00+00:00,2016-08-15 03:30:00+00:00,288,9,2048
2048,154,44352,46399,2016-08-05 00:45:00+00:00,2016-08-16 03:30:00+00:00,288,9,2048
2048,155,44640,46687,2016-08-08 00:50:00+00:00,2016-08-17 03:30:00+00:00,288,9,2048
2048,156,44928,46975,2016-08-09 00:50:00+00:00,2016-08-18 03:30:00+00:00,288,9,2048
2048,157,45216,47263,2016-08-10 00:50:00+00:00,2016-08-19 03:30:00+00:00,288,9,2048
2048,158,45504,47551,2016-08-11 00:50:00+00:00,2016-08-22 03:35:00+00:00,288,9,2048
2048,159,45792,47839,2016-08-12 00:50:00+00:00,2016-08-23 03:35:00+00:00,288,9,2048
2048,160,46080,48127,2016-08-15 00:55:00+00:00,2016-08-24 03:35:00+00:00,288,9,2048
2048,161,46368,48415,2016-08-16 00:55:00+00:00,2016-08-25 03:35:00+00:00,288,9,2048
2048,162,46656,48703,2016-08-17 00:55:00+00:00,2016-08-26 03:35:00+00:00,288,9,2048
2048,163,46944,48991,2016-08-18 00:55:00+00:00,2016-08-29 03:40:00+00:00,288,9,2048
2048,164,47232,49279,2016-08-19 00:55:00+00:00,2016-08-30 03:40:00+00:00,288,9,2048
2048,165,47520,49567,2016-08-22 01:00:00+00:00,2016-08-31 03:40:00+00:00,288,9,2048
2048,166,47808,49855,2016-08-23 01:00:00+00:00,2016-09-01 03:40:00+00:00,288,9,2048
2048,167,48096,50143,2016-08-24 01:00:00+00:00,2016-09-02 03:40:00+00:00,288,9,2048
2048,168,48384,50431,2016-08-25 01:00:00+00:00,2016-09-05 03:45:00+00:00,288,9,2048
2048,169,48672,50719,2016-08-26 01:00:00+00:00,2016-09-06 03:45:00+00:00,288,9,2048
2048,170,48960,51007,2016-08-29 01:05:00+00:00,2016-09-07 03:45:00+00:00,288,9,2048
2048,171,49248,51295,2016-08-30 01:05:00+00:00,2016-09-08 03:45:00+00:00,288,9,2048
2048,172,49536,51583,2016-08-31 01:05:00+00:00,2016-09-09 03:45:00+00:00,288,9,2048
2048,173,49824,51871,2016-09-01 01:05:00+00:00,2016-09-12 03:50:00+00:00,288,9,2048
2048,174,50112,52159,2016-09-02 01:05:00+00:00,2016-09-13 03:50:00+00:00,288,9,2048
2048,175,50400,52447,2016-09-05 01:10:00+00:00,2016-09-14 03:50:00+00:00,288,9,2048
2048,176,50688,52735,2016-09-06 01:10:00+00:00,2016-09-15 03:50:00+00:00,288,9,2048
2048,177,50976,53023,2016-09-07 01:10:00+00:00,2016-09-16 03:50:00+00:00,288,9,2048
2048,178,51264,53311,2016-09-08 01:10:00+00:00,2016-09-19 03:55:00+00:00,288,9,2048
2048,179,51552,53599,2016-09-09 01:10:00+00:00,2016-09-20 03:55:00+00:00,288,9,2048
2048,180,51840,53887,2016-09-12 01:15:00+00:00,2016-09-21 03:55:00+00:00,288,9,2048
2048,181,52128,54175,2016-09-13 01:15:00+00:00,2016-09-22 03:55:00+00:00,288,9,2048
2048,182,52416,54463,2016-09-14 01:15:00+00:00,2016-09-23 03:55:00+00:00,288,9,2048
2048,183,52704,54751,2016-09-15 01:15:00+00:00,2016-09-26 04:00:00+00:00,288,9,2048
2048,184,52992,55039,2016-09-16 01:15:00+00:00,2016-09-27 04:00:00+00:00,288,9,2048
2048,185,53280,55327,2016-09-19 01:20:00+00:00,2016-09-28 04:00:00+00:00,288,9,2048
2048,186,53568,55615,2016-09-20 01:20:00+00:00,2016-09-29 04:00:00+00:00,288,9,2048
2048,187,53856,55903,2016-09-21 01:20:00+00:00,2016-09-30 04:00:00+00:00,288,9,2048
2048,188,54144,56191,2016-09-22 01:20:00+00:00,2016-10-03 04:05:00+00:00,288,9,2048
2048,189,54432,56479,2016-09-23 01:20:00+00:00,2016-10-04 04:05:00+00:00,288,9,2048
2048,190,54720,56767,2016-09-26 01:25:00+00:00,2016-10-05 04:05:00+00:00,288,9,2048
2048,191,55008,57055,2016-09-27 01:25:00+00:00,2016-10-06 04:05:00+00:00,288,9,2048
2048,192,55296,57343,2016-09-28 01:25:00+00:00,2016-10-07 04:05:00+00:00,288,9,2048
2048,193,55584,57631,2016-09-29 01:25:00+00:00,2016-10-10 04:10:00+00:00,288,9,2048
2048,194,55872,57919,2016-09-30 01:25:00+00:00,2016-10-11 04:10:00+00:00,288,9,2048
2048,195,56160,58207,2016-10-03 01:30:00+00:00,2016-10-12 04:10:00+00:00,288,9,2048
2048,196,56448,58495,2016-10-04 01:30:00+00:00,2016-10-13 04:10:00+00:00,288,9,2048
2048,197,56736,58783,2016-10-05 01:30:00+00:00,2016-10-14 04:10:00+00:00,288,9,2048
2048,198,57024,59071,2016-10-06 01:30:00+00:00,2016-10-17 04:15:00+00:00,288,9,2048
2048,199,57312,59359,2016-10-07 01:30:00+00:00,2016-10-18 04:15:00+00:00,288,9,2048
2048,200,57600,59647,2016-10-10 01:35:00+00:00,2016-10-19 04:15:00+00:00,288,9,2048
2048,201,57888,59935,2016-10-11 01:35:00+00:00,2016-10-20 04:15:00+00:00,288,9,2048
2048,202,58176,60223,2016-10-12 01:35:00+00:00,2016-10-21 04:15:00+00:00,288,9,2048
2048,203,58464,60511,2016-10-13 01:35:00+00:00,2016-10-24 04:20:00+00:00,288,9,2048
2048,204,58752,60799,2016-10-14 01:35:00+00:00,2016-10-25 04:20:00+00:00,288,9,2048
2048,205,59040,61087,2016-10-17 01:40:00+00:00,2016-10-26 04:20:00+00:00,288,9,2048
2048,206,59328,61375,2016-10-18 01:40:00+00:00,2016-10-27 04:20:00+00:00,288,9,2048
2048,207,59616,61663,2016-10-19 01:40:00+00:00,2016-10-28 04:20:00+00:00,288,9,2048
2048,208,59904,61951,2016-10-20 01:40:00+00:00,2016-10-31 04:25:00+00:00,288,9,2048
2048,209,60192,62239,2016-10-21 01:40:00+00:00,2016-11-01 04:25:00+00:00,288,9,2048
2048,210,60480,62527,2016-10-24 01:45:00+00:00,2016-11-02 04:25:00+00:00,288,9,2048
2048,211,60768,62815,2016-10-25 01:45:00+00:00,2016-11-03 04:25:00+00:00,288,9,2048
2048,212,61056,63103,2016-10-26 01:45:00+00:00,2016-11-04 04:25:00+00:00,288,9,2048
2048,213,61344,63391,2016-10-27 01:45:00+00:00,2016-11-07 04:30:00+00:00,288,9,2048
2048,214,61632,63679,2016-10-28 01:45:00+00:00,2016-11-08 04:30:00+00:00,288,9,2048
2048,215,61920,63967,2016-10-31 01:50:00+00:00,2016-11-09 04:30:00+00:00,288,9,2048
2048,216,62208,64255,2016-11-01 01:50:00+00:00,2016-11-10 04:30:00+00:00,288,9,2048
2048,217,62496,64543,2016-11-02 01:50:00+00:00,2016-11-11 04:30:00+00:00,288,9,2048
2048,218,62784,64831,2016-11-03 01:50:00+00:00,2016-11-14 04:45:00+00:00,288,9,2048
2048,219,63072,65119,2016-11-04 01:50:00+00:00,2016-11-15 04:45:00+00:00,288,9,2048
2048,220,63360,65407,2016-11-07 01:55:00+00:00,2016-11-16 04:45:00+00:00,288,9,2048
2048,221,63648,65695,2016-11-08 01:55:00+00:00,2016-11-17 04:45:00+00:00,288,9,2048
2048,222,63936,65983,2016-11-09 01:55:00+00:00,2016-11-18 04:45:00+00:00,288,9,2048
2048,223,64224,66271,2016-11-10 01:55:00+00:00,2016-11-21 04:50:00+00:00,288,9,2048
2048,224,64512,66559,2016-11-11 01:55:00+00:00,2016-11-22 04:50:00+00:00,288,9,2048
2048,225,64800,66847,2016-11-14 02:10:00+00:00,2016-11-23 04:50:00+00:00,288,9,2048
2048,226,65088,67135,2016-11-15 02:10:00+00:00,2016-11-24 04:50:00+00:00,288,9,2048
2048,227,65376,67423,2016-11-16 02:10:00+00:00,2016-11-25 04:50:00+00:00,288,9,2048
2048,228,65664,67711,2016-11-17 02:10:00+00:00,2016-11-28 04:55:00+00:00,288,9,2048
2048,229,65952,67999,2016-11-18 02:10:00+00:00,2016-11-29 04:55:00+00:00,288,9,2048
2048,230,66240,68287,2016-11-21 02:15:00+00:00,2016-11-30 04:55:00+00:00,288,9,2048
2048,231,66528,68575,2016-11-22 02:15:00+00:00,2016-12-01 04:55:00+00:00,288,9,2048
2048,232,66816,68863,2016-11-23 02:15:00+00:00,2016-12-02 04:55:00+00:00,288,9,2048
2048,233,67104,69151,2016-11-24 02:15:00+00:00,2016-12-05 05:00:00+00:00,288,9,2048
2048,234,67392,69439,2016-11-25 02:15:00+00:00,2016-12-06 05:00:00+00:00,288,9,2048
2048,235,67680,69727,2016-11-28 02:20:00+00:00,2016-12-07 05:00:00+00:00,288,9,2048
2048,236,67968,70015,2016-11-29 02:20:00+00:00,2016-12-08 05:00:00+00:00,288,9,2048
2048,237,68256,70303,2016-11-30 02:20:00+00:00,2016-12-09 05:00:00+00:00,288,9,2048
2048,238,68544,70591,2016-12-01 02:20:00+00:00,2016-12-12 05:05:00+00:00,288,9,2048
2048,239,68832,70879,2016-12-02 02:20:00+00:00,2016-12-13 05:05:00+00:00,288,9,2048
2048,240,69120,71167,2016-12-05 02:25:00+00:00,2016-12-14 05:05:00+00:00,288,9,2048
2048,241,69408,71455,2016-12-06 02:25:00+00:00,2016-12-15 05:05:00+00:00,288,9,2048
2048,242,69696,71743,2016-12-07 02:25:00+00:00,2016-12-16 05:05:00+00:00,288,9,2048
2048,243,69984,72031,2016-12-08 02:25:00+00:00,2016-12-19 05:10:00+00:00,288,9,2048
2048,244,70272,72319,2016-12-09 02:25:00+00:00,2016-12-20 05:10:00+00:00,288,9,2048
2048,245,70560,72607,2016-12-12 02:30:00+00:00,2016-12-21 05:10:00+00:00,288,9,2048
2048,246,70848,72895,2016-12-13 02:30:00+00:00,2016-12-22 05:10:00+00:00,288,9,2048
2048,247,71136,73183,2016-12-14 02:30:00+00:00,2016-12-23 05:10:00+00:00,288,9,2048
2048,248,71424,73471,2016-12-15 02:30:00+00:00,2016-12-26 06:05:00+00:00,288,9,2048
2048,249,71712,73759,2016-12-16 02:30:00+00:00,2016-12-27 22:10:00+00:00,288,9,2048
2048,250,72000,74047,2016-12-19 02:35:00+00:00,2016-12-28 22:10:00+00:00,288,9,2048
2048,251,72288,74335,2016-12-20 02:35:00+00:00,2016-12-29 22:10:00+00:00,288,9,2048
2048,252,72576,74623,2016-12-21 02:35:00+00:00,2017-01-02 07:15:00+00:00,288,9,2048
2048,253,72864,74911,2016-12-22 02:35:00+00:00,2017-01-03 07:15:00+00:00,288,9,2048
2048,254,73152,75199,2016-12-23 02:35:00+00:00,2017-01-04 07:15:00+00:00,288,9,2048
2048,255,73440,75487,2016-12-26 03:30:00+00:00,2017-01-05 07:15:00+00:00,288,9,2048
2048,256,73728,75775,2016-12-27 19:35:00+00:00,2017-01-06 07:15:00+00:00,288,9,2048
2048,257,74016,76063,2016-12-28 19:35:00+00:00,2017-01-09 07:20:00+00:00,288,9,2048
2048,258,74304,76351,2016-12-29 19:35:00+00:00,2017-01-10 07:20:00+00:00,288,9,2048
2048,259,74592,76639,2016-12-30 19:35:00+00:00,2017-01-11 07:20:00+00:00,288,9,2048
2048,260,74880,76927,2017-01-03 04:40:00+00:00,2017-01-12 07:20:00+00:00,288,9,2048
2048,261,75168,77215,2017-01-04 04:40:00+00:00,2017-01-13 07:20:00+00:00,288,9,2048
2048,262,75456,77503,2017-01-05 04:40:00+00:00,2017-01-16 07:25:00+00:00,288,9,2048
2048,263,75744,77791,2017-01-06 04:40:00+00:00,2017-01-17 07:25:00+00:00,288,9,2048
2048,264,76032,78079,2017-01-09 04:45:00+00:00,2017-01-18 07:25:00+00:00,288,9,2048
2048,265,76320,78367,2017-01-10 04:45:00+00:00,2017-01-19 07:25:00+00:00,288,9,2048
2048,266,76608,78655,2017-01-11 04:45:00+00:00,2017-01-20 07:25:00+00:00,288,9,2048
2048,267,76896,78943,2017-01-12 04:45:00+00:00,2017-01-23 07:30:00+00:00,288,9,2048
2048,268,77184,79231,2017-01-13 04:45:00+00:00,2017-01-24 07:30:00+00:00,288,9,2048
2048,269,77472,79519,2017-01-16 04:50:00+00:00,2017-01-25 07:30:00+00:00,288,9,2048
2048,270,77760,79807,2017-01-17 04:50:00+00:00,2017-01-26 07:30:00+00:00,288,9,2048
2048,271,78048,80095,2017-01-18 04:50:00+00:00,2017-01-27 07:30:00+00:00,288,9,2048
2048,272,78336,80383,2017-01-19 04:50:00+00:00,2017-01-30 07:35:00+00:00,288,9,2048
2048,273,78624,80671,2017-01-20 04:50:00+00:00,2017-01-31 07:35:00+00:00,288,9,2048
2048,274,78912,80959,2017-01-23 04:55:00+00:00,2017-02-01 07:35:00+00:00,288,9,2048
2048,275,79200,81247,2017-01-24 04:55:00+00:00,2017-02-02 07:35:00+00:00,288,9,2048
2048,276,79488,81535,2017-01-25 04:55:00+00:00,2017-02-03 07:35:00+00:00,288,9,2048
2048,277,79776,81823,2017-01-26 04:55:00+00:00,2017-02-06 07:40:00+00:00,288,9,2048
2048,278,80064,82111,2017-01-27 04:55:00+00:00,2017-02-07 07:40:00+00:00,288,9,2048
2048,279,80352,82399,2017-01-30 05:00:00+00:00,2017-02-08 07:40:00+00:00,288,9,2048
2048,280,80640,82687,2017-01-31 05:00:00+00:00,2017-02-09 07:40:00+00:00,288,9,2048
2048,281,80928,82975,2017-02-01 05:00:00+00:00,2017-02-10 07:40:00+00:00,288,9,2048
2048,282,81216,83263,2017-02-02 05:00:00+00:00,2017-02-13 07:45:00+00:00,288,9,2048
2048,283,81504,83551,2017-02-03 05:00:00+00:00,2017-02-14 07:45:00+00:00,288,9,2048
2048,284,81792,83839,2017-02-06 05:05:00+00:00,2017-02-15 07:45:00+00:00,288,9,2048
2048,285,82080,84127,2017-02-07 05:05:00+00:00,2017-02-16 07:45:00+00:00,288,9,2048
2048,286,82368,84415,2017-02-08 05:05:00+00:00,2017-02-17 07:45:00+00:00,288,9,2048
2048,287,82656,84703,2017-02-09 05:05:00+00:00,2017-02-20 07:50:00+00:00,288,9,2048
2048,288,82944,84991,2017-02-10 05:05:00+00:00,2017-02-21 07:50:00+00:00,288,9,2048
2048,289,83232,85279,2017-02-13 05:10:00+00:00,2017-02-22 07:50:00+00:00,288,9,2048
2048,290,83520,85567,2017-02-14 05:10:00+00:00,2017-02-23 07:50:00+00:00,288,9,2048
2048,291,83808,85855,2017-02-15 05:10:00+00:00,2017-02-24 07:50:00+00:00,288,9,2048
2048,292,84096,86143,2017-02-16 05:10:00+00:00,2017-02-27 07:55:00+00:00,288,9,2048
2048,293,84384,86431,2017-02-17 05:10:00+00:00,2017-02-28 07:55:00+00:00,288,9,2048
2048,294,84672,86719,2017-02-20 05:15:00+00:00,2017-03-01 07:55:00+00:00,288,9,2048
2048,295,84960,87007,2017-02-21 05:15:00+00:00,2017-03-02 07:55:00+00:00,288,9,2048
2048,296,85248,87295,2017-02-22 05:15:00+00:00,2017-03-03 07:55:00+00:00,288,9,2048
2048,297,85536,87583,2017-02-23 05:15:00+00:00,2017-03-06 08:00:00+00:00,288,9,2048
2048,298,85824,87871,2017-02-24 05:15:00+00:00,2017-03-07 08:00:00+00:00,288,9,2048
2048,299,86112,88159,2017-02-27 05:20:00+00:00,2017-03-08 08:00:00+00:00,288,9,2048
2048,300,86400,88447,2017-02-28 05:20:00+00:00,2017-03-09 08:00:00+00:00,288,9,2048
2048,301,86688,88735,2017-03-01 05:20:00+00:00,2017-03-10 08:00:00+00:00,288,9,2048
2048,302,86976,89023,2017-03-02 05:20:00+00:00,2017-03-13 08:05:00+00:00,288,9,2048
2048,303,87264,89311,2017-03-03 05:20:00+00:00,2017-03-14 08:05:00+00:00,288,9,2048
2048,304,87552,89599,2017-03-06 05:25:00+00:00,2017-03-15 08:05:00+00:00,288,9,2048
2048,305,87840,89887,2017-03-07 05:25:00+00:00,2017-03-16 08:05:00+00:00,288,9,2048
2048,306,88128,90175,2017-03-08 05:25:00+00:00,2017-03-17 08:05:00+00:00,288,9,2048
2048,307,88416,90463,2017-03-09 05:25:00+00:00,2017-03-20 08:10:00+00:00,288,9,2048
2048,308,88704,90751,2017-03-10 05:25:00+00:00,2017-03-21 08:10:00+00:00,288,9,2048
2048,309,88992,91039,2017-03-13 05:30:00+00:00,2017-03-22 08:10:00+00:00,288,9,2048
2048,310,89280,91327,2017-03-14 05:30:00+00:00,2017-03-23 08:10:00+00:00,288,9,2048
2048,311,89568,91615,2017-03-15 05:30:00+00:00,2017-03-24 08:10:00+00:00,288,9,2048
2048,312,89856,91903,2017-03-16 05:30:00+00:00,2017-03-27 08:15:00+00:00,288,9,2048
2048,313,90144,92191,2017-03-17 05:30:00+00:00,2017-03-28 08:15:00+00:00,288,9,2048
2048,314,90432,92479,2017-03-20 05:35:00+00:00,2017-03-29 08:15:00+00:00,288,9,2048
2048,315,90720,92767,2017-03-21 05:35:00+00:00,2017-03-30 08:15:00+00:00,288,9,2048
2048,316,91008,93055,2017-03-22 05:35:00+00:00,2017-03-31 08:15:00+00:00,288,9,2048
2048,317,91296,93343,2017-03-23 05:35:00+00:00,2017-04-03 08:20:00+00:00,288,9,2048
2048,318,91584,93631,2017-03-24 05:35:00+00:00,2017-04-04 08:20:00+00:00,288,9,2048
2048,319,91872,93919,2017-03-27 05:40:00+00:00,2017-04-05 08:20:00+00:00,288,9,2048
2048,320,92160,94207,2017-03-28 05:40:00+00:00,2017-04-06 08:20:00+00:00,288,9,2048
2048,321,92448,94495,2017-03-29 05:40:00+00:00,2017-04-07 08:20:00+00:00,288,9,2048
2048,322,92736,94783,2017-03-30 05:40:00+00:00,2017-04-10 08:25:00+00:00,288,9,2048
2048,323,93024,95071,2017-03-31 05:40:00+00:00,2017-04-11 08:25:00+00:00,288,9,2048
2048,324,93312,95359,2017-04-03 05:45:00+00:00,2017-04-12 08:25:00+00:00,288,9,2048
2048,325,93600,95647,2017-04-04 05:45:00+00:00,2017-04-13 08:25:00+00:00,288,9,2048
2048,326,93888,95935,2017-04-05 05:45:00+00:00,2017-04-14 08:25:00+00:00,288,9,2048
2048,327,94176,96223,2017-04-06 05:45:00+00:00,2017-04-17 08:30:00+00:00,288,9,2048
2048,328,94464,96511,2017-04-07 05:45:00+00:00,2017-04-18 08:30:00+00:00,288,9,2048
2048,329,94752,96799,2017-04-10 05:50:00+00:00,2017-04-19 08:30:00+00:00,288,9,2048
2048,330,95040,97087,2017-04-11 05:50:00+00:00,2017-04-20 08:30:00+00:00,288,9,2048
2048,331,95328,97375,2017-04-12 05:50:00+00:00,2017-04-21 08:30:00+00:00,288,9,2048
2048,332,95616,97663,2017-04-13 05:50:00+00:00,2017-04-24 08:35:00+00:00,288,9,2048
2048,333,95904,97951,2017-04-14 05:50:00+00:00,2017-04-25 08:35:00+00:00,288,9,2048
2048,334,96192,98239,2017-04-17 05:55:00+00:00,2017-04-26 08:35:00+00:00,288,9,2048
2048,335,96480,98527,2017-04-18 05:55:00+00:00,2017-04-27 08:35:00+00:00,288,9,2048
2048,336,96768,98815,2017-04-19 05:55:00+00:00,2017-04-28 08:35:00+00:00,288,9,2048
2048,337,97056,99103,2017-04-20 05:55:00+00:00,2017-05-01 08:40:00+00:00,288,9,2048
2048,338,97344,99391,2017-04-21 05:55:00+00:00,2017-05-02 08:40:00+00:00,288,9,2048
2048,339,97632,99679,2017-04-24 06:00:00+00:00,2017-05-03 08:40:00+00:00,288,9,2048
2048,340,97920,99967,2017-04-25 06:00:00+00:00,2017-05-04 08:40:00+00:00,288,9,2048
2048,341,98208,100255,2017-04-26 06:00:00+00:00,2017-05-05 08:40:00+00:00,288,9,2048
2048,342,98496,100543,2017-04-27 06:00:00+00:00,2017-05-08 08:45:00+00:00,288,9,2048
2048,343,98784,100831,2017-04-28 06:00:00+00:00,2017-05-09 08:45:00+00:00,288,9,2048
2048,344,99072,101119,2017-05-01 06:05:00+00:00,2017-05-10 08:45:00+00:00,288,9,2048
2048,345,99360,101407,2017-05-02 06:05:00+00:00,2017-05-11 08:45:00+00:00,288,9,2048
2048,346,99648,101695,2017-05-03 06:05:00+00:00,2017-05-12 08:45:00+00:00,288,9,2048
2048,347,99936,101983,2017-05-04 06:05:00+00:00,2017-05-15 08:50:00+00:00,288,9,2048
2048,348,100224,102271,2017-05-05 06:05:00+00:00,2017-05-16 08:50:00+00:00,288,9,2048
2048,349,100512,102559,2017-05-08 06:10:00+00:00,2017-05-17 08:50:00+00:00,288,9,2048
2048,350,100800,102847,2017-05-09 06:10:00+00:00,2017-05-18 08:50:00+00:00,288,9,2048
2048,351,101088,103135,2017-05-10 06:10:00+00:00,2017-05-19 08:50:00+00:00,288,9,2048
2048,352,101376,103423,2017-05-11 06:10:00+00:00,2017-05-22 08:55:00+00:00,288,9,2048
2048,353,101664,103711,2017-05-12 06:10:00+00:00,2017-05-23 08:55:00+00:00,288,9,2048
2048,354,101952,103999,2017-05-15 06:15:00+00:00,2017-05-24 08:55:00+00:00,288,9,2048
2048,355,102240,104287,2017-05-16 06:15:00+00:00,2017-05-25 08:55:00+00:00,288,9,2048
2048,356,102528,104575,2017-05-17 06:15:00+00:00,2017-05-26 08:55:00+00:00,288,9,2048
2048,357,102816,104863,2017-05-18 06:15:00+00:00,2017-05-29 09:00:00+00:00,288,9,2048
2048,358,103104,105151,2017-05-19 06:15:00+00:00,2017-05-30 09:00:00+00:00,288,9,2048
2048,359,103392,105439,2017-05-22 06:20:00+00:00,2017-05-31 09:00:00+00:00,288,9,2048
2048,360,103680,105727,2017-05-23 06:20:00+00:00,2017-06-01 09:00:00+00:00,288,9,2048
2048,361,103968,106015,2017-05-24 06:20:00+00:00,2017-06-02 09:00:00+00:00,288,9,2048
2048,362,104256,106303,2017-05-25 06:20:00+00:00,2017-06-05 09:05:00+00:00,288,9,2048
2048,363,104544,106591,2017-05-26 06:20:00+00:00,2017-06-06 09:05:00+00:00,288,9,2048
2048,364,104832,106879,2017-05-29 06:25:00+00:00,2017-06-07 09:05:00+00:00,288,9,2048
2048,365,105120,107167,2017-05-30 06:25:00+00:00,2017-06-08 09:05:00+00:00,288,9,2048
2048,366,105408,107455,2017-05-31 06:25:00+00:00,2017-06-09 09:05:00+00:00,288,9,2048
2048,367,105696,107743,2017-06-01 06:25:00+00:00,2017-06-12 09:10:00+00:00,288,9,2048
2048,368,105984,108031,2017-06-02 06:25:00+00:00,2017-06-13 09:10:00+00:00,288,9,2048
2048,369,106272,108319,2017-06-05 06:30:00+00:00,2017-06-14 09:10:00+00:00,288,9,2048
2048,370,106560,108607,2017-06-06 06:30:00+00:00,2017-06-15 09:10:00+00:00,288,9,2048
2048,371,106848,108895,2017-06-07 06:30:00+00:00,2017-06-16 09:10:00+00:00,288,9,2048
2048,372,107136,109183,2017-06-08 06:30:00+00:00,2017-06-19 09:15:00+00:00,288,9,2048
2048,373,107424,109471,2017-06-09 06:30:00+00:00,2017-06-20 09:15:00+00:00,288,9,2048
2048,374,107712,109759,2017-06-12 06:35:00+00:00,2017-06-21 09:15:00+00:00,288,9,2048
2048,375,108000,110047,2017-06-13 06:35:00+00:00,2017-06-22 09:15:00+00:00,288,9,2048
2048,376,108288,110335,2017-06-14 06:35:00+00:00,2017-06-23 09:15:00+00:00,288,9,2048
2048,377,108576,110623,2017-06-15 06:35:00+00:00,2017-06-26 09:20:00+00:00,288,9,2048
2048,378,108864,110911,2017-06-16 06:35:00+00:00,2017-06-27 09:20:00+00:00,288,9,2048
2048,379,109152,111199,2017-06-19 06:40:00+00:00,2017-06-28 09:20:00+00:00,288,9,2048
2048,380,109440,111487,2017-06-20 06:40:00+00:00,2017-06-29 09:20:00+00:00,288,9,2048
2048,381,109728,111775,2017-06-21 06:40:00+00:00,2017-06-30 09:20:00+00:00,288,9,2048
2048,382,110016,112063,2017-06-22 06:40:00+00:00,2017-07-03 09:25:00+00:00,288,9,2048
2048,383,110304,112351,2017-06-23 06:40:00+00:00,2017-07-04 09:25:00+00:00,288,9,2048
2048,384,110592,112639,2017-06-26 06:45:00+00:00,2017-07-05 09:25:00+00:00,288,9,2048
2048,385,110880,112927,2017-06-27 06:45:00+00:00,2017-07-06 09:25:00+00:00,288,9,2048
2048,386,111168,113215,2017-06-28 06:45:00+00:00,2017-07-07 09:25:00+00:00,288,9,2048
2048,387,111456,113503,2017-06-29 06:45:00+00:00,2017-07-10 09:30:00+00:00,288,9,2048
2048,388,111744,113791,2017-06-30 06:45:00+00:00,2017-07-11 09:30:00+00:00,288,9,2048
2048,389,112032,114079,2017-07-03 06:50:00+00:00,2017-07-12 09:30:00+00:00,288,9,2048
2048,390,112320,114367,2017-07-04 06:50:00+00:00,2017-07-13 09:30:00+00:00,288,9,2048
2048,391,112608,114655,2017-07-05 06:50:00+00:00,2017-07-14 09:30:00+00:00,288,9,2048
2048,392,112896,114943,2017-07-06 06:50:00+00:00,2017-07-17 09:35:00+00:00,288,9,2048
2048,393,113184,115231,2017-07-07 06:50:00+00:00,2017-07-18 09:35:00+00:00,288,9,2048
2048,394,113472,115519,2017-07-10 06:55:00+00:00,2017-07-19 09:35:00+00:00,288,9,2048
2048,395,113760,115807,2017-07-11 06:55:00+00:00,2017-07-20 09:35:00+00:00,288,9,2048
2048,396,114048,116095,2017-07-12 06:55:00+00:00,2017-07-21 09:35:00+00:00,288,9,2048
2048,397,114336,116383,2017-07-13 06:55:00+00:00,2017-07-24 09:40:00+00:00,288,9,2048
2048,398,114624,116671,2017-07-14 06:55:00+00:00,2017-07-25 09:40:00+00:00,288,9,2048
2048,399,114912,116959,2017-07-17 07:00:00+00:00,2017-07-26 09:40:00+00:00,288,9,2048
2048,400,115200,117247,2017-07-18 07:00:00+00:00,2017-07-27 09:40:00+00:00,288,9,2048
2048,401,115488,117535,2017-07-19 07:00:00+00:00,2017-07-28 09:40:00+00:00,288,9,2048
2048,402,115776,117823,2017-07-20 07:00:00+00:00,2017-07-31 09:45:00+00:00,288,9,2048
2048,403,116064,118111,2017-07-21 07:00:00+00:00,2017-08-01 09:45:00+00:00,288,9,2048
2048,404,116352,118399,2017-07-24 07:05:00+00:00,2017-08-02 09:45:00+00:00,288,9,2048
2048,405,116640,118687,2017-07-25 07:05:00+00:00,2017-08-03 09:45:00+00:00,288,9,2048
2048,406,116928,118975,2017-07-26 07:05:00+00:00,2017-08-04 09:45:00+00:00,288,9,2048
2048,407,117216,119263,2017-07-27 07:05:00+00:00,2017-08-07 09:50:00+00:00,288,9,2048
2048,408,117504,119551,2017-07-28 07:05:00+00:00,2017-08-08 09:50:00+00:00,288,9,2048
2048,409,117792,119839,2017-07-31 07:10:00+00:00,2017-08-09 09:50:00+00:00,288,9,2048
2048,410,118080,120127,2017-08-01 07:10:00+00:00,2017-08-10 09:50:00+00:00,288,9,2048
2048,411,118368,120415,2017-08-02 07:10:00+00:00,2017-08-11 09:50:00+00:00,288,9,2048
2048,412,118656,120703,2017-08-03 07:10:00+00:00,2017-08-14 09:55:00+00:00,288,9,2048
2048,413,118944,120991,2017-08-04 07:10:00+00:00,2017-08-15 09:55:00+00:00,288,9,2048
2048,414,119232,121279,2017-08-07 07:15:00+00:00,2017-08-16 09:55:00+00:00,288,9,2048
2048,415,119520,121567,2017-08-08 07:15:00+00:00,2017-08-17 09:55:00+00:00,288,9,2048
2048,416,119808,121855,2017-08-09 07:15:00+00:00,2017-08-18 09:55:00+00:00,288,9,2048
2048,417,120096,122143,2017-08-10 07:15:00+00:00,2017-08-21 10:10:00+00:00,288,9,2048
2048,418,120384,122431,2017-08-11 07:15:00+00:00,2017-08-22 10:10:00+00:00,288,9,2048
2048,419,120672,122719,2017-08-14 07:20:00+00:00,2017-08-23 10:10:00+00:00,288,9,2048
2048,420,120960,123007,2017-08-15 07:20:00+00:00,2017-08-24 10:10:00+00:00,288,9,2048
2048,421,121248,123295,2017-08-16 07:20:00+00:00,2017-08-25 10:10:00+00:00,288,9,2048
2048,422,121536,123583,2017-08-17 07:20:00+00:00,2017-08-28 10:15:00+00:00,288,9,2048
2048,423,121824,123871,2017-08-18 07:20:00+00:00,2017-08-29 10:15:00+00:00,288,9,2048
2048,424,122112,124159,2017-08-21 07:35:00+00:00,2017-08-30 10:15:00+00:00,288,9,2048
2048,425,122400,124447,2017-08-22 07:35:00+00:00,2017-08-31 10:15:00+00:00,288,9,2048
2048,426,122688,124735,2017-08-23 07:35:00+00:00,2017-09-01 10:15:00+00:00,288,9,2048
2048,427,122976,125023,2017-08-24 07:35:00+00:00,2017-09-04 10:20:00+00:00,288,9,2048
2048,428,123264,125311,2017-08-25 07:35:00+00:00,2017-09-05 10:20:00+00:00,288,9,2048
2048,429,123552,125599,2017-08-28 07:40:00+00:00,2017-09-06 10:20:00+00:00,288,9,2048
2048,430,123840,125887,2017-08-29 07:40:00+00:00,2017-09-07 10:20:00+00:00,288,9,2048
2048,431,124128,126175,2017-08-30 07:40:00+00:00,2017-09-08 10:20:00+00:00,288,9,2048
2048,432,124416,126463,2017-08-31 07:40:00+00:00,2017-09-11 10:25:00+00:00,288,9,2048
2048,433,124704,126751,2017-09-01 07:40:00+00:00,2017-09-12 10:25:00+00:00,288,9,2048
2048,434,124992,127039,2017-09-04 07:45:00+00:00,2017-09-13 10:25:00+00:00,288,9,2048
2048,435,125280,127327,2017-09-05 07:45:00+00:00,2017-09-14 10:25:00+00:00,288,9,2048
2048,436,125568,127615,2017-09-06 07:45:00+00:00,2017-09-15 10:25:00+00:00,288,9,2048
2048,437,125856,127903,2017-09-07 07:45:00+00:00,2017-09-18 10:30:00+00:00,288,9,2048
2048,438,126144,128191,2017-09-08 07:45:00+00:00,2017-09-19 10:30:00+00:00,288,9,2048
2048,439,126432,128479,2017-09-11 07:50:00+00:00,2017-09-20 10:30:00+00:00,288,9,2048
2048,440,126720,128767,2017-09-12 07:50:00+00:00,2017-09-21 10:30:00+00:00,288,9,2048
2048,441,127008,129055,2017-09-13 07:50:00+00:00,2017-09-22 10:30:00+00:00,288,9,2048
2048,442,127296,129343,2017-09-14 07:50:00+00:00,2017-09-25 10:35:00+00:00,288,9,2048
2048,443,127584,129631,2017-09-15 07:50:00+00:00,2017-09-26 10:35:00+00:00,288,9,2048
2048,444,127872,129919,2017-09-18 07:55:00+00:00,2017-09-27 10:35:00+00:00,288,9,2048
2048,445,128160,130207,2017-09-19 07:55:00+00:00,2017-09-28 10:35:00+00:00,288,9,2048
2048,446,128448,130495,2017-09-20 07:55:00+00:00,2017-09-29 10:35:00+00:00,288,9,2048
2048,447,128736,130783,2017-09-21 07:55:00+00:00,2017-10-02 10:40:00+00:00,288,9,2048
2048,448,129024,131071,2017-09-22 07:55:00+00:00,2017-10-03 10:40:00+00:00,288,9,2048
2048,449,129312,131359,2017-09-25 08:00:00+00:00,2017-10-04 10:40:00+00:00,288,9,2048
2048,450,129600,131647,2017-09-26 08:00:00+00:00,2017-10-05 10:40:00+00:00,288,9,2048
2048,451,129888,131935,2017-09-27 08:00:00+00:00,2017-10-06 10:40:00+00:00,288,9,2048
2048,452,130176,132223,2017-09-28 08:00:00+00:00,2017-10-09 10:45:00+00:00,288,9,2048
2048,453,130464,132511,2017-09-29 08:00:00+00:00,2017-10-10 10:45:00+00:00,288,9,2048
2048,454,130752,132799,2017-10-02 08:05:00+00:00,2017-10-11 10:45:00+00:00,288,9,2048
2048,455,131040,133087,2017-10-03 08:05:00+00:00,2017-10-12 10:45:00+00:00,288,9,2048
2048,456,131328,133375,2017-10-04 08:05:00+00:00,2017-10-13 10:45:00+00:00,288,9,2048
2048,457,131616,133663,2017-10-05 08:05:00+00:00,2017-10-16 10:50:00+00:00,288,9,2048
2048,458,131904,133951,2017-10-06 08:05:00+00:00,2017-10-17 10:50:00+00:00,288,9,2048
2048,459,132192,134239,2017-10-09 08:10:00+00:00,2017-10-18 10:50:00+00:00,288,9,2048
2048,460,132480,134527,2017-10-10 08:10:00+00:00,2017-10-19 10:50:00+00:00,288,9,2048
2048,461,132768,134815,2017-10-11 08:10:00+00:00,2017-10-20 10:50:00+00:00,288,9,2048
2048,462,133056,135103,2017-10-12 08:10:00+00:00,2017-10-23 10:55:00+00:00,288,9,2048
2048,463,133344,135391,2017-10-13 08:10:00+00:00,2017-10-24 10:55:00+00:00,288,9,2048
2048,464,133632,135679,2017-10-16 08:15:00+00:00,2017-10-25 10:55:00+00:00,288,9,2048
2048,465,133920,135967,2017-10-17 08:15:00+00:00,2017-10-26 10:55:00+00:00,288,9,2048
2048,466,134208,136255,2017-10-18 08:15:00+00:00,2017-10-27 10:55:00+00:00,288,9,2048
2048,467,134496,136543,2017-10-19 08:15:00+00:00,2017-10-30 11:00:00+00:00,288,9,2048
2048,468,134784,136831,2017-10-20 08:15:00+00:00,2017-10-31 11:00:00+00:00,288,9,2048
2048,469,135072,137119,2017-10-23 08:20:00+00:00,2017-11-01 11:00:00+00:00,288,9,2048
2048,470,135360,137407,2017-10-24 08:20:00+00:00,2017-11-02 11:00:00+00:00,288,9,2048
2048,471,135648,137695,2017-10-25 08:20:00+00:00,2017-11-03 11:00:00+00:00,288,9,2048
2048,472,135936,137983,2017-10-26 08:20:00+00:00,2017-11-06 11:05:00+00:00,288,9,2048
2048,473,136224,138271,2017-10-27 08:20:00+00:00,2017-11-07 11:05:00+00:00,288,9,2048
2048,474,136512,138559,2017-10-30 08:25:00+00:00,2017-11-08 11:05:00+00:00,288,9,2048
2048,475,136800,138847,2017-10-31 08:25:00+00:00,2017-11-09 11:05:00+00:00,288,9,2048
2048,476,137088,139135,2017-11-01 08:25:00+00:00,2017-11-10 11:05:00+00:00,288,9,2048
2048,477,137376,139423,2017-11-02 08:25:00+00:00,2017-11-13 11:10:00+00:00,288,9,2048
2048,478,137664,139711,2017-11-03 08:25:00+00:00,2017-11-14 11:10:00+00:00,288,9,2048
2048,479,137952,139999,2017-11-06 08:30:00+00:00,2017-11-15 11:10:00+00:00,288,9,2048
2048,480,138240,140287,2017-11-07 08:30:00+00:00,2017-11-16 11:10:00+00:00,288,9,2048
2048,481,138528,140575,2017-11-08 08:30:00+00:00,2017-11-17 11:10:00+00:00,288,9,2048
2048,482,138816,140863,2017-11-09 08:30:00+00:00,2017-11-20 11:15:00+00:00,288,9,2048
2048,483,139104,141151,2017-11-10 08:30:00+00:00,2017-11-21 11:15:00+00:00,288,9,2048
2048,484,139392,141439,2017-11-13 08:35:00+00:00,2017-11-22 11:15:00+00:00,288,9,2048
2048,485,139680,141727,2017-11-14 08:35:00+00:00,2017-11-23 11:15:00+00:00,288,9,2048
2048,486,139968,142015,2017-11-15 08:35:00+00:00,2017-11-24 11:15:00+00:00,288,9,2048
2048,487,140256,142303,2017-11-16 08:35:00+00:00,2017-11-27 11:20:00+00:00,288,9,2048
2048,488,140544,142591,2017-11-17 08:35:00+00:00,2017-11-28 11:20:00+00:00,288,9,2048
2048,489,140832,142879,2017-11-20 08:40:00+00:00,2017-11-29 11:20:00+00:00,288,9,2048
2048,490,141120,143167,2017-11-21 08:40:00+00:00,2017-11-30 11:20:00+00:00,288,9,2048
2048,491,141408,143455,2017-11-22 08:40:00+00:00,2017-12-01 11:20:00+00:00,288,9,2048
2048,492,141696,143743,2017-11-23 08:40:00+00:00,2017-12-04 11:25:00+00:00,288,9,2048
2048,493,141984,144031,2017-11-24 08:40:00+00:00,2017-12-05 11:25:00+00:00,288,9,2048
2048,494,142272,144319,2017-11-27 08:45:00+00:00,2017-12-06 11:25:00+00:00,288,9,2048
2048,495,142560,144607,2017-11-28 08:45:00+00:00,2017-12-07 11:25:00+00:00,288,9,2048
2048,496,142848,144895,2017-11-29 08:45:00+00:00,2017-12-08 11:25:00+00:00,288,9,2048
2048,497,143136,145183,2017-11-30 08:45:00+00:00,2017-12-11 11:30:00+00:00,288,9,2048
2048,498,143424,145471,2017-12-01 08:45:00+00:00,2017-12-12 11:30:00+00:00,288,9,2048
2048,499,143712,145759,2017-12-04 08:50:00+00:00,2017-12-13 11:30:00+00:00,288,9,2048
2048,500,144000,146047,2017-12-05 08:50:00+00:00,2017-12-14 11:30:00+00:00,288,9,2048
2048,501,144288,146335,2017-12-06 08:50:00+00:00,2017-12-15 11:30:00+00:00,288,9,2048
2048,502,144576,146623,2017-12-07 08:50:00+00:00,2017-12-18 11:35:00+00:00,288,9,2048
2048,503,144864,146911,2017-12-08 08:50:00+00:00,2017-12-19 11:35:00+00:00,288,9,2048
2048,504,145152,147199,2017-12-11 08:55:00+00:00,2017-12-20 11:35:00+00:00,288,9,2048
2048,505,145440,147487,2017-12-12 08:55:00+00:00,2017-12-21 11:35:00+00:00,288,9,2048
2048,506,145728,147775,2017-12-13 08:55:00+00:00,2017-12-22 11:35:00+00:00,288,9,2048
2048,507,146016,148063,2017-12-14 08:55:00+00:00,2017-12-26 11:40:00+00:00,288,9,2048
2048,508,146304,148351,2017-12-15 08:55:00+00:00,2017-12-27 11:40:00+00:00,288,9,2048
2048,509,146592,148639,2017-12-18 09:00:00+00:00,2017-12-28 11:40:00+00:00,288,9,2048
2048,510,146880,148927,2017-12-19 09:00:00+00:00,2017-12-29 11:40:00+00:00,288,9,2048
2048,511,147168,149215,2017-12-20 09:00:00+00:00,2018-01-02 11:45:00+00:00,288,9,2048
2048,512,147456,149503,2017-12-21 09:00:00+00:00,2018-01-03 11:45:00+00:00,288,9,2048
2048,513,147744,149791,2017-12-22 09:00:00+00:00,2018-01-04 11:45:00+00:00,288,9,2048
2048,514,148032,150079,2017-12-26 09:05:00+00:00,2018-01-05 11:45:00+00:00,288,9,2048
2048,515,148320,150367,2017-12-27 09:05:00+00:00,2018-01-08 11:50:00+00:00,288,9,2048
2048,516,148608,150655,2017-12-28 09:05:00+00:00,2018-01-09 11:50:00+00:00,288,9,2048
2048,517,148896,150943,2017-12-29 09:05:00+00:00,2018-01-10 11:50:00+00:00,288,9,2048
2048,518,149184,151231,2018-01-02 09:10:00+00:00,2018-01-11 11:50:00+00:00,288,9,2048
2048,519,149472,151519,2018-01-03 09:10:00+00:00,2018-01-12 11:50:00+00:00,288,9,2048
2048,520,149760,151807,2018-01-04 09:10:00+00:00,2018-01-15 11:55:00+00:00,288,9,2048
2048,521,150048,152095,2018-01-05 09:10:00+00:00,2018-01-16 11:55:00+00:00,288,9,2048
2048,522,150336,152383,2018-01-08 09:15:00+00:00,2018-01-17 11:55:00+00:00,288,9,2048
2048,523,150624,152671,2018-01-09 09:15:00+00:00,2018-01-18 11:55:00+00:00,288,9,2048
2048,524,150912,152959,2018-01-10 09:15:00+00:00,2018-01-19 11:55:00+00:00,288,9,2048
2048,525,151200,153247,2018-01-11 09:15:00+00:00,2018-01-22 12:00:00+00:00,288,9,2048
2048,526,151488,153535,2018-01-12 09:15:00+00:00,2018-01-23 12:00:00+00:00,288,9,2048
2048,527,151776,153823,2018-01-15 09:20:00+00:00,2018-01-24 12:00:00+00:00,288,9,2048
2048,528,152064,154111,2018-01-16 09:20:00+00:00,2018-01-25 12:00:00+00:00,288,9,2048
2048,529,152352,154399,2018-01-17 09:20:00+00:00,2018-01-26 12:00:00+00:00,288,9,2048
2048,530,152640,154687,2018-01-18 09:20:00+00:00,2018-01-29 12:05:00+00:00,288,9,2048
2048,531,152928,154975,2018-01-19 09:20:00+00:00,2018-01-30 12:05:00+00:00,288,9,2048
2048,532,153216,155263,2018-01-22 09:25:00+00:00,2018-01-31 12:05:00+00:00,288,9,2048
2048,533,153504,155551,2018-01-23 09:25:00+00:00,2018-02-01 12:05:00+00:00,288,9,2048
2048,534,153792,155839,2018-01-24 09:25:00+00:00,2018-02-02 12:05:00+00:00,288,9,2048
2048,535,154080,156127,2018-01-25 09:25:00+00:00,2018-02-05 12:10:00+00:00,288,9,2048
2048,536,154368,156415,2018-01-26 09:25:00+00:00,2018-02-06 12:10:00+00:00,288,9,2048
2048,537,154656,156703,2018-01-29 09:30:00+00:00,2018-02-07 12:10:00+00:00,288,9,2048
2048,538,154944,156991,2018-01-30 09:30:00+00:00,2018-02-08 12:10:00+00:00,288,9,2048
2048,539,155232,157279,2018-01-31 09:30:00+00:00,2018-02-09 12:10:00+00:00,288,9,2048
2048,540,155520,157567,2018-02-01 09:30:00+00:00,2018-02-12 12:15:00+00:00,288,9,2048
2048,541,155808,157855,2018-02-02 09:30:00+00:00,2018-02-13 12:15:00+00:00,288,9,2048
2048,542,156096,158143,2018-02-05 09:35:00+00:00,2018-02-14 12:15:00+00:00,288,9,2048
2048,543,156384,158431,2018-02-06 09:35:00+00:00,2018-02-15 12:15:00+00:00,288,9,2048
2048,544,156672,158719,2018-02-07 09:35:00+00:00,2018-02-16 12:15:00+00:00,288,9,2048
2048,545,156960,159007,2018-02-08 09:35:00+00:00,2018-02-19 12:20:00+00:00,288,9,2048
2048,546,157248,159295,2018-02-09 09:35:00+00:00,2018-02-20 12:20:00+00:00,288,9,2048
2048,547,157536,159583,2018-02-12 09:40:00+00:00,2018-02-21 12:20:00+00:00,288,9,2048
2048,548,157824,159871,2018-02-13 09:40:00+00:00,2018-02-22 12:20:00+00:00,288,9,2048
2048,549,158112,160159,2018-02-14 09:40:00+00:00,2018-02-23 12:20:00+00:00,288,9,2048
2048,550,158400,160447,2018-02-15 09:40:00+00:00,2018-02-26 12:25:00+00:00,288,9,2048
2048,551,158688,160735,2018-02-16 09:40:00+00:00,2018-02-27 12:25:00+00:00,288,9,2048
2048,552,158976,161023,2018-02-19 09:45:00+00:00,2018-02-28 12:25:00+00:00,288,9,2048
2048,553,159264,161311,2018-02-20 09:45:00+00:00,2018-03-01 12:25:00+00:00,288,9,2048
2048,554,159552,161599,2018-02-21 09:45:00+00:00,2018-03-02 12:25:00+00:00,288,9,2048
2048,555,159840,161887,2018-02-22 09:45:00+00:00,2018-03-05 12:30:00+00:00,288,9,2048
2048,556,160128,162175,2018-02-23 09:45:00+00:00,2018-03-06 12:30:00+00:00,288,9,2048
2048,557,160416,162463,2018-02-26 09:50:00+00:00,2018-03-07 12:30:00+00:00,288,9,2048
2048,558,160704,162751,2018-02-27 09:50:00+00:00,2018-03-08 12:30:00+00:00,288,9,2048
2048,559,160992,163039,2018-02-28 09:50:00+00:00,2018-03-09 12:30:00+00:00,288,9,2048
2048,560,161280,163327,2018-03-01 09:50:00+00:00,2018-03-12 12:35:00+00:00,288,9,2048
2048,561,161568,163615,2018-03-02 09:50:00+00:00,2018-03-13 12:35:00+00:00,288,9,2048
2048,562,161856,163903,2018-03-05 09:55:00+00:00,2018-03-14 12:35:00+00:00,288,9,2048
2048,563,162144,164191,2018-03-06 09:55:00+00:00,2018-03-15 12:35:00+00:00,288,9,2048
2048,564,162432,164479,2018-03-07 09:55:00+00:00,2018-03-16 12:35:00+00:00,288,9,2048
2048,565,162720,164767,2018-03-08 09:55:00+00:00,2018-03-19 12:40:00+00:00,288,9,2048
2048,566,163008,165055,2018-03-09 09:55:00+00:00,2018-03-20 12:40:00+00:00,288,9,2048
2048,567,163296,165343,2018-03-12 10:00:00+00:00,2018-03-21 12:40:00+00:00,288,9,2048
2048,568,163584,165631,2018-03-13 10:00:00+00:00,2018-03-22 12:40:00+00:00,288,9,2048
2048,569,163872,165919,2018-03-14 10:00:00+00:00,2018-03-23 12:40:00+00:00,288,9,2048
2048,570,164160,166207,2018-03-15 10:00:00+00:00,2018-03-26 12:45:00+00:00,288,9,2048
2048,571,164448,166495,2018-03-16 10:00:00+00:00,2018-03-27 12:45:00+00:00,288,9,2048
2048,572,164736,166783,2018-03-19 10:05:00+00:00,2018-03-28 12:45:00+00:00,288,9,2048
2048,573,165024,167071,2018-03-20 10:05:00+00:00,2018-03-29 12:45:00+00:00,288,9,2048
2048,574,165312,167359,2018-03-21 10:05:00+00:00,2018-03-30 12:45:00+00:00,288,9,2048
2048,575,165600,167647,2018-03-22 10:05:00+00:00,2018-04-02 13:20:00+00:00,288,9,2048
2048,576,165888,167935,2018-03-23 10:05:00+00:00,2018-04-03 13:20:00+00:00,288,9,2048
2048,577,166176,168223,2018-03-26 10:10:00+00:00,2018-04-04 13:20:00+00:00,288,9,2048
2048,578,166464,168511,2018-03-27 10:10:00+00:00,2018-04-05 13:20:00+00:00,288,9,2048
2048,579,166752,168799,2018-03-28 10:10:00+00:00,2018-04-06 13:20:00+00:00,288,9,2048
2048,580,167040,169087,2018-03-29 10:10:00+00:00,2018-04-09 13:25:00+00:00,288,9,2048
2048,581,167328,169375,2018-03-30 10:10:00+00:00,2018-04-10 13:25:00+00:00,288,9,2048
2048,582,167616,169663,2018-04-02 10:45:00+00:00,2018-04-11 13:25:00+00:00,288,9,2048
2048,583,167904,169951,2018-04-03 10:45:00+00:00,2018-04-12 13:25:00+00:00,288,9,2048
2048,584,168192,170239,2018-04-04 10:45:00+00:00,2018-04-13 13:25:00+00:00,288,9,2048
2048,585,168480,170527,2018-04-05 10:45:00+00:00,2018-04-16 13:30:00+00:00,288,9,2048
2048,586,168768,170815,2018-04-06 10:45:00+00:00,2018-04-17 13:30:00+00:00,288,9,2048
2048,587,169056,171103,2018-04-09 10:50:00+00:00,2018-04-18 13:30:00+00:00,288,9,2048
2048,588,169344,171391,2018-04-10 10:50:00+00:00,2018-04-19 13:30:00+00:00,288,9,2048
2048,589,169632,171679,2018-04-11 10:50:00+00:00,2018-04-20 13:30:00+00:00,288,9,2048
2048,590,169920,171967,2018-04-12 10:50:00+00:00,2018-04-23 13:35:00+00:00,288,9,2048
2048,591,170208,172255,2018-04-13 10:50:00+00:00,2018-04-24 13:35:00+00:00,288,9,2048
2048,592,170496,172543,2018-04-16 10:55:00+00:00,2018-04-25 13:35:00+00:00,288,9,2048
2048,593,170784,172831,2018-04-17 10:55:00+00:00,2018-04-26 13:35:00+00:00,288,9,2048
2048,594,171072,173119,2018-04-18 10:55:00+00:00,2018-04-27 13:35:00+00:00,288,9,2048
2048,595,171360,173407,2018-04-19 10:55:00+00:00,2018-04-30 13:40:00+00:00,288,9,2048
2048,596,171648,173695,2018-04-20 10:55:00+00:00,2018-05-01 13:40:00+00:00,288,9,2048
2048,597,171936,173983,2018-04-23 11:00:00+00:00,2018-05-02 13:40:00+00:00,288,9,2048
2048,598,172224,174271,2018-04-24 11:00:00+00:00,2018-05-03 13:40:00+00:00,288,9,2048
2048,599,172512,174559,2018-04-25 11:00:00+00:00,2018-05-04 13:40:00+00:00,288,9,2048
2048,600,172800,174847,2018-04-26 11:00:00+00:00,2018-05-07 13:45:00+00:00,288,9,2048
2048,601,173088,175135,2018-04-27 11:00:00+00:00,2018-05-08 13:45:00+00:00,288,9,2048
2048,602,173376,175423,2018-04-30 11:05:00+00:00,2018-05-09 13:45:00+00:00,288,9,2048
2048,603,173664,175711,2018-05-01 11:05:00+00:00,2018-05-10 13:45:00+00:00,288,9,2048
2048,604,173952,175999,2018-05-02 11:05:00+00:00,2018-05-11 13:45:00+00:00,288,9,2048
2048,605,174240,176287,2018-05-03 11:05:00+00:00,2018-05-14 13:50:00+00:00,288,9,2048
2048,606,174528,176575,2018-05-04 11:05:00+00:00,2018-05-15 13:50:00+00:00,288,9,2048
2048,607,174816,176863,2018-05-07 11:10:00+00:00,2018-05-16 13:50:00+00:00,288,9,2048
2048,608,175104,177151,2018-05-08 11:10:00+00:00,2018-05-17 13:50:00+00:00,288,9,2048
2048,609,175392,177439,2018-05-09 11:10:00+00:00,2018-05-18 13:50:00+00:00,288,9,2048
2048,610,175680,177727,2018-05-10 11:10:00+00:00,2018-05-21 13:55:00+00:00,288,9,2048
2048,611,175968,178015,2018-05-11 11:10:00+00:00,2018-05-22 13:55:00+00:00,288,9,2048
2048,612,176256,178303,2018-05-14 11:15:00+00:00,2018-05-23 13:55:00+00:00,288,9,2048
2048,613,176544,178591,2018-05-15 11:15:00+00:00,2018-05-24 13:55:00+00:00,288,9,2048
2048,614,176832,178879,2018-05-16 11:15:00+00:00,2018-05-25 13:55:00+00:00,288,9,2048
2048,615,177120,179167,2018-05-17 11:15:00+00:00,2018-05-28 14:00:00+00:00,288,9,2048
2048,616,177408,179455,2018-05-18 11:15:00+00:00,2018-05-29 14:00:00+00:00,288,9,2048
2048,617,177696,179743,2018-05-21 11:20:00+00:00,2018-05-30 14:00:00+00:00,288,9,2048
2048,618,177984,180031,2018-05-22 11:20:00+00:00,2018-05-31 14:00:00+00:00,288,9,2048
2048,619,178272,180319,2018-05-23 11:20:00+00:00,2018-06-01 14:00:00+00:00,288,9,2048
2048,620,178560,180607,2018-05-24 11:20:00+00:00,2018-06-04 14:05:00+00:00,288,9,2048
2048,621,178848,180895,2018-05-25 11:20:00+00:00,2018-06-05 14:05:00+00:00,288,9,2048
2048,622,179136,181183,2018-05-28 11:25:00+00:00,2018-06-06 14:05:00+00:00,288,9,2048
2048,623,179424,181471,2018-05-29 11:25:00+00:00,2018-06-07 14:05:00+00:00,288,9,2048
2048,624,179712,181759,2018-05-30 11:25:00+00:00,2018-06-08 14:05:00+00:00,288,9,2048
2048,625,180000,182047,2018-05-31 11:25:00+00:00,2018-06-11 14:10:00+00:00,288,9,2048
2048,626,180288,182335,2018-06-01 11:25:00+00:00,2018-06-12 14:20:00+00:00,288,9,2048
2048,627,180576,182623,2018-06-04 11:30:00+00:00,2018-06-13 14:20:00+00:00,288,9,2048
2048,628,180864,182911,2018-06-05 11:30:00+00:00,2018-06-14 14:20:00+00:00,288,9,2048
2048,629,181152,183199,2018-06-06 11:30:00+00:00,2018-06-15 14:20:00+00:00,288,9,2048
2048,630,181440,183487,2018-06-07 11:30:00+00:00,2018-06-18 14:25:00+00:00,288,9,2048
2048,631,181728,183775,2018-06-08 11:30:00+00:00,2018-06-19 14:25:00+00:00,288,9,2048
2048,632,182016,184063,2018-06-11 11:35:00+00:00,2018-06-20 14:25:00+00:00,288,9,2048
2048,633,182304,184351,2018-06-12 11:45:00+00:00,2018-06-21 14:25:00+00:00,288,9,2048
2048,634,182592,184639,2018-06-13 11:45:00+00:00,2018-06-22 14:25:00+00:00,288,9,2048
2048,635,182880,184927,2018-06-14 11:45:00+00:00,2018-06-25 14:30:00+00:00,288,9,2048
2048,636,183168,185215,2018-06-15 11:45:00+00:00,2018-06-26 14:30:00+00:00,288,9,2048
2048,637,183456,185503,2018-06-18 11:50:00+00:00,2018-06-27 14:30:00+00:00,288,9,2048
2048,638,183744,185791,2018-06-19 11:50:00+00:00,2018-06-28 14:30:00+00:00,288,9,2048
2048,639,184032,186079,2018-06-20 11:50:00+00:00,2018-06-29 14:30:00+00:00,288,9,2048
2048,640,184320,186367,2018-06-21 11:50:00+00:00,2018-07-02 14:35:00+00:00,288,9,2048
2048,641,184608,186655,2018-06-22 11:50:00+00:00,2018-07-03 14:35:00+00:00,288,9,2048
2048,642,184896,186943,2018-06-25 11:55:00+00:00,2018-07-04 14:35:00+00:00,288,9,2048
2048,643,185184,187231,2018-06-26 11:55:00+00:00,2018-07-05 14:35:00+00:00,288,9,2048
2048,644,185472,187519,2018-06-27 11:55:00+00:00,2018-07-06 14:35:00+00:00,288,9,2048
2048,645,185760,187807,2018-06-28 11:55:00+00:00,2018-07-09 14:40:00+00:00,288,9,2048
2048,646,186048,188095,2018-06-29 11:55:00+00:00,2018-07-10 14:40:00+00:00,288,9,2048
2048,647,186336,188383,2018-07-02 12:00:00+00:00,2018-07-11 14:40:00+00:00,288,9,2048
2048,648,186624,188671,2018-07-03 12:00:00+00:00,2018-07-12 14:40:00+00:00,288,9,2048
2048,649,186912,188959,2018-07-04 12:00:00+00:00,2018-07-13 14:40:00+00:00,288,9,2048
2048,650,187200,189247,2018-07-05 12:00:00+00:00,2018-07-16 14:45:00+00:00,288,9,2048
2048,651,187488,189535,2018-07-06 12:00:00+00:00,2018-07-17 14:45:00+00:00,288,9,2048
2048,652,187776,189823,2018-07-09 12:05:00+00:00,2018-07-18 14:45:00+00:00,288,9,2048
2048,653,188064,190111,2018-07-10 12:05:00+00:00,2018-07-19 14:45:00+00:00,288,9,2048
2048,654,188352,190399,2018-07-11 12:05:00+00:00,2018-07-20 14:45:00+00:00,288,9,2048
2048,655,188640,190687,2018-07-12 12:05:00+00:00,2018-07-23 14:50:00+00:00,288,9,2048
2048,656,188928,190975,2018-07-13 12:05:00+00:00,2018-07-24 14:50:00+00:00,288,9,2048
2048,657,189216,191263,2018-07-16 12:10:00+00:00,2018-07-25 14:50:00+00:00,288,9,2048
2048,658,189504,191551,2018-07-17 12:10:00+00:00,2018-07-26 14:50:00+00:00,288,9,2048
2048,659,189792,191839,2018-07-18 12:10:00+00:00,2018-07-27 14:50:00+00:00,288,9,2048
2048,660,190080,192127,2018-07-19 12:10:00+00:00,2018-07-30 14:55:00+00:00,288,9,2048
2048,661,190368,192415,2018-07-20 12:10:00+00:00,2018-07-31 14:55:00+00:00,288,9,2048
2048,662,190656,192703,2018-07-23 12:15:00+00:00,2018-08-01 14:55:00+00:00,288,9,2048
2048,663,190944,192991,2018-07-24 12:15:00+00:00,2018-08-02 14:55:00+00:00,288,9,2048
2048,664,191232,193279,2018-07-25 12:15:00+00:00,2018-08-03 14:55:00+00:00,288,9,2048
2048,665,191520,193567,2018-07-26 12:15:00+00:00,2018-08-06 15:00:00+00:00,288,9,2048
2048,666,191808,193855,2018-07-27 12:15:00+00:00,2018-08-07 15:00:00+00:00,288,9,2048
2048,667,192096,194143,2018-07-30 12:20:00+00:00,2018-08-08 15:00:00+00:00,288,9,2048
2048,668,192384,194431,2018-07-31 12:20:00+00:00,2018-08-09 15:00:00+00:00,288,9,2048
2048,669,192672,194719,2018-08-01 12:20:00+00:00,2018-08-10 15:00:00+00:00,288,9,2048
2048,670,192960,195007,2018-08-02 12:20:00+00:00,2018-08-13 15:05:00+00:00,288,9,2048
2048,671,193248,195295,2018-08-03 12:20:00+00:00,2018-08-14 15:05:00+00:00,288,9,2048
2048,672,193536,195583,2018-08-06 12:25:00+00:00,2018-08-15 15:05:00+00:00,288,9,2048
2048,673,193824,195871,2018-08-07 12:25:00+00:00,2018-08-16 15:05:00+00:00,288,9,2048
2048,674,194112,196159,2018-08-08 12:25:00+00:00,2018-08-17 15:05:00+00:00,288,9,2048
2048,675,194400,196447,2018-08-09 12:25:00+00:00,2018-08-20 15:10:00+00:00,288,9,2048
2048,676,194688,196735,2018-08-10 12:25:00+00:00,2018-08-21 15:10:00+00:00,288,9,2048
2048,677,194976,197023,2018-08-13 12:30:00+00:00,2018-08-22 15:10:00+00:00,288,9,2048
2048,678,195264,197311,2018-08-14 12:30:00+00:00,2018-08-23 15:10:00+00:00,288,9,2048
2048,679,195552,197599,2018-08-15 12:30:00+00:00,2018-08-24 15:10:00+00:00,288,9,2048
2048,680,195840,197887,2018-08-16 12:30:00+00:00,2018-08-27 15:15:00+00:00,288,9,2048
2048,681,196128,198175,2018-08-17 12:30:00+00:00,2018-08-28 15:15:00+00:00,288,9,2048
2048,682,196416,198463,2018-08-20 12:35:00+00:00,2018-08-29 15:15:00+00:00,288,9,2048
2048,683,196704,198751,2018-08-21 12:35:00+00:00,2018-08-30 15:15:00+00:00,288,9,2048
2048,684,196992,199039,2018-08-22 12:35:00+00:00,2018-08-31 15:15:00+00:00,288,9,2048
2048,685,197280,199327,2018-08-23 12:35:00+00:00,2018-09-03 15:20:00+00:00,288,9,2048
2048,686,197568,199615,2018-08-24 12:35:00+00:00,2018-09-04 15:20:00+00:00,288,9,2048
2048,687,197856,199903,2018-08-27 12:40:00+00:00,2018-09-05 15:20:00+00:00,288,9,2048
2048,688,198144,200191,2018-08-28 12:40:00+00:00,2018-09-06 15:20:00+00:00,288,9,2048
2048,689,198432,200479,2018-08-29 12:40:00+00:00,2018-09-07 15:20:00+00:00,288,9,2048
2048,690,198720,200767,2018-08-30 12:40:00+00:00,2018-09-10 15:25:00+00:00,288,9,2048
2048,691,199008,201055,2018-08-31 12:40:00+00:00,2018-09-11 15:25:00+00:00,288,9,2048
2048,692,199296,201343,2018-09-03 12:45:00+00:00,2018-09-12 15:25:00+00:00,288,9,2048
2048,693,199584,201631,2018-09-04 12:45:00+00:00,2018-09-13 15:25:00+00:00,288,9,2048
2048,694,199872,201919,2018-09-05 12:45:00+00:00,2018-09-14 15:25:00+00:00,288,9,2048
2048,695,200160,202207,2018-09-06 12:45:00+00:00,2018-09-17 15:30:00+00:00,288,9,2048
2048,696,200448,202495,2018-09-07 12:45:00+00:00,2018-09-18 15:30:00+00:00,288,9,2048
2048,697,200736,202783,2018-09-10 12:50:00+00:00,2018-09-19 15:30:00+00:00,288,9,2048
2048,698,201024,203071,2018-09-11 12:50:00+00:00,2018-09-20 15:30:00+00:00,288,9,2048
2048,699,201312,203359,2018-09-12 12:50:00+00:00,2018-09-21 15:30:00+00:00,288,9,2048
2048,700,201600,203647,2018-09-13 12:50:00+00:00,2018-09-24 15:35:00+00:00,288,9,2048
2048,701,201888,203935,2018-09-14 12:50:00+00:00,2018-09-25 15:35:00+00:00,288,9,2048
2048,702,202176,204223,2018-09-17 12:55:00+00:00,2018-09-26 15:35:00+00:00,288,9,2048
2048,703,202464,204511,2018-09-18 12:55:00+00:00,2018-09-27 15:35:00+00:00,288,9,2048
2048,704,202752,204799,2018-09-19 12:55:00+00:00,2018-09-28 15:35:00+00:00,288,9,2048
2048,705,203040,205087,2018-09-20 12:55:00+00:00,2018-10-01 15:40:00+00:00,288,9,2048
2048,706,203328,205375,2018-09-21 12:55:00+00:00,2018-10-02 15:40:00+00:00,288,9,2048
2048,707,203616,205663,2018-09-24 13:00:00+00:00,2018-10-03 15:40:00+00:00,288,9,2048
2048,708,203904,205951,2018-09-25 13:00:00+00:00,2018-10-04 15:40:00+00:00,288,9,2048
2048,709,204192,206239,2018-09-26 13:00:00+00:00,2018-10-05 15:40:00+00:00,288,9,2048
2048,710,204480,206527,2018-09-27 13:00:00+00:00,2018-10-08 15:45:00+00:00,288,9,2048
2048,711,204768,206815,2018-09-28 13:00:00+00:00,2018-10-09 15:45:00+00:00,288,9,2048
2048,712,205056,207103,2018-10-01 13:05:00+00:00,2018-10-10 15:45:00+00:00,288,9,2048
2048,713,205344,207391,2018-10-02 13:05:00+00:00,2018-10-11 15:45:00+00:00,288,9,2048
2048,714,205632,207679,2018-10-03 13:05:00+00:00,2018-10-12 15:45:00+00:00,288,9,2048
2048,715,205920,207967,2018-10-04 13:05:00+00:00,2018-10-15 15:50:00+00:00,288,9,2048
2048,716,206208,208255,2018-10-05 13:05:00+00:00,2018-10-16 15:50:00+00:00,288,9,2048
2048,717,206496,208543,2018-10-08 13:10:00+00:00,2018-10-17 15:50:00+00:00,288,9,2048
2048,718,206784,208831,2018-10-09 13:10:00+00:00,2018-10-18 15:50:00+00:00,288,9,2048
2048,719,207072,209119,2018-10-10 13:10:00+00:00,2018-10-19 15:50:00+00:00,288,9,2048
2048,720,207360,209407,2018-10-11 13:10:00+00:00,2018-10-22 15:55:00+00:00,288,9,2048
2048,721,207648,209695,2018-10-12 13:10:00+00:00,2018-10-23 15:55:00+00:00,288,9,2048
2048,722,207936,209983,2018-10-15 13:15:00+00:00,2018-10-24 15:55:00+00:00,288,9,2048
2048,723,208224,210271,2018-10-16 13:15:00+00:00,2018-10-25 15:55:00+00:00,288,9,2048
2048,724,208512,210559,2018-10-17 13:15:00+00:00,2018-10-26 15:55:00+00:00,288,9,2048
2048,725,208800,210847,2018-10-18 13:15:00+00:00,2018-10-29 16:00:00+00:00,288,9,2048
2048,726,209088,211135,2018-10-19 13:15:00+00:00,2018-10-30 16:00:00+00:00,288,9,2048
2048,727,209376,211423,2018-10-22 13:20:00+00:00,2018-10-31 16:00:00+00:00,288,9,2048
2048,728,209664,211711,2018-10-23 13:20:00+00:00,2018-11-01 16:00:00+00:00,288,9,2048
2048,729,209952,211999,2018-10-24 13:20:00+00:00,2018-11-02 16:00:00+00:00,288,9,2048
2048,730,210240,212287,2018-10-25 13:20:00+00:00,2018-11-05 16:05:00+00:00,288,9,2048
2048,731,210528,212575,2018-10-26 13:20:00+00:00,2018-11-06 16:05:00+00:00,288,9,2048
2048,732,210816,212863,2018-10-29 13:25:00+00:00,2018-11-07 16:05:00+00:00,288,9,2048
2048,733,211104,213151,2018-10-30 13:25:00+00:00,2018-11-08 16:05:00+00:00,288,9,2048
2048,734,211392,213439,2018-10-31 13:25:00+00:00,2018-11-09 16:05:00+00:00,288,9,2048
2048,735,211680,213727,2018-11-01 13:25:00+00:00,2018-11-12 16:10:00+00:00,288,9,2048
2048,736,211968,214015,2018-11-02 13:25:00+00:00,2018-11-13 16:10:00+00:00,288,9,2048
2048,737,212256,214303,2018-11-05 13:30:00+00:00,2018-11-14 16:10:00+00:00,288,9,2048
2048,738,212544,214591,2018-11-06 13:30:00+00:00,2018-11-15 16:10:00+00:00,288,9,2048
2048,739,212832,214879,2018-11-07 13:30:00+00:00,2018-11-16 16:10:00+00:00,288,9,2048
2048,740,213120,215167,2018-11-08 13:30:00+00:00,2018-11-19 16:15:00+00:00,288,9,2048
2048,741,213408,215455,2018-11-09 13:30:00+00:00,2018-11-20 16:15:00+00:00,288,9,2048
2048,742,213696,215743,2018-11-12 13:35:00+00:00,2018-11-21 16:15:00+00:00,288,9,2048
2048,743,213984,216031,2018-11-13 13:35:00+00:00,2018-11-22 16:15:00+00:00,288,9,2048
2048,744,214272,216319,2018-11-14 13:35:00+00:00,2018-11-23 16:15:00+00:00,288,9,2048
2048,745,214560,216607,2018-11-15 13:35:00+00:00,2018-11-26 16:20:00+00:00,288,9,2048
2048,746,214848,216895,2018-11-16 13:35:00+00:00,2018-11-27 16:20:00+00:00,288,9,2048
2048,747,215136,217183,2018-11-19 13:40:00+00:00,2018-11-28 16:20:00+00:00,288,9,2048
2048,748,215424,217471,2018-11-20 13:40:00+00:00,2018-11-29 16:20:00+00:00,288,9,2048
2048,749,215712,217759,2018-11-21 13:40:00+00:00,2018-11-30 16:20:00+00:00,288,9,2048
2048,750,216000,218047,2018-11-22 13:40:00+00:00,2018-12-03 16:25:00+00:00,288,9,2048
2048,751,216288,218335,2018-11-23 13:40:00+00:00,2018-12-04 16:25:00+00:00,288,9,2048
2048,752,216576,218623,2018-11-26 13:45:00+00:00,2018-12-05 16:25:00+00:00,288,9,2048
2048,753,216864,218911,2018-11-27 13:45:00+00:00,2018-12-06 16:25:00+00:00,288,9,2048
2048,754,217152,219199,2018-11-28 13:45:00+00:00,2018-12-07 16:25:00+00:00,288,9,2048
2048,755,217440,219487,2018-11-29 13:45:00+00:00,2018-12-10 16:30:00+00:00,288,9,2048
2048,756,217728,219775,2018-11-30 13:45:00+00:00,2018-12-11 16:30:00+00:00,288,9,2048
2048,757,218016,220063,2018-12-03 13:50:00+00:00,2018-12-12 16:30:00+00:00,288,9,2048
2048,758,218304,220351,2018-12-04 13:50:00+00:00,2018-12-13 16:30:00+00:00,288,9,2048
2048,759,218592,220639,2018-12-05 13:50:00+00:00,2018-12-14 16:30:00+00:00,288,9,2048
2048,760,218880,220927,2018-12-06 13:50:00+00:00,2018-12-17 16:35:00+00:00,288,9,2048
2048,761,219168,221215,2018-12-07 13:50:00+00:00,2018-12-18 16:35:00+00:00,288,9,2048
2048,762,219456,221503,2018-12-10 13:55:00+00:00,2018-12-19 16:35:00+00:00,288,9,2048
2048,763,219744,221791,2018-12-11 13:55:00+00:00,2018-12-20 16:35:00+00:00,288,9,2048
2048,764,220032,222079,2018-12-12 13:55:00+00:00,2018-12-21 16:35:00+00:00,288,9,2048
2048,765,220320,222367,2018-12-13 13:55:00+00:00,2018-12-24 16:40:00+00:00,288,9,2048
2048,766,220608,222655,2018-12-14 13:55:00+00:00,2018-12-26 06:55:00+00:00,288,9,2048
2048,767,220896,222943,2018-12-17 14:00:00+00:00,2018-12-27 06:55:00+00:00,288,9,2048
2048,768,221184,223231,2018-12-18 14:00:00+00:00,2018-12-28 06:55:00+00:00,288,9,2048
2048,769,221472,223519,2018-12-19 14:00:00+00:00,2018-12-31 07:00:00+00:00,288,9,2048
2048,770,221760,223807,2018-12-20 14:00:00+00:00,2019-01-02 07:05:00+00:00,288,9,2048
2048,771,222048,224095,2018-12-21 14:00:00+00:00,2019-01-03 07:05:00+00:00,288,9,2048
2048,772,222336,224383,2018-12-24 14:05:00+00:00,2019-01-04 07:05:00+00:00,288,9,2048
2048,773,222624,224671,2018-12-26 04:20:00+00:00,2019-01-07 07:10:00+00:00,288,9,2048
2048,774,222912,224959,2018-12-27 04:20:00+00:00,2019-01-08 07:10:00+00:00,288,9,2048
2048,775,223200,225247,2018-12-28 04:20:00+00:00,2019-01-09 07:10:00+00:00,288,9,2048
2048,776,223488,225535,2018-12-31 04:25:00+00:00,2019-01-10 07:10:00+00:00,288,9,2048
2048,777,223776,225823,2019-01-02 04:30:00+00:00,2019-01-11 07:10:00+00:00,288,9,2048
2048,778,224064,226111,2019-01-03 04:30:00+00:00,2019-01-14 07:15:00+00:00,288,9,2048
2048,779,224352,226399,2019-01-04 04:30:00+00:00,2019-01-15 07:15:00+00:00,288,9,2048
2048,780,224640,226687,2019-01-07 04:35:00+00:00,2019-01-16 07:15:00+00:00,288,9,2048
2048,781,224928,226975,2019-01-08 04:35:00+00:00,2019-01-17 07:15:00+00:00,288,9,2048
2048,782,225216,227263,2019-01-09 04:35:00+00:00,2019-01-18 07:15:00+00:00,288,9,2048
2048,783,225504,227551,2019-01-10 04:35:00+00:00,2019-01-21 07:20:00+00:00,288,9,2048
2048,784,225792,227839,2019-01-11 04:35:00+00:00,2019-01-22 07:20:00+00:00,288,9,2048
2048,785,226080,228127,2019-01-14 04:40:00+00:00,2019-01-23 07:20:00+00:00,288,9,2048
2048,786,226368,228415,2019-01-15 04:40:00+00:00,2019-01-24 07:20:00+00:00,288,9,2048
2048,787,226656,228703,2019-01-16 04:40:00+00:00,2019-01-25 07:20:00+00:00,288,9,2048
2048,788,226944,228991,2019-01-17 04:40:00+00:00,2019-01-28 07:25:00+00:00,288,9,2048
2048,789,227232,229279,2019-01-18 04:40:00+00:00,2019-01-29 07:25:00+00:00,288,9,2048
2048,790,227520,229567,2019-01-21 04:45:00+00:00,2019-01-30 07:25:00+00:00,288,9,2048
2048,791,227808,229855,2019-01-22 04:45:00+00:00,2019-01-31 07:25:00+00:00,288,9,2048
2048,792,228096,230143,2019-01-23 04:45:00+00:00,2019-02-01 07:25:00+00:00,288,9,2048
2048,793,228384,230431,2019-01-24 04:45:00+00:00,2019-02-04 07:30:00+00:00,288,9,2048
2048,794,228672,230719,2019-01-25 04:45:00+00:00,2019-02-05 07:30:00+00:00,288,9,2048
2048,795,228960,231007,2019-01-28 04:50:00+00:00,2019-02-06 07:30:00+00:00,288,9,2048
2048,796,229248,231295,2019-01-29 04:50:00+00:00,2019-02-07 07:30:00+00:00,288,9,2048
2048,797,229536,231583,2019-01-30 04:50:00+00:00,2019-02-08 07:30:00+00:00,288,9,2048
2048,798,229824,231871,2019-01-31 04:50:00+00:00,2019-02-11 07:35:00+00:00,288,9,2048
2048,799,230112,232159,2019-02-01 04:50:00+00:00,2019-02-12 07:35:00+00:00,288,9,2048
2048,800,230400,232447,2019-02-04 04:55:00+00:00,2019-02-13 07:35:00+00:00,288,9,2048
2048,801,230688,232735,2019-02-05 04:55:00+00:00,2019-02-14 07:35:00+00:00,288,9,2048
2048,802,230976,233023,2019-02-06 04:55:00+00:00,2019-02-15 07:35:00+00:00,288,9,2048
2048,803,231264,233311,2019-02-07 04:55:00+00:00,2019-02-18 07:40:00+00:00,288,9,2048
2048,804,231552,233599,2019-02-08 04:55:00+00:00,2019-02-19 07:40:00+00:00,288,9,2048
2048,805,231840,233887,2019-02-11 05:00:00+00:00,2019-02-20 07:40:00+00:00,288,9,2048
2048,806,232128,234175,2019-02-12 05:00:00+00:00,2019-02-21 07:40:00+00:00,288,9,2048
2048,807,232416,234463,2019-02-13 05:00:00+00:00,2019-02-22 07:40:00+00:00,288,9,2048
2048,808,232704,234751,2019-02-14 05:00:00+00:00,2019-02-25 07:45:00+00:00,288,9,2048
2048,809,232992,235039,2019-02-15 05:00:00+00:00,2019-02-26 07:45:00+00:00,288,9,2048
2048,810,233280,235327,2019-02-18 05:05:00+00:00,2019-02-27 07:45:00+00:00,288,9,2048
2048,811,233568,235615,2019-02-19 05:05:00+00:00,2019-02-28 07:45:00+00:00,288,9,2048
2048,812,233856,235903,2019-02-20 05:05:00+00:00,2019-03-01 07:45:00+00:00,288,9,2048
2048,813,234144,236191,2019-02-21 05:05:00+00:00,2019-03-04 07:50:00+00:00,288,9,2048
2048,814,234432,236479,2019-02-22 05:05:00+00:00,2019-03-05 07:50:00+00:00,288,9,2048
2048,815,234720,236767,2019-02-25 05:10:00+00:00,2019-03-06 07:50:00+00:00,288,9,2048
2048,816,235008,237055,2019-02-26 05:10:00+00:00,2019-03-07 07:50:00+00:00,288,9,2048
2048,817,235296,237343,2019-02-27 05:10:00+00:00,2019-03-08 07:50:00+00:00,288,9,2048
2048,818,235584,237631,2019-02-28 05:10:00+00:00,2019-03-11 06:55:00+00:00,288,9,2048
2048,819,235872,237919,2019-03-01 05:10:00+00:00,2019-03-12 06:55:00+00:00,288,9,2048
2048,820,236160,238207,2019-03-04 05:15:00+00:00,2019-03-13 06:55:00+00:00,288,9,2048
2048,821,236448,238495,2019-03-05 05:15:00+00:00,2019-03-14 06:55:00+00:00,288,9,2048
2048,822,236736,238783,2019-03-06 05:15:00+00:00,2019-03-15 06:55:00+00:00,288,9,2048
2048,823,237024,239071,2019-03-07 05:15:00+00:00,2019-03-18 07:00:00+00:00,288,9,2048
2048,824,237312,239359,2019-03-08 05:15:00+00:00,2019-03-19 07:00:00+00:00,288,9,2048
2048,825,237600,239647,2019-03-11 04:20:00+00:00,2019-03-20 07:00:00+00:00,288,9,2048
2048,826,237888,239935,2019-03-12 04:20:00+00:00,2019-03-21 07:00:00+00:00,288,9,2048
2048,827,238176,240223,2019-03-13 04:20:00+00:00,2019-03-22 07:00:00+00:00,288,9,2048
2048,828,238464,240511,2019-03-14 04:20:00+00:00,2019-03-25 07:10:00+00:00,288,9,2048
2048,829,238752,240799,2019-03-15 04:20:00+00:00,2019-03-26 07:10:00+00:00,288,9,2048
2048,830,239040,241087,2019-03-18 04:25:00+00:00,2019-03-27 07:10:00+00:00,288,9,2048
2048,831,239328,241375,2019-03-19 04:25:00+00:00,2019-03-28 07:10:00+00:00,288,9,2048
2048,832,239616,241663,2019-03-20 04:25:00+00:00,2019-03-29 07:10:00+00:00,288,9,2048
2048,833,239904,241951,2019-03-21 04:25:00+00:00,2019-04-01 09:20:00+00:00,288,9,2048
2048,834,240192,242239,2019-03-22 04:25:00+00:00,2019-04-02 09:20:00+00:00,288,9,2048
2048,835,240480,242527,2019-03-25 04:35:00+00:00,2019-04-03 09:20:00+00:00,288,9,2048
2048,836,240768,242815,2019-03-26 04:35:00+00:00,2019-04-04 09:20:00+00:00,288,9,2048
2048,837,241056,243103,2019-03-27 04:35:00+00:00,2019-04-05 09:20:00+00:00,288,9,2048
2048,838,241344,243391,2019-03-28 04:35:00+00:00,2019-04-08 09:25:00+00:00,288,9,2048
2048,839,241632,243679,2019-03-29 04:35:00+00:00,2019-04-09 09:25:00+00:00,288,9,2048
2048,840,241920,243967,2019-04-01 06:45:00+00:00,2019-04-10 09:25:00+00:00,288,9,2048
2048,841,242208,244255,2019-04-02 06:45:00+00:00,2019-04-11 09:25:00+00:00,288,9,2048
2048,842,242496,244543,2019-04-03 06:45:00+00:00,2019-04-12 09:25:00+00:00,288,9,2048
2048,843,242784,244831,2019-04-04 06:45:00+00:00,2019-04-15 09:30:00+00:00,288,9,2048
2048,844,243072,245119,2019-04-05 06:45:00+00:00,2019-04-16 09:30:00+00:00,288,9,2048
2048,845,243360,245407,2019-04-08 06:50:00+00:00,2019-04-17 09:30:00+00:00,288,9,2048
2048,846,243648,245695,2019-04-09 06:50:00+00:00,2019-04-18 09:30:00+00:00,288,9,2048
2048,847,243936,245983,2019-04-10 06:50:00+00:00,2019-04-19 09:30:00+00:00,288,9,2048
2048,848,244224,246271,2019-04-11 06:50:00+00:00,2019-04-22 09:35:00+00:00,288,9,2048
2048,849,244512,246559,2019-04-12 06:50:00+00:00,2019-04-23 09:35:00+00:00,288,9,2048
2048,850,244800,246847,2019-04-15 06:55:00+00:00,2019-04-24 09:35:00+00:00,288,9,2048
2048,851,245088,247135,2019-04-16 06:55:00+00:00,2019-04-25 09:35:00+00:00,288,9,2048
2048,852,245376,247423,2019-04-17 06:55:00+00:00,2019-04-26 09:35:00+00:00,288,9,2048
2048,853,245664,247711,2019-04-18 06:55:00+00:00,2019-04-29 09:40:00+00:00,288,9,2048
2048,854,245952,247999,2019-04-19 06:55:00+00:00,2019-04-30 09:40:00+00:00,288,9,2048
2048,855,246240,248287,2019-04-22 07:00:00+00:00,2019-05-01 09:40:00+00:00,288,9,2048
2048,856,246528,248575,2019-04-23 07:00:00+00:00,2019-05-02 09:40:00+00:00,288,9,2048
2048,857,246816,248863,2019-04-24 07:00:00+00:00,2019-05-03 09:40:00+00:00,288,9,2048
2048,858,247104,249151,2019-04-25 07:00:00+00:00,2019-05-06 09:45:00+00:00,288,9,2048
2048,859,247392,249439,2019-04-26 07:00:00+00:00,2019-05-07 09:45:00+00:00,288,9,2048
2048,860,247680,249727,2019-04-29 07:05:00+00:00,2019-05-08 09:45:00+00:00,288,9,2048
2048,861,247968,250015,2019-04-30 07:05:00+00:00,2019-05-09 09:45:00+00:00,288,9,2048
2048,862,248256,250303,2019-05-01 07:05:00+00:00,2019-05-10 09:45:00+00:00,288,9,2048
2048,863,248544,250591,2019-05-02 07:05:00+00:00,2019-05-13 09:50:00+00:00,288,9,2048
2048,864,248832,250879,2019-05-03 07:05:00+00:00,2019-05-14 09:50:00+00:00,288,9,2048
2048,865,249120,251167,2019-05-06 07:10:00+00:00,2019-05-15 09:50:00+00:00,288,9,2048
2048,866,249408,251455,2019-05-07 07:10:00+00:00,2019-05-16 09:50:00+00:00,288,9,2048
2048,867,249696,251743,2019-05-08 07:10:00+00:00,2019-05-17 09:50:00+00:00,288,9,2048
2048,868,249984,252031,2019-05-09 07:10:00+00:00,2019-05-20 09:55:00+00:00,288,9,2048
2048,869,250272,252319,2019-05-10 07:10:00+00:00,2019-05-21 09:55:00+00:00,288,9,2048
2048,870,250560,252607,2019-05-13 07:15:00+00:00,2019-05-22 09:55:00+00:00,288,9,2048
2048,871,250848,252895,2019-05-14 07:15:00+00:00,2019-05-23 09:55:00+00:00,288,9,2048
2048,872,251136,253183,2019-05-15 07:15:00+00:00,2019-05-24 09:55:00+00:00,288,9,2048
2048,873,251424,253471,2019-05-16 07:15:00+00:00,2019-05-27 22:05:00+00:00,288,9,2048
2048,874,251712,253759,2019-05-17 07:15:00+00:00,2019-05-28 22:05:00+00:00,288,9,2048
2048,875,252000,254047,2019-05-20 07:20:00+00:00,2019-05-29 22:05:00+00:00,288,9,2048
2048,876,252288,254335,2019-05-21 07:20:00+00:00,2019-05-30 22:05:00+00:00,288,9,2048
2048,877,252576,254623,2019-05-22 07:20:00+00:00,2019-06-02 22:10:00+00:00,288,9,2048
2048,878,252864,254911,2019-05-23 07:20:00+00:00,2019-06-03 22:10:00+00:00,288,9,2048
2048,879,253152,255199,2019-05-24 07:20:00+00:00,2019-06-04 22:10:00+00:00,288,9,2048
2048,880,253440,255487,2019-05-27 19:30:00+00:00,2019-06-05 22:10:00+00:00,288,9,2048
2048,881,253728,255775,2019-05-28 19:30:00+00:00,2019-06-06 22:10:00+00:00,288,9,2048
2048,882,254016,256063,2019-05-29 19:30:00+00:00,2019-06-09 22:15:00+00:00,288,9,2048
2048,883,254304,256351,2019-05-30 19:30:00+00:00,2019-06-10 22:15:00+00:00,288,9,2048
2048,884,254592,256639,2019-05-31 19:30:00+00:00,2019-06-11 22:15:00+00:00,288,9,2048
2048,885,254880,256927,2019-06-03 19:35:00+00:00,2019-06-12 22:15:00+00:00,288,9,2048
2048,886,255168,257215,2019-06-04 19:35:00+00:00,2019-06-13 22:15:00+00:00,288,9,2048
2048,887,255456,257503,2019-06-05 19:35:00+00:00,2019-06-16 22:20:00+00:00,288,9,2048
2048,888,255744,257791,2019-06-06 19:35:00+00:00,2019-06-17 22:20:00+00:00,288,9,2048
2048,889,256032,258079,2019-06-07 19:35:00+00:00,2019-06-18 22:20:00+00:00,288,9,2048
2048,890,256320,258367,2019-06-10 19:40:00+00:00,2019-06-19 22:20:00+00:00,288,9,2048
2048,891,256608,258655,2019-06-11 19:40:00+00:00,2019-06-20 22:20:00+00:00,288,9,2048
2048,892,256896,258943,2019-06-12 19:40:00+00:00,2019-06-23 22:25:00+00:00,288,9,2048
2048,893,257184,259231,2019-06-13 19:40:00+00:00,2019-06-24 22:25:00+00:00,288,9,2048
2048,894,257472,259519,2019-06-14 19:40:00+00:00,2019-06-25 22:25:00+00:00,288,9,2048
2048,895,257760,259807,2019-06-17 19:45:00+00:00,2019-06-26 22:25:00+00:00,288,9,2048
2048,896,258048,260095,2019-06-18 19:45:00+00:00,2019-06-27 22:25:00+00:00,288,9,2048
2048,897,258336,260383,2019-06-19 19:45:00+00:00,2019-06-30 22:30:00+00:00,288,9,2048
2048,898,258624,260671,2019-06-20 19:45:00+00:00,2019-07-01 22:30:00+00:00,288,9,2048
2048,899,258912,260959,2019-06-21 19:45:00+00:00,2019-07-02 22:30:00+00:00,288,9,2048
2048,900,259200,261247,2019-06-24 19:50:00+00:00,2019-07-03 22:30:00+00:00,288,9,2048
2048,901,259488,261535,2019-06-25 19:50:00+00:00,2019-07-04 22:30:00+00:00,288,9,2048
2048,902,259776,261823,2019-06-26 19:50:00+00:00,2019-07-07 22:35:00+00:00,288,9,2048
2048,903,260064,262111,2019-06-27 19:50:00+00:00,2019-07-08 22:35:00+00:00,288,9,2048
2048,904,260352,262399,2019-06-28 19:50:00+00:00,2019-07-09 22:35:00+00:00,288,9,2048
2048,905,260640,262687,2019-07-01 19:55:00+00:00,2019-07-10 22:35:00+00:00,288,9,2048
2048,906,260928,262975,2019-07-02 19:55:00+00:00,2019-07-11 22:35:00+00:00,288,9,2048
2048,907,261216,263263,2019-07-03 19:55:00+00:00,2019-07-14 22:40:00+00:00,288,9,2048
2048,908,261504,263551,2019-07-04 19:55:00+00:00,2019-07-15 22:40:00+00:00,288,9,2048
2048,909,261792,263839,2019-07-05 19:55:00+00:00,2019-07-16 22:40:00+00:00,288,9,2048
2048,910,262080,264127,2019-07-08 20:00:00+00:00,2019-07-17 22:40:00+00:00,288,9,2048
2048,911,262368,264415,2019-07-09 20:00:00+00:00,2019-07-18 22:40:00+00:00,288,9,2048
2048,912,262656,264703,2019-07-10 20:00:00+00:00,2019-07-21 22:45:00+00:00,288,9,2048
2048,913,262944,264991,2019-07-11 20:00:00+00:00,2019-07-22 22:45:00+00:00,288,9,2048
2048,914,263232,265279,2019-07-12 20:00:00+00:00,2019-07-23 22:45:00+00:00,288,9,2048
2048,915,263520,265567,2019-07-15 20:05:00+00:00,2019-07-24 22:45:00+00:00,288,9,2048
2048,916,263808,265855,2019-07-16 20:05:00+00:00,2019-07-25 22:45:00+00:00,288,9,2048
2048,917,264096,266143,2019-07-17 20:05:00+00:00,2019-07-28 22:50:00+00:00,288,9,2048
2048,918,264384,266431,2019-07-18 20:05:00+00:00,2019-07-29 22:50:00+00:00,288,9,2048
2048,919,264672,266719,2019-07-19 20:05:00+00:00,2019-07-30 22:50:00+00:00,288,9,2048
2048,920,264960,267007,2019-07-22 20:10:00+00:00,2019-07-31 22:50:00+00:00,288,9,2048
2048,921,265248,267295,2019-07-23 20:10:00+00:00,2019-08-01 22:50:00+00:00,288,9,2048
2048,922,265536,267583,2019-07-24 20:10:00+00:00,2019-08-04 22:55:00+00:00,288,9,2048
2048,923,265824,267871,2019-07-25 20:10:00+00:00,2019-08-05 22:55:00+00:00,288,9,2048
2048,924,266112,268159,2019-07-26 20:10:00+00:00,2019-08-06 22:55:00+00:00,288,9,2048
2048,925,266400,268447,2019-07-29 20:15:00+00:00,2019-08-07 22:55:00+00:00,288,9,2048
2048,926,266688,268735,2019-07-30 20:15:00+00:00,2019-08-08 22:55:00+00:00,288,9,2048
2048,927,266976,269023,2019-07-31 20:15:00+00:00,2019-08-11 23:00:00+00:00,288,9,2048
2048,928,267264,269311,2019-08-01 20:15:00+00:00,2019-08-12 23:00:00+00:00,288,9,2048
2048,929,267552,269599,2019-08-02 20:15:00+00:00,2019-08-13 23:00:00+00:00,288,9,2048
2048,930,267840,269887,2019-08-05 20:20:00+00:00,2019-08-14 23:00:00+00:00,288,9,2048
2048,931,268128,270175,2019-08-06 20:20:00+00:00,2019-08-15 23:00:00+00:00,288,9,2048
2048,932,268416,270463,2019-08-07 20:20:00+00:00,2019-08-18 23:05:00+00:00,288,9,2048
2048,933,268704,270751,2019-08-08 20:20:00+00:00,2019-08-19 23:05:00+00:00,288,9,2048
2048,934,268992,271039,2019-08-09 20:20:00+00:00,2019-08-20 23:05:00+00:00,288,9,2048
2048,935,269280,271327,2019-08-12 20:25:00+00:00,2019-08-21 23:05:00+00:00,288,9,2048
2048,936,269568,271615,2019-08-13 20:25:00+00:00,2019-08-22 23:05:00+00:00,288,9,2048
2048,937,269856,271903,2019-08-14 20:25:00+00:00,2019-08-25 23:10:00+00:00,288,9,2048
2048,938,270144,272191,2019-08-15 20:25:00+00:00,2019-08-26 23:10:00+00:00,288,9,2048
2048,939,270432,272479,2019-08-16 20:25:00+00:00,2019-08-27 23:10:00+00:00,288,9,2048
2048,940,270720,272767,2019-08-19 20:30:00+00:00,2019-08-28 23:10:00+00:00,288,9,2048
2048,941,271008,273055,2019-08-20 20:30:00+00:00,2019-08-29 23:10:00+00:00,288,9,2048
2048,942,271296,273343,2019-08-21 20:30:00+00:00,2019-09-01 23:15:00+00:00,288,9,2048
2048,943,271584,273631,2019-08-22 20:30:00+00:00,2019-09-02 23:15:00+00:00,288,9,2048
2048,944,271872,273919,2019-08-23 20:30:00+00:00,2019-09-03 23:15:00+00:00,288,9,2048
2048,945,272160,274207,2019-08-26 20:35:00+00:00,2019-09-04 23:15:00+00:00,288,9,2048
2048,946,272448,274495,2019-08-27 20:35:00+00:00,2019-09-05 23:15:00+00:00,288,9,2048
2048,947,272736,274783,2019-08-28 20:35:00+00:00,2019-09-08 23:20:00+00:00,288,9,2048
2048,948,273024,275071,2019-08-29 20:35:00+00:00,2019-09-09 23:20:00+00:00,288,9,2048
2048,949,273312,275359,2019-08-30 20:35:00+00:00,2019-09-10 23:20:00+00:00,288,9,2048
2048,950,273600,275647,2019-09-02 20:40:00+00:00,2019-09-11 23:20:00+00:00,288,9,2048
2048,951,273888,275935,2019-09-03 20:40:00+00:00,2019-09-12 23:20:00+00:00,288,9,2048
2048,952,274176,276223,2019-09-04 20:40:00+00:00,2019-09-15 23:25:00+00:00,288,9,2048
2048,953,274464,276511,2019-09-05 20:40:00+00:00,2019-09-16 23:25:00+00:00,288,9,2048
2048,954,274752,276799,2019-09-06 20:40:00+00:00,2019-09-17 23:25:00+00:00,288,9,2048
2048,955,275040,277087,2019-09-09 20:45:00+00:00,2019-09-18 23:25:00+00:00,288,9,2048
2048,956,275328,277375,2019-09-10 20:45:00+00:00,2019-09-19 23:25:00+00:00,288,9,2048
2048,957,275616,277663,2019-09-11 20:45:00+00:00,2019-09-22 23:30:00+00:00,288,9,2048
2048,958,275904,277951,2019-09-12 20:45:00+00:00,2019-09-23 23:30:00+00:00,288,9,2048
2048,959,276192,278239,2019-09-13 20:45:00+00:00,2019-09-24 23:30:00+00:00,288,9,2048
2048,960,276480,278527,2019-09-16 20:50:00+00:00,2019-09-25 23:30:00+00:00,288,9,2048
2048,961,276768,278815,2019-09-17 20:50:00+00:00,2019-09-26 23:30:00+00:00,288,9,2048
2048,962,277056,279103,2019-09-18 20:50:00+00:00,2019-09-29 23:35:00+00:00,288,9,2048
2048,963,277344,279391,2019-09-19 20:50:00+00:00,2019-09-30 23:35:00+00:00,288,9,2048
2048,964,277632,279679,2019-09-20 20:50:00+00:00,2019-10-01 23:35:00+00:00,288,9,2048
2048,965,277920,279967,2019-09-23 20:55:00+00:00,2019-10-02 23:35:00+00:00,288,9,2048
2048,966,278208,280255,2019-09-24 20:55:00+00:00,2019-10-03 23:35:00+00:00,288,9,2048
2048,967,278496,280543,2019-09-25 20:55:00+00:00,2019-10-06 23:40:00+00:00,288,9,2048
2048,968,278784,280831,2019-09-26 20:55:00+00:00,2019-10-07 23:40:00+00:00,288,9,2048
2048,969,279072,281119,2019-09-27 20:55:00+00:00,2019-10-08 23:40:00+00:00,288,9,2048
2048,970,279360,281407,2019-09-30 21:00:00+00:00,2019-10-09 23:40:00+00:00,288,9,2048
2048,971,279648,281695,2019-10-01 21:00:00+00:00,2019-10-10 23:40:00+00:00,288,9,2048
2048,972,279936,281983,2019-10-02 21:00:00+00:00,2019-10-13 23:45:00+00:00,288,9,2048
2048,973,280224,282271,2019-10-03 21:00:00+00:00,2019-10-14 23:45:00+00:00,288,9,2048
2048,974,280512,282559,2019-10-04 21:00:00+00:00,2019-10-15 23:45:00+00:00,288,9,2048
2048,975,280800,282847,2019-10-07 21:05:00+00:00,2019-10-16 23:45:00+00:00,288,9,2048
2048,976,281088,283135,2019-10-08 21:05:00+00:00,2019-10-17 23:45:00+00:00,288,9,2048
2048,977,281376,283423,2019-10-09 21:05:00+00:00,2019-10-20 23:50:00+00:00,288,9,2048
2048,978,281664,283711,2019-10-10 21:05:00+00:00,2019-10-21 23:50:00+00:00,288,9,2048
2048,979,281952,283999,2019-10-11 21:05:00+00:00,2019-10-22 23:50:00+00:00,288,9,2048
2048,980,282240,284287,2019-10-14 21:10:00+00:00,2019-10-23 23:50:00+00:00,288,9,2048
2048,981,282528,284575,2019-10-15 21:10:00+00:00,2019-10-24 23:50:00+00:00,288,9,2048
2048,982,282816,284863,2019-10-16 21:10:00+00:00,2019-10-27 22:55:00+00:00,288,9,2048
2048,983,283104,285151,2019-10-17 21:10:00+00:00,2019-10-28 22:55:00+00:00,288,9,2048
2048,984,283392,285439,2019-10-18 21:10:00+00:00,2019-10-29 22:55:00+00:00,288,9,2048
2048,985,283680,285727,2019-10-21 21:15:00+00:00,2019-10-30 22:55:00+00:00,288,9,2048
2048,986,283968,286015,2019-10-22 21:15:00+00:00,2019-10-31 22:55:00+00:00,288,9,2048
2048,987,284256,286303,2019-10-23 21:15:00+00:00,2019-11-04 00:00:00+00:00,288,9,2048
2048,988,284544,286591,2019-10-24 21:15:00+00:00,2019-11-05 00:00:00+00:00,288,9,2048
2048,989,284832,286879,2019-10-25 21:15:00+00:00,2019-11-06 00:00:00+00:00,288,9,2048
2048,990,285120,287167,2019-10-28 20:20:00+00:00,2019-11-07 00:00:00+00:00,288,9,2048
2048,991,285408,287455,2019-10-29 20:20:00+00:00,2019-11-08 00:00:00+00:00,288,9,2048
2048,992,285696,287743,2019-10-30 20:20:00+00:00,2019-11-11 00:05:00+00:00,288,9,2048
2048,993,285984,288031,2019-10-31 20:20:00+00:00,2019-11-12 00:05:00+00:00,288,9,2048
2048,994,286272,288319,2019-11-01 20:20:00+00:00,2019-11-13 00:05:00+00:00,288,9,2048
2048,995,286560,288607,2019-11-04 21:25:00+00:00,2019-11-14 00:05:00+00:00,288,9,2048
2048,996,286848,288895,2019-11-05 21:25:00+00:00,2019-11-15 00:05:00+00:00,288,9,2048
2048,997,287136,289183,2019-11-06 21:25:00+00:00,2019-11-18 00:10:00+00:00,288,9,2048
2048,998,287424,289471,2019-11-07 21:25:00+00:00,2019-11-19 00:10:00+00:00,288,9,2048
2048,999,287712,289759,2019-11-08 21:25:00+00:00,2019-11-20 00:10:00+00:00,288,9,2048
2048,1000,288000,290047,2019-11-11 21:30:00+00:00,2019-11-21 00:10:00+00:00,288,9,2048
2048,1001,288288,290335,2019-11-12 21:30:00+00:00,2019-11-22 00:10:00+00:00,288,9,2048
2048,1002,288576,290623,2019-11-13 21:30:00+00:00,2019-11-25 00:15:00+00:00,288,9,2048
2048,1003,288864,290911,2019-11-14 21:30:00+00:00,2019-11-26 00:15:00+00:00,288,9,2048
2048,1004,289152,291199,2019-11-15 21:30:00+00:00,2019-11-27 00:15:00+00:00,288,9,2048
2048,1005,289440,291487,2019-11-18 21:35:00+00:00,2019-11-28 00:15:00+00:00,288,9,2048
2048,1006,289728,291775,2019-11-19 21:35:00+00:00,2019-11-29 00:15:00+00:00,288,9,2048
2048,1007,290016,292063,2019-11-20 21:35:00+00:00,2019-12-02 00:20:00+00:00,288,9,2048
2048,1008,290304,292351,2019-11-21 21:35:00+00:00,2019-12-03 00:20:00+00:00,288,9,2048
2048,1009,290592,292639,2019-11-22 21:35:00+00:00,2019-12-04 00:20:00+00:00,288,9,2048
2048,1010,290880,292927,2019-11-25 21:40:00+00:00,2019-12-05 00:20:00+00:00,288,9,2048
2048,1011,291168,293215,2019-11-26 21:40:00+00:00,2019-12-06 00:20:00+00:00,288,9,2048
2048,1012,291456,293503,2019-11-27 21:40:00+00:00,2019-12-09 00:25:00+00:00,288,9,2048
2048,1013,291744,293791,2019-11-28 21:40:00+00:00,2019-12-10 00:25:00+00:00,288,9,2048
2048,1014,292032,294079,2019-11-29 21:40:00+00:00,2019-12-11 00:25:00+00:00,288,9,2048
2048,1015,292320,294367,2019-12-02 21:45:00+00:00,2019-12-12 00:25:00+00:00,288,9,2048
2048,1016,292608,294655,2019-12-03 21:45:00+00:00,2019-12-13 00:25:00+00:00,288,9,2048
2048,1017,292896,294943,2019-12-04 21:45:00+00:00,2019-12-16 00:30:00+00:00,288,9,2048
2048,1018,293184,295231,2019-12-05 21:45:00+00:00,2019-12-17 00:30:00+00:00,288,9,2048
2048,1019,293472,295519,2019-12-06 21:45:00+00:00,2019-12-18 00:30:00+00:00,288,9,2048
2048,1020,293760,295807,2019-12-09 21:50:00+00:00,2019-12-19 00:30:00+00:00,288,9,2048
2048,1021,294048,296095,2019-12-10 21:50:00+00:00,2019-12-20 00:30:00+00:00,288,9,2048
2048,1022,294336,296383,2019-12-11 21:50:00+00:00,2019-12-23 00:35:00+00:00,288,9,2048
2048,1023,294624,296671,2019-12-12 21:50:00+00:00,2019-12-24 00:35:00+00:00,288,9,2048
2048,1024,294912,296959,2019-12-13 21:50:00+00:00,2019-12-25 01:35:00+00:00,288,9,2048
2048,1025,295200,297247,2019-12-16 21:55:00+00:00,2019-12-26 15:40:00+00:00,288,9,2048
2048,1026,295488,297535,2019-12-17 21:55:00+00:00,2019-12-27 15:40:00+00:00,288,9,2048
2048,1027,295776,297823,2019-12-18 21:55:00+00:00,2019-12-30 15:45:00+00:00,288,9,2048
2048,1028,296064,298111,2019-12-19 21:55:00+00:00,2019-12-31 15:45:00+00:00,288,9,2048
2048,1029,296352,298399,2019-12-20 21:55:00+00:00,2020-01-02 15:50:00+00:00,288,9,2048
2048,1030,296640,298687,2019-12-23 22:00:00+00:00,2020-01-03 15:50:00+00:00,288,9,2048
2048,1031,296928,298975,2019-12-24 23:00:00+00:00,2020-01-06 15:55:00+00:00,288,9,2048
2048,1032,297216,299263,2019-12-26 13:05:00+00:00,2020-01-07 15:55:00+00:00,288,9,2048
2048,1033,297504,299551,2019-12-27 13:05:00+00:00,2020-01-08 15:55:00+00:00,288,9,2048
2048,1034,297792,299839,2019-12-30 13:10:00+00:00,2020-01-09 15:55:00+00:00,288,9,2048
2048,1035,298080,300127,2019-12-31 13:10:00+00:00,2020-01-10 15:55:00+00:00,288,9,2048
2048,1036,298368,300415,2020-01-02 13:15:00+00:00,2020-01-13 16:00:00+00:00,288,9,2048
2048,1037,298656,300703,2020-01-03 13:15:00+00:00,2020-01-14 16:00:00+00:00,288,9,2048
2048,1038,298944,300991,2020-01-06 13:20:00+00:00,2020-01-15 16:00:00+00:00,288,9,2048
2048,1039,299232,301279,2020-01-07 13:20:00+00:00,2020-01-16 16:00:00+00:00,288,9,2048
2048,1040,299520,301567,2020-01-08 13:20:00+00:00,2020-01-17 16:00:00+00:00,288,9,2048
2048,1041,299808,301855,2020-01-09 13:20:00+00:00,2020-01-20 16:05:00+00:00,288,9,2048
2048,1042,300096,302143,2020-01-10 13:20:00+00:00,2020-01-21 16:05:00+00:00,288,9,2048
2048,1043,300384,302431,2020-01-13 13:25:00+00:00,2020-01-22 16:05:00+00:00,288,9,2048
2048,1044,300672,302719,2020-01-14 13:25:00+00:00,2020-01-23 16:05:00+00:00,288,9,2048
2048,1045,300960,303007,2020-01-15 13:25:00+00:00,2020-01-24 16:05:00+00:00,288,9,2048
2048,1046,301248,303295,2020-01-16 13:25:00+00:00,2020-01-27 16:10:00+00:00,288,9,2048
2048,1047,301536,303583,2020-01-17 13:25:00+00:00,2020-01-28 16:10:00+00:00,288,9,2048
2048,1048,301824,303871,2020-01-20 13:30:00+00:00,2020-01-29 16:10:00+00:00,288,9,2048
2048,1049,302112,304159,2020-01-21 13:30:00+00:00,2020-01-30 16:10:00+00:00,288,9,2048
2048,1050,302400,304447,2020-01-22 13:30:00+00:00,2020-01-31 16:10:00+00:00,288,9,2048
2048,1051,302688,304735,2020-01-23 13:30:00+00:00,2020-02-03 16:15:00+00:00,288,9,2048
2048,1052,302976,305023,2020-01-24 13:30:00+00:00,2020-02-04 16:15:00+00:00,288,9,2048
2048,1053,303264,305311,2020-01-27 13:35:00+00:00,2020-02-05 16:15:00+00:00,288,9,2048
2048,1054,303552,305599,2020-01-28 13:35:00+00:00,2020-02-06 16:15:00+00:00,288,9,2048
2048,1055,303840,305887,2020-01-29 13:35:00+00:00,2020-02-07 16:15:00+00:00,288,9,2048
2048,1056,304128,306175,2020-01-30 13:35:00+00:00,2020-02-10 16:20:00+00:00,288,9,2048
2048,1057,304416,306463,2020-01-31 13:35:00+00:00,2020-02-11 16:20:00+00:00,288,9,2048
2048,1058,304704,306751,2020-02-03 13:40:00+00:00,2020-02-12 16:45:00+00:00,288,9,2048
2048,1059,304992,307039,2020-02-04 13:40:00+00:00,2020-02-13 16:45:00+00:00,288,9,2048
2048,1060,305280,307327,2020-02-05 13:40:00+00:00,2020-02-14 16:45:00+00:00,288,9,2048
2048,1061,305568,307615,2020-02-06 13:40:00+00:00,2020-02-17 16:50:00+00:00,288,9,2048
2048,1062,305856,307903,2020-02-07 13:40:00+00:00,2020-02-18 16:50:00+00:00,288,9,2048
2048,1063,306144,308191,2020-02-10 13:45:00+00:00,2020-02-19 16:50:00+00:00,288,9,2048
2048,1064,306432,308479,2020-02-11 13:45:00+00:00,2020-02-20 16:50:00+00:00,288,9,2048
2048,1065,306720,308767,2020-02-12 14:10:00+00:00,2020-02-21 16:50:00+00:00,288,9,2048
2048,1066,307008,309055,2020-02-13 14:10:00+00:00,2020-02-24 16:55:00+00:00,288,9,2048
2048,1067,307296,309343,2020-02-14 14:10:00+00:00,2020-02-25 16:55:00+00:00,288,9,2048
2048,1068,307584,309631,2020-02-17 14:15:00+00:00,2020-02-26 16:55:00+00:00,288,9,2048
2048,1069,307872,309919,2020-02-18 14:15:00+00:00,2020-02-27 16:55:00+00:00,288,9,2048
2048,1070,308160,310207,2020-02-19 14:15:00+00:00,2020-02-28 16:55:00+00:00,288,9,2048
2048,1071,308448,310495,2020-02-20 14:15:00+00:00,2020-03-02 17:00:00+00:00,288,9,2048
2048,1072,308736,310783,2020-02-21 14:15:00+00:00,2020-03-03 17:00:00+00:00,288,9,2048
2048,1073,309024,311071,2020-02-24 14:20:00+00:00,2020-03-04 17:00:00+00:00,288,9,2048
2048,1074,309312,311359,2020-02-25 14:20:00+00:00,2020-03-05 17:00:00+00:00,288,9,2048
2048,1075,309600,311647,2020-02-26 14:20:00+00:00,2020-03-06 17:00:00+00:00,288,9,2048
2048,1076,309888,311935,2020-02-27 14:20:00+00:00,2020-03-09 16:05:00+00:00,288,9,2048
2048,1077,310176,312223,2020-02-28 14:20:00+00:00,2020-03-10 16:05:00+00:00,288,9,2048
2048,1078,310464,312511,2020-03-02 14:25:00+00:00,2020-03-11 16:05:00+00:00,288,9,2048
2048,1079,310752,312799,2020-03-03 14:25:00+00:00,2020-03-12 16:05:00+00:00,288,9,2048
2048,1080,311040,313087,2020-03-04 14:25:00+00:00,2020-03-13 16:05:00+00:00,288,9,2048
2048,1081,311328,313375,2020-03-05 14:25:00+00:00,2020-03-16 16:10:00+00:00,288,9,2048
2048,1082,311616,313663,2020-03-06 14:25:00+00:00,2020-03-17 16:10:00+00:00,288,9,2048
2048,1083,311904,313951,2020-03-09 13:30:00+00:00,2020-03-18 16:10:00+00:00,288,9,2048
2048,1084,312192,314239,2020-03-10 13:30:00+00:00,2020-03-19 16:10:00+00:00,288,9,2048
2048,1085,312480,314527,2020-03-11 13:30:00+00:00,2020-03-20 16:10:00+00:00,288,9,2048
2048,1086,312768,314815,2020-03-12 13:30:00+00:00,2020-03-23 16:20:00+00:00,288,9,2048
2048,1087,313056,315103,2020-03-13 13:30:00+00:00,2020-03-24 16:20:00+00:00,288,9,2048
2048,1088,313344,315391,2020-03-16 13:35:00+00:00,2020-03-25 16:20:00+00:00,288,9,2048
2048,1089,313632,315679,2020-03-17 13:35:00+00:00,2020-03-26 16:20:00+00:00,288,9,2048
2048,1090,313920,315967,2020-03-18 13:35:00+00:00,2020-03-27 16:20:00+00:00,288,9,2048
2048,1091,314208,316255,2020-03-19 13:35:00+00:00,2020-03-30 18:30:00+00:00,288,9,2048
2048,1092,314496,316543,2020-03-20 13:35:00+00:00,2020-03-31 18:30:00+00:00,288,9,2048
2048,1093,314784,316831,2020-03-23 13:45:00+00:00,2020-04-01 18:30:00+00:00,288,9,2048
2048,1094,315072,317119,2020-03-24 13:45:00+00:00,2020-04-02 18:30:00+00:00,288,9,2048
2048,1095,315360,317407,2020-03-25 13:45:00+00:00,2020-04-03 18:30:00+00:00,288,9,2048
2048,1096,315648,317695,2020-03-26 13:45:00+00:00,2020-04-06 18:35:00+00:00,288,9,2048
2048,1097,315936,317983,2020-03-27 13:45:00+00:00,2020-04-07 18:35:00+00:00,288,9,2048
2048,1098,316224,318271,2020-03-30 15:55:00+00:00,2020-04-08 18:35:00+00:00,288,9,2048
2048,1099,316512,318559,2020-03-31 15:55:00+00:00,2020-04-09 18:35:00+00:00,288,9,2048
2048,1100,316800,318847,2020-04-01 15:55:00+00:00,2020-04-10 18:35:00+00:00,288,9,2048
2048,1101,317088,319135,2020-04-02 15:55:00+00:00,2020-04-13 18:40:00+00:00,288,9,2048
2048,1102,317376,319423,2020-04-03 15:55:00+00:00,2020-04-14 18:40:00+00:00,288,9,2048
2048,1103,317664,319711,2020-04-06 16:00:00+00:00,2020-04-15 18:40:00+00:00,288,9,2048
2048,1104,317952,319999,2020-04-07 16:00:00+00:00,2020-04-16 18:40:00+00:00,288,9,2048
2048,1105,318240,320287,2020-04-08 16:00:00+00:00,2020-04-17 18:40:00+00:00,288,9,2048
2048,1106,318528,320575,2020-04-09 16:00:00+00:00,2020-04-20 18:50:00+00:00,288,9,2048
2048,1107,318816,320863,2020-04-10 16:00:00+00:00,2020-04-21 18:50:00+00:00,288,9,2048
2048,1108,319104,321151,2020-04-13 16:05:00+00:00,2020-04-22 18:50:00+00:00,288,9,2048
2048,1109,319392,321439,2020-04-14 16:05:00+00:00,2020-04-23 18:50:00+00:00,288,9,2048
2048,1110,319680,321727,2020-04-15 16:05:00+00:00,2020-04-24 18:50:00+00:00,288,9,2048
2048,1111,319968,322015,2020-04-16 16:05:00+00:00,2020-04-27 18:55:00+00:00,288,9,2048
2048,1112,320256,322303,2020-04-17 16:05:00+00:00,2020-04-28 18:55:00+00:00,288,9,2048
2048,1113,320544,322591,2020-04-20 16:15:00+00:00,2020-04-29 18:55:00+00:00,288,9,2048
2048,1114,320832,322879,2020-04-21 16:15:00+00:00,2020-04-30 18:55:00+00:00,288,9,2048
2048,1115,321120,323167,2020-04-22 16:15:00+00:00,2020-05-01 18:55:00+00:00,288,9,2048
2048,1116,321408,323455,2020-04-23 16:15:00+00:00,2020-05-04 19:00:00+00:00,288,9,2048
2048,1117,321696,323743,2020-04-24 16:15:00+00:00,2020-05-05 19:00:00+00:00,288,9,2048
2048,1118,321984,324031,2020-04-27 16:20:00+00:00,2020-05-06 19:00:00+00:00,288,9,2048
2048,1119,322272,324319,2020-04-28 16:20:00+00:00,2020-05-07 19:00:00+00:00,288,9,2048
2048,1120,322560,324607,2020-04-29 16:20:00+00:00,2020-05-08 19:00:00+00:00,288,9,2048
2048,1121,322848,324895,2020-04-30 16:20:00+00:00,2020-05-11 19:05:00+00:00,288,9,2048
2048,1122,323136,325183,2020-05-01 16:20:00+00:00,2020-05-12 19:05:00+00:00,288,9,2048
2048,1123,323424,325471,2020-05-04 16:25:00+00:00,2020-05-13 19:05:00+00:00,288,9,2048
2048,1124,323712,325759,2020-05-05 16:25:00+00:00,2020-05-14 19:05:00+00:00,288,9,2048
2048,1125,324000,326047,2020-05-06 16:25:00+00:00,2020-05-15 19:05:00+00:00,288,9,2048
2048,1126,324288,326335,2020-05-07 16:25:00+00:00,2020-05-18 19:10:00+00:00,288,9,2048
2048,1127,324576,326623,2020-05-08 16:25:00+00:00,2020-05-19 19:10:00+00:00,288,9,2048
2048,1128,324864,326911,2020-05-11 16:30:00+00:00,2020-05-20 19:10:00+00:00,288,9,2048
2048,1129,325152,327199,2020-05-12 16:30:00+00:00,2020-05-21 19:10:00+00:00,288,9,2048
2048,1130,325440,327487,2020-05-13 16:30:00+00:00,2020-05-22 19:10:00+00:00,288,9,2048
2048,1131,325728,327775,2020-05-14 16:30:00+00:00,2020-05-25 19:15:00+00:00,288,9,2048
2048,1132,326016,328063,2020-05-15 16:30:00+00:00,2020-05-26 19:15:00+00:00,288,9,2048
2048,1133,326304,328351,2020-05-18 16:35:00+00:00,2020-05-27 19:15:00+00:00,288,9,2048
2048,1134,326592,328639,2020-05-19 16:35:00+00:00,2020-05-28 19:15:00+00:00,288,9,2048
2048,1135,326880,328927,2020-05-20 16:35:00+00:00,2020-05-29 19:15:00+00:00,288,9,2048
2048,1136,327168,329215,2020-05-21 16:35:00+00:00,2020-06-01 19:20:00+00:00,288,9,2048
2048,1137,327456,329503,2020-05-22 16:35:00+00:00,2020-06-02 19:20:00+00:00,288,9,2048
2048,1138,327744,329791,2020-05-25 16:40:00+00:00,2020-06-03 19:20:00+00:00,288,9,2048
2048,1139,328032,330079,2020-05-26 16:40:00+00:00,2020-06-04 19:20:00+00:00,288,9,2048
2048,1140,328320,330367,2020-05-27 16:40:00+00:00,2020-06-05 19:20:00+00:00,288,9,2048
2048,1141,328608,330655,2020-05-28 16:40:00+00:00,2020-06-08 19:25:00+00:00,288,9,2048
2048,1142,328896,330943,2020-05-29 16:40:00+00:00,2020-06-09 19:25:00+00:00,288,9,2048
2048,1143,329184,331231,2020-06-01 16:45:00+00:00,2020-06-10 19:25:00+00:00,288,9,2048
2048,1144,329472,331519,2020-06-02 16:45:00+00:00,2020-06-11 19:25:00+00:00,288,9,2048
2048,1145,329760,331807,2020-06-03 16:45:00+00:00,2020-06-12 19:25:00+00:00,288,9,2048
2048,1146,330048,332095,2020-06-04 16:45:00+00:00,2020-06-15 19:30:00+00:00,288,9,2048
2048,1147,330336,332383,2020-06-05 16:45:00+00:00,2020-06-16 19:30:00+00:00,288,9,2048
2048,1148,330624,332671,2020-06-08 16:50:00+00:00,2020-06-17 19:30:00+00:00,288,9,2048
2048,1149,330912,332959,2020-06-09 16:50:00+00:00,2020-06-18 19:30:00+00:00,288,9,2048
2048,1150,331200,333247,2020-06-10 16:50:00+00:00,2020-06-19 19:30:00+00:00,288,9,2048
2048,1151,331488,333535,2020-06-11 16:50:00+00:00,2020-06-22 19:35:00+00:00,288,9,2048
2048,1152,331776,333823,2020-06-12 16:50:00+00:00,2020-06-23 19:35:00+00:00,288,9,2048
2048,1153,332064,334111,2020-06-15 16:55:00+00:00,2020-06-24 19:35:00+00:00,288,9,2048
2048,1154,332352,334399,2020-06-16 16:55:00+00:00,2020-06-25 19:35:00+00:00,288,9,2048
2048,1155,332640,334687,2020-06-17 16:55:00+00:00,2020-06-26 19:35:00+00:00,288,9,2048
2048,1156,332928,334975,2020-06-18 16:55:00+00:00,2020-06-29 19:40:00+00:00,288,9,2048
2048,1157,333216,335263,2020-06-19 16:55:00+00:00,2020-06-30 19:40:00+00:00,288,9,2048
2048,1158,333504,335551,2020-06-22 17:00:00+00:00,2020-07-01 19:40:00+00:00,288,9,2048
2048,1159,333792,335839,2020-06-23 17:00:00+00:00,2020-07-02 19:40:00+00:00,288,9,2048
2048,1160,334080,336127,2020-06-24 17:00:00+00:00,2020-07-03 19:40:00+00:00,288,9,2048
2048,1161,334368,336415,2020-06-25 17:00:00+00:00,2020-07-06 19:45:00+00:00,288,9,2048
2048,1162,334656,336703,2020-06-26 17:00:00+00:00,2020-07-07 19:45:00+00:00,288,9,2048
2048,1163,334944,336991,2020-06-29 17:05:00+00:00,2020-07-08 19:45:00+00:00,288,9,2048
2048,1164,335232,337279,2020-06-30 17:05:00+00:00,2020-07-09 19:45:00+00:00,288,9,2048
2048,1165,335520,337567,2020-07-01 17:05:00+00:00,2020-07-10 19:45:00+00:00,288,9,2048
2048,1166,335808,337855,2020-07-02 17:05:00+00:00,2020-07-13 19:50:00+00:00,288,9,2048
2048,1167,336096,338143,2020-07-03 17:05:00+00:00,2020-07-14 19:50:00+00:00,288,9,2048
2048,1168,336384,338431,2020-07-06 17:10:00+00:00,2020-07-15 19:50:00+00:00,288,9,2048
2048,1169,336672,338719,2020-07-07 17:10:00+00:00,2020-07-16 19:50:00+00:00,288,9,2048
2048,1170,336960,339007,2020-07-08 17:10:00+00:00,2020-07-17 19:50:00+00:00,288,9,2048
2048,1171,337248,339295,2020-07-09 17:10:00+00:00,2020-07-20 19:55:00+00:00,288,9,2048
2048,1172,337536,339583,2020-07-10 17:10:00+00:00,2020-07-21 19:55:00+00:00,288,9,2048
2048,1173,337824,339871,2020-07-13 17:15:00+00:00,2020-07-22 19:55:00+00:00,288,9,2048
2048,1174,338112,340159,2020-07-14 17:15:00+00:00,2020-07-23 19:55:00+00:00,288,9,2048
2048,1175,338400,340447,2020-07-15 17:15:00+00:00,2020-07-24 19:55:00+00:00,288,9,2048
2048,1176,338688,340735,2020-07-16 17:15:00+00:00,2020-07-27 20:00:00+00:00,288,9,2048
2048,1177,338976,341023,2020-07-17 17:15:00+00:00,2020-07-28 20:00:00+00:00,288,9,2048
2048,1178,339264,341311,2020-07-20 17:20:00+00:00,2020-07-29 20:00:00+00:00,288,9,2048
2048,1179,339552,341599,2020-07-21 17:20:00+00:00,2020-07-30 20:00:00+00:00,288,9,2048
2048,1180,339840,341887,2020-07-22 17:20:00+00:00,2020-07-31 20:00:00+00:00,288,9,2048
2048,1181,340128,342175,2020-07-23 17:20:00+00:00,2020-08-03 20:05:00+00:00,288,9,2048
2048,1182,340416,342463,2020-07-24 17:20:00+00:00,2020-08-04 20:05:00+00:00,288,9,2048
2048,1183,340704,342751,2020-07-27 17:25:00+00:00,2020-08-05 20:05:00+00:00,288,9,2048
2048,1184,340992,343039,2020-07-28 17:25:00+00:00,2020-08-06 20:05:00+00:00,288,9,2048
2048,1185,341280,343327,2020-07-29 17:25:00+00:00,2020-08-07 20:05:00+00:00,288,9,2048
2048,1186,341568,343615,2020-07-30 17:25:00+00:00,2020-08-10 20:10:00+00:00,288,9,2048
2048,1187,341856,343903,2020-07-31 17:25:00+00:00,2020-08-11 20:10:00+00:00,288,9,2048
2048,1188,342144,344191,2020-08-03 17:30:00+00:00,2020-08-12 20:10:00+00:00,288,9,2048
2048,1189,342432,344479,2020-08-04 17:30:00+00:00,2020-08-13 20:10:00+00:00,288,9,2048
2048,1190,342720,344767,2020-08-05 17:30:00+00:00,2020-08-14 20:10:00+00:00,288,9,2048
2048,1191,343008,345055,2020-08-06 17:30:00+00:00,2020-08-17 20:15:00+00:00,288,9,2048
2048,1192,343296,345343,2020-08-07 17:30:00+00:00,2020-08-18 20:15:00+00:00,288,9,2048
2048,1193,343584,345631,2020-08-10 17:35:00+00:00,2020-08-19 20:15:00+00:00,288,9,2048
2048,1194,343872,345919,2020-08-11 17:35:00+00:00,2020-08-20 20:15:00+00:00,288,9,2048
2048,1195,344160,346207,2020-08-12 17:35:00+00:00,2020-08-21 20:15:00+00:00,288,9,2048
2048,1196,344448,346495,2020-08-13 17:35:00+00:00,2020-08-24 20:20:00+00:00,288,9,2048
2048,1197,344736,346783,2020-08-14 17:35:00+00:00,2020-08-25 20:20:00+00:00,288,9,2048
2048,1198,345024,347071,2020-08-17 17:40:00+00:00,2020-08-26 20:30:00+00:00,288,9,2048
2048,1199,345312,347359,2020-08-18 17:40:00+00:00,2020-08-27 20:30:00+00:00,288,9,2048
2048,1200,345600,347647,2020-08-19 17:40:00+00:00,2020-08-28 20:40:00+00:00,288,9,2048
2048,1201,345888,347935,2020-08-20 17:40:00+00:00,2020-08-31 20:45:00+00:00,288,9,2048
2048,1202,346176,348223,2020-08-21 17:40:00+00:00,2020-09-01 20:45:00+00:00,288,9,2048
2048,1203,346464,348511,2020-08-24 17:45:00+00:00,2020-09-02 20:45:00+00:00,288,9,2048
2048,1204,346752,348799,2020-08-25 17:45:00+00:00,2020-09-03 20:45:00+00:00,288,9,2048
2048,1205,347040,349087,2020-08-26 17:55:00+00:00,2020-09-04 20:45:00+00:00,288,9,2048
2048,1206,347328,349375,2020-08-27 17:55:00+00:00,2020-09-07 20:50:00+00:00,288,9,2048
2048,1207,347616,349663,2020-08-28 18:05:00+00:00,2020-09-08 20:50:00+00:00,288,9,2048
2048,1208,347904,349951,2020-08-31 18:10:00+00:00,2020-09-09 20:50:00+00:00,288,9,2048
2048,1209,348192,350239,2020-09-01 18:10:00+00:00,2020-09-10 21:05:00+00:00,288,9,2048
2048,1210,348480,350527,2020-09-02 18:10:00+00:00,2020-09-11 21:05:00+00:00,288,9,2048
2048,1211,348768,350815,2020-09-03 18:10:00+00:00,2020-09-14 21:10:00+00:00,288,9,2048
2048,1212,349056,351103,2020-09-04 18:10:00+00:00,2020-09-15 21:10:00+00:00,288,9,2048
2048,1213,349344,351391,2020-09-07 18:15:00+00:00,2020-09-16 21:10:00+00:00,288,9,2048
2048,1214,349632,351679,2020-09-08 18:15:00+00:00,2020-09-17 21:10:00+00:00,288,9,2048
2048,1215,349920,351967,2020-09-09 18:15:00+00:00,2020-09-18 21:10:00+00:00,288,9,2048
2048,1216,350208,352255,2020-09-10 18:30:00+00:00,2020-09-21 21:15:00+00:00,288,9,2048
2048,1217,350496,352543,2020-09-11 18:30:00+00:00,2020-09-22 21:15:00+00:00,288,9,2048
2048,1218,350784,352831,2020-09-14 18:35:00+00:00,2020-09-23 21:15:00+00:00,288,9,2048
2048,1219,351072,353119,2020-09-15 18:35:00+00:00,2020-09-24 21:15:00+00:00,288,9,2048
2048,1220,351360,353407,2020-09-16 18:35:00+00:00,2020-09-25 21:15:00+00:00,288,9,2048
2048,1221,351648,353695,2020-09-17 18:35:00+00:00,2020-09-28 21:20:00+00:00,288,9,2048
2048,1222,351936,353983,2020-09-18 18:35:00+00:00,2020-09-29 21:20:00+00:00,288,9,2048
2048,1223,352224,354271,2020-09-21 18:40:00+00:00,2020-09-30 21:20:00+00:00,288,9,2048
2048,1224,352512,354559,2020-09-22 18:40:00+00:00,2020-10-01 21:20:00+00:00,288,9,2048
2048,1225,352800,354847,2020-09-23 18:40:00+00:00,2020-10-02 21:20:00+00:00,288,9,2048
2048,1226,353088,355135,2020-09-24 18:40:00+00:00,2020-10-05 21:25:00+00:00,288,9,2048
2048,1227,353376,355423,2020-09-25 18:40:00+00:00,2020-10-06 21:25:00+00:00,288,9,2048
2048,1228,353664,355711,2020-09-28 18:45:00+00:00,2020-10-07 21:25:00+00:00,288,9,2048
2048,1229,353952,355999,2020-09-29 18:45:00+00:00,2020-10-08 21:25:00+00:00,288,9,2048
2048,1230,354240,356287,2020-09-30 18:45:00+00:00,2020-10-09 21:25:00+00:00,288,9,2048
2048,1231,354528,356575,2020-10-01 18:45:00+00:00,2020-10-12 21:30:00+00:00,288,9,2048
2048,1232,354816,356863,2020-10-02 18:45:00+00:00,2020-10-13 21:30:00+00:00,288,9,2048
2048,1233,355104,357151,2020-10-05 18:50:00+00:00,2020-10-14 21:30:00+00:00,288,9,2048
2048,1234,355392,357439,2020-10-06 18:50:00+00:00,2020-10-15 21:30:00+00:00,288,9,2048
2048,1235,355680,357727,2020-10-07 18:50:00+00:00,2020-10-16 21:30:00+00:00,288,9,2048
2048,1236,355968,358015,2020-10-08 18:50:00+00:00,2020-10-19 21:35:00+00:00,288,9,2048
2048,1237,356256,358303,2020-10-09 18:50:00+00:00,2020-10-20 21:35:00+00:00,288,9,2048
2048,1238,356544,358591,2020-10-12 18:55:00+00:00,2020-10-21 21:35:00+00:00,288,9,2048
2048,1239,356832,358879,2020-10-13 18:55:00+00:00,2020-10-22 21:35:00+00:00,288,9,2048
2048,1240,357120,359167,2020-10-14 18:55:00+00:00,2020-10-23 21:35:00+00:00,288,9,2048
2048,1241,357408,359455,2020-10-15 18:55:00+00:00,2020-10-26 20:40:00+00:00,288,9,2048
2048,1242,357696,359743,2020-10-16 18:55:00+00:00,2020-10-27 20:40:00+00:00,288,9,2048
2048,1243,357984,360031,2020-10-19 19:00:00+00:00,2020-10-28 20:40:00+00:00,288,9,2048
2048,1244,358272,360319,2020-10-20 19:00:00+00:00,2020-10-29 20:40:00+00:00,288,9,2048
2048,1245,358560,360607,2020-10-21 19:00:00+00:00,2020-10-30 20:40:00+00:00,288,9,2048
2048,1246,358848,360895,2020-10-22 19:00:00+00:00,2020-11-02 21:45:00+00:00,288,9,2048
2048,1247,359136,361183,2020-10-23 19:00:00+00:00,2020-11-03 21:45:00+00:00,288,9,2048
2048,1248,359424,361471,2020-10-26 18:05:00+00:00,2020-11-04 21:45:00+00:00,288,9,2048
2048,1249,359712,361759,2020-10-27 18:05:00+00:00,2020-11-05 21:45:00+00:00,288,9,2048
2048,1250,360000,362047,2020-10-28 18:05:00+00:00,2020-11-06 21:45:00+00:00,288,9,2048
2048,1251,360288,362335,2020-10-29 18:05:00+00:00,2020-11-09 21:50:00+00:00,288,9,2048
2048,1252,360576,362623,2020-10-30 18:05:00+00:00,2020-11-10 21:50:00+00:00,288,9,2048
2048,1253,360864,362911,2020-11-02 19:10:00+00:00,2020-11-11 21:50:00+00:00,288,9,2048
2048,1254,361152,363199,2020-11-03 19:10:00+00:00,2020-11-12 21:50:00+00:00,288,9,2048
2048,1255,361440,363487,2020-11-04 19:10:00+00:00,2020-11-13 21:50:00+00:00,288,9,2048
2048,1256,361728,363775,2020-11-05 19:10:00+00:00,2020-11-16 21:55:00+00:00,288,9,2048
2048,1257,362016,364063,2020-11-06 19:10:00+00:00,2020-11-17 21:55:00+00:00,288,9,2048
2048,1258,362304,364351,2020-11-09 19:15:00+00:00,2020-11-18 21:55:00+00:00,288,9,2048
2048,1259,362592,364639,2020-11-10 19:15:00+00:00,2020-11-19 21:55:00+00:00,288,9,2048
2048,1260,362880,364927,2020-11-11 19:15:00+00:00,2020-11-20 21:55:00+00:00,288,9,2048
2048,1261,363168,365215,2020-11-12 19:15:00+00:00,2020-11-23 22:00:00+00:00,288,9,2048
2048,1262,363456,365503,2020-11-13 19:15:00+00:00,2020-11-24 22:00:00+00:00,288,9,2048
2048,1263,363744,365791,2020-11-16 19:20:00+00:00,2020-11-25 22:00:00+00:00,288,9,2048
2048,1264,364032,366079,2020-11-17 19:20:00+00:00,2020-11-26 22:00:00+00:00,288,9,2048
2048,1265,364320,366367,2020-11-18 19:20:00+00:00,2020-11-29 22:05:00+00:00,288,9,2048
2048,1266,364608,366655,2020-11-19 19:20:00+00:00,2020-12-01 17:10:00+00:00,288,9,2048
2048,1267,364896,366943,2020-11-20 19:20:00+00:00,2020-12-02 17:10:00+00:00,288,9,2048
2048,1268,365184,367231,2020-11-23 19:25:00+00:00,2020-12-03 17:10:00+00:00,288,9,2048
2048,1269,365472,367519,2020-11-24 19:25:00+00:00,2020-12-04 17:10:00+00:00,288,9,2048
2048,1270,365760,367807,2020-11-25 19:25:00+00:00,2020-12-07 17:15:00+00:00,288,9,2048
2048,1271,366048,368095,2020-11-26 19:25:00+00:00,2020-12-08 17:15:00+00:00,288,9,2048
2048,1272,366336,368383,2020-11-27 19:25:00+00:00,2020-12-09 17:15:00+00:00,288,9,2048
2048,1273,366624,368671,2020-12-01 14:35:00+00:00,2020-12-10 17:15:00+00:00,288,9,2048
2048,1274,366912,368959,2020-12-02 14:35:00+00:00,2020-12-11 17:15:00+00:00,288,9,2048
2048,1275,367200,369247,2020-12-03 14:35:00+00:00,2020-12-14 17:20:00+00:00,288,9,2048
2048,1276,367488,369535,2020-12-04 14:35:00+00:00,2020-12-15 17:20:00+00:00,288,9,2048
2048,1277,367776,369823,2020-12-07 14:40:00+00:00,2020-12-16 17:20:00+00:00,288,9,2048
2048,1278,368064,370111,2020-12-08 14:40:00+00:00,2020-12-17 17:20:00+00:00,288,9,2048
2048,1279,368352,370399,2020-12-09 14:40:00+00:00,2020-12-18 17:20:00+00:00,288,9,2048
2048,1280,368640,370687,2020-12-10 14:40:00+00:00,2020-12-21 17:25:00+00:00,288,9,2048
2048,1281,368928,370975,2020-12-11 14:40:00+00:00,2020-12-22 17:25:00+00:00,288,9,2048
2048,1282,369216,371263,2020-12-14 14:45:00+00:00,2020-12-23 17:25:00+00:00,288,9,2048
2048,1283,369504,371551,2020-12-15 14:45:00+00:00,2020-12-24 17:25:00+00:00,288,9,2048
2048,1284,369792,371839,2020-12-16 14:45:00+00:00,2020-12-28 08:15:00+00:00,288,9,2048
2048,1285,370080,372127,2020-12-17 14:45:00+00:00,2020-12-29 08:15:00+00:00,288,9,2048
2048,1286,370368,372415,2020-12-18 14:45:00+00:00,2020-12-30 08:15:00+00:00,288,9,2048
2048,1287,370656,372703,2020-12-21 14:50:00+00:00,2020-12-31 08:15:00+00:00,288,9,2048
2048,1288,370944,372991,2020-12-22 14:50:00+00:00,2021-01-04 08:20:00+00:00,288,9,2048
2048,1289,371232,373279,2020-12-23 14:50:00+00:00,2021-01-05 08:20:00+00:00,288,9,2048
2048,1290,371520,373567,2020-12-24 14:50:00+00:00,2021-01-06 08:20:00+00:00,288,9,2048
2048,1291,371808,373855,2020-12-28 05:40:00+00:00,2021-01-07 08:20:00+00:00,288,9,2048
2048,1292,372096,374143,2020-12-29 05:40:00+00:00,2021-01-08 08:20:00+00:00,288,9,2048
2048,1293,372384,374431,2020-12-30 05:40:00+00:00,2021-01-11 08:25:00+00:00,288,9,2048
2048,1294,372672,374719,2020-12-31 05:40:00+00:00,2021-01-12 08:25:00+00:00,288,9,2048
2048,1295,372960,375007,2021-01-04 05:45:00+00:00,2021-01-13 08:25:00+00:00,288,9,2048
2048,1296,373248,375295,2021-01-05 05:45:00+00:00,2021-01-14 08:25:00+00:00,288,9,2048
2048,1297,373536,375583,2021-01-06 05:45:00+00:00,2021-01-15 08:25:00+00:00,288,9,2048
2048,1298,373824,375871,2021-01-07 05:45:00+00:00,2021-01-18 08:30:00+00:00,288,9,2048
2048,1299,374112,376159,2021-01-08 05:45:00+00:00,2021-01-19 08:30:00+00:00,288,9,2048
2048,1300,374400,376447,2021-01-11 05:50:00+00:00,2021-01-20 08:30:00+00:00,288,9,2048
2048,1301,374688,376735,2021-01-12 05:50:00+00:00,2021-01-21 08:40:00+00:00,288,9,2048
2048,1302,374976,377023,2021-01-13 05:50:00+00:00,2021-01-22 08:40:00+00:00,288,9,2048
2048,1303,375264,377311,2021-01-14 05:50:00+00:00,2021-01-25 08:45:00+00:00,288,9,2048
2048,1304,375552,377599,2021-01-15 05:50:00+00:00,2021-01-26 08:45:00+00:00,288,9,2048
2048,1305,375840,377887,2021-01-18 05:55:00+00:00,2021-01-27 08:45:00+00:00,288,9,2048
2048,1306,376128,378175,2021-01-19 05:55:00+00:00,2021-01-28 08:45:00+00:00,288,9,2048
2048,1307,376416,378463,2021-01-20 05:55:00+00:00,2021-01-29 08:45:00+00:00,288,9,2048
2048,1308,376704,378751,2021-01-21 06:05:00+00:00,2021-02-01 08:50:00+00:00,288,9,2048
2048,1309,376992,379039,2021-01-22 06:05:00+00:00,2021-02-02 08:50:00+00:00,288,9,2048
2048,1310,377280,379327,2021-01-25 06:10:00+00:00,2021-02-03 08:50:00+00:00,288,9,2048
2048,1311,377568,379615,2021-01-26 06:10:00+00:00,2021-02-04 08:50:00+00:00,288,9,2048
2048,1312,377856,379903,2021-01-27 06:10:00+00:00,2021-02-05 08:50:00+00:00,288,9,2048
2048,1313,378144,380191,2021-01-28 06:10:00+00:00,2021-02-08 08:55:00+00:00,288,9,2048
2048,1314,378432,380479,2021-01-29 06:10:00+00:00,2021-02-09 09:05:00+00:00,288,9,2048
2048,1315,378720,380767,2021-02-01 06:15:00+00:00,2021-02-10 09:05:00+00:00,288,9,2048
2048,1316,379008,381055,2021-02-02 06:15:00+00:00,2021-02-11 09:05:00+00:00,288,9,2048
2048,1317,379296,381343,2021-02-03 06:15:00+00:00,2021-02-12 09:05:00+00:00,288,9,2048
2048,1318,379584,381631,2021-02-04 06:15:00+00:00,2021-02-15 09:20:00+00:00,288,9,2048
2048,1319,379872,381919,2021-02-05 06:15:00+00:00,2021-02-16 09:20:00+00:00,288,9,2048
2048,1320,380160,382207,2021-02-08 06:20:00+00:00,2021-02-17 09:20:00+00:00,288,9,2048
2048,1321,380448,382495,2021-02-09 06:30:00+00:00,2021-02-18 09:20:00+00:00,288,9,2048
2048,1322,380736,382783,2021-02-10 06:30:00+00:00,2021-02-19 09:20:00+00:00,288,9,2048
2048,1323,381024,383071,2021-02-11 06:30:00+00:00,2021-02-22 09:25:00+00:00,288,9,2048
2048,1324,381312,383359,2021-02-12 06:30:00+00:00,2021-02-23 09:25:00+00:00,288,9,2048
2048,1325,381600,383647,2021-02-15 06:45:00+00:00,2021-02-24 09:25:00+00:00,288,9,2048
2048,1326,381888,383935,2021-02-16 06:45:00+00:00,2021-02-25 09:25:00+00:00,288,9,2048
2048,1327,382176,384223,2021-02-17 06:45:00+00:00,2021-02-26 09:25:00+00:00,288,9,2048
2048,1328,382464,384511,2021-02-18 06:45:00+00:00,2021-03-01 09:30:00+00:00,288,9,2048
2048,1329,382752,384799,2021-02-19 06:45:00+00:00,2021-03-02 09:30:00+00:00,288,9,2048
2048,1330,383040,385087,2021-02-22 06:50:00+00:00,2021-03-03 09:30:00+00:00,288,9,2048
2048,1331,383328,385375,2021-02-23 06:50:00+00:00,2021-03-04 09:30:00+00:00,288,9,2048
2048,1332,383616,385663,2021-02-24 06:50:00+00:00,2021-03-05 09:30:00+00:00,288,9,2048
2048,1333,383904,385951,2021-02-25 06:50:00+00:00,2021-03-08 09:35:00+00:00,288,9,2048
2048,1334,384192,386239,2021-02-26 06:50:00+00:00,2021-03-09 09:35:00+00:00,288,9,2048
2048,1335,384480,386527,2021-03-01 06:55:00+00:00,2021-03-10 09:35:00+00:00,288,9,2048
2048,1336,384768,386815,2021-03-02 06:55:00+00:00,2021-03-11 09:35:00+00:00,288,9,2048
2048,1337,385056,387103,2021-03-03 06:55:00+00:00,2021-03-12 09:35:00+00:00,288,9,2048
2048,1338,385344,387391,2021-03-04 06:55:00+00:00,2021-03-15 08:40:00+00:00,288,9,2048
2048,1339,385632,387679,2021-03-05 06:55:00+00:00,2021-03-16 08:40:00+00:00,288,9,2048
2048,1340,385920,387967,2021-03-08 07:00:00+00:00,2021-03-17 08:40:00+00:00,288,9,2048
2048,1341,386208,388255,2021-03-09 07:00:00+00:00,2021-03-18 08:40:00+00:00,288,9,2048
2048,1342,386496,388543,2021-03-10 07:00:00+00:00,2021-03-19 08:40:00+00:00,288,9,2048
2048,1343,386784,388831,2021-03-11 07:00:00+00:00,2021-03-22 08:45:00+00:00,288,9,2048
2048,1344,387072,389119,2021-03-12 07:00:00+00:00,2021-03-23 08:45:00+00:00,288,9,2048
2048,1345,387360,389407,2021-03-15 06:05:00+00:00,2021-03-24 08:45:00+00:00,288,9,2048
2048,1346,387648,389695,2021-03-16 06:05:00+00:00,2021-03-25 08:45:00+00:00,288,9,2048
2048,1347,387936,389983,2021-03-17 06:05:00+00:00,2021-03-26 08:45:00+00:00,288,9,2048
2048,1348,388224,390271,2021-03-18 06:05:00+00:00,2021-03-29 10:55:00+00:00,288,9,2048
2048,1349,388512,390559,2021-03-19 06:05:00+00:00,2021-03-30 10:55:00+00:00,288,9,2048
2048,1350,388800,390847,2021-03-22 06:10:00+00:00,2021-03-31 10:55:00+00:00,288,9,2048
2048,1351,389088,391135,2021-03-23 06:10:00+00:00,2021-04-01 10:55:00+00:00,288,9,2048
2048,1352,389376,391423,2021-03-24 06:10:00+00:00,2021-04-02 10:55:00+00:00,288,9,2048
2048,1353,389664,391711,2021-03-25 06:10:00+00:00,2021-04-05 11:00:00+00:00,288,9,2048
2048,1354,389952,391999,2021-03-26 06:10:00+00:00,2021-04-06 11:00:00+00:00,288,9,2048
2048,1355,390240,392287,2021-03-29 08:20:00+00:00,2021-04-07 11:00:00+00:00,288,9,2048
2048,1356,390528,392575,2021-03-30 08:20:00+00:00,2021-04-08 11:00:00+00:00,288,9,2048
2048,1357,390816,392863,2021-03-31 08:20:00+00:00,2021-04-09 11:00:00+00:00,288,9,2048
2048,1358,391104,393151,2021-04-01 08:20:00+00:00,2021-04-12 11:05:00+00:00,288,9,2048
2048,1359,391392,393439,2021-04-02 08:20:00+00:00,2021-04-13 11:05:00+00:00,288,9,2048
2048,1360,391680,393727,2021-04-05 08:25:00+00:00,2021-04-14 11:05:00+00:00,288,9,2048
2048,1361,391968,394015,2021-04-06 08:25:00+00:00,2021-04-15 11:15:00+00:00,288,9,2048
2048,1362,392256,394303,2021-04-07 08:25:00+00:00,2021-04-16 11:25:00+00:00,288,9,2048
2048,1363,392544,394591,2021-04-08 08:25:00+00:00,2021-04-19 11:30:00+00:00,288,9,2048
2048,1364,392832,394879,2021-04-09 08:25:00+00:00,2021-04-20 11:30:00+00:00,288,9,2048
2048,1365,393120,395167,2021-04-12 08:30:00+00:00,2021-04-21 11:50:00+00:00,288,9,2048
2048,1366,393408,395455,2021-04-13 08:30:00+00:00,2021-04-22 12:00:00+00:00,288,9,2048
2048,1367,393696,395743,2021-04-14 08:30:00+00:00,2021-04-23 12:00:00+00:00,288,9,2048
2048,1368,393984,396031,2021-04-15 08:40:00+00:00,2021-04-26 12:05:00+00:00,288,9,2048
2048,1369,394272,396319,2021-04-16 08:50:00+00:00,2021-04-27 12:15:00+00:00,288,9,2048
2048,1370,394560,396607,2021-04-19 08:55:00+00:00,2021-04-28 12:15:00+00:00,288,9,2048
2048,1371,394848,396895,2021-04-20 08:55:00+00:00,2021-04-29 12:15:00+00:00,288,9,2048
2048,1372,395136,397183,2021-04-21 09:15:00+00:00,2021-04-30 12:25:00+00:00,288,9,2048
2048,1373,395424,397471,2021-04-22 09:25:00+00:00,2021-05-03 12:30:00+00:00,288,9,2048
2048,1374,395712,397759,2021-04-23 09:25:00+00:00,2021-05-04 12:40:00+00:00,288,9,2048
2048,1375,396000,398047,2021-04-26 09:30:00+00:00,2021-05-05 12:40:00+00:00,288,9,2048
2048,1376,396288,398335,2021-04-27 09:40:00+00:00,2021-05-06 12:40:00+00:00,288,9,2048
2048,1377,396576,398623,2021-04-28 09:40:00+00:00,2021-05-07 12:40:00+00:00,288,9,2048
2048,1378,396864,398911,2021-04-29 09:40:00+00:00,2021-05-10 12:45:00+00:00,288,9,2048
2048,1379,397152,399199,2021-04-30 09:50:00+00:00,2021-05-11 12:45:00+00:00,288,9,2048
2048,1380,397440,399487,2021-05-03 09:55:00+00:00,2021-05-12 12:45:00+00:00,288,9,2048
2048,1381,397728,399775,2021-05-04 10:05:00+00:00,2021-05-13 12:45:00+00:00,288,9,2048
2048,1382,398016,400063,2021-05-05 10:05:00+00:00,2021-05-14 12:55:00+00:00,288,9,2048
2048,1383,398304,400351,2021-05-06 10:05:00+00:00,2021-05-17 13:00:00+00:00,288,9,2048
2048,1384,398592,400639,2021-05-07 10:05:00+00:00,2021-05-18 13:10:00+00:00,288,9,2048
2048,1385,398880,400927,2021-05-10 10:10:00+00:00,2021-05-19 13:10:00+00:00,288,9,2048
2048,1386,399168,401215,2021-05-11 10:10:00+00:00,2021-05-20 13:10:00+00:00,288,9,2048
2048,1387,399456,401503,2021-05-12 10:10:00+00:00,2021-05-21 13:10:00+00:00,288,9,2048
2048,1388,399744,401791,2021-05-13 10:10:00+00:00,2021-05-24 13:15:00+00:00,288,9,2048
2048,1389,400032,402079,2021-05-14 10:20:00+00:00,2021-05-25 13:15:00+00:00,288,9,2048
2048,1390,400320,402367,2021-05-17 10:25:00+00:00,2021-05-26 13:15:00+00:00,288,9,2048
2048,1391,400608,402655,2021-05-18 10:35:00+00:00,2021-05-27 13:15:00+00:00,288,9,2048
2048,1392,400896,402943,2021-05-19 10:35:00+00:00,2021-05-28 13:15:00+00:00,288,9,2048
2048,1393,401184,403231,2021-05-20 10:35:00+00:00,2021-06-01 09:25:00+00:00,288,9,2048
2048,1394,401472,403519,2021-05-21 10:35:00+00:00,2021-06-02 09:25:00+00:00,288,9,2048
2048,1395,401760,403807,2021-05-24 10:40:00+00:00,2021-06-03 09:25:00+00:00,288,9,2048
2048,1396,402048,404095,2021-05-25 10:40:00+00:00,2021-06-04 09:25:00+00:00,288,9,2048
2048,1397,402336,404383,2021-05-26 10:40:00+00:00,2021-06-07 09:30:00+00:00,288,9,2048
2048,1398,402624,404671,2021-05-27 10:40:00+00:00,2021-06-08 09:30:00+00:00,288,9,2048
2048,1399,402912,404959,2021-05-28 10:40:00+00:00,2021-06-09 09:30:00+00:00,288,9,2048
2048,1400,403200,405247,2021-06-01 06:50:00+00:00,2021-06-10 09:30:00+00:00,288,9,2048
2048,1401,403488,405535,2021-06-02 06:50:00+00:00,2021-06-11 09:30:00+00:00,288,9,2048
2048,1402,403776,405823,2021-06-03 06:50:00+00:00,2021-06-14 09:35:00+00:00,288,9,2048
2048,1403,404064,406111,2021-06-04 06:50:00+00:00,2021-06-15 09:35:00+00:00,288,9,2048
2048,1404,404352,406399,2021-06-07 06:55:00+00:00,2021-06-16 09:35:00+00:00,288,9,2048
2048,1405,404640,406687,2021-06-08 06:55:00+00:00,2021-06-17 09:35:00+00:00,288,9,2048
2048,1406,404928,406975,2021-06-09 06:55:00+00:00,2021-06-18 09:35:00+00:00,288,9,2048
2048,1407,405216,407263,2021-06-10 06:55:00+00:00,2021-06-21 09:40:00+00:00,288,9,2048
2048,1408,405504,407551,2021-06-11 06:55:00+00:00,2021-06-22 09:40:00+00:00,288,9,2048
2048,1409,405792,407839,2021-06-14 07:00:00+00:00,2021-06-23 09:40:00+00:00,288,9,2048
2048,1410,406080,408127,2021-06-15 07:00:00+00:00,2021-06-24 09:40:00+00:00,288,9,2048
2048,1411,406368,408415,2021-06-16 07:00:00+00:00,2021-06-25 09:40:00+00:00,288,9,2048
2048,1412,406656,408703,2021-06-17 07:00:00+00:00,2021-06-28 09:45:00+00:00,288,9,2048
2048,1413,406944,408991,2021-06-18 07:00:00+00:00,2021-06-29 09:45:00+00:00,288,9,2048
2048,1414,407232,409279,2021-06-21 07:05:00+00:00,2021-06-30 09:45:00+00:00,288,9,2048
2048,1415,407520,409567,2021-06-22 07:05:00+00:00,2021-07-01 09:45:00+00:00,288,9,2048
2048,1416,407808,409855,2021-06-23 07:05:00+00:00,2021-07-02 09:45:00+00:00,288,9,2048
2048,1417,408096,410143,2021-06-24 07:05:00+00:00,2021-07-05 09:50:00+00:00,288,9,2048
2048,1418,408384,410431,2021-06-25 07:05:00+00:00,2021-07-06 09:50:00+00:00,288,9,2048
2048,1419,408672,410719,2021-06-28 07:10:00+00:00,2021-07-07 09:50:00+00:00,288,9,2048
2048,1420,408960,411007,2021-06-29 07:10:00+00:00,2021-07-08 09:50:00+00:00,288,9,2048
2048,1421,409248,411295,2021-06-30 07:10:00+00:00,2021-07-09 09:50:00+00:00,288,9,2048
2048,1422,409536,411583,2021-07-01 07:10:00+00:00,2021-07-12 09:55:00+00:00,288,9,2048
2048,1423,409824,411871,2021-07-02 07:10:00+00:00,2021-07-13 09:55:00+00:00,288,9,2048
2048,1424,410112,412159,2021-07-05 07:15:00+00:00,2021-07-14 09:55:00+00:00,288,9,2048
2048,1425,410400,412447,2021-07-06 07:15:00+00:00,2021-07-15 09:55:00+00:00,288,9,2048
2048,1426,410688,412735,2021-07-07 07:15:00+00:00,2021-07-16 09:55:00+00:00,288,9,2048
2048,1427,410976,413023,2021-07-08 07:15:00+00:00,2021-07-19 10:00:00+00:00,288,9,2048
2048,1428,411264,413311,2021-07-09 07:15:00+00:00,2021-07-20 10:00:00+00:00,288,9,2048
2048,1429,411552,413599,2021-07-12 07:20:00+00:00,2021-07-21 10:00:00+00:00,288,9,2048
2048,1430,411840,413887,2021-07-13 07:20:00+00:00,2021-07-22 10:00:00+00:00,288,9,2048
2048,1431,412128,414175,2021-07-14 07:20:00+00:00,2021-07-23 10:00:00+00:00,288,9,2048
2048,1432,412416,414463,2021-07-15 07:20:00+00:00,2021-07-26 10:05:00+00:00,288,9,2048
2048,1433,412704,414751,2021-07-16 07:20:00+00:00,2021-07-27 10:05:00+00:00,288,9,2048
2048,1434,412992,415039,2021-07-19 07:25:00+00:00,2021-07-28 10:05:00+00:00,288,9,2048
2048,1435,413280,415327,2021-07-20 07:25:00+00:00,2021-07-29 10:05:00+00:00,288,9,2048
2048,1436,413568,415615,2021-07-21 07:25:00+00:00,2021-07-30 10:05:00+00:00,288,9,2048
2048,1437,413856,415903,2021-07-22 07:25:00+00:00,2021-08-02 10:10:00+00:00,288,9,2048
2048,1438,414144,416191,2021-07-23 07:25:00+00:00,2021-08-03 10:10:00+00:00,288,9,2048
2048,1439,414432,416479,2021-07-26 07:30:00+00:00,2021-08-04 10:10:00+00:00,288,9,2048
2048,1440,414720,416767,2021-07-27 07:30:00+00:00,2021-08-05 10:10:00+00:00,288,9,2048
2048,1441,415008,417055,2021-07-28 07:30:00+00:00,2021-08-06 10:10:00+00:00,288,9,2048
2048,1442,415296,417343,2021-07-29 07:30:00+00:00,2021-08-09 10:15:00+00:00,288,9,2048
2048,1443,415584,417631,2021-07-30 07:30:00+00:00,2021-08-10 10:25:00+00:00,288,9,2048
2048,1444,415872,417919,2021-08-02 07:35:00+00:00,2021-08-11 10:25:00+00:00,288,9,2048
2048,1445,416160,418207,2021-08-03 07:35:00+00:00,2021-08-12 10:25:00+00:00,288,9,2048
2048,1446,416448,418495,2021-08-04 07:35:00+00:00,2021-08-13 10:25:00+00:00,288,9,2048
2048,1447,416736,418783,2021-08-05 07:35:00+00:00,2021-08-16 10:30:00+00:00,288,9,2048
2048,1448,417024,419071,2021-08-06 07:35:00+00:00,2021-08-17 10:30:00+00:00,288,9,2048
2048,1449,417312,419359,2021-08-09 07:40:00+00:00,2021-08-18 10:30:00+00:00,288,9,2048
2048,1450,417600,419647,2021-08-10 07:50:00+00:00,2021-08-19 10:30:00+00:00,288,9,2048
2048,1451,417888,419935,2021-08-11 07:50:00+00:00,2021-08-20 10:30:00+00:00,288,9,2048
2048,1452,418176,420223,2021-08-12 07:50:00+00:00,2021-08-23 10:35:00+00:00,288,9,2048
2048,1453,418464,420511,2021-08-13 07:50:00+00:00,2021-08-24 10:35:00+00:00,288,9,2048
2048,1454,418752,420799,2021-08-16 07:55:00+00:00,2021-08-25 10:35:00+00:00,288,9,2048
2048,1455,419040,421087,2021-08-17 07:55:00+00:00,2021-08-26 10:35:00+00:00,288,9,2048
2048,1456,419328,421375,2021-08-18 07:55:00+00:00,2021-08-27 10:35:00+00:00,288,9,2048
2048,1457,419616,421663,2021-08-19 07:55:00+00:00,2021-08-30 10:40:00+00:00,288,9,2048
2048,1458,419904,421951,2021-08-20 07:55:00+00:00,2021-08-31 10:40:00+00:00,288,9,2048
2048,1459,420192,422239,2021-08-23 08:00:00+00:00,2021-09-01 10:40:00+00:00,288,9,2048
2048,1460,420480,422527,2021-08-24 08:00:00+00:00,2021-09-02 10:40:00+00:00,288,9,2048
2048,1461,420768,422815,2021-08-25 08:00:00+00:00,2021-09-03 10:40:00+00:00,288,9,2048
2048,1462,421056,423103,2021-08-26 08:00:00+00:00,2021-09-06 10:45:00+00:00,288,9,2048
2048,1463,421344,423391,2021-08-27 08:00:00+00:00,2021-09-07 10:45:00+00:00,288,9,2048
2048,1464,421632,423679,2021-08-30 08:05:00+00:00,2021-09-08 10:45:00+00:00,288,9,2048
2048,1465,421920,423967,2021-08-31 08:05:00+00:00,2021-09-09 10:45:00+00:00,288,9,2048
2048,1466,422208,424255,2021-09-01 08:05:00+00:00,2021-09-10 10:45:00+00:00,288,9,2048
2048,1467,422496,424543,2021-09-02 08:05:00+00:00,2021-09-13 10:50:00+00:00,288,9,2048
2048,1468,422784,424831,2021-09-03 08:05:00+00:00,2021-09-14 10:50:00+00:00,288,9,2048
2048,1469,423072,425119,2021-09-06 08:10:00+00:00,2021-09-15 10:50:00+00:00,288,9,2048
2048,1470,423360,425407,2021-09-07 08:10:00+00:00,2021-09-16 10:50:00+00:00,288,9,2048
2048,1471,423648,425695,2021-09-08 08:10:00+00:00,2021-09-17 10:50:00+00:00,288,9,2048
2048,1472,423936,425983,2021-09-09 08:10:00+00:00,2021-09-20 10:55:00+00:00,288,9,2048
2048,1473,424224,426271,2021-09-10 08:10:00+00:00,2021-09-21 10:55:00+00:00,288,9,2048
2048,1474,424512,426559,2021-09-13 08:15:00+00:00,2021-09-22 10:55:00+00:00,288,9,2048
2048,1475,424800,426847,2021-09-14 08:15:00+00:00,2021-09-23 10:55:00+00:00,288,9,2048
2048,1476,425088,427135,2021-09-15 08:15:00+00:00,2021-09-24 10:55:00+00:00,288,9,2048
2048,1477,425376,427423,2021-09-16 08:15:00+00:00,2021-09-27 11:00:00+00:00,288,9,2048
2048,1478,425664,427711,2021-09-17 08:15:00+00:00,2021-09-28 11:00:00+00:00,288,9,2048
2048,1479,425952,427999,2021-09-20 08:20:00+00:00,2021-09-29 11:00:00+00:00,288,9,2048
2048,1480,426240,428287,2021-09-21 08:20:00+00:00,2021-09-30 11:00:00+00:00,288,9,2048
2048,1481,426528,428575,2021-09-22 08:20:00+00:00,2021-10-01 11:00:00+00:00,288,9,2048
2048,1482,426816,428863,2021-09-23 08:20:00+00:00,2021-10-04 11:05:00+00:00,288,9,2048
2048,1483,427104,429151,2021-09-24 08:20:00+00:00,2021-10-05 11:05:00+00:00,288,9,2048
2048,1484,427392,429439,2021-09-27 08:25:00+00:00,2021-10-06 11:05:00+00:00,288,9,2048
2048,1485,427680,429727,2021-09-28 08:25:00+00:00,2021-10-07 11:05:00+00:00,288,9,2048
2048,1486,427968,430015,2021-09-29 08:25:00+00:00,2021-10-08 11:05:00+00:00,288,9,2048
2048,1487,428256,430303,2021-09-30 08:25:00+00:00,2021-10-11 11:10:00+00:00,288,9,2048
2048,1488,428544,430591,2021-10-01 08:25:00+00:00,2021-10-12 11:10:00+00:00,288,9,2048
2048,1489,428832,430879,2021-10-04 08:30:00+00:00,2021-10-13 11:10:00+00:00,288,9,2048
2048,1490,429120,431167,2021-10-05 08:30:00+00:00,2021-10-14 11:10:00+00:00,288,9,2048
2048,1491,429408,431455,2021-10-06 08:30:00+00:00,2021-10-15 11:10:00+00:00,288,9,2048
2048,1492,429696,431743,2021-10-07 08:30:00+00:00,2021-10-18 11:15:00+00:00,288,9,2048
2048,1493,429984,432031,2021-10-08 08:30:00+00:00,2021-10-19 11:15:00+00:00,288,9,2048
2048,1494,430272,432319,2021-10-11 08:35:00+00:00,2021-10-20 11:15:00+00:00,288,9,2048
2048,1495,430560,432607,2021-10-12 08:35:00+00:00,2021-10-21 11:15:00+00:00,288,9,2048
2048,1496,430848,432895,2021-10-13 08:35:00+00:00,2021-10-22 11:15:00+00:00,288,9,2048
2048,1497,431136,433183,2021-10-14 08:35:00+00:00,2021-10-25 11:20:00+00:00,288,9,2048
2048,1498,431424,433471,2021-10-15 08:35:00+00:00,2021-10-26 11:20:00+00:00,288,9,2048
2048,1499,431712,433759,2021-10-18 08:40:00+00:00,2021-10-27 11:20:00+00:00,288,9,2048
2048,1500,432000,434047,2021-10-19 08:40:00+00:00,2021-10-28 11:20:00+00:00,288,9,2048
2048,1501,432288,434335,2021-10-20 08:40:00+00:00,2021-10-29 11:20:00+00:00,288,9,2048
2048,1502,432576,434623,2021-10-21 08:40:00+00:00,2021-11-01 10:25:00+00:00,288,9,2048
2048,1503,432864,434911,2021-10-22 08:40:00+00:00,2021-11-02 10:25:00+00:00,288,9,2048
2048,1504,433152,435199,2021-10-25 08:45:00+00:00,2021-11-03 10:25:00+00:00,288,9,2048
2048,1505,433440,435487,2021-10-26 08:45:00+00:00,2021-11-04 10:25:00+00:00,288,9,2048
2048,1506,433728,435775,2021-10-27 08:45:00+00:00,2021-11-05 10:25:00+00:00,288,9,2048
2048,1507,434016,436063,2021-10-28 08:45:00+00:00,2021-11-08 11:30:00+00:00,288,9,2048
2048,1508,434304,436351,2021-10-29 08:45:00+00:00,2021-11-09 11:30:00+00:00,288,9,2048
2048,1509,434592,436639,2021-11-01 07:50:00+00:00,2021-11-10 11:30:00+00:00,288,9,2048
2048,1510,434880,436927,2021-11-02 07:50:00+00:00,2021-11-11 11:30:00+00:00,288,9,2048
2048,1511,435168,437215,2021-11-03 07:50:00+00:00,2021-11-12 11:30:00+00:00,288,9,2048
2048,1512,435456,437503,2021-11-04 07:50:00+00:00,2021-11-15 11:35:00+00:00,288,9,2048
2048,1513,435744,437791,2021-11-05 07:50:00+00:00,2021-11-16 11:35:00+00:00,288,9,2048
2048,1514,436032,438079,2021-11-08 08:55:00+00:00,2021-11-17 11:35:00+00:00,288,9,2048
2048,1515,436320,438367,2021-11-09 08:55:00+00:00,2021-11-18 11:35:00+00:00,288,9,2048
2048,1516,436608,438655,2021-11-10 08:55:00+00:00,2021-11-19 11:35:00+00:00,288,9,2048
2048,1517,436896,438943,2021-11-11 08:55:00+00:00,2021-11-22 11:40:00+00:00,288,9,2048
2048,1518,437184,439231,2021-11-12 08:55:00+00:00,2021-11-23 11:40:00+00:00,288,9,2048
2048,1519,437472,439519,2021-11-15 09:00:00+00:00,2021-11-24 11:40:00+00:00,288,9,2048
2048,1520,437760,439807,2021-11-16 09:00:00+00:00,2021-11-25 11:40:00+00:00,288,9,2048
2048,1521,438048,440095,2021-11-17 09:00:00+00:00,2021-11-26 11:40:00+00:00,288,9,2048
2048,1522,438336,440383,2021-11-18 09:00:00+00:00,2021-11-29 11:45:00+00:00,288,9,2048
2048,1523,438624,440671,2021-11-19 09:00:00+00:00,2021-11-30 11:45:00+00:00,288,9,2048
2048,1524,438912,440959,2021-11-22 09:05:00+00:00,2021-12-01 11:45:00+00:00,288,9,2048
2048,1525,439200,441247,2021-11-23 09:05:00+00:00,2021-12-02 11:45:00+00:00,288,9,2048
2048,1526,439488,441535,2021-11-24 09:05:00+00:00,2021-12-03 11:45:00+00:00,288,9,2048
2048,1527,439776,441823,2021-11-25 09:05:00+00:00,2021-12-06 11:50:00+00:00,288,9,2048
2048,1528,440064,442111,2021-11-26 09:05:00+00:00,2021-12-07 11:50:00+00:00,288,9,2048
2048,1529,440352,442399,2021-11-29 09:10:00+00:00,2021-12-08 11:50:00+00:00,288,9,2048
2048,1530,440640,442687,2021-11-30 09:10:00+00:00,2021-12-09 11:50:00+00:00,288,9,2048
2048,1531,440928,442975,2021-12-01 09:10:00+00:00,2021-12-10 11:50:00+00:00,288,9,2048
2048,1532,441216,443263,2021-12-02 09:10:00+00:00,2021-12-13 12:00:00+00:00,288,9,2048
2048,1533,441504,443551,2021-12-03 09:10:00+00:00,2021-12-14 12:00:00+00:00,288,9,2048
2048,1534,441792,443839,2021-12-06 09:15:00+00:00,2021-12-15 12:00:00+00:00,288,9,2048
2048,1535,442080,444127,2021-12-07 09:15:00+00:00,2021-12-16 12:00:00+00:00,288,9,2048
2048,1536,442368,444415,2021-12-08 09:15:00+00:00,2021-12-17 12:00:00+00:00,288,9,2048
2048,1537,442656,444703,2021-12-09 09:15:00+00:00,2021-12-20 12:05:00+00:00,288,9,2048
2048,1538,442944,444991,2021-12-10 09:15:00+00:00,2021-12-21 12:05:00+00:00,288,9,2048
2048,1539,443232,445279,2021-12-13 09:25:00+00:00,2021-12-22 12:05:00+00:00,288,9,2048
2048,1540,443520,445567,2021-12-14 09:25:00+00:00,2021-12-23 12:05:00+00:00,288,9,2048
2048,1541,443808,445855,2021-12-15 09:25:00+00:00,2021-12-24 12:05:00+00:00,288,9,2048
2048,1542,444096,446143,2021-12-16 09:25:00+00:00,2021-12-27 12:15:00+00:00,288,9,2048
2048,1543,444384,446431,2021-12-17 09:25:00+00:00,2021-12-28 12:15:00+00:00,288,9,2048
2048,1544,444672,446719,2021-12-20 09:30:00+00:00,2021-12-29 12:15:00+00:00,288,9,2048
2048,1545,444960,447007,2021-12-21 09:30:00+00:00,2021-12-30 12:15:00+00:00,288,9,2048
2048,1546,445248,447295,2021-12-22 09:30:00+00:00,2021-12-31 12:15:00+00:00,288,9,2048
2048,1547,445536,447583,2021-12-23 09:30:00+00:00,2022-01-03 12:20:00+00:00,288,9,2048
2048,1548,445824,447871,2021-12-24 09:30:00+00:00,2022-01-04 12:20:00+00:00,288,9,2048
2048,1549,446112,448159,2021-12-27 09:40:00+00:00,2022-01-05 12:20:00+00:00,288,9,2048
2048,1550,446400,448447,2021-12-28 09:40:00+00:00,2022-01-06 12:20:00+00:00,288,9,2048
2048,1551,446688,448735,2021-12-29 09:40:00+00:00,2022-01-07 12:20:00+00:00,288,9,2048
2048,1552,446976,449023,2021-12-30 09:40:00+00:00,2022-01-10 12:25:00+00:00,288,9,2048
2048,1553,447264,449311,2021-12-31 09:40:00+00:00,2022-01-11 12:25:00+00:00,288,9,2048
2048,1554,447552,449599,2022-01-03 09:45:00+00:00,2022-01-12 12:25:00+00:00,288,9,2048
2048,1555,447840,449887,2022-01-04 09:45:00+00:00,2022-01-13 12:25:00+00:00,288,9,2048
2048,1556,448128,450175,2022-01-05 09:45:00+00:00,2022-01-14 12:25:00+00:00,288,9,2048
2048,1557,448416,450463,2022-01-06 09:45:00+00:00,2022-01-17 12:30:00+00:00,288,9,2048
2048,1558,448704,450751,2022-01-07 09:45:00+00:00,2022-01-18 12:30:00+00:00,288,9,2048
2048,1559,448992,451039,2022-01-10 09:50:00+00:00,2022-01-19 12:30:00+00:00,288,9,2048
2048,1560,449280,451327,2022-01-11 09:50:00+00:00,2022-01-20 12:30:00+00:00,288,9,2048
2048,1561,449568,451615,2022-01-12 09:50:00+00:00,2022-01-21 12:30:00+00:00,288,9,2048
2048,1562,449856,451903,2022-01-13 09:50:00+00:00,2022-01-24 12:35:00+00:00,288,9,2048
2048,1563,450144,452191,2022-01-14 09:50:00+00:00,2022-01-25 12:35:00+00:00,288,9,2048
2048,1564,450432,452479,2022-01-17 09:55:00+00:00,2022-01-26 12:35:00+00:00,288,9,2048
2048,1565,450720,452767,2022-01-18 09:55:00+00:00,2022-01-27 12:35:00+00:00,288,9,2048
2048,1566,451008,453055,2022-01-19 09:55:00+00:00,2022-01-28 12:35:00+00:00,288,9,2048
2048,1567,451296,453343,2022-01-20 09:55:00+00:00,2022-01-31 12:40:00+00:00,288,9,2048
2048,1568,451584,453631,2022-01-21 09:55:00+00:00,2022-02-01 12:40:00+00:00,288,9,2048
2048,1569,451872,453919,2022-01-24 10:00:00+00:00,2022-02-02 12:40:00+00:00,288,9,2048
2048,1570,452160,454207,2022-01-25 10:00:00+00:00,2022-02-03 12:40:00+00:00,288,9,2048
2048,1571,452448,454495,2022-01-26 10:00:00+00:00,2022-02-04 12:40:00+00:00,288,9,2048
2048,1572,452736,454783,2022-01-27 10:00:00+00:00,2022-02-07 12:45:00+00:00,288,9,2048
2048,1573,453024,455071,2022-01-28 10:00:00+00:00,2022-02-08 12:45:00+00:00,288,9,2048
2048,1574,453312,455359,2022-01-31 10:05:00+00:00,2022-02-09 12:45:00+00:00,288,9,2048
2048,1575,453600,455647,2022-02-01 10:05:00+00:00,2022-02-10 12:45:00+00:00,288,9,2048
2048,1576,453888,455935,2022-02-02 10:05:00+00:00,2022-02-11 12:45:00+00:00,288,9,2048
2048,1577,454176,456223,2022-02-03 10:05:00+00:00,2022-02-14 12:50:00+00:00,288,9,2048
2048,1578,454464,456511,2022-02-04 10:05:00+00:00,2022-02-15 12:50:00+00:00,288,9,2048
2048,1579,454752,456799,2022-02-07 10:10:00+00:00,2022-02-16 12:50:00+00:00,288,9,2048
2048,1580,455040,457087,2022-02-08 10:10:00+00:00,2022-02-17 12:50:00+00:00,288,9,2048
2048,1581,455328,457375,2022-02-09 10:10:00+00:00,2022-02-18 12:50:00+00:00,288,9,2048
2048,1582,455616,457663,2022-02-10 10:10:00+00:00,2022-02-21 12:55:00+00:00,288,9,2048
2048,1583,455904,457951,2022-02-11 10:10:00+00:00,2022-02-22 12:55:00+00:00,288,9,2048
2048,1584,456192,458239,2022-02-14 10:15:00+00:00,2022-02-23 12:55:00+00:00,288,9,2048
2048,1585,456480,458527,2022-02-15 10:15:00+00:00,2022-02-24 12:55:00+00:00,288,9,2048
2048,1586,456768,458815,2022-02-16 10:15:00+00:00,2022-02-25 12:55:00+00:00,288,9,2048
2048,1587,457056,459103,2022-02-17 10:15:00+00:00,2022-02-28 13:00:00+00:00,288,9,2048
2048,1588,457344,459391,2022-02-18 10:15:00+00:00,2022-03-01 13:00:00+00:00,288,9,2048
2048,1589,457632,459679,2022-02-21 10:20:00+00:00,2022-03-02 13:00:00+00:00,288,9,2048
2048,1590,457920,459967,2022-02-22 10:20:00+00:00,2022-03-03 13:00:00+00:00,288,9,2048
2048,1591,458208,460255,2022-02-23 10:20:00+00:00,2022-03-04 13:00:00+00:00,288,9,2048
2048,1592,458496,460543,2022-02-24 10:20:00+00:00,2022-03-07 13:05:00+00:00,288,9,2048
2048,1593,458784,460831,2022-02-25 10:20:00+00:00,2022-03-08 13:05:00+00:00,288,9,2048
2048,1594,459072,461119,2022-02-28 10:25:00+00:00,2022-03-09 13:05:00+00:00,288,9,2048
2048,1595,459360,461407,2022-03-01 10:25:00+00:00,2022-03-10 13:05:00+00:00,288,9,2048
2048,1596,459648,461695,2022-03-02 10:25:00+00:00,2022-03-11 13:05:00+00:00,288,9,2048
2048,1597,459936,461983,2022-03-03 10:25:00+00:00,2022-03-14 12:10:00+00:00,288,9,2048
2048,1598,460224,462271,2022-03-04 10:25:00+00:00,2022-03-15 12:10:00+00:00,288,9,2048
2048,1599,460512,462559,2022-03-07 10:30:00+00:00,2022-03-16 12:10:00+00:00,288,9,2048
2048,1600,460800,462847,2022-03-08 10:30:00+00:00,2022-03-17 12:10:00+00:00,288,9,2048
2048,1601,461088,463135,2022-03-09 10:30:00+00:00,2022-03-18 12:10:00+00:00,288,9,2048
2048,1602,461376,463423,2022-03-10 10:30:00+00:00,2022-03-21 12:15:00+00:00,288,9,2048
2048,1603,461664,463711,2022-03-11 10:30:00+00:00,2022-03-22 12:15:00+00:00,288,9,2048
2048,1604,461952,463999,2022-03-14 09:35:00+00:00,2022-03-23 12:15:00+00:00,288,9,2048
2048,1605,462240,464287,2022-03-15 09:35:00+00:00,2022-03-24 12:15:00+00:00,288,9,2048
2048,1606,462528,464575,2022-03-16 09:35:00+00:00,2022-03-25 12:15:00+00:00,288,9,2048
2048,1607,462816,464863,2022-03-17 09:35:00+00:00,2022-03-28 14:25:00+00:00,288,9,2048
2048,1608,463104,465151,2022-03-18 09:35:00+00:00,2022-03-29 14:25:00+00:00,288,9,2048
2048,1609,463392,465439,2022-03-21 09:40:00+00:00,2022-03-30 14:25:00+00:00,288,9,2048
2048,1610,463680,465727,2022-03-22 09:40:00+00:00,2022-03-31 14:25:00+00:00,288,9,2048
2048,1611,463968,466015,2022-03-23 09:40:00+00:00,2022-04-01 14:25:00+00:00,288,9,2048
2048,1612,464256,466303,2022-03-24 09:40:00+00:00,2022-04-04 14:30:00+00:00,288,9,2048
2048,1613,464544,466591,2022-03-25 09:40:00+00:00,2022-04-05 14:30:00+00:00,288,9,2048
2048,1614,464832,466879,2022-03-28 11:50:00+00:00,2022-04-06 14:30:00+00:00,288,9,2048
2048,1615,465120,467167,2022-03-29 11:50:00+00:00,2022-04-07 14:30:00+00:00,288,9,2048
2048,1616,465408,467455,2022-03-30 11:50:00+00:00,2022-04-08 14:30:00+00:00,288,9,2048
2048,1617,465696,467743,2022-03-31 11:50:00+00:00,2022-04-11 14:35:00+00:00,288,9,2048
2048,1618,465984,468031,2022-04-01 11:50:00+00:00,2022-04-12 14:35:00+00:00,288,9,2048
2048,1619,466272,468319,2022-04-04 11:55:00+00:00,2022-04-13 14:35:00+00:00,288,9,2048
2048,1620,466560,468607,2022-04-05 11:55:00+00:00,2022-04-14 14:35:00+00:00,288,9,2048
2048,1621,466848,468895,2022-04-06 11:55:00+00:00,2022-04-15 14:35:00+00:00,288,9,2048
2048,1622,467136,469183,2022-04-07 11:55:00+00:00,2022-04-18 14:40:00+00:00,288,9,2048
2048,1623,467424,469471,2022-04-08 11:55:00+00:00,2022-04-19 14:40:00+00:00,288,9,2048
2048,1624,467712,469759,2022-04-11 12:00:00+00:00,2022-04-20 14:40:00+00:00,288,9,2048
2048,1625,468000,470047,2022-04-12 12:00:00+00:00,2022-04-21 14:40:00+00:00,288,9,2048
2048,1626,468288,470335,2022-04-13 12:00:00+00:00,2022-04-22 14:40:00+00:00,288,9,2048
2048,1627,468576,470623,2022-04-14 12:00:00+00:00,2022-04-25 14:45:00+00:00,288,9,2048
2048,1628,468864,470911,2022-04-15 12:00:00+00:00,2022-04-26 14:45:00+00:00,288,9,2048
2048,1629,469152,471199,2022-04-18 12:05:00+00:00,2022-04-27 14:45:00+00:00,288,9,2048
2048,1630,469440,471487,2022-04-19 12:05:00+00:00,2022-04-28 14:45:00+00:00,288,9,2048
2048,1631,469728,471775,2022-04-20 12:05:00+00:00,2022-04-29 14:45:00+00:00,288,9,2048
2048,1632,470016,472063,2022-04-21 12:05:00+00:00,2022-05-02 14:50:00+00:00,288,9,2048
2048,1633,470304,472351,2022-04-22 12:05:00+00:00,2022-05-03 14:50:00+00:00,288,9,2048
2048,1634,470592,472639,2022-04-25 12:10:00+00:00,2022-05-04 14:50:00+00:00,288,9,2048
2048,1635,470880,472927,2022-04-26 12:10:00+00:00,2022-05-05 14:50:00+00:00,288,9,2048
2048,1636,471168,473215,2022-04-27 12:10:00+00:00,2022-05-06 14:50:00+00:00,288,9,2048
2048,1637,471456,473503,2022-04-28 12:10:00+00:00,2022-05-09 14:55:00+00:00,288,9,2048
2048,1638,471744,473791,2022-04-29 12:10:00+00:00,2022-05-10 14:55:00+00:00,288,9,2048
2048,1639,472032,474079,2022-05-02 12:15:00+00:00,2022-05-11 14:55:00+00:00,288,9,2048
2048,1640,472320,474367,2022-05-03 12:15:00+00:00,2022-05-12 14:55:00+00:00,288,9,2048
2048,1641,472608,474655,2022-05-04 12:15:00+00:00,2022-05-13 14:55:00+00:00,288,9,2048
2048,1642,472896,474943,2022-05-05 12:15:00+00:00,2022-05-16 15:00:00+00:00,288,9,2048
2048,1643,473184,475231,2022-05-06 12:15:00+00:00,2022-05-17 15:00:00+00:00,288,9,2048
2048,1644,473472,475519,2022-05-09 12:20:00+00:00,2022-05-18 15:00:00+00:00,288,9,2048
2048,1645,473760,475807,2022-05-10 12:20:00+00:00,2022-05-19 15:00:00+00:00,288,9,2048
2048,1646,474048,476095,2022-05-11 12:20:00+00:00,2022-05-20 15:00:00+00:00,288,9,2048
2048,1647,474336,476383,2022-05-12 12:20:00+00:00,2022-05-23 15:05:00+00:00,288,9,2048
2048,1648,474624,476671,2022-05-13 12:20:00+00:00,2022-05-24 15:05:00+00:00,288,9,2048
2048,1649,474912,476959,2022-05-16 12:25:00+00:00,2022-05-25 15:05:00+00:00,288,9,2048
2048,1650,475200,477247,2022-05-17 12:25:00+00:00,2022-05-26 15:05:00+00:00,288,9,2048
2048,1651,475488,477535,2022-05-18 12:25:00+00:00,2022-05-27 15:05:00+00:00,288,9,2048
2048,1652,475776,477823,2022-05-19 12:25:00+00:00,2022-05-30 15:10:00+00:00,288,9,2048
2048,1653,476064,478111,2022-05-20 12:25:00+00:00,2022-05-31 15:10:00+00:00,288,9,2048
2048,1654,476352,478399,2022-05-23 12:30:00+00:00,2022-06-01 15:10:00+00:00,288,9,2048
2048,1655,476640,478687,2022-05-24 12:30:00+00:00,2022-06-02 15:10:00+00:00,288,9,2048
2048,1656,476928,478975,2022-05-25 12:30:00+00:00,2022-06-03 15:10:00+00:00,288,9,2048
2048,1657,477216,479263,2022-05-26 12:30:00+00:00,2022-06-06 15:15:00+00:00,288,9,2048
2048,1658,477504,479551,2022-05-27 12:30:00+00:00,2022-06-07 15:15:00+00:00,288,9,2048
2048,1659,477792,479839,2022-05-30 12:35:00+00:00,2022-06-08 15:15:00+00:00,288,9,2048
2048,1660,478080,480127,2022-05-31 12:35:00+00:00,2022-06-09 15:15:00+00:00,288,9,2048
2048,1661,478368,480415,2022-06-01 12:35:00+00:00,2022-06-10 15:15:00+00:00,288,9,2048
2048,1662,478656,480703,2022-06-02 12:35:00+00:00,2022-06-13 15:20:00+00:00,288,9,2048
2048,1663,478944,480991,2022-06-03 12:35:00+00:00,2022-06-14 15:20:00+00:00,288,9,2048
2048,1664,479232,481279,2022-06-06 12:40:00+00:00,2022-06-15 15:20:00+00:00,288,9,2048
2048,1665,479520,481567,2022-06-07 12:40:00+00:00,2022-06-16 15:20:00+00:00,288,9,2048
2048,1666,479808,481855,2022-06-08 12:40:00+00:00,2022-06-17 15:20:00+00:00,288,9,2048
2048,1667,480096,482143,2022-06-09 12:40:00+00:00,2022-06-20 15:25:00+00:00,288,9,2048
2048,1668,480384,482431,2022-06-10 12:40:00+00:00,2022-06-21 15:25:00+00:00,288,9,2048
2048,1669,480672,482719,2022-06-13 12:45:00+00:00,2022-06-22 15:25:00+00:00,288,9,2048
2048,1670,480960,483007,2022-06-14 12:45:00+00:00,2022-06-23 15:25:00+00:00,288,9,2048
2048,1671,481248,483295,2022-06-15 12:45:00+00:00,2022-06-24 15:25:00+00:00,288,9,2048
2048,1672,481536,483583,2022-06-16 12:45:00+00:00,2022-06-27 15:30:00+00:00,288,9,2048
2048,1673,481824,483871,2022-06-17 12:45:00+00:00,2022-06-28 15:30:00+00:00,288,9,2048
2048,1674,482112,484159,2022-06-20 12:50:00+00:00,2022-06-29 15:30:00+00:00,288,9,2048
2048,1675,482400,484447,2022-06-21 12:50:00+00:00,2022-06-30 15:30:00+00:00,288,9,2048
2048,1676,482688,484735,2022-06-22 12:50:00+00:00,2022-07-01 15:30:00+00:00,288,9,2048
2048,1677,482976,485023,2022-06-23 12:50:00+00:00,2022-07-04 15:35:00+00:00,288,9,2048
2048,1678,483264,485311,2022-06-24 12:50:00+00:00,2022-07-05 15:35:00+00:00,288,9,2048
2048,1679,483552,485599,2022-06-27 12:55:00+00:00,2022-07-06 15:35:00+00:00,288,9,2048
2048,1680,483840,485887,2022-06-28 12:55:00+00:00,2022-07-07 15:35:00+00:00,288,9,2048
2048,1681,484128,486175,2022-06-29 12:55:00+00:00,2022-07-08 15:35:00+00:00,288,9,2048
2048,1682,484416,486463,2022-06-30 12:55:00+00:00,2022-07-11 15:40:00+00:00,288,9,2048
2048,1683,484704,486751,2022-07-01 12:55:00+00:00,2022-07-12 15:40:00+00:00,288,9,2048
2048,1684,484992,487039,2022-07-04 13:00:00+00:00,2022-07-13 15:40:00+00:00,288,9,2048
2048,1685,485280,487327,2022-07-05 13:00:00+00:00,2022-07-14 15:40:00+00:00,288,9,2048
2048,1686,485568,487615,2022-07-06 13:00:00+00:00,2022-07-15 15:40:00+00:00,288,9,2048
2048,1687,485856,487903,2022-07-07 13:00:00+00:00,2022-07-18 15:45:00+00:00,288,9,2048
2048,1688,486144,488191,2022-07-08 13:00:00+00:00,2022-07-19 15:45:00+00:00,288,9,2048
2048,1689,486432,488479,2022-07-11 13:05:00+00:00,2022-07-20 15:45:00+00:00,288,9,2048
2048,1690,486720,488767,2022-07-12 13:05:00+00:00,2022-07-21 15:45:00+00:00,288,9,2048
2048,1691,487008,489055,2022-07-13 13:05:00+00:00,2022-07-22 15:45:00+00:00,288,9,2048
2048,1692,487296,489343,2022-07-14 13:05:00+00:00,2022-07-25 16:00:00+00:00,288,9,2048
2048,1693,487584,489631,2022-07-15 13:05:00+00:00,2022-07-26 16:00:00+00:00,288,9,2048
2048,1694,487872,489919,2022-07-18 13:10:00+00:00,2022-07-27 16:00:00+00:00,288,9,2048
2048,1695,488160,490207,2022-07-19 13:10:00+00:00,2022-07-28 16:00:00+00:00,288,9,2048
2048,1696,488448,490495,2022-07-20 13:10:00+00:00,2022-07-29 16:00:00+00:00,288,9,2048
2048,1697,488736,490783,2022-07-21 13:10:00+00:00,2022-08-01 16:05:00+00:00,288,9,2048
2048,1698,489024,491071,2022-07-22 13:10:00+00:00,2022-08-02 16:05:00+00:00,288,9,2048
2048,1699,489312,491359,2022-07-25 13:25:00+00:00,2022-08-03 16:05:00+00:00,288,9,2048
2048,1700,489600,491647,2022-07-26 13:25:00+00:00,2022-08-04 16:05:00+00:00,288,9,2048
2048,1701,489888,491935,2022-07-27 13:25:00+00:00,2022-08-05 16:05:00+00:00,288,9,2048
2048,1702,490176,492223,2022-07-28 13:25:00+00:00,2022-08-08 16:10:00+00:00,288,9,2048
2048,1703,490464,492511,2022-07-29 13:25:00+00:00,2022-08-09 16:10:00+00:00,288,9,2048
2048,1704,490752,492799,2022-08-01 13:30:00+00:00,2022-08-10 16:10:00+00:00,288,9,2048
2048,1705,491040,493087,2022-08-02 13:30:00+00:00,2022-08-11 16:10:00+00:00,288,9,2048
2048,1706,491328,493375,2022-08-03 13:30:00+00:00,2022-08-12 16:10:00+00:00,288,9,2048
2048,1707,491616,493663,2022-08-04 13:30:00+00:00,2022-08-15 16:15:00+00:00,288,9,2048
2048,1708,491904,493951,2022-08-05 13:30:00+00:00,2022-08-16 16:15:00+00:00,288,9,2048
2048,1709,492192,494239,2022-08-08 13:35:00+00:00,2022-08-17 16:25:00+00:00,288,9,2048
2048,1710,492480,494527,2022-08-09 13:35:00+00:00,2022-08-18 16:25:00+00:00,288,9,2048
2048,1711,492768,494815,2022-08-10 13:35:00+00:00,2022-08-19 16:25:00+00:00,288,9,2048
2048,1712,493056,495103,2022-08-11 13:35:00+00:00,2022-08-22 16:30:00+00:00,288,9,2048
2048,1713,493344,495391,2022-08-12 13:35:00+00:00,2022-08-23 16:30:00+00:00,288,9,2048
2048,1714,493632,495679,2022-08-15 13:40:00+00:00,2022-08-24 16:30:00+00:00,288,9,2048
2048,1715,493920,495967,2022-08-16 13:40:00+00:00,2022-08-25 16:30:00+00:00,288,9,2048
2048,1716,494208,496255,2022-08-17 13:50:00+00:00,2022-08-26 16:30:00+00:00,288,9,2048
2048,1717,494496,496543,2022-08-18 13:50:00+00:00,2022-08-29 16:35:00+00:00,288,9,2048
2048,1718,494784,496831,2022-08-19 13:50:00+00:00,2022-08-30 16:35:00+00:00,288,9,2048
2048,1719,495072,497119,2022-08-22 13:55:00+00:00,2022-08-31 16:35:00+00:00,288,9,2048
2048,1720,495360,497407,2022-08-23 13:55:00+00:00,2022-09-01 16:35:00+00:00,288,9,2048
2048,1721,495648,497695,2022-08-24 13:55:00+00:00,2022-09-02 16:35:00+00:00,288,9,2048
2048,1722,495936,497983,2022-08-25 13:55:00+00:00,2022-09-05 16:40:00+00:00,288,9,2048
2048,1723,496224,498271,2022-08-26 13:55:00+00:00,2022-09-06 16:40:00+00:00,288,9,2048
2048,1724,496512,498559,2022-08-29 14:00:00+00:00,2022-09-07 16:40:00+00:00,288,9,2048
2048,1725,496800,498847,2022-08-30 14:00:00+00:00,2022-09-08 16:40:00+00:00,288,9,2048
2048,1726,497088,499135,2022-08-31 14:00:00+00:00,2022-09-09 16:40:00+00:00,288,9,2048
2048,1727,497376,499423,2022-09-01 14:00:00+00:00,2022-09-12 16:45:00+00:00,288,9,2048
2048,1728,497664,499711,2022-09-02 14:00:00+00:00,2022-09-13 16:45:00+00:00,288,9,2048
2048,1729,497952,499999,2022-09-05 14:05:00+00:00,2022-09-14 16:45:00+00:00,288,9,2048
2048,1730,498240,500287,2022-09-06 14:05:00+00:00,2022-09-15 16:45:00+00:00,288,9,2048
2048,1731,498528,500575,2022-09-07 14:05:00+00:00,2022-09-16 16:45:00+00:00,288,9,2048
2048,1732,498816,500863,2022-09-08 14:05:00+00:00,2022-09-19 16:50:00+00:00,288,9,2048
2048,1733,499104,501151,2022-09-09 14:05:00+00:00,2022-09-20 16:50:00+00:00,288,9,2048
2048,1734,499392,501439,2022-09-12 14:10:00+00:00,2022-09-21 16:50:00+00:00,288,9,2048
2048,1735,499680,501727,2022-09-13 14:10:00+00:00,2022-09-22 16:50:00+00:00,288,9,2048
2048,1736,499968,502015,2022-09-14 14:10:00+00:00,2022-09-23 16:50:00+00:00,288,9,2048
2048,1737,500256,502303,2022-09-15 14:10:00+00:00,2022-09-26 16:55:00+00:00,288,9,2048
2048,1738,500544,502591,2022-09-16 14:10:00+00:00,2022-09-27 16:55:00+00:00,288,9,2048
2048,1739,500832,502879,2022-09-19 14:15:00+00:00,2022-09-28 16:55:00+00:00,288,9,2048
2048,1740,501120,503167,2022-09-20 14:15:00+00:00,2022-09-29 16:55:00+00:00,288,9,2048
2048,1741,501408,503455,2022-09-21 14:15:00+00:00,2022-09-30 16:55:00+00:00,288,9,2048
2048,1742,501696,503743,2022-09-22 14:15:00+00:00,2022-10-03 17:00:00+00:00,288,9,2048
2048,1743,501984,504031,2022-09-23 14:15:00+00:00,2022-10-04 17:00:00+00:00,288,9,2048
2048,1744,502272,504319,2022-09-26 14:20:00+00:00,2022-10-05 17:00:00+00:00,288,9,2048
2048,1745,502560,504607,2022-09-27 14:20:00+00:00,2022-10-06 17:00:00+00:00,288,9,2048
2048,1746,502848,504895,2022-09-28 14:20:00+00:00,2022-10-07 17:00:00+00:00,288,9,2048
2048,1747,503136,505183,2022-09-29 14:20:00+00:00,2022-10-10 17:15:00+00:00,288,9,2048
2048,1748,503424,505471,2022-09-30 14:20:00+00:00,2022-10-11 17:15:00+00:00,288,9,2048
2048,1749,503712,505759,2022-10-03 14:25:00+00:00,2022-10-12 17:15:00+00:00,288,9,2048
2048,1750,504000,506047,2022-10-04 14:25:00+00:00,2022-10-13 17:15:00+00:00,288,9,2048
2048,1751,504288,506335,2022-10-05 14:25:00+00:00,2022-10-14 17:15:00+00:00,288,9,2048
2048,1752,504576,506623,2022-10-06 14:25:00+00:00,2022-10-17 17:30:00+00:00,288,9,2048
2048,1753,504864,506911,2022-10-07 14:25:00+00:00,2022-10-18 17:30:00+00:00,288,9,2048
2048,1754,505152,507199,2022-10-10 14:40:00+00:00,2022-10-19 17:30:00+00:00,288,9,2048
2048,1755,505440,507487,2022-10-11 14:40:00+00:00,2022-10-20 17:30:00+00:00,288,9,2048
2048,1756,505728,507775,2022-10-12 14:40:00+00:00,2022-10-21 17:30:00+00:00,288,9,2048
2048,1757,506016,508063,2022-10-13 14:40:00+00:00,2022-10-24 17:35:00+00:00,288,9,2048
2048,1758,506304,508351,2022-10-14 14:40:00+00:00,2022-10-25 17:35:00+00:00,288,9,2048
2048,1759,506592,508639,2022-10-17 14:45:00+00:00,2022-10-26 17:35:00+00:00,288,9,2048
2048,1760,506880,508927,2022-10-18 14:55:00+00:00,2022-10-27 17:35:00+00:00,288,9,2048
2048,1761,507168,509215,2022-10-19 14:55:00+00:00,2022-10-28 17:35:00+00:00,288,9,2048
2048,1762,507456,509503,2022-10-20 14:55:00+00:00,2022-10-31 16:40:00+00:00,288,9,2048
2048,1763,507744,509791,2022-10-21 14:55:00+00:00,2022-11-01 16:40:00+00:00,288,9,2048
2048,1764,508032,510079,2022-10-24 15:00:00+00:00,2022-11-02 16:40:00+00:00,288,9,2048
2048,1765,508320,510367,2022-10-25 15:00:00+00:00,2022-11-03 16:50:00+00:00,288,9,2048
2048,1766,508608,510655,2022-10-26 15:00:00+00:00,2022-11-04 16:50:00+00:00,288,9,2048
2048,1767,508896,510943,2022-10-27 15:00:00+00:00,2022-11-07 17:55:00+00:00,288,9,2048
2048,1768,509184,511231,2022-10-28 15:00:00+00:00,2022-11-08 17:55:00+00:00,288,9,2048
2048,1769,509472,511519,2022-10-31 14:05:00+00:00,2022-11-09 17:55:00+00:00,288,9,2048
2048,1770,509760,511807,2022-11-01 14:05:00+00:00,2022-11-10 17:55:00+00:00,288,9,2048
2048,1771,510048,512095,2022-11-02 14:05:00+00:00,2022-11-11 17:55:00+00:00,288,9,2048
2048,1772,510336,512383,2022-11-03 14:15:00+00:00,2022-11-14 18:00:00+00:00,288,9,2048
2048,1773,510624,512671,2022-11-04 14:15:00+00:00,2022-11-15 18:00:00+00:00,288,9,2048
2048,1774,510912,512959,2022-11-07 15:20:00+00:00,2022-11-16 18:00:00+00:00,288,9,2048
2048,1775,511200,513247,2022-11-08 15:20:00+00:00,2022-11-17 18:00:00+00:00,288,9,2048
2048,1776,511488,513535,2022-11-09 15:20:00+00:00,2022-11-18 18:00:00+00:00,288,9,2048
2048,1777,511776,513823,2022-11-10 15:20:00+00:00,2022-11-21 18:05:00+00:00,288,9,2048
2048,1778,512064,514111,2022-11-11 15:20:00+00:00,2022-11-22 18:05:00+00:00,288,9,2048
2048,1779,512352,514399,2022-11-14 15:25:00+00:00,2022-11-23 18:05:00+00:00,288,9,2048
2048,1780,512640,514687,2022-11-15 15:25:00+00:00,2022-11-24 18:05:00+00:00,288,9,2048
2048,1781,512928,514975,2022-11-16 15:25:00+00:00,2022-11-25 18:05:00+00:00,288,9,2048
2048,1782,513216,515263,2022-11-17 15:25:00+00:00,2022-11-28 18:10:00+00:00,288,9,2048
2048,1783,513504,515551,2022-11-18 15:25:00+00:00,2022-11-29 18:10:00+00:00,288,9,2048
2048,1784,513792,515839,2022-11-21 15:30:00+00:00,2022-11-30 18:10:00+00:00,288,9,2048
2048,1785,514080,516127,2022-11-22 15:30:00+00:00,2022-12-01 18:10:00+00:00,288,9,2048
2048,1786,514368,516415,2022-11-23 15:30:00+00:00,2022-12-02 18:10:00+00:00,288,9,2048
2048,1787,514656,516703,2022-11-24 15:30:00+00:00,2022-12-05 18:15:00+00:00,288,9,2048
2048,1788,514944,516991,2022-11-25 15:30:00+00:00,2022-12-06 18:15:00+00:00,288,9,2048
2048,1789,515232,517279,2022-11-28 15:35:00+00:00,2022-12-07 18:15:00+00:00,288,9,2048
2048,1790,515520,517567,2022-11-29 15:35:00+00:00,2022-12-08 18:15:00+00:00,288,9,2048
2048,1791,515808,517855,2022-11-30 15:35:00+00:00,2022-12-09 18:15:00+00:00,288,9,2048
2048,1792,516096,518143,2022-12-01 15:35:00+00:00,2022-12-12 18:20:00+00:00,288,9,2048
2048,1793,516384,518431,2022-12-02 15:35:00+00:00,2022-12-13 18:20:00+00:00,288,9,2048
2048,1794,516672,518719,2022-12-05 15:40:00+00:00,2022-12-14 18:20:00+00:00,288,9,2048
2048,1795,516960,519007,2022-12-06 15:40:00+00:00,2022-12-15 18:20:00+00:00,288,9,2048
2048,1796,517248,519295,2022-12-07 15:40:00+00:00,2022-12-16 18:20:00+00:00,288,9,2048
2048,1797,517536,519583,2022-12-08 15:40:00+00:00,2022-12-19 18:25:00+00:00,288,9,2048
2048,1798,517824,519871,2022-12-09 15:40:00+00:00,2022-12-20 18:25:00+00:00,288,9,2048
2048,1799,518112,520159,2022-12-12 15:45:00+00:00,2022-12-21 18:25:00+00:00,288,9,2048
2048,1800,518400,520447,2022-12-13 15:45:00+00:00,2022-12-22 18:25:00+00:00,288,9,2048
2048,1801,518688,520735,2022-12-14 15:45:00+00:00,2022-12-23 18:25:00+00:00,288,9,2048
2048,1802,518976,521023,2022-12-15 15:45:00+00:00,2022-12-26 18:45:00+00:00,288,9,2048
2048,1803,519264,521311,2022-12-16 15:45:00+00:00,2022-12-27 18:55:00+00:00,288,9,2048
2048,1804,519552,521599,2022-12-19 15:50:00+00:00,2022-12-28 18:55:00+00:00,288,9,2048
2048,1805,519840,521887,2022-12-20 15:50:00+00:00,2022-12-29 18:55:00+00:00,288,9,2048
2048,1806,520128,522175,2022-12-21 15:50:00+00:00,2022-12-30 18:55:00+00:00,288,9,2048
2048,1807,520416,522463,2022-12-22 15:50:00+00:00,2023-01-02 19:25:00+00:00,288,9,2048
2048,1808,520704,522751,2022-12-23 15:50:00+00:00,2023-01-03 19:25:00+00:00,288,9,2048
2048,1809,520992,523039,2022-12-26 16:10:00+00:00,2023-01-04 19:25:00+00:00,288,9,2048
2048,1810,521280,523327,2022-12-27 16:20:00+00:00,2023-01-05 19:25:00+00:00,288,9,2048
2048,1811,521568,523615,2022-12-28 16:20:00+00:00,2023-01-06 19:25:00+00:00,288,9,2048
2048,1812,521856,523903,2022-12-29 16:20:00+00:00,2023-01-09 19:30:00+00:00,288,9,2048
2048,1813,522144,524191,2022-12-30 16:20:00+00:00,2023-01-10 19:30:00+00:00,288,9,2048
2048,1814,522432,524479,2023-01-02 16:50:00+00:00,2023-01-11 19:30:00+00:00,288,9,2048
2048,1815,522720,524767,2023-01-03 16:50:00+00:00,2023-01-12 19:30:00+00:00,288,9,2048
2048,1816,523008,525055,2023-01-04 16:50:00+00:00,2023-01-13 19:30:00+00:00,288,9,2048
2048,1817,523296,525343,2023-01-05 16:50:00+00:00,2023-01-16 19:35:00+00:00,288,9,2048
2048,1818,523584,525631,2023-01-06 16:50:00+00:00,2023-01-17 19:35:00+00:00,288,9,2048
2048,1819,523872,525919,2023-01-09 16:55:00+00:00,2023-01-18 19:35:00+00:00,288,9,2048
2048,1820,524160,526207,2023-01-10 16:55:00+00:00,2023-01-19 19:35:00+00:00,288,9,2048
2048,1821,524448,526495,2023-01-11 16:55:00+00:00,2023-01-20 19:35:00+00:00,288,9,2048
2048,1822,524736,526783,2023-01-12 16:55:00+00:00,2023-01-23 19:40:00+00:00,288,9,2048
2048,1823,525024,527071,2023-01-13 16:55:00+00:00,2023-01-24 19:40:00+00:00,288,9,2048
2048,1824,525312,527359,2023-01-16 17:00:00+00:00,2023-01-25 19:40:00+00:00,288,9,2048
2048,1825,525600,527647,2023-01-17 17:00:00+00:00,2023-01-26 19:50:00+00:00,288,9,2048
2048,1826,525888,527935,2023-01-18 17:00:00+00:00,2023-01-27 20:55:00+00:00,288,9,2048
2048,1827,526176,528223,2023-01-19 17:00:00+00:00,2023-01-30 21:00:00+00:00,288,9,2048
2048,1828,526464,528511,2023-01-20 17:00:00+00:00,2023-01-31 21:00:00+00:00,288,9,2048
2048,1829,526752,528799,2023-01-23 17:05:00+00:00,2023-02-01 21:00:00+00:00,288,9,2048
2048,1830,527040,529087,2023-01-24 17:05:00+00:00,2023-02-02 21:00:00+00:00,288,9,2048
2048,1831,527328,529375,2023-01-25 17:05:00+00:00,2023-02-03 21:25:00+00:00,288,9,2048
2048,1832,527616,529663,2023-01-26 17:15:00+00:00,2023-02-06 21:30:00+00:00,288,9,2048
2048,1833,527904,529951,2023-01-27 18:20:00+00:00,2023-02-07 21:30:00+00:00,288,9,2048
2048,1834,528192,530239,2023-01-30 18:25:00+00:00,2023-02-08 21:30:00+00:00,288,9,2048
2048,1835,528480,530527,2023-01-31 18:25:00+00:00,2023-02-09 21:30:00+00:00,288,9,2048
2048,1836,528768,530815,2023-02-01 18:25:00+00:00,2023-02-10 21:30:00+00:00,288,9,2048
2048,1837,529056,531103,2023-02-02 18:25:00+00:00,2023-02-13 21:35:00+00:00,288,9,2048
2048,1838,529344,531391,2023-02-03 18:50:00+00:00,2023-02-14 21:35:00+00:00,288,9,2048
2048,1839,529632,531679,2023-02-06 18:55:00+00:00,2023-02-15 21:35:00+00:00,288,9,2048
2048,1840,529920,531967,2023-02-07 18:55:00+00:00,2023-02-16 21:35:00+00:00,288,9,2048
2048,1841,530208,532255,2023-02-08 18:55:00+00:00,2023-02-17 21:35:00+00:00,288,9,2048
2048,1842,530496,532543,2023-02-09 18:55:00+00:00,2023-02-21 06:20:00+00:00,288,9,2048
2048,1843,530784,532831,2023-02-10 18:55:00+00:00,2023-02-22 18:10:00+00:00,288,9,2048
2048,1844,531072,533119,2023-02-13 19:00:00+00:00,2023-02-24 05:00:00+00:00,288,9,2048
2048,1845,531360,533407,2023-02-14 19:00:00+00:00,2023-02-27 14:45:00+00:00,288,9,2048
2048,1846,531648,533695,2023-02-15 19:00:00+00:00,2023-03-01 03:45:00+00:00,288,9,2048
2048,1847,531936,533983,2023-02-16 19:00:00+00:00,2023-03-02 13:25:00+00:00,288,9,2048
2048,1848,532224,534271,2023-02-17 19:00:00+00:00,2023-03-06 02:15:00+00:00,288,9,2048
2048,1849,532512,534559,2023-02-21 03:45:00+00:00,2023-03-07 09:45:00+00:00,288,9,2048
2048,1850,532800,534847,2023-02-22 11:20:00+00:00,2023-03-09 00:45:00+00:00,288,9,2048
2048,1851,533088,535135,2023-02-24 02:25:00+00:00,2023-03-10 08:30:00+00:00,288,9,2048
2048,1852,533376,535423,2023-02-27 10:00:00+00:00,2023-03-13 23:25:00+00:00,288,9,2048
2048,1853,533664,535711,2023-03-01 01:10:00+00:00,2023-03-15 06:50:00+00:00,288,9,2048
2048,1854,533952,535999,2023-03-02 08:45:00+00:00,2023-03-16 20:05:00+00:00,288,9,2048
2048,1855,534240,536287,2023-03-05 23:40:00+00:00,2023-03-20 05:50:00+00:00,288,9,2048
2048,1856,534528,536575,2023-03-07 07:10:00+00:00,2023-03-21 16:40:00+00:00,288,9,2048
2048,1857,534816,536863,2023-03-08 21:05:00+00:00,2023-03-23 04:35:00+00:00,288,9,2048
2048,1858,535104,537151,2023-03-10 05:55:00+00:00,2023-03-24 15:10:00+00:00,288,9,2048
2048,1859,535392,537439,2023-03-13 16:40:00+00:00,2023-03-28 03:55:00+00:00,288,9,2048
2048,1860,535680,537727,2023-03-15 04:15:00+00:00,2023-03-29 12:35:00+00:00,288,9,2048
2048,1861,535968,538015,2023-03-16 14:20:00+00:00,2023-03-31 02:40:00+00:00,288,9,2048
2048,1862,536256,538303,2023-03-20 03:15:00+00:00,2023-04-03 09:15:00+00:00,288,9,2048
2048,1863,536544,538591,2023-03-21 10:50:00+00:00,2023-04-04 21:50:00+00:00,288,9,2048
2048,1864,536832,538879,2023-03-23 02:00:00+00:00,2023-04-06 06:25:00+00:00,288,9,2048
2048,1865,537120,539167,2023-03-24 09:25:00+00:00,2023-04-10 04:50:00+00:00,288,9,2048
2048,1866,537408,539455,2023-03-28 01:20:00+00:00,2023-04-11 13:20:00+00:00,288,9,2048
2048,1867,537696,539743,2023-03-29 08:55:00+00:00,2023-04-13 03:15:00+00:00,288,9,2048
2048,1868,537984,540031,2023-03-31 00:05:00+00:00,2023-04-14 10:50:00+00:00,288,9,2048
2048,1869,538272,540319,2023-04-03 06:40:00+00:00,2023-04-18 01:55:00+00:00,288,9,2048
2048,1870,538560,540607,2023-04-04 17:05:00+00:00,2023-04-19 09:30:00+00:00,288,9,2048
2048,1871,538848,540895,2023-04-06 03:50:00+00:00,2023-04-21 00:15:00+00:00,288,9,2048
2048,1872,539136,541183,2023-04-10 02:15:00+00:00,2023-04-24 07:45:00+00:00,288,9,2048
2048,1873,539424,541471,2023-04-11 09:40:00+00:00,2023-04-25 20:45:00+00:00,288,9,2048
2048,1874,539712,541759,2023-04-12 23:35:00+00:00,2023-04-27 06:30:00+00:00,288,9,2048
2048,1875,540000,542047,2023-04-14 08:15:00+00:00,2023-04-28 18:20:00+00:00,288,9,2048
2048,1876,540288,542335,2023-04-17 22:15:00+00:00,2023-05-02 06:20:00+00:00,288,9,2048
2048,1877,540576,542623,2023-04-19 06:55:00+00:00,2023-05-03 17:10:00+00:00,288,9,2048
2048,1878,540864,542911,2023-04-20 18:30:00+00:00,2023-05-05 05:05:00+00:00,288,9,2048
2048,1879,541152,543199,2023-04-24 05:10:00+00:00,2023-05-08 13:45:00+00:00,288,9,2048
2048,1880,541440,543487,2023-04-25 14:55:00+00:00,2023-05-10 03:50:00+00:00,288,9,2048
2048,1881,541728,543775,2023-04-27 03:55:00+00:00,2023-05-11 12:25:00+00:00,288,9,2048
2048,1882,542016,544063,2023-04-28 12:30:00+00:00,2023-05-15 01:10:00+00:00,288,9,2048
2048,1883,542304,544351,2023-05-02 03:45:00+00:00,2023-05-16 07:30:00+00:00,288,9,2048
2048,1884,542592,544639,2023-05-03 11:20:00+00:00,2023-05-17 20:45:00+00:00,288,9,2048
2048,1885,542880,544927,2023-05-05 02:30:00+00:00,2023-05-19 06:25:00+00:00,288,9,2048
2048,1886,543168,545215,2023-05-08 10:05:00+00:00,2023-05-22 18:20:00+00:00,288,9,2048
2048,1887,543456,545503,2023-05-10 01:15:00+00:00,2023-05-24 05:05:00+00:00,288,9,2048
2048,1888,543744,545791,2023-05-11 08:45:00+00:00,2023-05-25 14:50:00+00:00,288,9,2048
2048,1889,544032,546079,2023-05-12 21:25:00+00:00,2023-05-29 04:30:00+00:00,288,9,2048
2048,1890,544320,546367,2023-05-16 04:55:00+00:00,2023-05-30 13:05:00+00:00,288,9,2048
2048,1891,544608,546655,2023-05-17 14:55:00+00:00,2023-06-01 03:15:00+00:00,288,9,2048
2048,1892,544896,546943,2023-05-19 03:50:00+00:00,2023-06-02 10:50:00+00:00,288,9,2048
2048,1893,545184,547231,2023-05-22 12:30:00+00:00,2023-06-05 23:45:00+00:00,288,9,2048
2048,1894,545472,547519,2023-05-24 02:30:00+00:00,2023-06-07 08:20:00+00:00,288,9,2048
2048,1895,545760,547807,2023-05-25 10:05:00+00:00,2023-06-08 22:15:00+00:00,288,9,2048
2048,1896,546048,548095,2023-05-29 01:55:00+00:00,2023-06-12 07:50:00+00:00,288,9,2048
2048,1897,546336,548383,2023-05-30 09:25:00+00:00,2023-06-13 19:45:00+00:00,288,9,2048
2048,1898,546624,548671,2023-06-01 00:40:00+00:00,2023-06-15 06:35:00+00:00,288,9,2048
2048,1899,546912,548959,2023-06-02 08:15:00+00:00,2023-06-16 17:20:00+00:00,288,9,2048
2048,1900,547200,549247,2023-06-05 20:05:00+00:00,2023-06-20 06:20:00+00:00,288,9,2048
2048,1901,547488,549535,2023-06-07 05:45:00+00:00,2023-06-21 19:20:00+00:00,288,9,2048
2048,1902,547776,549823,2023-06-08 16:25:00+00:00,2023-06-23 06:05:00+00:00,288,9,2048
2048,1903,548064,550111,2023-06-12 05:15:00+00:00,2023-06-26 16:50:00+00:00,288,9,2048
2048,1904,548352,550399,2023-06-13 13:55:00+00:00,2023-06-28 04:30:00+00:00,288,9,2048
2048,1905,548640,550687,2023-06-15 04:00:00+00:00,2023-06-29 15:20:00+00:00,288,9,2048
2048,1906,548928,550975,2023-06-16 12:35:00+00:00,2023-07-03 04:15:00+00:00,288,9,2048
2048,1907,549216,551263,2023-06-20 03:45:00+00:00,2023-07-04 11:40:00+00:00,288,9,2048
2048,1908,549504,551551,2023-06-21 13:30:00+00:00,2023-07-06 02:35:00+00:00,288,9,2048
2048,1909,549792,551839,2023-06-23 03:30:00+00:00,2023-07-07 10:10:00+00:00,288,9,2048
2048,1910,550080,552127,2023-06-26 12:05:00+00:00,2023-07-11 01:10:00+00:00,288,9,2048
2048,1911,550368,552415,2023-06-28 01:55:00+00:00,2023-07-12 08:35:00+00:00,288,9,2048
2048,1912,550656,552703,2023-06-29 10:35:00+00:00,2023-07-13 21:25:00+00:00,288,9,2048
2048,1913,550944,552991,2023-07-03 01:40:00+00:00,2023-07-17 08:10:00+00:00,288,9,2048
2048,1914,551232,553279,2023-07-04 09:05:00+00:00,2023-07-18 19:55:00+00:00,288,9,2048
2048,1915,551520,553567,2023-07-05 22:55:00+00:00,2023-07-20 06:40:00+00:00,288,9,2048
2048,1916,551808,553855,2023-07-07 07:35:00+00:00,2023-07-21 18:25:00+00:00,288,9,2048
2048,1917,552096,554143,2023-07-10 19:20:00+00:00,2023-07-25 05:15:00+00:00,288,9,2048
2048,1918,552384,554431,2023-07-12 06:00:00+00:00,2023-07-26 13:50:00+00:00,288,9,2048
2048,1919,552672,554719,2023-07-13 15:40:00+00:00,2023-07-28 03:55:00+00:00,288,9,2048
2048,1920,552960,555007,2023-07-17 05:35:00+00:00,2023-07-31 09:25:00+00:00,288,9,2048
2048,1921,553248,555295,2023-07-18 15:10:00+00:00,2023-08-01 09:25:00+00:00,288,9,2048
2048,1922,553536,555583,2023-07-20 04:05:00+00:00,2023-08-02 09:25:00+00:00,288,9,2048
2048,1923,553824,555871,2023-07-21 11:40:00+00:00,2023-08-03 09:25:00+00:00,288,9,2048
2048,1924,554112,556159,2023-07-25 02:40:00+00:00,2023-08-04 09:25:00+00:00,288,9,2048
2048,1925,554400,556447,2023-07-26 10:10:00+00:00,2023-08-07 09:30:00+00:00,288,9,2048
2048,1926,554688,556735,2023-07-28 01:20:00+00:00,2023-08-08 09:30:00+00:00,288,9,2048
2048,1927,554976,557023,2023-07-31 06:50:00+00:00,2023-08-09 09:30:00+00:00,288,9,2048
2048,1928,555264,557311,2023-08-01 06:50:00+00:00,2023-08-10 09:30:00+00:00,288,9,2048
2048,1929,555552,557599,2023-08-02 06:50:00+00:00,2023-08-11 09:30:00+00:00,288,9,2048
2048,1930,555840,557887,2023-08-03 06:50:00+00:00,2023-08-14 09:45:00+00:00,288,9,2048
2048,1931,556128,558175,2023-08-04 06:50:00+00:00,2023-08-15 09:45:00+00:00,288,9,2048
2048,1932,556416,558463,2023-08-07 06:55:00+00:00,2023-08-16 09:45:00+00:00,288,9,2048
2048,1933,556704,558751,2023-08-08 06:55:00+00:00,2023-08-17 09:45:00+00:00,288,9,2048
2048,1934,556992,559039,2023-08-09 06:55:00+00:00,2023-08-18 09:45:00+00:00,288,9,2048
2048,1935,557280,559327,2023-08-10 06:55:00+00:00,2023-08-21 09:50:00+00:00,288,9,2048
2048,1936,557568,559615,2023-08-11 06:55:00+00:00,2023-08-22 09:50:00+00:00,288,9,2048
2048,1937,557856,559903,2023-08-14 07:10:00+00:00,2023-08-23 09:50:00+00:00,288,9,2048
2048,1938,558144,560191,2023-08-15 07:10:00+00:00,2023-08-24 09:50:00+00:00,288,9,2048
2048,1939,558432,560479,2023-08-16 07:10:00+00:00,2023-08-25 09:50:00+00:00,288,9,2048
2048,1940,558720,560767,2023-08-17 07:10:00+00:00,2023-08-28 09:55:00+00:00,288,9,2048
2048,1941,559008,561055,2023-08-18 07:10:00+00:00,2023-08-29 09:55:00+00:00,288,9,2048
2048,1942,559296,561343,2023-08-21 07:15:00+00:00,2023-08-30 09:55:00+00:00,288,9,2048
2048,1943,559584,561631,2023-08-22 07:15:00+00:00,2023-08-31 09:55:00+00:00,288,9,2048
2048,1944,559872,561919,2023-08-23 07:15:00+00:00,2023-09-01 09:55:00+00:00,288,9,2048
2048,1945,560160,562207,2023-08-24 07:15:00+00:00,2023-09-04 10:00:00+00:00,288,9,2048
2048,1946,560448,562495,2023-08-25 07:15:00+00:00,2023-09-05 10:00:00+00:00,288,9,2048
2048,1947,560736,562783,2023-08-28 07:20:00+00:00,2023-09-06 10:00:00+00:00,288,9,2048
2048,1948,561024,563071,2023-08-29 07:20:00+00:00,2023-09-07 10:00:00+00:00,288,9,2048
2048,1949,561312,563359,2023-08-30 07:20:00+00:00,2023-09-08 10:00:00+00:00,288,9,2048
2048,1950,561600,563647,2023-08-31 07:20:00+00:00,2023-09-11 10:05:00+00:00,288,9,2048
2048,1951,561888,563935,2023-09-01 07:20:00+00:00,2023-09-12 10:05:00+00:00,288,9,2048
2048,1952,562176,564223,2023-09-04 07:25:00+00:00,2023-09-13 10:05:00+00:00,288,9,2048
2048,1953,562464,564511,2023-09-05 07:25:00+00:00,2023-09-14 10:05:00+00:00,288,9,2048
2048,1954,562752,564799,2023-09-06 07:25:00+00:00,2023-09-15 10:30:00+00:00,288,9,2048
2048,1955,563040,565087,2023-09-07 07:25:00+00:00,2023-09-18 10:35:00+00:00,288,9,2048
2048,1956,563328,565375,2023-09-08 07:25:00+00:00,2023-09-19 10:35:00+00:00,288,9,2048
2048,1957,563616,565663,2023-09-11 07:30:00+00:00,2023-09-20 10:35:00+00:00,288,9,2048
2048,1958,563904,565951,2023-09-12 07:30:00+00:00,2023-09-21 10:45:00+00:00,288,9,2048
2048,1959,564192,566239,2023-09-13 07:30:00+00:00,2023-09-22 10:45:00+00:00,288,9,2048
2048,1960,564480,566527,2023-09-14 07:30:00+00:00,2023-09-25 10:50:00+00:00,288,9,2048
2048,1961,564768,566815,2023-09-15 07:55:00+00:00,2023-09-26 11:45:00+00:00,288,9,2048
2048,1962,565056,567103,2023-09-18 08:00:00+00:00,2023-09-27 11:45:00+00:00,288,9,2048
2048,1963,565344,567391,2023-09-19 08:00:00+00:00,2023-09-28 11:45:00+00:00,288,9,2048
2048,1964,565632,567679,2023-09-20 08:00:00+00:00,2023-09-29 11:45:00+00:00,288,9,2048
2048,1965,565920,567967,2023-09-21 08:10:00+00:00,2023-10-02 11:50:00+00:00,288,9,2048
2048,1966,566208,568255,2023-09-22 08:10:00+00:00,2023-10-03 11:50:00+00:00,288,9,2048
2048,1967,566496,568543,2023-09-25 08:15:00+00:00,2023-10-04 11:50:00+00:00,288,9,2048
2048,1968,566784,568831,2023-09-26 09:10:00+00:00,2023-10-05 11:50:00+00:00,288,9,2048
2048,1969,567072,569119,2023-09-27 09:10:00+00:00,2023-10-06 11:50:00+00:00,288,9,2048
2048,1970,567360,569407,2023-09-28 09:10:00+00:00,2023-10-09 11:55:00+00:00,288,9,2048
2048,1971,567648,569695,2023-09-29 09:10:00+00:00,2023-10-10 11:55:00+00:00,288,9,2048
2048,1972,567936,569983,2023-10-02 09:15:00+00:00,2023-10-11 11:55:00+00:00,288,9,2048
2048,1973,568224,570271,2023-10-03 09:15:00+00:00,2023-10-12 11:55:00+00:00,288,9,2048
2048,1974,568512,570559,2023-10-04 09:15:00+00:00,2023-10-13 11:55:00+00:00,288,9,2048
2048,1975,568800,570847,2023-10-05 09:15:00+00:00,2023-10-16 12:00:00+00:00,288,9,2048
2048,1976,569088,571135,2023-10-06 09:15:00+00:00,2023-10-17 12:00:00+00:00,288,9,2048
2048,1977,569376,571423,2023-10-09 09:20:00+00:00,2023-10-18 12:00:00+00:00,288,9,2048
2048,1978,569664,571711,2023-10-10 09:20:00+00:00,2023-10-19 12:00:00+00:00,288,9,2048
2048,1979,569952,571999,2023-10-11 09:20:00+00:00,2023-10-20 12:00:00+00:00,288,9,2048
2048,1980,570240,572287,2023-10-12 09:20:00+00:00,2023-10-23 12:05:00+00:00,288,9,2048
2048,1981,570528,572575,2023-10-13 09:20:00+00:00,2023-10-24 12:05:00+00:00,288,9,2048
2048,1982,570816,572863,2023-10-16 09:25:00+00:00,2023-10-25 12:05:00+00:00,288,9,2048
2048,1983,571104,573151,2023-10-17 09:25:00+00:00,2023-10-26 12:05:00+00:00,288,9,2048
2048,1984,571392,573439,2023-10-18 09:25:00+00:00,2023-10-27 12:05:00+00:00,288,9,2048
2048,1985,571680,573727,2023-10-19 09:25:00+00:00,2023-10-30 11:10:00+00:00,288,9,2048
2048,1986,571968,574015,2023-10-20 09:25:00+00:00,2023-10-31 11:10:00+00:00,288,9,2048
2048,1987,572256,574303,2023-10-23 09:30:00+00:00,2023-11-01 11:10:00+00:00,288,9,2048
2048,1988,572544,574591,2023-10-24 09:30:00+00:00,2023-11-02 11:10:00+00:00,288,9,2048
2048,1989,572832,574879,2023-10-25 09:30:00+00:00,2023-11-03 11:10:00+00:00,288,9,2048
2048,1990,573120,575167,2023-10-26 09:30:00+00:00,2023-11-06 12:15:00+00:00,288,9,2048
2048,1991,573408,575455,2023-10-27 09:30:00+00:00,2023-11-07 12:15:00+00:00,288,9,2048
2048,1992,573696,575743,2023-10-30 08:35:00+00:00,2023-11-08 12:15:00+00:00,288,9,2048
2048,1993,573984,576031,2023-10-31 08:35:00+00:00,2023-11-09 12:15:00+00:00,288,9,2048
2048,1994,574272,576319,2023-11-01 08:35:00+00:00,2023-11-10 12:15:00+00:00,288,9,2048
2048,1995,574560,576607,2023-11-02 08:35:00+00:00,2023-11-13 12:20:00+00:00,288,9,2048
2048,1996,574848,576895,2023-11-03 08:35:00+00:00,2023-11-14 12:20:00+00:00,288,9,2048
2048,1997,575136,577183,2023-11-06 09:40:00+00:00,2023-11-15 12:20:00+00:00,288,9,2048
2048,1998,575424,577471,2023-11-07 09:40:00+00:00,2023-11-16 12:20:00+00:00,288,9,2048
2048,1999,575712,577759,2023-11-08 09:40:00+00:00,2023-11-17 12:20:00+00:00,288,9,2048
2048,2000,576000,578047,2023-11-09 09:40:00+00:00,2023-11-20 12:25:00+00:00,288,9,2048
2048,2001,576288,578335,2023-11-10 09:40:00+00:00,2023-11-21 12:25:00+00:00,288,9,2048
2048,2002,576576,578623,2023-11-13 09:45:00+00:00,2023-11-22 12:25:00+00:00,288,9,2048
2048,2003,576864,578911,2023-11-14 09:45:00+00:00,2023-11-23 12:25:00+00:00,288,9,2048
2048,2004,577152,579199,2023-11-15 09:45:00+00:00,2023-11-24 12:25:00+00:00,288,9,2048
2048,2005,577440,579487,2023-11-16 09:45:00+00:00,2023-11-27 12:30:00+00:00,288,9,2048
2048,2006,577728,579775,2023-11-17 09:45:00+00:00,2023-11-28 12:30:00+00:00,288,9,2048
2048,2007,578016,580063,2023-11-20 09:50:00+00:00,2023-11-29 12:30:00+00:00,288,9,2048
2048,2008,578304,580351,2023-11-21 09:50:00+00:00,2023-11-30 12:30:00+00:00,288,9,2048
2048,2009,578592,580639,2023-11-22 09:50:00+00:00,2023-12-01 12:30:00+00:00,288,9,2048
2048,2010,578880,580927,2023-11-23 09:50:00+00:00,2023-12-04 12:35:00+00:00,288,9,2048
2048,2011,579168,581215,2023-11-24 09:50:00+00:00,2023-12-05 12:35:00+00:00,288,9,2048
2048,2012,579456,581503,2023-11-27 09:55:00+00:00,2023-12-06 12:35:00+00:00,288,9,2048
2048,2013,579744,581791,2023-11-28 09:55:00+00:00,2023-12-07 12:35:00+00:00,288,9,2048
2048,2014,580032,582079,2023-11-29 09:55:00+00:00,2023-12-08 12:35:00+00:00,288,9,2048
2048,2015,580320,582367,2023-11-30 09:55:00+00:00,2023-12-11 12:40:00+00:00,288,9,2048
2048,2016,580608,582655,2023-12-01 09:55:00+00:00,2023-12-12 12:40:00+00:00,288,9,2048
2048,2017,580896,582943,2023-12-04 10:00:00+00:00,2023-12-13 12:40:00+00:00,288,9,2048
2048,2018,581184,583231,2023-12-05 10:00:00+00:00,2023-12-14 12:40:00+00:00,288,9,2048
2048,2019,581472,583519,2023-12-06 10:00:00+00:00,2023-12-15 12:40:00+00:00,288,9,2048
2048,2020,581760,583807,2023-12-07 10:00:00+00:00,2023-12-18 12:45:00+00:00,288,9,2048
2048,2021,582048,584095,2023-12-08 10:00:00+00:00,2023-12-19 12:45:00+00:00,288,9,2048
2048,2022,582336,584383,2023-12-11 10:05:00+00:00,2023-12-20 12:45:00+00:00,288,9,2048
2048,2023,582624,584671,2023-12-12 10:05:00+00:00,2023-12-21 12:45:00+00:00,288,9,2048
2048,2024,582912,584959,2023-12-13 10:05:00+00:00,2023-12-22 12:45:00+00:00,288,9,2048
2048,2025,583200,585247,2023-12-14 10:05:00+00:00,2023-12-26 05:30:00+00:00,288,9,2048
2048,2026,583488,585535,2023-12-15 10:05:00+00:00,2023-12-27 05:30:00+00:00,288,9,2048
2048,2027,583776,585823,2023-12-18 10:10:00+00:00,2023-12-28 05:30:00+00:00,288,9,2048
2048,2028,584064,586111,2023-12-19 10:10:00+00:00,2023-12-29 05:30:00+00:00,288,9,2048
2048,2029,584352,586399,2023-12-20 10:10:00+00:00,2024-01-02 05:35:00+00:00,288,9,2048
2048,2030,584640,586687,2023-12-21 10:10:00+00:00,2024-01-03 05:35:00+00:00,288,9,2048
2048,2031,584928,586975,2023-12-22 10:10:00+00:00,2024-01-04 05:35:00+00:00,288,9,2048
2048,2032,585216,587263,2023-12-26 02:55:00+00:00,2024-01-05 05:35:00+00:00,288,9,2048
2048,2033,585504,587551,2023-12-27 02:55:00+00:00,2024-01-08 05:40:00+00:00,288,9,2048
2048,2034,585792,587839,2023-12-28 02:55:00+00:00,2024-01-09 05:40:00+00:00,288,9,2048
2048,2035,586080,588127,2023-12-29 02:55:00+00:00,2024-01-10 05:40:00+00:00,288,9,2048
2048,2036,586368,588415,2024-01-02 03:00:00+00:00,2024-01-11 05:40:00+00:00,288,9,2048
2048,2037,586656,588703,2024-01-03 03:00:00+00:00,2024-01-12 05:40:00+00:00,288,9,2048
2048,2038,586944,588991,2024-01-04 03:00:00+00:00,2024-01-15 05:45:00+00:00,288,9,2048
2048,2039,587232,589279,2024-01-05 03:00:00+00:00,2024-01-16 06:50:00+00:00,288,9,2048
2048,2040,587520,589567,2024-01-08 03:05:00+00:00,2024-01-17 11:00:00+00:00,288,9,2048
2048,2041,587808,589855,2024-01-09 03:05:00+00:00,2024-01-18 11:00:00+00:00,288,9,2048
2048,2042,588096,590143,2024-01-10 03:05:00+00:00,2024-01-19 11:00:00+00:00,288,9,2048
2048,2043,588384,590431,2024-01-11 03:05:00+00:00,2024-01-22 11:05:00+00:00,288,9,2048
2048,2044,588672,590719,2024-01-12 03:05:00+00:00,2024-01-23 11:05:00+00:00,288,9,2048
2048,2045,588960,591007,2024-01-15 03:10:00+00:00,2024-01-24 11:05:00+00:00,288,9,2048
2048,2046,589248,591295,2024-01-16 04:15:00+00:00,2024-01-25 11:05:00+00:00,288,9,2048
2048,2047,589536,591583,2024-01-17 08:25:00+00:00,2024-01-26 11:05:00+00:00,288,9,2048
2048,2048,589824,591871,2024-01-18 08:25:00+00:00,2024-01-29 11:10:00+00:00,288,9,2048
2048,2049,590112,592159,2024-01-19 08:25:00+00:00,2024-01-30 11:10:00+00:00,288,9,2048
2048,2050,590400,592447,2024-01-22 08:30:00+00:00,2024-01-31 11:10:00+00:00,288,9,2048
2048,2051,590688,592735,2024-01-23 08:30:00+00:00,2024-02-01 11:10:00+00:00,288,9,2048
2048,2052,590976,593023,2024-01-24 08:30:00+00:00,2024-02-02 11:10:00+00:00,288,9,2048
2048,2053,591264,593311,2024-01-25 08:30:00+00:00,2024-02-05 11:15:00+00:00,288,9,2048
2048,2054,591552,593599,2024-01-26 08:30:00+00:00,2024-02-06 11:15:00+00:00,288,9,2048
2048,2055,591840,593887,2024-01-29 08:35:00+00:00,2024-02-07 11:15:00+00:00,288,9,2048
2048,2056,592128,594175,2024-01-30 08:35:00+00:00,2024-02-08 11:15:00+00:00,288,9,2048
2048,2057,592416,594463,2024-01-31 08:35:00+00:00,2024-02-09 11:15:00+00:00,288,9,2048
2048,2058,592704,594751,2024-02-01 08:35:00+00:00,2024-02-12 11:20:00+00:00,288,9,2048
2048,2059,592992,595039,2024-02-02 08:35:00+00:00,2024-02-13 11:20:00+00:00,288,9,2048
2048,2060,593280,595327,2024-02-05 08:40:00+00:00,2024-02-14 11:20:00+00:00,288,9,2048
2048,2061,593568,595615,2024-02-06 08:40:00+00:00,2024-02-15 11:20:00+00:00,288,9,2048
2048,2062,593856,595903,2024-02-07 08:40:00+00:00,2024-02-16 11:20:00+00:00,288,9,2048
2048,2063,594144,596191,2024-02-08 08:40:00+00:00,2024-02-19 11:25:00+00:00,288,9,2048
2048,2064,594432,596479,2024-02-09 08:40:00+00:00,2024-02-20 11:25:00+00:00,288,9,2048
2048,2065,594720,596767,2024-02-12 08:45:00+00:00,2024-02-21 11:25:00+00:00,288,9,2048
2048,2066,595008,597055,2024-02-13 08:45:00+00:00,2024-02-22 11:25:00+00:00,288,9,2048
2048,2067,595296,597343,2024-02-14 08:45:00+00:00,2024-02-23 11:25:00+00:00,288,9,2048
2048,2068,595584,597631,2024-02-15 08:45:00+00:00,2024-02-26 11:30:00+00:00,288,9,2048
2048,2069,595872,597919,2024-02-16 08:45:00+00:00,2024-02-27 11:30:00+00:00,288,9,2048
2048,2070,596160,598207,2024-02-19 08:50:00+00:00,2024-02-28 11:30:00+00:00,288,9,2048
2048,2071,596448,598495,2024-02-20 08:50:00+00:00,2024-02-29 11:30:00+00:00,288,9,2048
2048,2072,596736,598783,2024-02-21 08:50:00+00:00,2024-03-01 11:30:00+00:00,288,9,2048
2048,2073,597024,599071,2024-02-22 08:50:00+00:00,2024-03-04 11:35:00+00:00,288,9,2048
2048,2074,597312,599359,2024-02-23 08:50:00+00:00,2024-03-05 11:35:00+00:00,288,9,2048
2048,2075,597600,599647,2024-02-26 08:55:00+00:00,2024-03-06 11:35:00+00:00,288,9,2048
2048,2076,597888,599935,2024-02-27 08:55:00+00:00,2024-03-07 11:35:00+00:00,288,9,2048
2048,2077,598176,600223,2024-02-28 08:55:00+00:00,2024-03-08 11:35:00+00:00,288,9,2048
2048,2078,598464,600511,2024-02-29 08:55:00+00:00,2024-03-11 10:40:00+00:00,288,9,2048
2048,2079,598752,600799,2024-03-01 08:55:00+00:00,2024-03-12 10:40:00+00:00,288,9,2048
2048,2080,599040,601087,2024-03-04 09:00:00+00:00,2024-03-13 10:40:00+00:00,288,9,2048
2048,2081,599328,601375,2024-03-05 09:00:00+00:00,2024-03-14 10:40:00+00:00,288,9,2048
2048,2082,599616,601663,2024-03-06 09:00:00+00:00,2024-03-15 10:40:00+00:00,288,9,2048
2048,2083,599904,601951,2024-03-07 09:00:00+00:00,2024-03-18 10:45:00+00:00,288,9,2048
2048,2084,600192,602239,2024-03-08 09:00:00+00:00,2024-03-19 10:45:00+00:00,288,9,2048
2048,2085,600480,602527,2024-03-11 08:05:00+00:00,2024-03-20 10:45:00+00:00,288,9,2048
2048,2086,600768,602815,2024-03-12 08:05:00+00:00,2024-03-21 10:45:00+00:00,288,9,2048
2048,2087,601056,603103,2024-03-13 08:05:00+00:00,2024-03-22 10:45:00+00:00,288,9,2048
2048,2088,601344,603391,2024-03-14 08:05:00+00:00,2024-03-25 10:50:00+00:00,288,9,2048
2048,2089,601632,603679,2024-03-15 08:05:00+00:00,2024-03-26 10:50:00+00:00,288,9,2048
2048,2090,601920,603967,2024-03-18 08:10:00+00:00,2024-03-27 10:50:00+00:00,288,9,2048
2048,2091,602208,604255,2024-03-19 08:10:00+00:00,2024-03-28 10:50:00+00:00,288,9,2048
2048,2092,602496,604543,2024-03-20 08:10:00+00:00,2024-03-29 10:50:00+00:00,288,9,2048
2048,2093,602784,604831,2024-03-21 08:10:00+00:00,2024-04-01 13:00:00+00:00,288,9,2048
2048,2094,603072,605119,2024-03-22 08:10:00+00:00,2024-04-02 13:00:00+00:00,288,9,2048
2048,2095,603360,605407,2024-03-25 08:15:00+00:00,2024-04-03 13:00:00+00:00,288,9,2048
2048,2096,603648,605695,2024-03-26 08:15:00+00:00,2024-04-04 13:00:00+00:00,288,9,2048
2048,2097,603936,605983,2024-03-27 08:15:00+00:00,2024-04-05 13:00:00+00:00,288,9,2048
2048,2098,604224,606271,2024-03-28 08:15:00+00:00,2024-04-08 13:05:00+00:00,288,9,2048
2048,2099,604512,606559,2024-03-29 08:15:00+00:00,2024-04-09 13:05:00+00:00,288,9,2048
2048,2100,604800,606847,2024-04-01 10:25:00+00:00,2024-04-10 13:05:00+00:00,288,9,2048
2048,2101,605088,607135,2024-04-02 10:25:00+00:00,2024-04-11 13:05:00+00:00,288,9,2048
2048,2102,605376,607423,2024-04-03 10:25:00+00:00,2024-04-12 13:05:00+00:00,288,9,2048
2048,2103,605664,607711,2024-04-04 10:25:00+00:00,2024-04-15 13:10:00+00:00,288,9,2048
2048,2104,605952,607999,2024-04-05 10:25:00+00:00,2024-04-16 13:10:00+00:00,288,9,2048
2048,2105,606240,608287,2024-04-08 10:30:00+00:00,2024-04-17 13:10:00+00:00,288,9,2048
2048,2106,606528,608575,2024-04-09 10:30:00+00:00,2024-04-18 13:10:00+00:00,288,9,2048
2048,2107,606816,608863,2024-04-10 10:30:00+00:00,2024-04-19 13:10:00+00:00,288,9,2048
2048,2108,607104,609151,2024-04-11 10:30:00+00:00,2024-04-22 13:15:00+00:00,288,9,2048
2048,2109,607392,609439,2024-04-12 10:30:00+00:00,2024-04-23 13:15:00+00:00,288,9,2048
2048,2110,607680,609727,2024-04-15 10:35:00+00:00,2024-04-24 13:15:00+00:00,288,9,2048
2048,2111,607968,610015,2024-04-16 10:35:00+00:00,2024-04-25 13:15:00+00:00,288,9,2048
2048,2112,608256,610303,2024-04-17 10:35:00+00:00,2024-04-26 13:15:00+00:00,288,9,2048
2048,2113,608544,610591,2024-04-18 10:35:00+00:00,2024-04-29 13:30:00+00:00,288,9,2048
2048,2114,608832,610879,2024-04-19 10:35:00+00:00,2024-04-30 13:30:00+00:00,288,9,2048
2048,2115,609120,611167,2024-04-22 10:40:00+00:00,2024-05-01 13:30:00+00:00,288,9,2048
2048,2116,609408,611455,2024-04-23 10:40:00+00:00,2024-05-02 13:30:00+00:00,288,9,2048
2048,2117,609696,611743,2024-04-24 10:40:00+00:00,2024-05-03 13:30:00+00:00,288,9,2048
2048,2118,609984,612031,2024-04-25 10:40:00+00:00,2024-05-06 13:35:00+00:00,288,9,2048
2048,2119,610272,612319,2024-04-26 10:40:00+00:00,2024-05-07 13:35:00+00:00,288,9,2048
2048,2120,610560,612607,2024-04-29 10:55:00+00:00,2024-05-08 13:35:00+00:00,288,9,2048
2048,2121,610848,612895,2024-04-30 10:55:00+00:00,2024-05-09 13:35:00+00:00,288,9,2048
2048,2122,611136,613183,2024-05-01 10:55:00+00:00,2024-05-10 13:35:00+00:00,288,9,2048
2048,2123,611424,613471,2024-05-02 10:55:00+00:00,2024-05-13 13:50:00+00:00,288,9,2048
2048,2124,611712,613759,2024-05-03 10:55:00+00:00,2024-05-14 13:50:00+00:00,288,9,2048
2048,2125,612000,614047,2024-05-06 11:00:00+00:00,2024-05-15 13:50:00+00:00,288,9,2048
2048,2126,612288,614335,2024-05-07 11:00:00+00:00,2024-05-16 13:50:00+00:00,288,9,2048
2048,2127,612576,614623,2024-05-08 11:00:00+00:00,2024-05-17 13:50:00+00:00,288,9,2048
2048,2128,612864,614911,2024-05-09 11:00:00+00:00,2024-05-20 13:55:00+00:00,288,9,2048
2048,2129,613152,615199,2024-05-10 11:00:00+00:00,2024-05-21 13:55:00+00:00,288,9,2048
2048,2130,613440,615487,2024-05-13 11:15:00+00:00,2024-05-22 13:55:00+00:00,288,9,2048
2048,2131,613728,615775,2024-05-14 11:15:00+00:00,2024-05-23 13:55:00+00:00,288,9,2048
2048,2132,614016,616063,2024-05-15 11:15:00+00:00,2024-05-24 13:55:00+00:00,288,9,2048
2048,2133,614304,616351,2024-05-16 11:15:00+00:00,2024-05-27 14:00:00+00:00,288,9,2048
2048,2134,614592,616639,2024-05-17 11:15:00+00:00,2024-05-28 14:00:00+00:00,288,9,2048
2048,2135,614880,616927,2024-05-20 11:20:00+00:00,2024-05-29 14:00:00+00:00,288,9,2048
2048,2136,615168,617215,2024-05-21 11:20:00+00:00,2024-05-30 14:00:00+00:00,288,9,2048
2048,2137,615456,617503,2024-05-22 11:20:00+00:00,2024-05-31 14:00:00+00:00,288,9,2048
2048,2138,615744,617791,2024-05-23 11:20:00+00:00,2024-06-03 14:05:00+00:00,288,9,2048
2048,2139,616032,618079,2024-05-24 11:20:00+00:00,2024-06-04 14:05:00+00:00,288,9,2048
2048,2140,616320,618367,2024-05-27 11:25:00+00:00,2024-06-05 14:05:00+00:00,288,9,2048
2048,2141,616608,618655,2024-05-28 11:25:00+00:00,2024-06-06 14:05:00+00:00,288,9,2048
2048,2142,616896,618943,2024-05-29 11:25:00+00:00,2024-06-07 14:05:00+00:00,288,9,2048
2048,2143,617184,619231,2024-05-30 11:25:00+00:00,2024-06-10 14:10:00+00:00,288,9,2048
2048,2144,617472,619519,2024-05-31 11:25:00+00:00,2024-06-11 14:10:00+00:00,288,9,2048
2048,2145,617760,619807,2024-06-03 11:30:00+00:00,2024-06-12 14:10:00+00:00,288,9,2048
2048,2146,618048,620095,2024-06-04 11:30:00+00:00,2024-06-13 14:10:00+00:00,288,9,2048
2048,2147,618336,620383,2024-06-05 11:30:00+00:00,2024-06-14 14:10:00+00:00,288,9,2048
2048,2148,618624,620671,2024-06-06 11:30:00+00:00,2024-06-17 14:15:00+00:00,288,9,2048
2048,2149,618912,620959,2024-06-07 11:30:00+00:00,2024-06-18 14:15:00+00:00,288,9,2048
2048,2150,619200,621247,2024-06-10 11:35:00+00:00,2024-06-19 14:15:00+00:00,288,9,2048
2048,2151,619488,621535,2024-06-11 11:35:00+00:00,2024-06-20 14:25:00+00:00,288,9,2048
2048,2152,619776,621823,2024-06-12 11:35:00+00:00,2024-06-21 14:25:00+00:00,288,9,2048
2048,2153,620064,622111,2024-06-13 11:35:00+00:00,2024-06-24 14:30:00+00:00,288,9,2048
2048,2154,620352,622399,2024-06-14 11:35:00+00:00,2024-06-25 14:40:00+00:00,288,9,2048
2048,2155,620640,622687,2024-06-17 11:40:00+00:00,2024-06-26 14:40:00+00:00,288,9,2048
2048,2156,620928,622975,2024-06-18 11:40:00+00:00,2024-06-27 14:40:00+00:00,288,9,2048
2048,2157,621216,623263,2024-06-19 11:40:00+00:00,2024-06-28 14:40:00+00:00,288,9,2048
2048,2158,621504,623551,2024-06-20 11:50:00+00:00,2024-07-01 14:45:00+00:00,288,9,2048
2048,2159,621792,623839,2024-06-21 11:50:00+00:00,2024-07-02 14:45:00+00:00,288,9,2048
2048,2160,622080,624127,2024-06-24 11:55:00+00:00,2024-07-03 14:45:00+00:00,288,9,2048
2048,2161,622368,624415,2024-06-25 12:05:00+00:00,2024-07-04 14:45:00+00:00,288,9,2048
2048,2162,622656,624703,2024-06-26 12:05:00+00:00,2024-07-05 15:05:00+00:00,288,9,2048
2048,2163,622944,624991,2024-06-27 12:05:00+00:00,2024-07-08 15:10:00+00:00,288,9,2048
2048,2164,623232,625279,2024-06-28 12:05:00+00:00,2024-07-09 15:10:00+00:00,288,9,2048
2048,2165,623520,625567,2024-07-01 12:10:00+00:00,2024-07-10 15:10:00+00:00,288,9,2048
2048,2166,623808,625855,2024-07-02 12:10:00+00:00,2024-07-11 15:10:00+00:00,288,9,2048
2048,2167,624096,626143,2024-07-03 12:10:00+00:00,2024-07-12 15:10:00+00:00,288,9,2048
2048,2168,624384,626431,2024-07-04 12:10:00+00:00,2024-07-15 15:15:00+00:00,288,9,2048
2048,2169,624672,626719,2024-07-05 12:30:00+00:00,2024-07-16 15:15:00+00:00,288,9,2048
2048,2170,624960,627007,2024-07-08 12:35:00+00:00,2024-07-17 15:15:00+00:00,288,9,2048
2048,2171,625248,627295,2024-07-09 12:35:00+00:00,2024-07-18 15:15:00+00:00,288,9,2048
2048,2172,625536,627583,2024-07-10 12:35:00+00:00,2024-07-19 15:15:00+00:00,288,9,2048
2048,2173,625824,627871,2024-07-11 12:35:00+00:00,2024-07-22 15:20:00+00:00,288,9,2048
2048,2174,626112,628159,2024-07-12 12:35:00+00:00,2024-07-23 15:20:00+00:00,288,9,2048
2048,2175,626400,628447,2024-07-15 12:40:00+00:00,2024-07-24 15:20:00+00:00,288,9,2048
2048,2176,626688,628735,2024-07-16 12:40:00+00:00,2024-07-25 15:20:00+00:00,288,9,2048
2048,2177,626976,629023,2024-07-17 12:40:00+00:00,2024-07-26 15:20:00+00:00,288,9,2048
2048,2178,627264,629311,2024-07-18 12:40:00+00:00,2024-07-29 15:25:00+00:00,288,9,2048
2048,2179,627552,629599,2024-07-19 12:40:00+00:00,2024-07-30 15:25:00+00:00,288,9,2048
2048,2180,627840,629887,2024-07-22 12:45:00+00:00,2024-07-31 15:25:00+00:00,288,9,2048
2048,2181,628128,630175,2024-07-23 12:45:00+00:00,2024-08-01 15:25:00+00:00,288,9,2048
2048,2182,628416,630463,2024-07-24 12:45:00+00:00,2024-08-02 15:25:00+00:00,288,9,2048
2048,2183,628704,630751,2024-07-25 12:45:00+00:00,2024-08-05 15:30:00+00:00,288,9,2048
2048,2184,628992,631039,2024-07-26 12:45:00+00:00,2024-08-06 15:30:00+00:00,288,9,2048
2048,2185,629280,631327,2024-07-29 12:50:00+00:00,2024-08-07 15:30:00+00:00,288,9,2048
2048,2186,629568,631615,2024-07-30 12:50:00+00:00,2024-08-08 15:30:00+00:00,288,9,2048
2048,2187,629856,631903,2024-07-31 12:50:00+00:00,2024-08-09 15:30:00+00:00,288,9,2048
2048,2188,630144,632191,2024-08-01 12:50:00+00:00,2024-08-12 15:35:00+00:00,288,9,2048
2048,2189,630432,632479,2024-08-02 12:50:00+00:00,2024-08-13 15:35:00+00:00,288,9,2048
2048,2190,630720,632767,2024-08-05 12:55:00+00:00,2024-08-14 15:35:00+00:00,288,9,2048
2048,2191,631008,633055,2024-08-06 12:55:00+00:00,2024-08-15 15:35:00+00:00,288,9,2048
2048,2192,631296,633343,2024-08-07 12:55:00+00:00,2024-08-16 15:35:00+00:00,288,9,2048
2048,2193,631584,633631,2024-08-08 12:55:00+00:00,2024-08-19 15:40:00+00:00,288,9,2048
2048,2194,631872,633919,2024-08-09 12:55:00+00:00,2024-08-20 15:40:00+00:00,288,9,2048
2048,2195,632160,634207,2024-08-12 13:00:00+00:00,2024-08-21 15:40:00+00:00,288,9,2048
2048,2196,632448,634495,2024-08-13 13:00:00+00:00,2024-08-22 15:40:00+00:00,288,9,2048
2048,2197,632736,634783,2024-08-14 13:00:00+00:00,2024-08-23 15:40:00+00:00,288,9,2048
2048,2198,633024,635071,2024-08-15 13:00:00+00:00,2024-08-26 15:45:00+00:00,288,9,2048
2048,2199,633312,635359,2024-08-16 13:00:00+00:00,2024-08-27 15:45:00+00:00,288,9,2048
2048,2200,633600,635647,2024-08-19 13:05:00+00:00,2024-08-28 15:45:00+00:00,288,9,2048
2048,2201,633888,635935,2024-08-20 13:05:00+00:00,2024-08-29 15:45:00+00:00,288,9,2048
2048,2202,634176,636223,2024-08-21 13:05:00+00:00,2024-08-30 15:45:00+00:00,288,9,2048
2048,2203,634464,636511,2024-08-22 13:05:00+00:00,2024-09-02 15:50:00+00:00,288,9,2048
2048,2204,634752,636799,2024-08-23 13:05:00+00:00,2024-09-03 15:50:00+00:00,288,9,2048
2048,2205,635040,637087,2024-08-26 13:10:00+00:00,2024-09-04 15:50:00+00:00,288,9,2048
2048,2206,635328,637375,2024-08-27 13:10:00+00:00,2024-09-05 15:50:00+00:00,288,9,2048
2048,2207,635616,637663,2024-08-28 13:10:00+00:00,2024-09-06 15:50:00+00:00,288,9,2048
2048,2208,635904,637951,2024-08-29 13:10:00+00:00,2024-09-09 15:55:00+00:00,288,9,2048
2048,2209,636192,638239,2024-08-30 13:10:00+00:00,2024-09-10 15:55:00+00:00,288,9,2048
2048,2210,636480,638527,2024-09-02 13:15:00+00:00,2024-09-11 15:55:00+00:00,288,9,2048
2048,2211,636768,638815,2024-09-03 13:15:00+00:00,2024-09-12 15:55:00+00:00,288,9,2048
2048,2212,637056,639103,2024-09-04 13:15:00+00:00,2024-09-13 15:55:00+00:00,288,9,2048
2048,2213,637344,639391,2024-09-05 13:15:00+00:00,2024-09-16 16:00:00+00:00,288,9,2048
2048,2214,637632,639679,2024-09-06 13:15:00+00:00,2024-09-17 16:00:00+00:00,288,9,2048
2048,2215,637920,639967,2024-09-09 13:20:00+00:00,2024-09-18 16:00:00+00:00,288,9,2048
2048,2216,638208,640255,2024-09-10 13:20:00+00:00,2024-09-19 16:00:00+00:00,288,9,2048
2048,2217,638496,640543,2024-09-11 13:20:00+00:00,2024-09-20 16:00:00+00:00,288,9,2048
2048,2218,638784,640831,2024-09-12 13:20:00+00:00,2024-09-23 16:05:00+00:00,288,9,2048
2048,2219,639072,641119,2024-09-13 13:20:00+00:00,2024-09-24 16:05:00+00:00,288,9,2048
2048,2220,639360,641407,2024-09-16 13:25:00+00:00,2024-09-25 16:05:00+00:00,288,9,2048
2048,2221,639648,641695,2024-09-17 13:25:00+00:00,2024-09-26 16:05:00+00:00,288,9,2048
2048,2222,639936,641983,2024-09-18 13:25:00+00:00,2024-09-27 16:05:00+00:00,288,9,2048
2048,2223,640224,642271,2024-09-19 13:25:00+00:00,2024-09-30 16:10:00+00:00,288,9,2048
2048,2224,640512,642559,2024-09-20 13:25:00+00:00,2024-10-01 16:10:00+00:00,288,9,2048
2048,2225,640800,642847,2024-09-23 13:30:00+00:00,2024-10-02 16:10:00+00:00,288,9,2048
2048,2226,641088,643135,2024-09-24 13:30:00+00:00,2024-10-03 16:10:00+00:00,288,9,2048
2048,2227,641376,643423,2024-09-25 13:30:00+00:00,2024-10-04 16:10:00+00:00,288,9,2048
2048,2228,641664,643711,2024-09-26 13:30:00+00:00,2024-10-07 16:15:00+00:00,288,9,2048
2048,2229,641952,643999,2024-09-27 13:30:00+00:00,2024-10-08 16:15:00+00:00,288,9,2048
2048,2230,642240,644287,2024-09-30 13:35:00+00:00,2024-10-09 16:15:00+00:00,288,9,2048
2048,2231,642528,644575,2024-10-01 13:35:00+00:00,2024-10-10 16:15:00+00:00,288,9,2048
2048,2232,642816,644863,2024-10-02 13:35:00+00:00,2024-10-11 16:15:00+00:00,288,9,2048
2048,2233,643104,645151,2024-10-03 13:35:00+00:00,2024-10-14 16:20:00+00:00,288,9,2048
2048,2234,643392,645439,2024-10-04 13:35:00+00:00,2024-10-15 16:20:00+00:00,288,9,2048
2048,2235,643680,645727,2024-10-07 13:40:00+00:00,2024-10-16 16:20:00+00:00,288,9,2048
2048,2236,643968,646015,2024-10-08 13:40:00+00:00,2024-10-17 16:20:00+00:00,288,9,2048
2048,2237,644256,646303,2024-10-09 13:40:00+00:00,2024-10-18 16:20:00+00:00,288,9,2048
2048,2238,644544,646591,2024-10-10 13:40:00+00:00,2024-10-21 16:25:00+00:00,288,9,2048
2048,2239,644832,646879,2024-10-11 13:40:00+00:00,2024-10-22 16:25:00+00:00,288,9,2048
2048,2240,645120,647167,2024-10-14 13:45:00+00:00,2024-10-23 16:25:00+00:00,288,9,2048
2048,2241,645408,647455,2024-10-15 13:45:00+00:00,2024-10-24 16:25:00+00:00,288,9,2048
2048,2242,645696,647743,2024-10-16 13:45:00+00:00,2024-10-25 16:25:00+00:00,288,9,2048
2048,2243,645984,648031,2024-10-17 13:45:00+00:00,2024-10-28 16:30:00+00:00,288,9,2048
2048,2244,646272,648319,2024-10-18 13:45:00+00:00,2024-10-29 16:30:00+00:00,288,9,2048
2048,2245,646560,648607,2024-10-21 13:50:00+00:00,2024-10-30 16:30:00+00:00,288,9,2048
2048,2246,646848,648895,2024-10-22 13:50:00+00:00,2024-10-31 16:30:00+00:00,288,9,2048
2048,2247,647136,649183,2024-10-23 13:50:00+00:00,2024-11-01 16:30:00+00:00,288,9,2048
2048,2248,647424,649471,2024-10-24 13:50:00+00:00,2024-11-04 17:35:00+00:00,288,9,2048
2048,2249,647712,649759,2024-10-25 13:50:00+00:00,2024-11-05 17:35:00+00:00,288,9,2048
2048,2250,648000,650047,2024-10-28 13:55:00+00:00,2024-11-06 17:35:00+00:00,288,9,2048
2048,2251,648288,650335,2024-10-29 13:55:00+00:00,2024-11-07 17:35:00+00:00,288,9,2048
2048,2252,648576,650623,2024-10-30 13:55:00+00:00,2024-11-08 17:35:00+00:00,288,9,2048
2048,2253,648864,650911,2024-10-31 13:55:00+00:00,2024-11-11 17:40:00+00:00,288,9,2048
2048,2254,649152,651199,2024-11-01 13:55:00+00:00,2024-11-12 17:40:00+00:00,288,9,2048
2048,2255,649440,651487,2024-11-04 15:00:00+00:00,2024-11-13 17:40:00+00:00,288,9,2048
2048,2256,649728,651775,2024-11-05 15:00:00+00:00,2024-11-14 17:40:00+00:00,288,9,2048
2048,2257,650016,652063,2024-11-06 15:00:00+00:00,2024-11-15 17:40:00+00:00,288,9,2048
2048,2258,650304,652351,2024-11-07 15:00:00+00:00,2024-11-18 17:45:00+00:00,288,9,2048
2048,2259,650592,652639,2024-11-08 15:00:00+00:00,2024-11-19 17:45:00+00:00,288,9,2048
2048,2260,650880,652927,2024-11-11 15:05:00+00:00,2024-11-20 17:45:00+00:00,288,9,2048
2048,2261,651168,653215,2024-11-12 15:05:00+00:00,2024-11-21 17:45:00+00:00,288,9,2048
2048,2262,651456,653503,2024-11-13 15:05:00+00:00,2024-11-22 17:45:00+00:00,288,9,2048
2048,2263,651744,653791,2024-11-14 15:05:00+00:00,2024-11-25 17:50:00+00:00,288,9,2048
2048,2264,652032,654079,2024-11-15 15:05:00+00:00,2024-11-26 17:50:00+00:00,288,9,2048
2048,2265,652320,654367,2024-11-18 15:10:00+00:00,2024-11-27 17:50:00+00:00,288,9,2048
2048,2266,652608,654655,2024-11-19 15:10:00+00:00,2024-11-28 17:50:00+00:00,288,9,2048
2048,2267,652896,654943,2024-11-20 15:10:00+00:00,2024-11-29 17:50:00+00:00,288,9,2048
2048,2268,653184,655231,2024-11-21 15:10:00+00:00,2024-12-02 17:55:00+00:00,288,9,2048
2048,2269,653472,655519,2024-11-22 15:10:00+00:00,2024-12-03 17:55:00+00:00,288,9,2048
2048,2270,653760,655807,2024-11-25 15:15:00+00:00,2024-12-04 17:55:00+00:00,288,9,2048
2048,2271,654048,656095,2024-11-26 15:15:00+00:00,2024-12-05 17:55:00+00:00,288,9,2048
2048,2272,654336,656383,2024-11-27 15:15:00+00:00,2024-12-06 17:55:00+00:00,288,9,2048
2048,2273,654624,656671,2024-11-28 15:15:00+00:00,2024-12-09 18:00:00+00:00,288,9,2048
2048,2274,654912,656959,2024-11-29 15:15:00+00:00,2024-12-10 18:00:00+00:00,288,9,2048
2048,2275,655200,657247,2024-12-02 15:20:00+00:00,2024-12-11 18:00:00+00:00,288,9,2048
2048,2276,655488,657535,2024-12-03 15:20:00+00:00,2024-12-12 18:00:00+00:00,288,9,2048
2048,2277,655776,657823,2024-12-04 15:20:00+00:00,2024-12-13 18:00:00+00:00,288,9,2048
2048,2278,656064,658111,2024-12-05 15:20:00+00:00,2024-12-16 18:05:00+00:00,288,9,2048
2048,2279,656352,658399,2024-12-06 15:20:00+00:00,2024-12-17 18:05:00+00:00,288,9,2048
2048,2280,656640,658687,2024-12-09 15:25:00+00:00,2024-12-18 18:05:00+00:00,288,9,2048
2048,2281,656928,658975,2024-12-10 15:25:00+00:00,2024-12-19 18:05:00+00:00,288,9,2048
2048,2282,657216,659263,2024-12-11 15:25:00+00:00,2024-12-20 18:05:00+00:00,288,9,2048
2048,2283,657504,659551,2024-12-12 15:25:00+00:00,2024-12-23 18:10:00+00:00,288,9,2048
2048,2284,657792,659839,2024-12-13 15:25:00+00:00,2024-12-24 18:10:00+00:00,288,9,2048
2048,2285,658080,660127,2024-12-16 15:30:00+00:00,2024-12-26 11:20:00+00:00,288,9,2048
2048,2286,658368,660415,2024-12-17 15:30:00+00:00,2024-12-27 11:20:00+00:00,288,9,2048
2048,2287,658656,660703,2024-12-18 15:30:00+00:00,2024-12-30 11:25:00+00:00,288,9,2048
2048,2288,658944,660991,2024-12-19 15:30:00+00:00,2024-12-31 11:25:00+00:00,288,9,2048
2048,2289,659232,661279,2024-12-20 15:30:00+00:00,2025-01-02 11:30:00+00:00,288,9,2048
2048,2290,659520,661567,2024-12-23 15:35:00+00:00,2025-01-03 11:30:00+00:00,288,9,2048
2048,2291,659808,661855,2024-12-24 15:35:00+00:00,2025-01-06 11:35:00+00:00,288,9,2048
2048,2292,660096,662143,2024-12-26 08:45:00+00:00,2025-01-07 11:35:00+00:00,288,9,2048
2048,2293,660384,662431,2024-12-27 08:45:00+00:00,2025-01-08 11:35:00+00:00,288,9,2048
2048,2294,660672,662719,2024-12-30 08:50:00+00:00,2025-01-09 11:35:00+00:00,288,9,2048
2048,2295,660960,663007,2024-12-31 08:50:00+00:00,2025-01-10 11:35:00+00:00,288,9,2048
2048,2296,661248,663295,2025-01-02 08:55:00+00:00,2025-01-13 11:40:00+00:00,288,9,2048
2048,2297,661536,663583,2025-01-03 08:55:00+00:00,2025-01-14 11:40:00+00:00,288,9,2048
2048,2298,661824,663871,2025-01-06 09:00:00+00:00,2025-01-15 11:40:00+00:00,288,9,2048
2048,2299,662112,664159,2025-01-07 09:00:00+00:00,2025-01-16 11:40:00+00:00,288,9,2048
2048,2300,662400,664447,2025-01-08 09:00:00+00:00,2025-01-17 11:40:00+00:00,288,9,2048
2048,2301,662688,664735,2025-01-09 09:00:00+00:00,2025-01-20 11:45:00+00:00,288,9,2048
2048,2302,662976,665023,2025-01-10 09:00:00+00:00,2025-01-21 11:45:00+00:00,288,9,2048
2048,2303,663264,665311,2025-01-13 09:05:00+00:00,2025-01-22 11:45:00+00:00,288,9,2048
2048,2304,663552,665599,2025-01-14 09:05:00+00:00,2025-01-23 11:45:00+00:00,288,9,2048
2048,2305,663840,665887,2025-01-15 09:05:00+00:00,2025-01-24 11:45:00+00:00,288,9,2048
2048,2306,664128,666175,2025-01-16 09:05:00+00:00,2025-01-27 11:50:00+00:00,288,9,2048
2048,2307,664416,666463,2025-01-17 09:05:00+00:00,2025-01-28 11:50:00+00:00,288,9,2048
2048,2308,664704,666751,2025-01-20 09:10:00+00:00,2025-01-29 11:50:00+00:00,288,9,2048
2048,2309,664992,667039,2025-01-21 09:10:00+00:00,2025-01-30 11:50:00+00:00,288,9,2048
2048,2310,665280,667327,2025-01-22 09:10:00+00:00,2025-01-31 11:50:00+00:00,288,9,2048
2048,2311,665568,667615,2025-01-23 09:10:00+00:00,2025-02-03 11:55:00+00:00,288,9,2048
2048,2312,665856,667903,2025-01-24 09:10:00+00:00,2025-02-04 11:55:00+00:00,288,9,2048
2048,2313,666144,668191,2025-01-27 09:15:00+00:00,2025-02-05 11:55:00+00:00,288,9,2048
2048,2314,666432,668479,2025-01-28 09:15:00+00:00,2025-02-06 11:55:00+00:00,288,9,2048
2048,2315,666720,668767,2025-01-29 09:15:00+00:00,2025-02-07 11:55:00+00:00,288,9,2048
2048,2316,667008,669055,2025-01-30 09:15:00+00:00,2025-02-10 12:00:00+00:00,288,9,2048
2048,2317,667296,669343,2025-01-31 09:15:00+00:00,2025-02-11 12:00:00+00:00,288,9,2048
2048,2318,667584,669631,2025-02-03 09:20:00+00:00,2025-02-12 12:00:00+00:00,288,9,2048
2048,2319,667872,669919,2025-02-04 09:20:00+00:00,2025-02-13 12:00:00+00:00,288,9,2048
2048,2320,668160,670207,2025-02-05 09:20:00+00:00,2025-02-14 12:00:00+00:00,288,9,2048
2048,2321,668448,670495,2025-02-06 09:20:00+00:00,2025-02-17 12:05:00+00:00,288,9,2048
2048,2322,668736,670783,2025-02-07 09:20:00+00:00,2025-02-18 12:05:00+00:00,288,9,2048
2048,2323,669024,671071,2025-02-10 09:25:00+00:00,2025-02-19 12:05:00+00:00,288,9,2048
2048,2324,669312,671359,2025-02-11 09:25:00+00:00,2025-02-20 12:05:00+00:00,288,9,2048
2048,2325,669600,671647,2025-02-12 09:25:00+00:00,2025-02-21 12:05:00+00:00,288,9,2048
2048,2326,669888,671935,2025-02-13 09:25:00+00:00,2025-02-24 12:10:00+00:00,288,9,2048
2048,2327,670176,672223,2025-02-14 09:25:00+00:00,2025-02-25 12:10:00+00:00,288,9,2048
2048,2328,670464,672511,2025-02-17 09:30:00+00:00,2025-02-26 12:10:00+00:00,288,9,2048
2048,2329,670752,672799,2025-02-18 09:30:00+00:00,2025-02-27 12:10:00+00:00,288,9,2048
2048,2330,671040,673087,2025-02-19 09:30:00+00:00,2025-02-28 12:10:00+00:00,288,9,2048
2048,2331,671328,673375,2025-02-20 09:30:00+00:00,2025-03-03 12:15:00+00:00,288,9,2048
2048,2332,671616,673663,2025-02-21 09:30:00+00:00,2025-03-04 12:15:00+00:00,288,9,2048
2048,2333,671904,673951,2025-02-24 09:35:00+00:00,2025-03-05 12:15:00+00:00,288,9,2048
2048,2334,672192,674239,2025-02-25 09:35:00+00:00,2025-03-06 12:15:00+00:00,288,9,2048
2048,2335,672480,674527,2025-02-26 09:35:00+00:00,2025-03-07 12:15:00+00:00,288,9,2048
2048,2336,672768,674815,2025-02-27 09:35:00+00:00,2025-03-10 11:20:00+00:00,288,9,2048
2048,2337,673056,675103,2025-02-28 09:35:00+00:00,2025-03-11 11:20:00+00:00,288,9,2048
2048,2338,673344,675391,2025-03-03 09:40:00+00:00,2025-03-12 11:20:00+00:00,288,9,2048
2048,2339,673632,675679,2025-03-04 09:40:00+00:00,2025-03-13 11:20:00+00:00,288,9,2048
2048,2340,673920,675967,2025-03-05 09:40:00+00:00,2025-03-14 11:20:00+00:00,288,9,2048
2048,2341,674208,676255,2025-03-06 09:40:00+00:00,2025-03-17 11:25:00+00:00,288,9,2048
2048,2342,674496,676543,2025-03-07 09:40:00+00:00,2025-03-18 11:25:00+00:00,288,9,2048
2048,2343,674784,676831,2025-03-10 08:45:00+00:00,2025-03-19 11:25:00+00:00,288,9,2048
2048,2344,675072,677119,2025-03-11 08:45:00+00:00,2025-03-20 11:25:00+00:00,288,9,2048
2048,2345,675360,677407,2025-03-12 08:45:00+00:00,2025-03-21 11:25:00+00:00,288,9,2048
2048,2346,675648,677695,2025-03-13 08:45:00+00:00,2025-03-24 11:30:00+00:00,288,9,2048
2048,2347,675936,677983,2025-03-14 08:45:00+00:00,2025-03-25 11:30:00+00:00,288,9,2048
2048,2348,676224,678271,2025-03-17 08:50:00+00:00,2025-03-26 11:30:00+00:00,288,9,2048
2048,2349,676512,678559,2025-03-18 08:50:00+00:00,2025-03-27 11:30:00+00:00,288,9,2048
2048,2350,676800,678847,2025-03-19 08:50:00+00:00,2025-03-28 11:30:00+00:00,288,9,2048
2048,2351,677088,679135,2025-03-20 08:50:00+00:00,2025-03-31 13:40:00+00:00,288,9,2048
2048,2352,677376,679423,2025-03-21 08:50:00+00:00,2025-04-01 13:40:00+00:00,288,9,2048
2048,2353,677664,679711,2025-03-24 08:55:00+00:00,2025-04-02 13:40:00+00:00,288,9,2048
2048,2354,677952,679999,2025-03-25 08:55:00+00:00,2025-04-03 13:40:00+00:00,288,9,2048
2048,2355,678240,680287,2025-03-26 08:55:00+00:00,2025-04-04 13:40:00+00:00,288,9,2048
2048,2356,678528,680575,2025-03-27 08:55:00+00:00,2025-04-07 13:45:00+00:00,288,9,2048
2048,2357,678816,680863,2025-03-28 08:55:00+00:00,2025-04-08 13:45:00+00:00,288,9,2048
2048,2358,679104,681151,2025-03-31 11:05:00+00:00,2025-04-09 13:45:00+00:00,288,9,2048
2048,2359,679392,681439,2025-04-01 11:05:00+00:00,2025-04-10 13:45:00+00:00,288,9,2048
2048,2360,679680,681727,2025-04-02 11:05:00+00:00,2025-04-11 13:45:00+00:00,288,9,2048
2048,2361,679968,682015,2025-04-03 11:05:00+00:00,2025-04-14 13:50:00+00:00,288,9,2048
2048,2362,680256,682303,2025-04-04 11:05:00+00:00,2025-04-15 13:50:00+00:00,288,9,2048
2048,2363,680544,682591,2025-04-07 11:10:00+00:00,2025-04-16 13:50:00+00:00,288,9,2048
2048,2364,680832,682879,2025-04-08 11:10:00+00:00,2025-04-17 13:50:00+00:00,288,9,2048
2048,2365,681120,683167,2025-04-09 11:10:00+00:00,2025-04-18 13:50:00+00:00,288,9,2048
2048,2366,681408,683455,2025-04-10 11:10:00+00:00,2025-04-21 13:55:00+00:00,288,9,2048
2048,2367,681696,683743,2025-04-11 11:10:00+00:00,2025-04-22 13:55:00+00:00,288,9,2048
2048,2368,681984,684031,2025-04-14 11:15:00+00:00,2025-04-23 13:55:00+00:00,288,9,2048
2048,2369,682272,684319,2025-04-15 11:15:00+00:00,2025-04-24 13:55:00+00:00,288,9,2048
2048,2370,682560,684607,2025-04-16 11:15:00+00:00,2025-04-25 13:55:00+00:00,288,9,2048
2048,2371,682848,684895,2025-04-17 11:15:00+00:00,2025-04-28 14:00:00+00:00,288,9,2048
2048,2372,683136,685183,2025-04-18 11:15:00+00:00,2025-04-29 14:00:00+00:00,288,9,2048
2048,2373,683424,685471,2025-04-21 11:20:00+00:00,2025-04-30 14:00:00+00:00,288,9,2048
2048,2374,683712,685759,2025-04-22 11:20:00+00:00,2025-05-01 14:00:00+00:00,288,9,2048
2048,2375,684000,686047,2025-04-23 11:20:00+00:00,2025-05-02 14:00:00+00:00,288,9,2048
2048,2376,684288,686335,2025-04-24 11:20:00+00:00,2025-05-05 14:05:00+00:00,288,9,2048
2048,2377,684576,686623,2025-04-25 11:20:00+00:00,2025-05-06 14:05:00+00:00,288,9,2048
2048,2378,684864,686911,2025-04-28 11:25:00+00:00,2025-05-07 14:05:00+00:00,288,9,2048
2048,2379,685152,687199,2025-04-29 11:25:00+00:00,2025-05-08 14:05:00+00:00,288,9,2048
2048,2380,685440,687487,2025-04-30 11:25:00+00:00,2025-05-09 14:05:00+00:00,288,9,2048
2048,2381,685728,687775,2025-05-01 11:25:00+00:00,2025-05-12 14:10:00+00:00,288,9,2048
2048,2382,686016,688063,2025-05-02 11:25:00+00:00,2025-05-13 14:10:00+00:00,288,9,2048
2048,2383,686304,688351,2025-05-05 11:30:00+00:00,2025-05-14 14:10:00+00:00,288,9,2048
2048,2384,686592,688639,2025-05-06 11:30:00+00:00,2025-05-15 14:10:00+00:00,288,9,2048
2048,2385,686880,688927,2025-05-07 11:30:00+00:00,2025-05-16 14:10:00+00:00,288,9,2048
2048,2386,687168,689215,2025-05-08 11:30:00+00:00,2025-05-19 14:15:00+00:00,288,9,2048
2048,2387,687456,689503,2025-05-09 11:30:00+00:00,2025-05-20 14:15:00+00:00,288,9,2048
2048,2388,687744,689791,2025-05-12 11:35:00+00:00,2025-05-21 14:15:00+00:00,288,9,2048
2048,2389,688032,690079,2025-05-13 11:35:00+00:00,2025-05-22 14:15:00+00:00,288,9,2048
2048,2390,688320,690367,2025-05-14 11:35:00+00:00,2025-05-23 14:15:00+00:00,288,9,2048
2048,2391,688608,690655,2025-05-15 11:35:00+00:00,2025-05-26 14:20:00+00:00,288,9,2048
2048,2392,688896,690943,2025-05-16 11:35:00+00:00,2025-05-27 14:20:00+00:00,288,9,2048
2048,2393,689184,691231,2025-05-19 11:40:00+00:00,2025-05-28 14:20:00+00:00,288,9,2048
2048,2394,689472,691519,2025-05-20 11:40:00+00:00,2025-05-29 14:20:00+00:00,288,9,2048
2048,2395,689760,691807,2025-05-21 11:40:00+00:00,2025-05-30 14:20:00+00:00,288,9,2048
2048,2396,690048,692095,2025-05-22 11:40:00+00:00,2025-06-02 14:25:00+00:00,288,9,2048
2048,2397,690336,692383,2025-05-23 11:40:00+00:00,2025-06-03 14:25:00+00:00,288,9,2048
2048,2398,690624,692671,2025-05-26 11:45:00+00:00,2025-06-04 14:25:00+00:00,288,9,2048
2048,2399,690912,692959,2025-05-27 11:45:00+00:00,2025-06-05 14:25:00+00:00,288,9,2048
2048,2400,691200,693247,2025-05-28 11:45:00+00:00,2025-06-06 14:25:00+00:00,288,9,2048
2048,2401,691488,693535,2025-05-29 11:45:00+00:00,2025-06-09 14:30:00+00:00,288,9,2048
2048,2402,691776,693823,2025-05-30 11:45:00+00:00,2025-06-10 14:30:00+00:00,288,9,2048
2048,2403,692064,694111,2025-06-02 11:50:00+00:00,2025-06-11 14:30:00+00:00,288,9,2048
2048,2404,692352,694399,2025-06-03 11:50:00+00:00,2025-06-12 14:30:00+00:00,288,9,2048
2048,2405,692640,694687,2025-06-04 11:50:00+00:00,2025-06-13 14:30:00+00:00,288,9,2048
2048,2406,692928,694975,2025-06-05 11:50:00+00:00,2025-06-16 14:35:00+00:00,288,9,2048
2048,2407,693216,695263,2025-06-06 11:50:00+00:00,2025-06-17 14:35:00+00:00,288,9,2048
2048,2408,693504,695551,2025-06-09 11:55:00+00:00,2025-06-18 14:35:00+00:00,288,9,2048
2048,2409,693792,695839,2025-06-10 11:55:00+00:00,2025-06-19 14:35:00+00:00,288,9,2048
2048,2410,694080,696127,2025-06-11 11:55:00+00:00,2025-06-20 14:35:00+00:00,288,9,2048
2048,2411,694368,696415,2025-06-12 11:55:00+00:00,2025-06-23 14:40:00+00:00,288,9,2048
2048,2412,694656,696703,2025-06-13 11:55:00+00:00,2025-06-24 14:40:00+00:00,288,9,2048
2048,2413,694944,696991,2025-06-16 12:00:00+00:00,2025-06-25 14:40:00+00:00,288,9,2048
2048,2414,695232,697279,2025-06-17 12:00:00+00:00,2025-06-26 14:40:00+00:00,288,9,2048
2048,2415,695520,697567,2025-06-18 12:00:00+00:00,2025-06-27 14:40:00+00:00,288,9,2048
2048,2416,695808,697855,2025-06-19 12:00:00+00:00,2025-06-30 14:45:00+00:00,288,9,2048
2048,2417,696096,698143,2025-06-20 12:00:00+00:00,2025-07-01 14:45:00+00:00,288,9,2048
2048,2418,696384,698431,2025-06-23 12:05:00+00:00,2025-07-02 14:45:00+00:00,288,9,2048
2048,2419,696672,698719,2025-06-24 12:05:00+00:00,2025-07-03 14:45:00+00:00,288,9,2048
2048,2420,696960,699007,2025-06-25 12:05:00+00:00,2025-07-04 14:45:00+00:00,288,9,2048
2048,2421,697248,699295,2025-06-26 12:05:00+00:00,2025-07-07 14:50:00+00:00,288,9,2048
2048,2422,697536,699583,2025-06-27 12:05:00+00:00,2025-07-08 14:50:00+00:00,288,9,2048
2048,2423,697824,699871,2025-06-30 12:10:00+00:00,2025-07-09 14:50:00+00:00,288,9,2048
2048,2424,698112,700159,2025-07-01 12:10:00+00:00,2025-07-10 14:50:00+00:00,288,9,2048
2048,2425,698400,700447,2025-07-02 12:10:00+00:00,2025-07-11 14:50:00+00:00,288,9,2048
2048,2426,698688,700735,2025-07-03 12:10:00+00:00,2025-07-14 14:55:00+00:00,288,9,2048
2048,2427,698976,701023,2025-07-04 12:10:00+00:00,2025-07-15 14:55:00+00:00,288,9,2048
2048,2428,699264,701311,2025-07-07 12:15:00+00:00,2025-07-16 14:55:00+00:00,288,9,2048
2048,2429,699552,701599,2025-07-08 12:15:00+00:00,2025-07-17 14:55:00+00:00,288,9,2048
2048,2430,699840,701887,2025-07-09 12:15:00+00:00,2025-07-18 14:55:00+00:00,288,9,2048
2048,2431,700128,702175,2025-07-10 12:15:00+00:00,2025-07-21 15:00:00+00:00,288,9,2048
2048,2432,700416,702463,2025-07-11 12:15:00+00:00,2025-07-22 15:00:00+00:00,288,9,2048
2048,2433,700704,702751,2025-07-14 12:20:00+00:00,2025-07-23 15:00:00+00:00,288,9,2048
2048,2434,700992,703039,2025-07-15 12:20:00+00:00,2025-07-24 15:00:00+00:00,288,9,2048
2048,2435,701280,703327,2025-07-16 12:20:00+00:00,2025-07-25 15:00:00+00:00,288,9,2048
2048,2436,701568,703615,2025-07-17 12:20:00+00:00,2025-07-28 15:05:00+00:00,288,9,2048
2048,2437,701856,703903,2025-07-18 12:20:00+00:00,2025-07-29 15:05:00+00:00,288,9,2048
2048,2438,702144,704191,2025-07-21 12:25:00+00:00,2025-07-30 15:05:00+00:00,288,9,2048
2048,2439,702432,704479,2025-07-22 12:25:00+00:00,2025-07-31 15:05:00+00:00,288,9,2048
2048,2440,702720,704767,2025-07-23 12:25:00+00:00,2025-08-01 15:05:00+00:00,288,9,2048
2048,2441,703008,705055,2025-07-24 12:25:00+00:00,2025-08-04 15:10:00+00:00,288,9,2048
2048,2442,703296,705343,2025-07-25 12:25:00+00:00,2025-08-05 15:10:00+00:00,288,9,2048
2048,2443,703584,705631,2025-07-28 12:30:00+00:00,2025-08-06 15:10:00+00:00,288,9,2048
2048,2444,703872,705919,2025-07-29 12:30:00+00:00,2025-08-07 15:10:00+00:00,288,9,2048
2048,2445,704160,706207,2025-07-30 12:30:00+00:00,2025-08-08 15:10:00+00:00,288,9,2048
2048,2446,704448,706495,2025-07-31 12:30:00+00:00,2025-08-11 15:15:00+00:00,288,9,2048
2048,2447,704736,706783,2025-08-01 12:30:00+00:00,2025-08-12 15:15:00+00:00,288,9,2048
2048,2448,705024,707071,2025-08-04 12:35:00+00:00,2025-08-13 15:15:00+00:00,288,9,2048
2048,2449,705312,707359,2025-08-05 12:35:00+00:00,2025-08-14 15:15:00+00:00,288,9,2048
2048,2450,705600,707647,2025-08-06 12:35:00+00:00,2025-08-15 15:15:00+00:00,288,9,2048
2048,2451,705888,707935,2025-08-07 12:35:00+00:00,2025-08-18 15:20:00+00:00,288,9,2048
2048,2452,706176,708223,2025-08-08 12:35:00+00:00,2025-08-19 15:20:00+00:00,288,9,2048
2048,2453,706464,708511,2025-08-11 12:40:00+00:00,2025-08-20 15:20:00+00:00,288,9,2048
2048,2454,706752,708799,2025-08-12 12:40:00+00:00,2025-08-21 15:20:00+00:00,288,9,2048
2048,2455,707040,709087,2025-08-13 12:40:00+00:00,2025-08-22 15:20:00+00:00,288,9,2048
2048,2456,707328,709375,2025-08-14 12:40:00+00:00,2025-08-25 15:25:00+00:00,288,9,2048
2048,2457,707616,709663,2025-08-15 12:40:00+00:00,2025-08-26 15:25:00+00:00,288,9,2048
2048,2458,707904,709951,2025-08-18 12:45:00+00:00,2025-08-27 15:25:00+00:00,288,9,2048
2048,2459,708192,710239,2025-08-19 12:45:00+00:00,2025-08-28 15:25:00+00:00,288,9,2048
2048,2460,708480,710527,2025-08-20 12:45:00+00:00,2025-08-29 15:25:00+00:00,288,9,2048
2048,2461,708768,710815,2025-08-21 12:45:00+00:00,2025-09-01 15:30:00+00:00,288,9,2048
2048,2462,709056,711103,2025-08-22 12:45:00+00:00,2025-09-02 15:30:00+00:00,288,9,2048
2048,2463,709344,711391,2025-08-25 12:50:00+00:00,2025-09-03 15:40:00+00:00,288,9,2048
2048,2464,709632,711679,2025-08-26 12:50:00+00:00,2025-09-04 15:40:00+00:00,288,9,2048
2048,2465,709920,711967,2025-08-27 12:50:00+00:00,2025-09-05 15:40:00+00:00,288,9,2048
2048,2466,710208,712255,2025-08-28 12:50:00+00:00,2025-09-08 15:45:00+00:00,288,9,2048
2048,2467,710496,712543,2025-08-29 12:50:00+00:00,2025-09-09 15:45:00+00:00,288,9,2048
2048,2468,710784,712831,2025-09-01 12:55:00+00:00,2025-09-10 15:45:00+00:00,288,9,2048
2048,2469,711072,713119,2025-09-02 12:55:00+00:00,2025-09-11 15:45:00+00:00,288,9,2048
2048,2470,711360,713407,2025-09-03 13:05:00+00:00,2025-09-12 15:45:00+00:00,288,9,2048
2048,2471,711648,713695,2025-09-04 13:05:00+00:00,2025-09-15 15:50:00+00:00,288,9,2048
2048,2472,711936,713983,2025-09-05 13:05:00+00:00,2025-09-16 15:50:00+00:00,288,9,2048
2048,2473,712224,714271,2025-09-08 13:10:00+00:00,2025-09-17 15:50:00+00:00,288,9,2048
2048,2474,712512,714559,2025-09-09 13:10:00+00:00,2025-09-18 15:50:00+00:00,288,9,2048
2048,2475,712800,714847,2025-09-10 13:10:00+00:00,2025-09-19 15:50:00+00:00,288,9,2048
2048,2476,713088,715135,2025-09-11 13:10:00+00:00,2025-09-22 15:55:00+00:00,288,9,2048
2048,2477,713376,715423,2025-09-12 13:10:00+00:00,2025-09-23 15:55:00+00:00,288,9,2048
2048,2478,713664,715711,2025-09-15 13:15:00+00:00,2025-09-24 15:55:00+00:00,288,9,2048
2048,2479,713952,715999,2025-09-16 13:15:00+00:00,2025-09-25 15:55:00+00:00,288,9,2048
2048,2480,714240,716287,2025-09-17 13:15:00+00:00,2025-09-26 15:55:00+00:00,288,9,2048
2048,2481,714528,716575,2025-09-18 13:15:00+00:00,2025-09-29 16:00:00+00:00,288,9,2048
2048,2482,714816,716863,2025-09-19 13:15:00+00:00,2025-09-30 16:00:00+00:00,288,9,2048
2048,2483,715104,717151,2025-09-22 13:20:00+00:00,2025-10-01 16:00:00+00:00,288,9,2048
2048,2484,715392,717439,2025-09-23 13:20:00+00:00,2025-10-02 16:00:00+00:00,288,9,2048
2048,2485,715680,717727,2025-09-24 13:20:00+00:00,2025-10-03 16:00:00+00:00,288,9,2048
2048,2486,715968,718015,2025-09-25 13:20:00+00:00,2025-10-06 16:05:00+00:00,288,9,2048
2048,2487,716256,718303,2025-09-26 13:20:00+00:00,2025-10-07 16:05:00+00:00,288,9,2048
2048,2488,716544,718591,2025-09-29 13:25:00+00:00,2025-10-08 16:05:00+00:00,288,9,2048
2048,2489,716832,718879,2025-09-30 13:25:00+00:00,2025-10-09 16:05:00+00:00,288,9,2048
2048,2490,717120,719167,2025-10-01 13:25:00+00:00,2025-10-10 16:05:00+00:00,288,9,2048
2048,2491,717408,719455,2025-10-02 13:25:00+00:00,2025-10-13 16:10:00+00:00,288,9,2048
2048,2492,717696,719743,2025-10-03 13:25:00+00:00,2025-10-14 16:10:00+00:00,288,9,2048
2048,2493,717984,720031,2025-10-06 13:30:00+00:00,2025-10-15 16:10:00+00:00,288,9,2048
2048,2494,718272,720319,2025-10-07 13:30:00+00:00,2025-10-16 16:10:00+00:00,288,9,2048
2048,2495,718560,720607,2025-10-08 13:30:00+00:00,2025-10-17 16:10:00+00:00,288,9,2048
2048,2496,718848,720895,2025-10-09 13:30:00+00:00,2025-10-20 16:15:00+00:00,288,9,2048
2048,2497,719136,721183,2025-10-10 13:30:00+00:00,2025-10-21 16:15:00+00:00,288,9,2048
2048,2498,719424,721471,2025-10-13 13:35:00+00:00,2025-10-22 16:15:00+00:00,288,9,2048
2048,2499,719712,721759,2025-10-14 13:35:00+00:00,2025-10-23 16:15:00+00:00,288,9,2048
2048,2500,720000,722047,2025-10-15 13:35:00+00:00,2025-10-24 16:15:00+00:00,288,9,2048
2048,2501,720288,722335,2025-10-16 13:35:00+00:00,2025-10-27 15:20:00+00:00,288,9,2048
2048,2502,720576,722623,2025-10-17 13:35:00+00:00,2025-10-28 15:20:00+00:00,288,9,2048
2048,2503,720864,722911,2025-10-20 13:40:00+00:00,2025-10-29 15:20:00+00:00,288,9,2048
2048,2504,721152,723199,2025-10-21 13:40:00+00:00,2025-10-30 15:20:00+00:00,288,9,2048
2048,2505,721440,723487,2025-10-22 13:40:00+00:00,2025-10-31 15:20:00+00:00,288,9,2048
2048,2506,721728,723775,2025-10-23 13:40:00+00:00,2025-11-03 16:25:00+00:00,288,9,2048
2048,2507,722016,724063,2025-10-24 13:40:00+00:00,2025-11-04 16:25:00+00:00,288,9,2048
2048,2508,722304,724351,2025-10-27 12:45:00+00:00,2025-11-05 16:25:00+00:00,288,9,2048
2048,2509,722592,724639,2025-10-28 12:45:00+00:00,2025-11-06 16:25:00+00:00,288,9,2048
2048,2510,722880,724927,2025-10-29 12:45:00+00:00,2025-11-07 16:25:00+00:00,288,9,2048
2048,2511,723168,725215,2025-10-30 12:45:00+00:00,2025-11-10 16:30:00+00:00,288,9,2048
2048,2512,723456,725503,2025-10-31 12:45:00+00:00,2025-11-11 16:30:00+00:00,288,9,2048
2048,2513,723744,725791,2025-11-03 13:50:00+00:00,2025-11-12 16:30:00+00:00,288,9,2048
2048,2514,724032,726079,2025-11-04 13:50:00+00:00,2025-11-13 16:30:00+00:00,288,9,2048
2048,2515,724320,726367,2025-11-05 13:50:00+00:00,2025-11-14 16:30:00+00:00,288,9,2048
2048,2516,724608,726655,2025-11-06 13:50:00+00:00,2025-11-17 16:35:00+00:00,288,9,2048
2048,2517,724896,726943,2025-11-07 13:50:00+00:00,2025-11-18 16:35:00+00:00,288,9,2048
2048,2518,725184,727231,2025-11-10 13:55:00+00:00,2025-11-19 16:35:00+00:00,288,9,2048
2048,2519,725472,727519,2025-11-11 13:55:00+00:00,2025-11-20 16:35:00+00:00,288,9,2048
2048,2520,725760,727807,2025-11-12 13:55:00+00:00,2025-11-21 16:35:00+00:00,288,9,2048
2048,2521,726048,728095,2025-11-13 13:55:00+00:00,2025-11-24 16:40:00+00:00,288,9,2048
2048,2522,726336,728383,2025-11-14 13:55:00+00:00,2025-11-25 16:40:00+00:00,288,9,2048
2048,2523,726624,728671,2025-11-17 14:00:00+00:00,2025-11-26 16:40:00+00:00,288,9,2048
2048,2524,726912,728959,2025-11-18 14:00:00+00:00,2025-11-27 16:40:00+00:00,288,9,2048
2048,2525,727200,729247,2025-11-19 14:00:00+00:00,2025-11-28 16:40:00+00:00,288,9,2048
2048,2526,727488,729535,2025-11-20 14:00:00+00:00,2025-12-01 16:45:00+00:00,288,9,2048
2048,2527,727776,729823,2025-11-21 14:00:00+00:00,2025-12-02 16:45:00+00:00,288,9,2048
2048,2528,728064,730111,2025-11-24 14:05:00+00:00,2025-12-03 16:45:00+00:00,288,9,2048
2048,2529,728352,730399,2025-11-25 14:05:00+00:00,2025-12-04 16:45:00+00:00,288,9,2048
2048,2530,728640,730687,2025-11-26 14:05:00+00:00,2025-12-05 16:45:00+00:00,288,9,2048
2048,2531,728928,730975,2025-11-27 14:05:00+00:00,2025-12-08 16:50:00+00:00,288,9,2048
2048,2532,729216,731263,2025-11-28 14:05:00+00:00,2025-12-09 16:50:00+00:00,288,9,2048
2048,2533,729504,731551,2025-12-01 14:10:00+00:00,2025-12-10 16:50:00+00:00,288,9,2048
2048,2534,729792,731839,2025-12-02 14:10:00+00:00,2025-12-11 16:50:00+00:00,288,9,2048
2048,2535,730080,732127,2025-12-03 14:10:00+00:00,2025-12-12 16:50:00+00:00,288,9,2048
2048,2536,730368,732415,2025-12-04 14:10:00+00:00,2025-12-15 16:55:00+00:00,288,9,2048
2048,2537,730656,732703,2025-12-05 14:10:00+00:00,2025-12-16 16:55:00+00:00,288,9,2048
2048,2538,730944,732991,2025-12-08 14:15:00+00:00,2025-12-17 16:55:00+00:00,288,9,2048
2048,2539,731232,733279,2025-12-09 14:15:00+00:00,2025-12-18 16:55:00+00:00,288,9,2048
2048,2540,731520,733567,2025-12-10 14:15:00+00:00,2025-12-19 16:55:00+00:00,288,9,2048
2048,2541,731808,733855,2025-12-11 14:15:00+00:00,2025-12-22 17:00:00+00:00,288,9,2048
2048,2542,732096,734143,2025-12-12 14:15:00+00:00,2025-12-23 17:00:00+00:00,288,9,2048
2048,2543,732384,734431,2025-12-15 14:20:00+00:00,2025-12-24 17:00:00+00:00,288,9,2048
2048,2544,732672,734719,2025-12-16 14:20:00+00:00,2025-12-26 11:40:00+00:00,288,9,2048
2048,2545,732960,735007,2025-12-17 14:20:00+00:00,2025-12-29 11:45:00+00:00,288,9,2048
8192,0,0,8191,2016-01-03 22:05:00+00:00,2016-02-11 09:05:00+00:00,288,9,8192
8192,1,288,8479,2016-01-04 22:05:00+00:00,2016-02-12 09:05:00+00:00,288,9,8192
8192,2,576,8767,2016-01-05 22:05:00+00:00,2016-02-15 09:10:00+00:00,288,9,8192
8192,3,864,9055,2016-01-06 22:05:00+00:00,2016-02-16 09:10:00+00:00,288,9,8192
8192,4,1152,9343,2016-01-07 22:05:00+00:00,2016-02-17 09:10:00+00:00,288,9,8192
8192,5,1440,9631,2016-01-10 22:10:00+00:00,2016-02-18 09:10:00+00:00,288,9,8192
8192,6,1728,9919,2016-01-11 22:10:00+00:00,2016-02-19 09:10:00+00:00,288,9,8192
8192,7,2016,10207,2016-01-12 22:10:00+00:00,2016-02-22 09:15:00+00:00,288,9,8192
8192,8,2304,10495,2016-01-13 22:10:00+00:00,2016-02-23 09:15:00+00:00,288,9,8192
8192,9,2592,10783,2016-01-14 22:10:00+00:00,2016-02-24 09:15:00+00:00,288,9,8192
8192,10,2880,11071,2016-01-17 22:15:00+00:00,2016-02-25 09:15:00+00:00,288,9,8192
8192,11,3168,11359,2016-01-18 22:15:00+00:00,2016-02-26 09:15:00+00:00,288,9,8192
8192,12,3456,11647,2016-01-19 22:15:00+00:00,2016-02-29 09:20:00+00:00,288,9,8192
8192,13,3744,11935,2016-01-20 22:15:00+00:00,2016-03-01 09:20:00+00:00,288,9,8192
8192,14,4032,12223,2016-01-21 22:15:00+00:00,2016-03-02 09:20:00+00:00,288,9,8192
8192,15,4320,12511,2016-01-24 22:20:00+00:00,2016-03-03 09:20:00+00:00,288,9,8192
8192,16,4608,12799,2016-01-25 22:20:00+00:00,2016-03-04 09:20:00+00:00,288,9,8192
8192,17,4896,13087,2016-01-26 22:20:00+00:00,2016-03-07 09:25:00+00:00,288,9,8192
8192,18,5184,13375,2016-01-27 22:20:00+00:00,2016-03-08 09:25:00+00:00,288,9,8192
8192,19,5472,13663,2016-01-28 22:20:00+00:00,2016-03-09 09:25:00+00:00,288,9,8192
8192,20,5760,13951,2016-01-31 22:25:00+00:00,2016-03-10 09:25:00+00:00,288,9,8192
8192,21,6048,14239,2016-02-01 22:25:00+00:00,2016-03-11 09:25:00+00:00,288,9,8192
8192,22,6336,14527,2016-02-02 22:25:00+00:00,2016-03-14 09:30:00+00:00,288,9,8192
8192,23,6624,14815,2016-02-03 22:25:00+00:00,2016-03-15 09:30:00+00:00,288,9,8192
8192,24,6912,15103,2016-02-04 22:25:00+00:00,2016-03-16 09:30:00+00:00,288,9,8192
8192,25,7200,15391,2016-02-07 22:30:00+00:00,2016-03-17 09:30:00+00:00,288,9,8192
8192,26,7488,15679,2016-02-08 22:30:00+00:00,2016-03-18 09:30:00+00:00,288,9,8192
8192,27,7776,15967,2016-02-09 22:30:00+00:00,2016-03-21 09:35:00+00:00,288,9,8192
8192,28,8064,16255,2016-02-10 22:30:00+00:00,2016-03-22 09:35:00+00:00,288,9,8192
8192,29,8352,16543,2016-02-11 22:30:00+00:00,2016-03-23 09:35:00+00:00,288,9,8192
8192,30,8640,16831,2016-02-14 22:35:00+00:00,2016-03-24 09:35:00+00:00,288,9,8192
8192,31,8928,17119,2016-02-15 22:35:00+00:00,2016-03-25 09:35:00+00:00,288,9,8192
8192,32,9216,17407,2016-02-16 22:35:00+00:00,2016-03-28 09:40:00+00:00,288,9,8192
8192,33,9504,17695,2016-02-17 22:35:00+00:00,2016-03-29 09:40:00+00:00,288,9,8192
8192,34,9792,17983,2016-02-18 22:35:00+00:00,2016-03-30 09:40:00+00:00,288,9,8192
8192,35,10080,18271,2016-02-21 22:40:00+00:00,2016-03-31 09:40:00+00:00,288,9,8192
8192,36,10368,18559,2016-02-22 22:40:00+00:00,2016-04-01 09:40:00+00:00,288,9,8192
8192,37,10656,18847,2016-02-23 22:40:00+00:00,2016-04-04 09:45:00+00:00,288,9,8192
8192,38,10944,19135,2016-02-24 22:40:00+00:00,2016-04-05 09:45:00+00:00,288,9,8192
8192,39,11232,19423,2016-02-25 22:40:00+00:00,2016-04-06 09:45:00+00:00,288,9,8192
8192,40,11520,19711,2016-02-28 22:45:00+00:00,2016-04-07 09:45:00+00:00,288,9,8192
8192,41,11808,19999,2016-02-29 22:45:00+00:00,2016-04-08 09:45:00+00:00,288,9,8192
8192,42,12096,20287,2016-03-01 22:45:00+00:00,2016-04-11 09:50:00+00:00,288,9,8192
8192,43,12384,20575,2016-03-02 22:45:00+00:00,2016-04-12 09:50:00+00:00,288,9,8192
8192,44,12672,20863,2016-03-03 22:45:00+00:00,2016-04-13 09:50:00+00:00,288,9,8192
8192,45,12960,21151,2016-03-06 22:50:00+00:00,2016-04-14 09:50:00+00:00,288,9,8192
8192,46,13248,21439,2016-03-07 22:50:00+00:00,2016-04-15 09:50:00+00:00,288,9,8192
8192,47,13536,21727,2016-03-08 22:50:00+00:00,2016-04-18 09:55:00+00:00,288,9,8192
8192,48,13824,22015,2016-03-09 22:50:00+00:00,2016-04-19 09:55:00+00:00,288,9,8192
8192,49,14112,22303,2016-03-10 22:50:00+00:00,2016-04-20 09:55:00+00:00,288,9,8192
8192,50,14400,22591,2016-03-13 22:55:00+00:00,2016-04-21 09:55:00+00:00,288,9,8192
8192,51,14688,22879,2016-03-14 22:55:00+00:00,2016-04-22 09:55:00+00:00,288,9,8192
8192,52,14976,23167,2016-03-15 22:55:00+00:00,2016-04-25 10:00:00+00:00,288,9,8192
8192,53,15264,23455,2016-03-16 22:55:00+00:00,2016-04-26 10:00:00+00:00,288,9,8192
8192,54,15552,23743,2016-03-17 22:55:00+00:00,2016-04-27 10:00:00+00:00,288,9,8192
8192,55,15840,24031,2016-03-20 23:00:00+00:00,2016-04-28 10:00:00+00:00,288,9,8192
8192,56,16128,24319,2016-03-21 23:00:00+00:00,2016-04-29 10:00:00+00:00,288,9,8192
8192,57,16416,24607,2016-03-22 23:00:00+00:00,2016-05-02 10:05:00+00:00,288,9,8192
8192,58,16704,24895,2016-03-23 23:00:00+00:00,2016-05-03 10:05:00+00:00,288,9,8192
8192,59,16992,25183,2016-03-24 23:00:00+00:00,2016-05-04 10:05:00+00:00,288,9,8192
8192,60,17280,25471,2016-03-27 23:05:00+00:00,2016-05-05 10:05:00+00:00,288,9,8192
8192,61,17568,25759,2016-03-28 23:05:00+00:00,2016-05-06 10:05:00+00:00,288,9,8192
8192,62,17856,26047,2016-03-29 23:05:00+00:00,2016-05-09 10:10:00+00:00,288,9,8192
8192,63,18144,26335,2016-03-30 23:05:00+00:00,2016-05-10 10:10:00+00:00,288,9,8192
8192,64,18432,26623,2016-03-31 23:05:00+00:00,2016-05-11 10:10:00+00:00,288,9,8192
8192,65,18720,26911,2016-04-03 23:10:00+00:00,2016-05-12 10:10:00+00:00,288,9,8192
8192,66,19008,27199,2016-04-04 23:10:00+00:00,2016-05-13 10:10:00+00:00,288,9,8192
8192,67,19296,27487,2016-04-05 23:10:00+00:00,2016-05-16 10:15:00+00:00,288,9,8192
8192,68,19584,27775,2016-04-06 23:10:00+00:00,2016-05-17 10:15:00+00:00,288,9,8192
8192,69,19872,28063,2016-04-07 23:10:00+00:00,2016-05-18 10:15:00+00:00,288,9,8192
8192,70,20160,28351,2016-04-10 23:15:00+00:00,2016-05-19 10:15:00+00:00,288,9,8192
8192,71,20448,28639,2016-04-11 23:15:00+00:00,2016-05-20 10:15:00+00:00,288,9,8192
8192,72,20736,28927,2016-04-12 23:15:00+00:00,2016-05-23 10:20:00+00:00,288,9,8192
8192,73,21024,29215,2016-04-13 23:15:00+00:00,2016-05-24 10:20:00+00:00,288,9,8192
8192,74,21312,29503,2016-04-14 23:15:00+00:00,2016-05-25 10:20:00+00:00,288,9,8192
8192,75,21600,29791,2016-04-17 23:20:00+00:00,2016-05-26 10:20:00+00:00,288,9,8192
8192,76,21888,30079,2016-04-18 23:20:00+00:00,2016-05-27 10:20:00+00:00,288,9,8192
8192,77,22176,30367,2016-04-19 23:20:00+00:00,2016-05-30 10:25:00+00:00,288,9,8192
8192,78,22464,30655,2016-04-20 23:20:00+00:00,2016-05-31 10:25:00+00:00,288,9,8192
8192,79,22752,30943,2016-04-21 23:20:00+00:00,2016-06-01 10:25:00+00:00,288,9,8192
8192,80,23040,31231,2016-04-24 23:25:00+00:00,2016-06-02 10:25:00+00:00,288,9,8192
8192,81,23328,31519,2016-04-25 23:25:00+00:00,2016-06-03 10:25:00+00:00,288,9,8192
8192,82,23616,31807,2016-04-26 23:25:00+00:00,2016-06-06 10:30:00+00:00,288,9,8192
8192,83,23904,32095,2016-04-27 23:25:00+00:00,2016-06-07 10:30:00+00:00,288,9,8192
8192,84,24192,32383,2016-04-28 23:25:00+00:00,2016-06-08 10:30:00+00:00,288,9,8192
8192,85,24480,32671,2016-05-01 23:30:00+00:00,2016-06-09 10:30:00+00:00,288,9,8192
8192,86,24768,32959,2016-05-02 23:30:00+00:00,2016-06-10 10:30:00+00:00,288,9,8192
8192,87,25056,33247,2016-05-03 23:30:00+00:00,2016-06-13 10:35:00+00:00,288,9,8192
8192,88,25344,33535,2016-05-04 23:30:00+00:00,2016-06-14 10:35:00+00:00,288,9,8192
8192,89,25632,33823,2016-05-05 23:30:00+00:00,2016-06-15 10:35:00+00:00,288,9,8192
8192,90,25920,34111,2016-05-08 23:35:00+00:00,2016-06-16 10:35:00+00:00,288,9,8192
8192,91,26208,34399,2016-05-09 23:35:00+00:00,2016-06-17 10:35:00+00:00,288,9,8192
8192,92,26496,34687,2016-05-10 23:35:00+00:00,2016-06-20 10:40:00+00:00,288,9,8192
8192,93,26784,34975,2016-05-11 23:35:00+00:00,2016-06-21 10:40:00+00:00,288,9,8192
8192,94,27072,35263,2016-05-12 23:35:00+00:00,2016-06-22 10:40:00+00:00,288,9,8192
8192,95,27360,35551,2016-05-15 23:40:00+00:00,2016-06-23 10:40:00+00:00,288,9,8192
8192,96,27648,35839,2016-05-16 23:40:00+00:00,2016-06-24 10:40:00+00:00,288,9,8192
8192,97,27936,36127,2016-05-17 23:40:00+00:00,2016-06-27 10:45:00+00:00,288,9,8192
8192,98,28224,36415,2016-05-18 23:40:00+00:00,2016-06-28 10:45:00+00:00,288,9,8192
8192,99,28512,36703,2016-05-19 23:40:00+00:00,2016-06-29 10:45:00+00:00,288,9,8192
8192,100,28800,36991,2016-05-22 23:45:00+00:00,2016-06-30 10:45:00+00:00,288,9,8192
8192,101,29088,37279,2016-05-23 23:45:00+00:00,2016-07-01 10:45:00+00:00,288,9,8192
8192,102,29376,37567,2016-05-24 23:45:00+00:00,2016-07-04 10:50:00+00:00,288,9,8192
8192,103,29664,37855,2016-05-25 23:45:00+00:00,2016-07-05 10:50:00+00:00,288,9,8192
8192,104,29952,38143,2016-05-26 23:45:00+00:00,2016-07-06 10:50:00+00:00,288,9,8192
8192,105,30240,38431,2016-05-29 23:50:00+00:00,2016-07-07 10:50:00+00:00,288,9,8192
8192,106,30528,38719,2016-05-30 23:50:00+00:00,2016-07-08 10:50:00+00:00,288,9,8192
8192,107,30816,39007,2016-05-31 23:50:00+00:00,2016-07-11 10:55:00+00:00,288,9,8192
8192,108,31104,39295,2016-06-01 23:50:00+00:00,2016-07-12 11:05:00+00:00,288,9,8192
8192,109,31392,39583,2016-06-02 23:50:00+00:00,2016-07-13 11:05:00+00:00,288,9,8192
8192,110,31680,39871,2016-06-05 23:55:00+00:00,2016-07-14 11:05:00+00:00,288,9,8192
8192,111,31968,40159,2016-06-06 23:55:00+00:00,2016-07-15 11:05:00+00:00,288,9,8192
8192,112,32256,40447,2016-06-07 23:55:00+00:00,2016-07-18 11:10:00+00:00,288,9,8192
8192,113,32544,40735,2016-06-08 23:55:00+00:00,2016-07-19 11:10:00+00:00,288,9,8192
8192,114,32832,41023,2016-06-09 23:55:00+00:00,2016-07-20 11:10:00+00:00,288,9,8192
8192,115,33120,41311,2016-06-13 00:00:00+00:00,2016-07-21 11:10:00+00:00,288,9,8192
8192,116,33408,41599,2016-06-14 00:00:00+00:00,2016-07-22 11:10:00+00:00,288,9,8192
8192,117,33696,41887,2016-06-15 00:00:00+00:00,2016-07-25 11:15:00+00:00,288,9,8192
8192,118,33984,42175,2016-06-16 00:00:00+00:00,2016-07-26 11:15:00+00:00,288,9,8192
8192,119,34272,42463,2016-06-17 00:00:00+00:00,2016-07-27 11:15:00+00:00,288,9,8192
8192,120,34560,42751,2016-06-20 00:05:00+00:00,2016-07-28 11:15:00+00:00,288,9,8192
8192,121,34848,43039,2016-06-21 00:05:00+00:00,2016-07-29 11:15:00+00:00,288,9,8192
8192,122,35136,43327,2016-06-22 00:05:00+00:00,2016-08-01 11:20:00+00:00,288,9,8192
8192,123,35424,43615,2016-06-23 00:05:00+00:00,2016-08-02 11:20:00+00:00,288,9,8192
8192,124,35712,43903,2016-06-24 00:05:00+00:00,2016-08-03 11:20:00+00:00,288,9,8192
8192,125,36000,44191,2016-06-27 00:10:00+00:00,2016-08-04 11:20:00+00:00,288,9,8192
8192,126,36288,44479,2016-06-28 00:10:00+00:00,2016-08-05 11:20:00+00:00,288,9,8192
8192,127,36576,44767,2016-06-29 00:10:00+00:00,2016-08-08 11:25:00+00:00,288,9,8192
8192,128,36864,45055,2016-06-30 00:10:00+00:00,2016-08-09 11:25:00+00:00,288,9,8192
8192,129,37152,45343,2016-07-01 00:10:00+00:00,2016-08-10 11:25:00+00:00,288,9,8192
8192,130,37440,45631,2016-07-04 00:15:00+00:00,2016-08-11 11:25:00+00:00,288,9,8192
8192,131,37728,45919,2016-07-05 00:15:00+00:00,2016-08-12 11:25:00+00:00,288,9,8192
8192,132,38016,46207,2016-07-06 00:15:00+00:00,2016-08-15 11:30:00+00:00,288,9,8192
8192,133,38304,46495,2016-07-07 00:15:00+00:00,2016-08-16 11:30:00+00:00,288,9,8192
8192,134,38592,46783,2016-07-08 00:15:00+00:00,2016-08-17 11:30:00+00:00,288,9,8192
8192,135,38880,47071,2016-07-11 00:20:00+00:00,2016-08-18 11:30:00+00:00,288,9,8192
8192,136,39168,47359,2016-07-12 00:20:00+00:00,2016-08-19 11:30:00+00:00,288,9,8192
8192,137,39456,47647,2016-07-13 00:30:00+00:00,2016-08-22 11:35:00+00:00,288,9,8192
8192,138,39744,47935,2016-07-14 00:30:00+00:00,2016-08-23 11:35:00+00:00,288,9,8192
8192,139,40032,48223,2016-07-15 00:30:00+00:00,2016-08-24 11:35:00+00:00,288,9,8192
8192,140,40320,48511,2016-07-18 00:35:00+00:00,2016-08-25 11:35:00+00:00,288,9,8192
8192,141,40608,48799,2016-07-19 00:35:00+00:00,2016-08-26 11:35:00+00:00,288,9,8192
8192,142,40896,49087,2016-07-20 00:35:00+00:00,2016-08-29 11:40:00+00:00,288,9,8192
8192,143,41184,49375,2016-07-21 00:35:00+00:00,2016-08-30 11:40:00+00:00,288,9,8192
8192,144,41472,49663,2016-07-22 00:35:00+00:00,2016-08-31 11:40:00+00:00,288,9,8192
8192,145,41760,49951,2016-07-25 00:40:00+00:00,2016-09-01 11:40:00+00:00,288,9,8192
8192,146,42048,50239,2016-07-26 00:40:00+00:00,2016-09-02 11:40:00+00:00,288,9,8192
8192,147,42336,50527,2016-07-27 00:40:00+00:00,2016-09-05 11:45:00+00:00,288,9,8192
8192,148,42624,50815,2016-07-28 00:40:00+00:00,2016-09-06 11:45:00+00:00,288,9,8192
8192,149,42912,51103,2016-07-29 00:40:00+00:00,2016-09-07 11:45:00+00:00,288,9,8192
8192,150,43200,51391,2016-08-01 00:45:00+00:00,2016-09-08 11:45:00+00:00,288,9,8192
8192,151,43488,51679,2016-08-02 00:45:00+00:00,2016-09-09 11:45:00+00:00,288,9,8192
8192,152,43776,51967,2016-08-03 00:45:00+00:00,2016-09-12 11:50:00+00:00,288,9,8192
8192,153,44064,52255,2016-08-04 00:45:00+00:00,2016-09-13 11:50:00+00:00,288,9,8192
8192,154,44352,52543,2016-08-05 00:45:00+00:00,2016-09-14 11:50:00+00:00,288,9,8192
8192,155,44640,52831,2016-08-08 00:50:00+00:00,2016-09-15 11:50:00+00:00,288,9,8192
8192,156,44928,53119,2016-08-09 00:50:00+00:00,2016-09-16 11:50:00+00:00,288,9,8192
8192,157,45216,53407,2016-08-10 00:50:00+00:00,2016-09-19 11:55:00+00:00,288,9,8192
8192,158,45504,53695,2016-08-11 00:50:00+00:00,2016-09-20 11:55:00+00:00,288,9,8192
8192,159,45792,53983,2016-08-12 00:50:00+00:00,2016-09-21 11:55:00+00:00,288,9,8192
8192,160,46080,54271,2016-08-15 00:55:00+00:00,2016-09-22 11:55:00+00:00,288,9,8192
8192,161,46368,54559,2016-08-16 00:55:00+00:00,2016-09-23 11:55:00+00:00,288,9,8192
8192,162,46656,54847,2016-08-17 00:55:00+00:00,2016-09-26 12:00:00+00:00,288,9,8192
8192,163,46944,55135,2016-08-18 00:55:00+00:00,2016-09-27 12:00:00+00:00,288,9,8192
8192,164,47232,55423,2016-08-19 00:55:00+00:00,2016-09-28 12:00:00+00:00,288,9,8192
8192,165,47520,55711,2016-08-22 01:00:00+00:00,2016-09-29 12:00:00+00:00,288,9,8192
8192,166,47808,55999,2016-08-23 01:00:00+00:00,2016-09-30 12:00:00+00:00,288,9,8192
8192,167,48096,56287,2016-08-24 01:00:00+00:00,2016-10-03 12:05:00+00:00,288,9,8192
8192,168,48384,56575,2016-08-25 01:00:00+00:00,2016-10-04 12:05:00+00:00,288,9,8192
8192,169,48672,56863,2016-08-26 01:00:00+00:00,2016-10-05 12:05:00+00:00,288,9,8192
8192,170,48960,57151,2016-08-29 01:05:00+00:00,2016-10-06 12:05:00+00:00,288,9,8192
8192,171,49248,57439,2016-08-30 01:05:00+00:00,2016-10-07 12:05:00+00:00,288,9,8192
8192,172,49536,57727,2016-08-31 01:05:00+00:00,2016-10-10 12:10:00+00:00,288,9,8192
8192,173,49824,58015,2016-09-01 01:05:00+00:00,2016-10-11 12:10:00+00:00,288,9,8192
8192,174,50112,58303,2016-09-02 01:05:00+00:00,2016-10-12 12:10:00+00:00,288,9,8192
8192,175,50400,58591,2016-09-05 01:10:00+00:00,2016-10-13 12:10:00+00:00,288,9,8192
8192,176,50688,58879,2016-09-06 01:10:00+00:00,2016-10-14 12:10:00+00:00,288,9,8192
8192,177,50976,59167,2016-09-07 01:10:00+00:00,2016-10-17 12:15:00+00:00,288,9,8192
8192,178,51264,59455,2016-09-08 01:10:00+00:00,2016-10-18 12:15:00+00:00,288,9,8192
8192,179,51552,59743,2016-09-09 01:10:00+00:00,2016-10-19 12:15:00+00:00,288,9,8192
8192,180,51840,60031,2016-09-12 01:15:00+00:00,2016-10-20 12:15:00+00:00,288,9,8192
8192,181,52128,60319,2016-09-13 01:15:00+00:00,2016-10-21 12:15:00+00:00,288,9,8192
8192,182,52416,60607,2016-09-14 01:15:00+00:00,2016-10-24 12:20:00+00:00,288,9,8192
8192,183,52704,60895,2016-09-15 01:15:00+00:00,2016-10-25 12:20:00+00:00,288,9,8192
8192,184,52992,61183,2016-09-16 01:15:00+00:00,2016-10-26 12:20:00+00:00,288,9,8192
8192,185,53280,61471,2016-09-19 01:20:00+00:00,2016-10-27 12:20:00+00:00,288,9,8192
8192,186,53568,61759,2016-09-20 01:20:00+00:00,2016-10-28 12:20:00+00:00,288,9,8192
8192,187,53856,62047,2016-09-21 01:20:00+00:00,2016-10-31 12:25:00+00:00,288,9,8192
8192,188,54144,62335,2016-09-22 01:20:00+00:00,2016-11-01 12:25:00+00:00,288,9,8192
8192,189,54432,62623,2016-09-23 01:20:00+00:00,2016-11-02 12:25:00+00:00,288,9,8192
8192,190,54720,62911,2016-09-26 01:25:00+00:00,2016-11-03 12:25:00+00:00,288,9,8192
8192,191,55008,63199,2016-09-27 01:25:00+00:00,2016-11-04 12:25:00+00:00,288,9,8192
8192,192,55296,63487,2016-09-28 01:25:00+00:00,2016-11-07 12:30:00+00:00,288,9,8192
8192,193,55584,63775,2016-09-29 01:25:00+00:00,2016-11-08 12:30:00+00:00,288,9,8192
8192,194,55872,64063,2016-09-30 01:25:00+00:00,2016-11-09 12:30:00+00:00,288,9,8192
8192,195,56160,64351,2016-10-03 01:30:00+00:00,2016-11-10 12:30:00+00:00,288,9,8192
8192,196,56448,64639,2016-10-04 01:30:00+00:00,2016-11-11 12:30:00+00:00,288,9,8192
8192,197,56736,64927,2016-10-05 01:30:00+00:00,2016-11-14 12:45:00+00:00,288,9,8192
8192,198,57024,65215,2016-10-06 01:30:00+00:00,2016-11-15 12:45:00+00:00,288,9,8192
8192,199,57312,65503,2016-10-07 01:30:00+00:00,2016-11-16 12:45:00+00:00,288,9,8192
8192,200,57600,65791,2016-10-10 01:35:00+00:00,2016-11-17 12:45:00+00:00,288,9,8192
8192,201,57888,66079,2016-10-11 01:35:00+00:00,2016-11-18 12:45:00+00:00,288,9,8192
8192,202,58176,66367,2016-10-12 01:35:00+00:00,2016-11-21 12:50:00+00:00,288,9,8192
8192,203,58464,66655,2016-10-13 01:35:00+00:00,2016-11-22 12:50:00+00:00,288,9,8192
8192,204,58752,66943,2016-10-14 01:35:00+00:00,2016-11-23 12:50:00+00:00,288,9,8192
8192,205,59040,67231,2016-10-17 01:40:00+00:00,2016-11-24 12:50:00+00:00,288,9,8192
8192,206,59328,67519,2016-10-18 01:40:00+00:00,2016-11-25 12:50:00+00:00,288,9,8192
8192,207,59616,67807,2016-10-19 01:40:00+00:00,2016-11-28 12:55:00+00:00,288,9,8192
8192,208,59904,68095,2016-10-20 01:40:00+00:00,2016-11-29 12:55:00+00:00,288,9,8192
8192,209,60192,68383,2016-10-21 01:40:00+00:00,2016-11-30 12:55:00+00:00,288,9,8192
8192,210,60480,68671,2016-10-24 01:45:00+00:00,2016-12-01 12:55:00+00:00,288,9,8192
8192,211,60768,68959,2016-10-25 01:45:00+00:00,2016-12-02 12:55:00+00:00,288,9,8192
8192,212,61056,69247,2016-10-26 01:45:00+00:00,2016-12-05 13:00:00+00:00,288,9,8192
8192,213,61344,69535,2016-10-27 01:45:00+00:00,2016-12-06 13:00:00+00:00,288,9,8192
8192,214,61632,69823,2016-10-28 01:45:00+00:00,2016-12-07 13:00:00+00:00,288,9,8192
8192,215,61920,70111,2016-10-31 01:50:00+00:00,2016-12-08 13:00:00+00:00,288,9,8192
8192,216,62208,70399,2016-11-01 01:50:00+00:00,2016-12-09 13:00:00+00:00,288,9,8192
8192,217,62496,70687,2016-11-02 01:50:00+00:00,2016-12-12 13:05:00+00:00,288,9,8192
8192,218,62784,70975,2016-11-03 01:50:00+00:00,2016-12-13 13:05:00+00:00,288,9,8192
8192,219,63072,71263,2016-11-04 01:50:00+00:00,2016-12-14 13:05:00+00:00,288,9,8192
8192,220,63360,71551,2016-11-07 01:55:00+00:00,2016-12-15 13:05:00+00:00,288,9,8192
8192,221,63648,71839,2016-11-08 01:55:00+00:00,2016-12-16 13:05:00+00:00,288,9,8192
8192,222,63936,72127,2016-11-09 01:55:00+00:00,2016-12-19 13:10:00+00:00,288,9,8192
8192,223,64224,72415,2016-11-10 01:55:00+00:00,2016-12-20 13:10:00+00:00,288,9,8192
8192,224,64512,72703,2016-11-11 01:55:00+00:00,2016-12-21 13:10:00+00:00,288,9,8192
8192,225,64800,72991,2016-11-14 02:10:00+00:00,2016-12-22 13:10:00+00:00,288,9,8192
8192,226,65088,73279,2016-11-15 02:10:00+00:00,2016-12-23 13:10:00+00:00,288,9,8192
8192,227,65376,73567,2016-11-16 02:10:00+00:00,2016-12-27 06:10:00+00:00,288,9,8192
8192,228,65664,73855,2016-11-17 02:10:00+00:00,2016-12-28 06:10:00+00:00,288,9,8192
8192,229,65952,74143,2016-11-18 02:10:00+00:00,2016-12-29 06:10:00+00:00,288,9,8192
8192,230,66240,74431,2016-11-21 02:15:00+00:00,2016-12-30 06:10:00+00:00,288,9,8192
8192,231,66528,74719,2016-11-22 02:15:00+00:00,2017-01-02 15:15:00+00:00,288,9,8192
8192,232,66816,75007,2016-11-23 02:15:00+00:00,2017-01-03 15:15:00+00:00,288,9,8192
8192,233,67104,75295,2016-11-24 02:15:00+00:00,2017-01-04 15:15:00+00:00,288,9,8192
8192,234,67392,75583,2016-11-25 02:15:00+00:00,2017-01-05 15:15:00+00:00,288,9,8192
8192,235,67680,75871,2016-11-28 02:20:00+00:00,2017-01-06 15:15:00+00:00,288,9,8192
8192,236,67968,76159,2016-11-29 02:20:00+00:00,2017-01-09 15:20:00+00:00,288,9,8192
8192,237,68256,76447,2016-11-30 02:20:00+00:00,2017-01-10 15:20:00+00:00,288,9,8192
8192,238,68544,76735,2016-12-01 02:20:00+00:00,2017-01-11 15:20:00+00:00,288,9,8192
8192,239,68832,77023,2016-12-02 02:20:00+00:00,2017-01-12 15:20:00+00:00,288,9,8192
8192,240,69120,77311,2016-12-05 02:25:00+00:00,2017-01-13 15:20:00+00:00,288,9,8192
8192,241,69408,77599,2016-12-06 02:25:00+00:00,2017-01-16 15:25:00+00:00,288,9,8192
8192,242,69696,77887,2016-12-07 02:25:00+00:00,2017-01-17 15:25:00+00:00,288,9,8192
8192,243,69984,78175,2016-12-08 02:25:00+00:00,2017-01-18 15:25:00+00:00,288,9,8192
8192,244,70272,78463,2016-12-09 02:25:00+00:00,2017-01-19 15:25:00+00:00,288,9,8192
8192,245,70560,78751,2016-12-12 02:30:00+00:00,2017-01-20 15:25:00+00:00,288,9,8192
8192,246,70848,79039,2016-12-13 02:30:00+00:00,2017-01-23 15:30:00+00:00,288,9,8192
8192,247,71136,79327,2016-12-14 02:30:00+00:00,2017-01-24 15:30:00+00:00,288,9,8192
8192,248,71424,79615,2016-12-15 02:30:00+00:00,2017-01-25 15:30:00+00:00,288,9,8192
8192,249,71712,79903,2016-12-16 02:30:00+00:00,2017-01-26 15:30:00+00:00,288,9,8192
8192,250,72000,80191,2016-12-19 02:35:00+00:00,2017-01-27 15:30:00+00:00,288,9,8192
8192,251,72288,80479,2016-12-20 02:35:00+00:00,2017-01-30 15:35:00+00:00,288,9,8192
8192,252,72576,80767,2016-12-21 02:35:00+00:00,2017-01-31 15:35:00+00:00,288,9,8192
8192,253,72864,81055,2016-12-22 02:35:00+00:00,2017-02-01 15:35:00+00:00,288,9,8192
8192,254,73152,81343,2016-12-23 02:35:00+00:00,2017-02-02 15:35:00+00:00,288,9,8192
8192,255,73440,81631,2016-12-26 03:30:00+00:00,2017-02-03 15:35:00+00:00,288,9,8192
8192,256,73728,81919,2016-12-27 19:35:00+00:00,2017-02-06 15:40:00+00:00,288,9,8192
8192,257,74016,82207,2016-12-28 19:35:00+00:00,2017-02-07 15:40:00+00:00,288,9,8192
8192,258,74304,82495,2016-12-29 19:35:00+00:00,2017-02-08 15:40:00+00:00,288,9,8192
8192,259,74592,82783,2016-12-30 19:35:00+00:00,2017-02-09 15:40:00+00:00,288,9,8192
8192,260,74880,83071,2017-01-03 04:40:00+00:00,2017-02-10 15:40:00+00:00,288,9,8192
8192,261,75168,83359,2017-01-04 04:40:00+00:00,2017-02-13 15:45:00+00:00,288,9,8192
8192,262,75456,83647,2017-01-05 04:40:00+00:00,2017-02-14 15:45:00+00:00,288,9,8192
8192,263,75744,83935,2017-01-06 04:40:00+00:00,2017-02-15 15:45:00+00:00,288,9,8192
8192,264,76032,84223,2017-01-09 04:45:00+00:00,2017-02-16 15:45:00+00:00,288,9,8192
8192,265,76320,84511,2017-01-10 04:45:00+00:00,2017-02-17 15:45:00+00:00,288,9,8192
8192,266,76608,84799,2017-01-11 04:45:00+00:00,2017-02-20 15:50:00+00:00,288,9,8192
8192,267,76896,85087,2017-01-12 04:45:00+00:00,2017-02-21 15:50:00+00:00,288,9,8192
8192,268,77184,85375,2017-01-13 04:45:00+00:00,2017-02-22 15:50:00+00:00,288,9,8192
8192,269,77472,85663,2017-01-16 04:50:00+00:00,2017-02-23 15:50:00+00:00,288,9,8192
8192,270,77760,85951,2017-01-17 04:50:00+00:00,2017-02-24 15:50:00+00:00,288,9,8192
8192,271,78048,86239,2017-01-18 04:50:00+00:00,2017-02-27 15:55:00+00:00,288,9,8192
8192,272,78336,86527,2017-01-19 04:50:00+00:00,2017-02-28 15:55:00+00:00,288,9,8192
8192,273,78624,86815,2017-01-20 04:50:00+00:00,2017-03-01 15:55:00+00:00,288,9,8192
8192,274,78912,87103,2017-01-23 04:55:00+00:00,2017-03-02 15:55:00+00:00,288,9,8192
8192,275,79200,87391,2017-01-24 04:55:00+00:00,2017-03-03 15:55:00+00:00,288,9,8192
8192,276,79488,87679,2017-01-25 04:55:00+00:00,2017-03-06 16:00:00+00:00,288,9,8192
8192,277,79776,87967,2017-01-26 04:55:00+00:00,2017-03-07 16:00:00+00:00,288,9,8192
8192,278,80064,88255,2017-01-27 04:55:00+00:00,2017-03-08 16:00:00+00:00,288,9,8192
8192,279,80352,88543,2017-01-30 05:00:00+00:00,2017-03-09 16:00:00+00:00,288,9,8192
8192,280,80640,88831,2017-01-31 05:00:00+00:00,2017-03-10 16:00:00+00:00,288,9,8192
8192,281,80928,89119,2017-02-01 05:00:00+00:00,2017-03-13 16:05:00+00:00,288,9,8192
8192,282,81216,89407,2017-02-02 05:00:00+00:00,2017-03-14 16:05:00+00:00,288,9,8192
8192,283,81504,89695,2017-02-03 05:00:00+00:00,2017-03-15 16:05:00+00:00,288,9,8192
8192,284,81792,89983,2017-02-06 05:05:00+00:00,2017-03-16 16:05:00+00:00,288,9,8192
8192,285,82080,90271,2017-02-07 05:05:00+00:00,2017-03-17 16:05:00+00:00,288,9,8192
8192,286,82368,90559,2017-02-08 05:05:00+00:00,2017-03-20 16:10:00+00:00,288,9,8192
8192,287,82656,90847,2017-02-09 05:05:00+00:00,2017-03-21 16:10:00+00:00,288,9,8192
8192,288,82944,91135,2017-02-10 05:05:00+00:00,2017-03-22 16:10:00+00:00,288,9,8192
8192,289,83232,91423,2017-02-13 05:10:00+00:00,2017-03-23 16:10:00+00:00,288,9,8192
8192,290,83520,91711,2017-02-14 05:10:00+00:00,2017-03-24 16:10:00+00:00,288,9,8192
8192,291,83808,91999,2017-02-15 05:10:00+00:00,2017-03-27 16:15:00+00:00,288,9,8192
8192,292,84096,92287,2017-02-16 05:10:00+00:00,2017-03-28 16:15:00+00:00,288,9,8192
8192,293,84384,92575,2017-02-17 05:10:00+00:00,2017-03-29 16:15:00+00:00,288,9,8192
8192,294,84672,92863,2017-02-20 05:15:00+00:00,2017-03-30 16:15:00+00:00,288,9,8192
8192,295,84960,93151,2017-02-21 05:15:00+00:00,2017-03-31 16:15:00+00:00,288,9,8192
8192,296,85248,93439,2017-02-22 05:15:00+00:00,2017-04-03 16:20:00+00:00,288,9,8192
8192,297,85536,93727,2017-02-23 05:15:00+00:00,2017-04-04 16:20:00+00:00,288,9,8192
8192,298,85824,94015,2017-02-24 05:15:00+00:00,2017-04-05 16:20:00+00:00,288,9,8192
8192,299,86112,94303,2017-02-27 05:20:00+00:00,2017-04-06 16:20:00+00:00,288,9,8192
8192,300,86400,94591,2017-02-28 05:20:00+00:00,2017-04-07 16:20:00+00:00,288,9,8192
8192,301,86688,94879,2017-03-01 05:20:00+00:00,2017-04-10 16:25:00+00:00,288,9,8192
8192,302,86976,95167,2017-03-02 05:20:00+00:00,2017-04-11 16:25:00+00:00,288,9,8192
8192,303,87264,95455,2017-03-03 05:20:00+00:00,2017-04-12 16:25:00+00:00,288,9,8192
8192,304,87552,95743,2017-03-06 05:25:00+00:00,2017-04-13 16:25:00+00:00,288,9,8192
8192,305,87840,96031,2017-03-07 05:25:00+00:00,2017-04-14 16:25:00+00:00,288,9,8192
8192,306,88128,96319,2017-03-08 05:25:00+00:00,2017-04-17 16:30:00+00:00,288,9,8192
8192,307,88416,96607,2017-03-09 05:25:00+00:00,2017-04-18 16:30:00+00:00,288,9,8192
8192,308,88704,96895,2017-03-10 05:25:00+00:00,2017-04-19 16:30:00+00:00,288,9,8192
8192,309,88992,97183,2017-03-13 05:30:00+00:00,2017-04-20 16:30:00+00:00,288,9,8192
8192,310,89280,97471,2017-03-14 05:30:00+00:00,2017-04-21 16:30:00+00:00,288,9,8192
8192,311,89568,97759,2017-03-15 05:30:00+00:00,2017-04-24 16:35:00+00:00,288,9,8192
8192,312,89856,98047,2017-03-16 05:30:00+00:00,2017-04-25 16:35:00+00:00,288,9,8192
8192,313,90144,98335,2017-03-17 05:30:00+00:00,2017-04-26 16:35:00+00:00,288,9,8192
8192,314,90432,98623,2017-03-20 05:35:00+00:00,2017-04-27 16:35:00+00:00,288,9,8192
8192,315,90720,98911,2017-03-21 05:35:00+00:00,2017-04-28 16:35:00+00:00,288,9,8192
8192,316,91008,99199,2017-03-22 05:35:00+00:00,2017-05-01 16:40:00+00:00,288,9,8192
8192,317,91296,99487,2017-03-23 05:35:00+00:00,2017-05-02 16:40:00+00:00,288,9,8192
8192,318,91584,99775,2017-03-24 05:35:00+00:00,2017-05-03 16:40:00+00:00,288,9,8192
8192,319,91872,100063,2017-03-27 05:40:00+00:00,2017-05-04 16:40:00+00:00,288,9,8192
8192,320,92160,100351,2017-03-28 05:40:00+00:00,2017-05-05 16:40:00+00:00,288,9,8192
8192,321,92448,100639,2017-03-29 05:40:00+00:00,2017-05-08 16:45:00+00:00,288,9,8192
8192,322,92736,100927,2017-03-30 05:40:00+00:00,2017-05-09 16:45:00+00:00,288,9,8192
8192,323,93024,101215,2017-03-31 05:40:00+00:00,2017-05-10 16:45:00+00:00,288,9,8192
8192,324,93312,101503,2017-04-03 05:45:00+00:00,2017-05-11 16:45:00+00:00,288,9,8192
8192,325,93600,101791,2017-04-04 05:45:00+00:00,2017-05-12 16:45:00+00:00,288,9,8192
8192,326,93888,102079,2017-04-05 05:45:00+00:00,2017-05-15 16:50:00+00:00,288,9,8192
8192,327,94176,102367,2017-04-06 05:45:00+00:00,2017-05-16 16:50:00+00:00,288,9,8192
8192,328,94464,102655,2017-04-07 05:45:00+00:00,2017-05-17 16:50:00+00:00,288,9,8192
8192,329,94752,102943,2017-04-10 05:50:00+00:00,2017-05-18 16:50:00+00:00,288,9,8192
8192,330,95040,103231,2017-04-11 05:50:00+00:00,2017-05-19 16:50:00+00:00,288,9,8192
8192,331,95328,103519,2017-04-12 05:50:00+00:00,2017-05-22 16:55:00+00:00,288,9,8192
8192,332,95616,103807,2017-04-13 05:50:00+00:00,2017-05-23 16:55:00+00:00,288,9,8192
8192,333,95904,104095,2017-04-14 05:50:00+00:00,2017-05-24 16:55:00+00:00,288,9,8192
8192,334,96192,104383,2017-04-17 05:55:00+00:00,2017-05-25 16:55:00+00:00,288,9,8192
8192,335,96480,104671,2017-04-18 05:55:00+00:00,2017-05-26 16:55:00+00:00,288,9,8192
8192,336,96768,104959,2017-04-19 05:55:00+00:00,2017-05-29 17:00:00+00:00,288,9,8192
8192,337,97056,105247,2017-04-20 05:55:00+00:00,2017-05-30 17:00:00+00:00,288,9,8192
8192,338,97344,105535,2017-04-21 05:55:00+00:00,2017-05-31 17:00:00+00:00,288,9,8192
8192,339,97632,105823,2017-04-24 06:00:00+00:00,2017-06-01 17:00:00+00:00,288,9,8192
8192,340,97920,106111,2017-04-25 06:00:00+00:00,2017-06-02 17:00:00+00:00,288,9,8192
8192,341,98208,106399,2017-04-26 06:00:00+00:00,2017-06-05 17:05:00+00:00,288,9,8192
8192,342,98496,106687,2017-04-27 06:00:00+00:00,2017-06-06 17:05:00+00:00,288,9,8192
8192,343,98784,106975,2017-04-28 06:00:00+00:00,2017-06-07 17:05:00+00:00,288,9,8192
8192,344,99072,107263,2017-05-01 06:05:00+00:00,2017-06-08 17:05:00+00:00,288,9,8192
8192,345,99360,107551,2017-05-02 06:05:00+00:00,2017-06-09 17:05:00+00:00,288,9,8192
8192,346,99648,107839,2017-05-03 06:05:00+00:00,2017-06-12 17:10:00+00:00,288,9,8192
8192,347,99936,108127,2017-05-04 06:05:00+00:00,2017-06-13 17:10:00+00:00,288,9,8192
8192,348,100224,108415,2017-05-05 06:05:00+00:00,2017-06-14 17:10:00+00:00,288,9,8192
8192,349,100512,108703,2017-05-08 06:10:00+00:00,2017-06-15 17:10:00+00:00,288,9,8192
8192,350,100800,108991,2017-05-09 06:10:00+00:00,2017-06-16 17:10:00+00:00,288,9,8192
8192,351,101088,109279,2017-05-10 06:10:00+00:00,2017-06-19 17:15:00+00:00,288,9,8192
8192,352,101376,109567,2017-05-11 06:10:00+00:00,2017-06-20 17:15:00+00:00,288,9,8192
8192,353,101664,109855,2017-05-12 06:10:00+00:00,2017-06-21 17:15:00+00:00,288,9,8192
8192,354,101952,110143,2017-05-15 06:15:00+00:00,2017-06-22 17:15:00+00:00,288,9,8192
8192,355,102240,110431,2017-05-16 06:15:00+00:00,2017-06-23 17:15:00+00:00,288,9,8192
8192,356,102528,110719,2017-05-17 06:15:00+00:00,2017-06-26 17:20:00+00:00,288,9,8192
8192,357,102816,111007,2017-05-18 06:15:00+00:00,2017-06-27 17:20:00+00:00,288,9,8192
8192,358,103104,111295,2017-05-19 06:15:00+00:00,2017-06-28 17:20:00+00:00,288,9,8192
8192,359,103392,111583,2017-05-22 06:20:00+00:00,2017-06-29 17:20:00+00:00,288,9,8192
8192,360,103680,111871,2017-05-23 06:20:00+00:00,2017-06-30 17:20:00+00:00,288,9,8192
8192,361,103968,112159,2017-05-24 06:20:00+00:00,2017-07-03 17:25:00+00:00,288,9,8192
8192,362,104256,112447,2017-05-25 06:20:00+00:00,2017-07-04 17:25:00+00:00,288,9,8192
8192,363,104544,112735,2017-05-26 06:20:00+00:00,2017-07-05 17:25:00+00:00,288,9,8192
8192,364,104832,113023,2017-05-29 06:25:00+00:00,2017-07-06 17:25:00+00:00,288,9,8192
8192,365,105120,113311,2017-05-30 06:25:00+00:00,2017-07-07 17:25:00+00:00,288,9,8192
8192,366,105408,113599,2017-05-31 06:25:00+00:00,2017-07-10 17:30:00+00:00,288,9,8192
8192,367,105696,113887,2017-06-01 06:25:00+00:00,2017-07-11 17:30:00+00:00,288,9,8192
8192,368,105984,114175,2017-06-02 06:25:00+00:00,2017-07-12 17:30:00+00:00,288,9,8192
8192,369,106272,114463,2017-06-05 06:30:00+00:00,2017-07-13 17:30:00+00:00,288,9,8192
8192,370,106560,114751,2017-06-06 06:30:00+00:00,2017-07-14 17:30:00+00:00,288,9,8192
8192,371,106848,115039,2017-06-07 06:30:00+00:00,2017-07-17 17:35:00+00:00,288,9,8192
8192,372,107136,115327,2017-06-08 06:30:00+00:00,2017-07-18 17:35:00+00:00,288,9,8192
8192,373,107424,115615,2017-06-09 06:30:00+00:00,2017-07-19 17:35:00+00:00,288,9,8192
8192,374,107712,115903,2017-06-12 06:35:00+00:00,2017-07-20 17:35:00+00:00,288,9,8192
8192,375,108000,116191,2017-06-13 06:35:00+00:00,2017-07-21 17:35:00+00:00,288,9,8192
8192,376,108288,116479,2017-06-14 06:35:00+00:00,2017-07-24 17:40:00+00:00,288,9,8192
8192,377,108576,116767,2017-06-15 06:35:00+00:00,2017-07-25 17:40:00+00:00,288,9,8192
8192,378,108864,117055,2017-06-16 06:35:00+00:00,2017-07-26 17:40:00+00:00,288,9,8192
8192,379,109152,117343,2017-06-19 06:40:00+00:00,2017-07-27 17:40:00+00:00,288,9,8192
8192,380,109440,117631,2017-06-20 06:40:00+00:00,2017-07-28 17:40:00+00:00,288,9,8192
8192,381,109728,117919,2017-06-21 06:40:00+00:00,2017-07-31 17:45:00+00:00,288,9,8192
8192,382,110016,118207,2017-06-22 06:40:00+00:00,2017-08-01 17:45:00+00:00,288,9,8192
8192,383,110304,118495,2017-06-23 06:40:00+00:00,2017-08-02 17:45:00+00:00,288,9,8192
8192,384,110592,118783,2017-06-26 06:45:00+00:00,2017-08-03 17:45:00+00:00,288,9,8192
8192,385,110880,119071,2017-06-27 06:45:00+00:00,2017-08-04 17:45:00+00:00,288,9,8192
8192,386,111168,119359,2017-06-28 06:45:00+00:00,2017-08-07 17:50:00+00:00,288,9,8192
8192,387,111456,119647,2017-06-29 06:45:00+00:00,2017-08-08 17:50:00+00:00,288,9,8192
8192,388,111744,119935,2017-06-30 06:45:00+00:00,2017-08-09 17:50:00+00:00,288,9,8192
8192,389,112032,120223,2017-07-03 06:50:00+00:00,2017-08-10 17:50:00+00:00,288,9,8192
8192,390,112320,120511,2017-07-04 06:50:00+00:00,2017-08-11 17:50:00+00:00,288,9,8192
8192,391,112608,120799,2017-07-05 06:50:00+00:00,2017-08-14 17:55:00+00:00,288,9,8192
8192,392,112896,121087,2017-07-06 06:50:00+00:00,2017-08-15 17:55:00+00:00,288,9,8192
8192,393,113184,121375,2017-07-07 06:50:00+00:00,2017-08-16 17:55:00+00:00,288,9,8192
8192,394,113472,121663,2017-07-10 06:55:00+00:00,2017-08-17 17:55:00+00:00,288,9,8192
8192,395,113760,121951,2017-07-11 06:55:00+00:00,2017-08-18 17:55:00+00:00,288,9,8192
8192,396,114048,122239,2017-07-12 06:55:00+00:00,2017-08-21 18:10:00+00:00,288,9,8192
8192,397,114336,122527,2017-07-13 06:55:00+00:00,2017-08-22 18:10:00+00:00,288,9,8192
8192,398,114624,122815,2017-07-14 06:55:00+00:00,2017-08-23 18:10:00+00:00,288,9,8192
8192,399,114912,123103,2017-07-17 07:00:00+00:00,2017-08-24 18:10:00+00:00,288,9,8192
8192,400,115200,123391,2017-07-18 07:00:00+00:00,2017-08-25 18:10:00+00:00,288,9,8192
8192,401,115488,123679,2017-07-19 07:00:00+00:00,2017-08-28 18:15:00+00:00,288,9,8192
8192,402,115776,123967,2017-07-20 07:00:00+00:00,2017-08-29 18:15:00+00:00,288,9,8192
8192,403,116064,124255,2017-07-21 07:00:00+00:00,2017-08-30 18:15:00+00:00,288,9,8192
8192,404,116352,124543,2017-07-24 07:05:00+00:00,2017-08-31 18:15:00+00:00,288,9,8192
8192,405,116640,124831,2017-07-25 07:05:00+00:00,2017-09-01 18:15:00+00:00,288,9,8192
8192,406,116928,125119,2017-07-26 07:05:00+00:00,2017-09-04 18:20:00+00:00,288,9,8192
8192,407,117216,125407,2017-07-27 07:05:00+00:00,2017-09-05 18:20:00+00:00,288,9,8192
8192,408,117504,125695,2017-07-28 07:05:00+00:00,2017-09-06 18:20:00+00:00,288,9,8192
8192,409,117792,125983,2017-07-31 07:10:00+00:00,2017-09-07 18:20:00+00:00,288,9,8192
8192,410,118080,126271,2017-08-01 07:10:00+00:00,2017-09-08 18:20:00+00:00,288,9,8192
8192,411,118368,126559,2017-08-02 07:10:00+00:00,2017-09-11 18:25:00+00:00,288,9,8192
8192,412,118656,126847,2017-08-03 07:10:00+00:00,2017-09-12 18:25:00+00:00,288,9,8192
8192,413,118944,127135,2017-08-04 07:10:00+00:00,2017-09-13 18:25:00+00:00,288,9,8192
8192,414,119232,127423,2017-08-07 07:15:00+00:00,2017-09-14 18:25:00+00:00,288,9,8192
8192,415,119520,127711,2017-08-08 07:15:00+00:00,2017-09-15 18:25:00+00:00,288,9,8192
8192,416,119808,127999,2017-08-09 07:15:00+00:00,2017-09-18 18:30:00+00:00,288,9,8192
8192,417,120096,128287,2017-08-10 07:15:00+00:00,2017-09-19 18:30:00+00:00,288,9,8192
8192,418,120384,128575,2017-08-11 07:15:00+00:00,2017-09-20 18:30:00+00:00,288,9,8192
8192,419,120672,128863,2017-08-14 07:20:00+00:00,2017-09-21 18:30:00+00:00,288,9,8192
8192,420,120960,129151,2017-08-15 07:20:00+00:00,2017-09-22 18:30:00+00:00,288,9,8192
8192,421,121248,129439,2017-08-16 07:20:00+00:00,2017-09-25 18:35:00+00:00,288,9,8192
8192,422,121536,129727,2017-08-17 07:20:00+00:00,2017-09-26 18:35:00+00:00,288,9,8192
8192,423,121824,130015,2017-08-18 07:20:00+00:00,2017-09-27 18:35:00+00:00,288,9,8192
8192,424,122112,130303,2017-08-21 07:35:00+00:00,2017-09-28 18:35:00+00:00,288,9,8192
8192,425,122400,130591,2017-08-22 07:35:00+00:00,2017-09-29 18:35:00+00:00,288,9,8192
8192,426,122688,130879,2017-08-23 07:35:00+00:00,2017-10-02 18:40:00+00:00,288,9,8192
8192,427,122976,131167,2017-08-24 07:35:00+00:00,2017-10-03 18:40:00+00:00,288,9,8192
8192,428,123264,131455,2017-08-25 07:35:00+00:00,2017-10-04 18:40:00+00:00,288,9,8192
8192,429,123552,131743,2017-08-28 07:40:00+00:00,2017-10-05 18:40:00+00:00,288,9,8192
8192,430,123840,132031,2017-08-29 07:40:00+00:00,2017-10-06 18:40:00+00:00,288,9,8192
8192,431,124128,132319,2017-08-30 07:40:00+00:00,2017-10-09 18:45:00+00:00,288,9,8192
8192,432,124416,132607,2017-08-31 07:40:00+00:00,2017-10-10 18:45:00+00:00,288,9,8192
8192,433,124704,132895,2017-09-01 07:40:00+00:00,2017-10-11 18:45:00+00:00,288,9,8192
8192,434,124992,133183,2017-09-04 07:45:00+00:00,2017-10-12 18:45:00+00:00,288,9,8192
8192,435,125280,133471,2017-09-05 07:45:00+00:00,2017-10-13 18:45:00+00:00,288,9,8192
8192,436,125568,133759,2017-09-06 07:45:00+00:00,2017-10-16 18:50:00+00:00,288,9,8192
8192,437,125856,134047,2017-09-07 07:45:00+00:00,2017-10-17 18:50:00+00:00,288,9,8192
8192,438,126144,134335,2017-09-08 07:45:00+00:00,2017-10-18 18:50:00+00:00,288,9,8192
8192,439,126432,134623,2017-09-11 07:50:00+00:00,2017-10-19 18:50:00+00:00,288,9,8192
8192,440,126720,134911,2017-09-12 07:50:00+00:00,2017-10-20 18:50:00+00:00,288,9,8192
8192,441,127008,135199,2017-09-13 07:50:00+00:00,2017-10-23 18:55:00+00:00,288,9,8192
8192,442,127296,135487,2017-09-14 07:50:00+00:00,2017-10-24 18:55:00+00:00,288,9,8192
8192,443,127584,135775,2017-09-15 07:50:00+00:00,2017-10-25 18:55:00+00:00,288,9,8192
8192,444,127872,136063,2017-09-18 07:55:00+00:00,2017-10-26 18:55:00+00:00,288,9,8192
8192,445,128160,136351,2017-09-19 07:55:00+00:00,2017-10-27 18:55:00+00:00,288,9,8192
8192,446,128448,136639,2017-09-20 07:55:00+00:00,2017-10-30 19:00:00+00:00,288,9,8192
8192,447,128736,136927,2017-09-21 07:55:00+00:00,2017-10-31 19:00:00+00:00,288,9,8192
8192,448,129024,137215,2017-09-22 07:55:00+00:00,2017-11-01 19:00:00+00:00,288,9,8192
8192,449,129312,137503,2017-09-25 08:00:00+00:00,2017-11-02 19:00:00+00:00,288,9,8192
8192,450,129600,137791,2017-09-26 08:00:00+00:00,2017-11-03 19:00:00+00:00,288,9,8192
8192,451,129888,138079,2017-09-27 08:00:00+00:00,2017-11-06 19:05:00+00:00,288,9,8192
8192,452,130176,138367,2017-09-28 08:00:00+00:00,2017-11-07 19:05:00+00:00,288,9,8192
8192,453,130464,138655,2017-09-29 08:00:00+00:00,2017-11-08 19:05:00+00:00,288,9,8192
8192,454,130752,138943,2017-10-02 08:05:00+00:00,2017-11-09 19:05:00+00:00,288,9,8192
8192,455,131040,139231,2017-10-03 08:05:00+00:00,2017-11-10 19:05:00+00:00,288,9,8192
8192,456,131328,139519,2017-10-04 08:05:00+00:00,2017-11-13 19:10:00+00:00,288,9,8192
8192,457,131616,139807,2017-10-05 08:05:00+00:00,2017-11-14 19:10:00+00:00,288,9,8192
8192,458,131904,140095,2017-10-06 08:05:00+00:00,2017-11-15 19:10:00+00:00,288,9,8192
8192,459,132192,140383,2017-10-09 08:10:00+00:00,2017-11-16 19:10:00+00:00,288,9,8192
8192,460,132480,140671,2017-10-10 08:10:00+00:00,2017-11-17 19:10:00+00:00,288,9,8192
8192,461,132768,140959,2017-10-11 08:10:00+00:00,2017-11-20 19:15:00+00:00,288,9,8192
8192,462,133056,141247,2017-10-12 08:10:00+00:00,2017-11-21 19:15:00+00:00,288,9,8192
8192,463,133344,141535,2017-10-13 08:10:00+00:00,2017-11-22 19:15:00+00:00,288,9,8192
8192,464,133632,141823,2017-10-16 08:15:00+00:00,2017-11-23 19:15:00+00:00,288,9,8192
8192,465,133920,142111,2017-10-17 08:15:00+00:00,2017-11-24 19:15:00+00:00,288,9,8192
8192,466,134208,142399,2017-10-18 08:15:00+00:00,2017-11-27 19:20:00+00:00,288,9,8192
8192,467,134496,142687,2017-10-19 08:15:00+00:00,2017-11-28 19:20:00+00:00,288,9,8192
8192,468,134784,142975,2017-10-20 08:15:00+00:00,2017-11-29 19:20:00+00:00,288,9,8192
8192,469,135072,143263,2017-10-23 08:20:00+00:00,2017-11-30 19:20:00+00:00,288,9,8192
8192,470,135360,143551,2017-10-24 08:20:00+00:00,2017-12-01 19:20:00+00:00,288,9,8192
8192,471,135648,143839,2017-10-25 08:20:00+00:00,2017-12-04 19:25:00+00:00,288,9,8192
8192,472,135936,144127,2017-10-26 08:20:00+00:00,2017-12-05 19:25:00+00:00,288,9,8192
8192,473,136224,144415,2017-10-27 08:20:00+00:00,2017-12-06 19:25:00+00:00,288,9,8192
8192,474,136512,144703,2017-10-30 08:25:00+00:00,2017-12-07 19:25:00+00:00,288,9,8192
8192,475,136800,144991,2017-10-31 08:25:00+00:00,2017-12-08 19:25:00+00:00,288,9,8192
8192,476,137088,145279,2017-11-01 08:25:00+00:00,2017-12-11 19:30:00+00:00,288,9,8192
8192,477,137376,145567,2017-11-02 08:25:00+00:00,2017-12-12 19:30:00+00:00,288,9,8192
8192,478,137664,145855,2017-11-03 08:25:00+00:00,2017-12-13 19:30:00+00:00,288,9,8192
8192,479,137952,146143,2017-11-06 08:30:00+00:00,2017-12-14 19:30:00+00:00,288,9,8192
8192,480,138240,146431,2017-11-07 08:30:00+00:00,2017-12-15 19:30:00+00:00,288,9,8192
8192,481,138528,146719,2017-11-08 08:30:00+00:00,2017-12-18 19:35:00+00:00,288,9,8192
8192,482,138816,147007,2017-11-09 08:30:00+00:00,2017-12-19 19:35:00+00:00,288,9,8192
8192,483,139104,147295,2017-11-10 08:30:00+00:00,2017-12-20 19:35:00+00:00,288,9,8192
8192,484,139392,147583,2017-11-13 08:35:00+00:00,2017-12-21 19:35:00+00:00,288,9,8192
8192,485,139680,147871,2017-11-14 08:35:00+00:00,2017-12-22 19:35:00+00:00,288,9,8192
8192,486,139968,148159,2017-11-15 08:35:00+00:00,2017-12-26 19:40:00+00:00,288,9,8192
8192,487,140256,148447,2017-11-16 08:35:00+00:00,2017-12-27 19:40:00+00:00,288,9,8192
8192,488,140544,148735,2017-11-17 08:35:00+00:00,2017-12-28 19:40:00+00:00,288,9,8192
8192,489,140832,149023,2017-11-20 08:40:00+00:00,2017-12-29 19:40:00+00:00,288,9,8192
8192,490,141120,149311,2017-11-21 08:40:00+00:00,2018-01-02 19:45:00+00:00,288,9,8192
8192,491,141408,149599,2017-11-22 08:40:00+00:00,2018-01-03 19:45:00+00:00,288,9,8192
8192,492,141696,149887,2017-11-23 08:40:00+00:00,2018-01-04 19:45:00+00:00,288,9,8192
8192,493,141984,150175,2017-11-24 08:40:00+00:00,2018-01-05 19:45:00+00:00,288,9,8192
8192,494,142272,150463,2017-11-27 08:45:00+00:00,2018-01-08 19:50:00+00:00,288,9,8192
8192,495,142560,150751,2017-11-28 08:45:00+00:00,2018-01-09 19:50:00+00:00,288,9,8192
8192,496,142848,151039,2017-11-29 08:45:00+00:00,2018-01-10 19:50:00+00:00,288,9,8192
8192,497,143136,151327,2017-11-30 08:45:00+00:00,2018-01-11 19:50:00+00:00,288,9,8192
8192,498,143424,151615,2017-12-01 08:45:00+00:00,2018-01-12 19:50:00+00:00,288,9,8192
8192,499,143712,151903,2017-12-04 08:50:00+00:00,2018-01-15 19:55:00+00:00,288,9,8192
8192,500,144000,152191,2017-12-05 08:50:00+00:00,2018-01-16 19:55:00+00:00,288,9,8192
8192,501,144288,152479,2017-12-06 08:50:00+00:00,2018-01-17 19:55:00+00:00,288,9,8192
8192,502,144576,152767,2017-12-07 08:50:00+00:00,2018-01-18 19:55:00+00:00,288,9,8192
8192,503,144864,153055,2017-12-08 08:50:00+00:00,2018-01-19 19:55:00+00:00,288,9,8192
8192,504,145152,153343,2017-12-11 08:55:00+00:00,2018-01-22 20:00:00+00:00,288,9,8192
8192,505,145440,153631,2017-12-12 08:55:00+00:00,2018-01-23 20:00:00+00:00,288,9,8192
8192,506,145728,153919,2017-12-13 08:55:00+00:00,2018-01-24 20:00:00+00:00,288,9,8192
8192,507,146016,154207,2017-12-14 08:55:00+00:00,2018-01-25 20:00:00+00:00,288,9,8192
8192,508,146304,154495,2017-12-15 08:55:00+00:00,2018-01-26 20:00:00+00:00,288,9,8192
8192,509,146592,154783,2017-12-18 09:00:00+00:00,2018-01-29 20:05:00+00:00,288,9,8192
8192,510,146880,155071,2017-12-19 09:00:00+00:00,2018-01-30 20:05:00+00:00,288,9,8192
8192,511,147168,155359,2017-12-20 09:00:00+00:00,2018-01-31 20:05:00+00:00,288,9,8192
8192,512,147456,155647,2017-12-21 09:00:00+00:00,2018-02-01 20:05:00+00:00,288,9,8192
8192,513,147744,155935,2017-12-22 09:00:00+00:00,2018-02-02 20:05:00+00:00,288,9,8192
8192,514,148032,156223,2017-12-26 09:05:00+00:00,2018-02-05 20:10:00+00:00,288,9,8192
8192,515,148320,156511,2017-12-27 09:05:00+00:00,2018-02-06 20:10:00+00:00,288,9,8192
8192,516,148608,156799,2017-12-28 09:05:00+00:00,2018-02-07 20:10:00+00:00,288,9,8192
8192,517,148896,157087,2017-12-29 09:05:00+00:00,2018-02-08 20:10:00+00:00,288,9,8192
8192,518,149184,157375,2018-01-02 09:10:00+00:00,2018-02-09 20:10:00+00:00,288,9,8192
8192,519,149472,157663,2018-01-03 09:10:00+00:00,2018-02-12 20:15:00+00:00,288,9,8192
8192,520,149760,157951,2018-01-04 09:10:00+00:00,2018-02-13 20:15:00+00:00,288,9,8192
8192,521,150048,158239,2018-01-05 09:10:00+00:00,2018-02-14 20:15:00+00:00,288,9,8192
8192,522,150336,158527,2018-01-08 09:15:00+00:00,2018-02-15 20:15:00+00:00,288,9,8192
8192,523,150624,158815,2018-01-09 09:15:00+00:00,2018-02-16 20:15:00+00:00,288,9,8192
8192,524,150912,159103,2018-01-10 09:15:00+00:00,2018-02-19 20:20:00+00:00,288,9,8192
8192,525,151200,159391,2018-01-11 09:15:00+00:00,2018-02-20 20:20:00+00:00,288,9,8192
8192,526,151488,159679,2018-01-12 09:15:00+00:00,2018-02-21 20:20:00+00:00,288,9,8192
8192,527,151776,159967,2018-01-15 09:20:00+00:00,2018-02-22 20:20:00+00:00,288,9,8192
8192,528,152064,160255,2018-01-16 09:20:00+00:00,2018-02-23 20:20:00+00:00,288,9,8192
8192,529,152352,160543,2018-01-17 09:20:00+00:00,2018-02-26 20:25:00+00:00,288,9,8192
8192,530,152640,160831,2018-01-18 09:20:00+00:00,2018-02-27 20:25:00+00:00,288,9,8192
8192,531,152928,161119,2018-01-19 09:20:00+00:00,2018-02-28 20:25:00+00:00,288,9,8192
8192,532,153216,161407,2018-01-22 09:25:00+00:00,2018-03-01 20:25:00+00:00,288,9,8192
8192,533,153504,161695,2018-01-23 09:25:00+00:00,2018-03-02 20:25:00+00:00,288,9,8192
8192,534,153792,161983,2018-01-24 09:25:00+00:00,2018-03-05 20:30:00+00:00,288,9,8192
8192,535,154080,162271,2018-01-25 09:25:00+00:00,2018-03-06 20:30:00+00:00,288,9,8192
8192,536,154368,162559,2018-01-26 09:25:00+00:00,2018-03-07 20:30:00+00:00,288,9,8192
8192,537,154656,162847,2018-01-29 09:30:00+00:00,2018-03-08 20:30:00+00:00,288,9,8192
8192,538,154944,163135,2018-01-30 09:30:00+00:00,2018-03-09 20:30:00+00:00,288,9,8192
8192,539,155232,163423,2018-01-31 09:30:00+00:00,2018-03-12 20:35:00+00:00,288,9,8192
8192,540,155520,163711,2018-02-01 09:30:00+00:00,2018-03-13 20:35:00+00:00,288,9,8192
8192,541,155808,163999,2018-02-02 09:30:00+00:00,2018-03-14 20:35:00+00:00,288,9,8192
8192,542,156096,164287,2018-02-05 09:35:00+00:00,2018-03-15 20:35:00+00:00,288,9,8192
8192,543,156384,164575,2018-02-06 09:35:00+00:00,2018-03-16 20:35:00+00:00,288,9,8192
8192,544,156672,164863,2018-02-07 09:35:00+00:00,2018-03-19 20:40:00+00:00,288,9,8192
8192,545,156960,165151,2018-02-08 09:35:00+00:00,2018-03-20 20:40:00+00:00,288,9,8192
8192,546,157248,165439,2018-02-09 09:35:00+00:00,2018-03-21 20:40:00+00:00,288,9,8192
8192,547,157536,165727,2018-02-12 09:40:00+00:00,2018-03-22 20:40:00+00:00,288,9,8192
8192,548,157824,166015,2018-02-13 09:40:00+00:00,2018-03-23 20:40:00+00:00,288,9,8192
8192,549,158112,166303,2018-02-14 09:40:00+00:00,2018-03-26 20:45:00+00:00,288,9,8192
8192,550,158400,166591,2018-02-15 09:40:00+00:00,2018-03-27 20:45:00+00:00,288,9,8192
8192,551,158688,166879,2018-02-16 09:40:00+00:00,2018-03-28 20:45:00+00:00,288,9,8192
8192,552,158976,167167,2018-02-19 09:45:00+00:00,2018-03-29 20:45:00+00:00,288,9,8192
8192,553,159264,167455,2018-02-20 09:45:00+00:00,2018-03-30 20:45:00+00:00,288,9,8192
8192,554,159552,167743,2018-02-21 09:45:00+00:00,2018-04-02 21:20:00+00:00,288,9,8192
8192,555,159840,168031,2018-02-22 09:45:00+00:00,2018-04-03 21:20:00+00:00,288,9,8192
8192,556,160128,168319,2018-02-23 09:45:00+00:00,2018-04-04 21:20:00+00:00,288,9,8192
8192,557,160416,168607,2018-02-26 09:50:00+00:00,2018-04-05 21:20:00+00:00,288,9,8192
8192,558,160704,168895,2018-02-27 09:50:00+00:00,2018-04-06 21:20:00+00:00,288,9,8192
8192,559,160992,169183,2018-02-28 09:50:00+00:00,2018-04-09 21:25:00+00:00,288,9,8192
8192,560,161280,169471,2018-03-01 09:50:00+00:00,2018-04-10 21:25:00+00:00,288,9,8192
8192,561,161568,169759,2018-03-02 09:50:00+00:00,2018-04-11 21:25:00+00:00,288,9,8192
8192,562,161856,170047,2018-03-05 09:55:00+00:00,2018-04-12 21:25:00+00:00,288,9,8192
8192,563,162144,170335,2018-03-06 09:55:00+00:00,2018-04-13 21:25:00+00:00,288,9,8192
8192,564,162432,170623,2018-03-07 09:55:00+00:00,2018-04-16 21:30:00+00:00,288,9,8192
8192,565,162720,170911,2018-03-08 09:55:00+00:00,2018-04-17 21:30:00+00:00,288,9,8192
8192,566,163008,171199,2018-03-09 09:55:00+00:00,2018-04-18 21:30:00+00:00,288,9,8192
8192,567,163296,171487,2018-03-12 10:00:00+00:00,2018-04-19 21:30:00+00:00,288,9,8192
8192,568,163584,171775,2018-03-13 10:00:00+00:00,2018-04-20 21:30:00+00:00,288,9,8192
8192,569,163872,172063,2018-03-14 10:00:00+00:00,2018-04-23 21:35:00+00:00,288,9,8192
8192,570,164160,172351,2018-03-15 10:00:00+00:00,2018-04-24 21:35:00+00:00,288,9,8192
8192,571,164448,172639,2018-03-16 10:00:00+00:00,2018-04-25 21:35:00+00:00,288,9,8192
8192,572,164736,172927,2018-03-19 10:05:00+00:00,2018-04-26 21:35:00+00:00,288,9,8192
8192,573,165024,173215,2018-03-20 10:05:00+00:00,2018-04-27 21:35:00+00:00,288,9,8192
8192,574,165312,173503,2018-03-21 10:05:00+00:00,2018-04-30 21:40:00+00:00,288,9,8192
8192,575,165600,173791,2018-03-22 10:05:00+00:00,2018-05-01 21:40:00+00:00,288,9,8192
8192,576,165888,174079,2018-03-23 10:05:00+00:00,2018-05-02 21:40:00+00:00,288,9,8192
8192,577,166176,174367,2018-03-26 10:10:00+00:00,2018-05-03 21:40:00+00:00,288,9,8192
8192,578,166464,174655,2018-03-27 10:10:00+00:00,2018-05-04 21:40:00+00:00,288,9,8192
8192,579,166752,174943,2018-03-28 10:10:00+00:00,2018-05-07 21:45:00+00:00,288,9,8192
8192,580,167040,175231,2018-03-29 10:10:00+00:00,2018-05-08 21:45:00+00:00,288,9,8192
8192,581,167328,175519,2018-03-30 10:10:00+00:00,2018-05-09 21:45:00+00:00,288,9,8192
8192,582,167616,175807,2018-04-02 10:45:00+00:00,2018-05-10 21:45:00+00:00,288,9,8192
8192,583,167904,176095,2018-04-03 10:45:00+00:00,2018-05-11 21:45:00+00:00,288,9,8192
8192,584,168192,176383,2018-04-04 10:45:00+00:00,2018-05-14 21:50:00+00:00,288,9,8192
8192,585,168480,176671,2018-04-05 10:45:00+00:00,2018-05-15 21:50:00+00:00,288,9,8192
8192,586,168768,176959,2018-04-06 10:45:00+00:00,2018-05-16 21:50:00+00:00,288,9,8192
8192,587,169056,177247,2018-04-09 10:50:00+00:00,2018-05-17 21:50:00+00:00,288,9,8192
8192,588,169344,177535,2018-04-10 10:50:00+00:00,2018-05-18 21:50:00+00:00,288,9,8192
8192,589,169632,177823,2018-04-11 10:50:00+00:00,2018-05-21 21:55:00+00:00,288,9,8192
8192,590,169920,178111,2018-04-12 10:50:00+00:00,2018-05-22 21:55:00+00:00,288,9,8192
8192,591,170208,178399,2018-04-13 10:50:00+00:00,2018-05-23 21:55:00+00:00,288,9,8192
8192,592,170496,178687,2018-04-16 10:55:00+00:00,2018-05-24 21:55:00+00:00,288,9,8192
8192,593,170784,178975,2018-04-17 10:55:00+00:00,2018-05-25 21:55:00+00:00,288,9,8192
8192,594,171072,179263,2018-04-18 10:55:00+00:00,2018-05-28 22:00:00+00:00,288,9,8192
8192,595,171360,179551,2018-04-19 10:55:00+00:00,2018-05-29 22:00:00+00:00,288,9,8192
8192,596,171648,179839,2018-04-20 10:55:00+00:00,2018-05-30 22:00:00+00:00,288,9,8192
8192,597,171936,180127,2018-04-23 11:00:00+00:00,2018-05-31 22:00:00+00:00,288,9,8192
8192,598,172224,180415,2018-04-24 11:00:00+00:00,2018-06-03 22:05:00+00:00,288,9,8192
8192,599,172512,180703,2018-04-25 11:00:00+00:00,2018-06-04 22:05:00+00:00,288,9,8192
8192,600,172800,180991,2018-04-26 11:00:00+00:00,2018-06-05 22:05:00+00:00,288,9,8192
8192,601,173088,181279,2018-04-27 11:00:00+00:00,2018-06-06 22:05:00+00:00,288,9,8192
8192,602,173376,181567,2018-04-30 11:05:00+00:00,2018-06-07 22:05:00+00:00,288,9,8192
8192,603,173664,181855,2018-05-01 11:05:00+00:00,2018-06-10 22:10:00+00:00,288,9,8192
8192,604,173952,182143,2018-05-02 11:05:00+00:00,2018-06-11 22:20:00+00:00,288,9,8192
8192,605,174240,182431,2018-05-03 11:05:00+00:00,2018-06-12 22:20:00+00:00,288,9,8192
8192,606,174528,182719,2018-05-04 11:05:00+00:00,2018-06-13 22:20:00+00:00,288,9,8192
8192,607,174816,183007,2018-05-07 11:10:00+00:00,2018-06-14 22:20:00+00:00,288,9,8192
8192,608,175104,183295,2018-05-08 11:10:00+00:00,2018-06-17 22:25:00+00:00,288,9,8192
8192,609,175392,183583,2018-05-09 11:10:00+00:00,2018-06-18 22:25:00+00:00,288,9,8192
8192,610,175680,183871,2018-05-10 11:10:00+00:00,2018-06-19 22:25:00+00:00,288,9,8192
8192,611,175968,184159,2018-05-11 11:10:00+00:00,2018-06-20 22:25:00+00:00,288,9,8192
8192,612,176256,184447,2018-05-14 11:15:00+00:00,2018-06-21 22:25:00+00:00,288,9,8192
8192,613,176544,184735,2018-05-15 11:15:00+00:00,2018-06-24 22:30:00+00:00,288,9,8192
8192,614,176832,185023,2018-05-16 11:15:00+00:00,2018-06-25 22:30:00+00:00,288,9,8192
8192,615,177120,185311,2018-05-17 11:15:00+00:00,2018-06-26 22:30:00+00:00,288,9,8192
8192,616,177408,185599,2018-05-18 11:15:00+00:00,2018-06-27 22:30:00+00:00,288,9,8192
8192,617,177696,185887,2018-05-21 11:20:00+00:00,2018-06-28 22:30:00+00:00,288,9,8192
8192,618,177984,186175,2018-05-22 11:20:00+00:00,2018-07-01 22:35:00+00:00,288,9,8192
8192,619,178272,186463,2018-05-23 11:20:00+00:00,2018-07-02 22:35:00+00:00,288,9,8192
8192,620,178560,186751,2018-05-24 11:20:00+00:00,2018-07-03 22:35:00+00:00,288,9,8192
8192,621,178848,187039,2018-05-25 11:20:00+00:00,2018-07-04 22:35:00+00:00,288,9,8192
8192,622,179136,187327,2018-05-28 11:25:00+00:00,2018-07-05 22:35:00+00:00,288,9,8192
8192,623,179424,187615,2018-05-29 11:25:00+00:00,2018-07-08 22:40:00+00:00,288,9,8192
8192,624,179712,187903,2018-05-30 11:25:00+00:00,2018-07-09 22:40:00+00:00,288,9,8192
8192,625,180000,188191,2018-05-31 11:25:00+00:00,2018-07-10 22:40:00+00:00,288,9,8192
8192,626,180288,188479,2018-06-01 11:25:00+00:00,2018-07-11 22:40:00+00:00,288,9,8192
8192,627,180576,188767,2018-06-04 11:30:00+00:00,2018-07-12 22:40:00+00:00,288,9,8192
8192,628,180864,189055,2018-06-05 11:30:00+00:00,2018-07-15 22:45:00+00:00,288,9,8192
8192,629,181152,189343,2018-06-06 11:30:00+00:00,2018-07-16 22:45:00+00:00,288,9,8192
8192,630,181440,189631,2018-06-07 11:30:00+00:00,2018-07-17 22:45:00+00:00,288,9,8192
8192,631,181728,189919,2018-06-08 11:30:00+00:00,2018-07-18 22:45:00+00:00,288,9,8192
8192,632,182016,190207,2018-06-11 11:35:00+00:00,2018-07-19 22:45:00+00:00,288,9,8192
8192,633,182304,190495,2018-06-12 11:45:00+00:00,2018-07-22 22:50:00+00:00,288,9,8192
8192,634,182592,190783,2018-06-13 11:45:00+00:00,2018-07-23 22:50:00+00:00,288,9,8192
8192,635,182880,191071,2018-06-14 11:45:00+00:00,2018-07-24 22:50:00+00:00,288,9,8192
8192,636,183168,191359,2018-06-15 11:45:00+00:00,2018-07-25 22:50:00+00:00,288,9,8192
8192,637,183456,191647,2018-06-18 11:50:00+00:00,2018-07-26 22:50:00+00:00,288,9,8192
8192,638,183744,191935,2018-06-19 11:50:00+00:00,2018-07-29 22:55:00+00:00,288,9,8192
8192,639,184032,192223,2018-06-20 11:50:00+00:00,2018-07-30 22:55:00+00:00,288,9,8192
8192,640,184320,192511,2018-06-21 11:50:00+00:00,2018-07-31 22:55:00+00:00,288,9,8192
8192,641,184608,192799,2018-06-22 11:50:00+00:00,2018-08-01 22:55:00+00:00,288,9,8192
8192,642,184896,193087,2018-06-25 11:55:00+00:00,2018-08-02 22:55:00+00:00,288,9,8192
8192,643,185184,193375,2018-06-26 11:55:00+00:00,2018-08-05 23:00:00+00:00,288,9,8192
8192,644,185472,193663,2018-06-27 11:55:00+00:00,2018-08-06 23:00:00+00:00,288,9,8192
8192,645,185760,193951,2018-06-28 11:55:00+00:00,2018-08-07 23:00:00+00:00,288,9,8192
8192,646,186048,194239,2018-06-29 11:55:00+00:00,2018-08-08 23:00:00+00:00,288,9,8192
8192,647,186336,194527,2018-07-02 12:00:00+00:00,2018-08-09 23:00:00+00:00,288,9,8192
8192,648,186624,194815,2018-07-03 12:00:00+00:00,2018-08-12 23:05:00+00:00,288,9,8192
8192,649,186912,195103,2018-07-04 12:00:00+00:00,2018-08-13 23:05:00+00:00,288,9,8192
8192,650,187200,195391,2018-07-05 12:00:00+00:00,2018-08-14 23:05:00+00:00,288,9,8192
8192,651,187488,195679,2018-07-06 12:00:00+00:00,2018-08-15 23:05:00+00:00,288,9,8192
8192,652,187776,195967,2018-07-09 12:05:00+00:00,2018-08-16 23:05:00+00:00,288,9,8192
8192,653,188064,196255,2018-07-10 12:05:00+00:00,2018-08-19 23:10:00+00:00,288,9,8192
8192,654,188352,196543,2018-07-11 12:05:00+00:00,2018-08-20 23:10:00+00:00,288,9,8192
8192,655,188640,196831,2018-07-12 12:05:00+00:00,2018-08-21 23:10:00+00:00,288,9,8192
8192,656,188928,197119,2018-07-13 12:05:00+00:00,2018-08-22 23:10:00+00:00,288,9,8192
8192,657,189216,197407,2018-07-16 12:10:00+00:00,2018-08-23 23:10:00+00:00,288,9,8192
8192,658,189504,197695,2018-07-17 12:10:00+00:00,2018-08-26 23:15:00+00:00,288,9,8192
8192,659,189792,197983,2018-07-18 12:10:00+00:00,2018-08-27 23:15:00+00:00,288,9,8192
8192,660,190080,198271,2018-07-19 12:10:00+00:00,2018-08-28 23:15:00+00:00,288,9,8192
8192,661,190368,198559,2018-07-20 12:10:00+00:00,2018-08-29 23:15:00+00:00,288,9,8192
8192,662,190656,198847,2018-07-23 12:15:00+00:00,2018-08-30 23:15:00+00:00,288,9,8192
8192,663,190944,199135,2018-07-24 12:15:00+00:00,2018-09-02 23:20:00+00:00,288,9,8192
8192,664,191232,199423,2018-07-25 12:15:00+00:00,2018-09-03 23:20:00+00:00,288,9,8192
8192,665,191520,199711,2018-07-26 12:15:00+00:00,2018-09-04 23:20:00+00:00,288,9,8192
8192,666,191808,199999,2018-07-27 12:15:00+00:00,2018-09-05 23:20:00+00:00,288,9,8192
8192,667,192096,200287,2018-07-30 12:20:00+00:00,2018-09-06 23:20:00+00:00,288,9,8192
8192,668,192384,200575,2018-07-31 12:20:00+00:00,2018-09-09 23:25:00+00:00,288,9,8192
8192,669,192672,200863,2018-08-01 12:20:00+00:00,2018-09-10 23:25:00+00:00,288,9,8192
8192,670,192960,201151,2018-08-02 12:20:00+00:00,2018-09-11 23:25:00+00:00,288,9,8192
8192,671,193248,201439,2018-08-03 12:20:00+00:00,2018-09-12 23:25:00+00:00,288,9,8192
8192,672,193536,201727,2018-08-06 12:25:00+00:00,2018-09-13 23:25:00+00:00,288,9,8192
8192,673,193824,202015,2018-08-07 12:25:00+00:00,2018-09-16 23:30:00+00:00,288,9,8192
8192,674,194112,202303,2018-08-08 12:25:00+00:00,2018-09-17 23:30:00+00:00,288,9,8192
8192,675,194400,202591,2018-08-09 12:25:00+00:00,2018-09-18 23:30:00+00:00,288,9,8192
8192,676,194688,202879,2018-08-10 12:25:00+00:00,2018-09-19 23:30:00+00:00,288,9,8192
8192,677,194976,203167,2018-08-13 12:30:00+00:00,2018-09-20 23:30:00+00:00,288,9,8192
8192,678,195264,203455,2018-08-14 12:30:00+00:00,2018-09-23 23:35:00+00:00,288,9,8192
8192,679,195552,203743,2018-08-15 12:30:00+00:00,2018-09-24 23:35:00+00:00,288,9,8192
8192,680,195840,204031,2018-08-16 12:30:00+00:00,2018-09-25 23:35:00+00:00,288,9,8192
8192,681,196128,204319,2018-08-17 12:30:00+00:00,2018-09-26 23:35:00+00:00,288,9,8192
8192,682,196416,204607,2018-08-20 12:35:00+00:00,2018-09-27 23:35:00+00:00,288,9,8192
8192,683,196704,204895,2018-08-21 12:35:00+00:00,2018-09-30 23:40:00+00:00,288,9,8192
8192,684,196992,205183,2018-08-22 12:35:00+00:00,2018-10-01 23:40:00+00:00,288,9,8192
8192,685,197280,205471,2018-08-23 12:35:00+00:00,2018-10-02 23:40:00+00:00,288,9,8192
8192,686,197568,205759,2018-08-24 12:35:00+00:00,2018-10-03 23:40:00+00:00,288,9,8192
8192,687,197856,206047,2018-08-27 12:40:00+00:00,2018-10-04 23:40:00+00:00,288,9,8192
8192,688,198144,206335,2018-08-28 12:40:00+00:00,2018-10-07 23:45:00+00:00,288,9,8192
8192,689,198432,206623,2018-08-29 12:40:00+00:00,2018-10-08 23:45:00+00:00,288,9,8192
8192,690,198720,206911,2018-08-30 12:40:00+00:00,2018-10-09 23:45:00+00:00,288,9,8192
8192,691,199008,207199,2018-08-31 12:40:00+00:00,2018-10-10 23:45:00+00:00,288,9,8192
8192,692,199296,207487,2018-09-03 12:45:00+00:00,2018-10-11 23:45:00+00:00,288,9,8192
8192,693,199584,207775,2018-09-04 12:45:00+00:00,2018-10-14 23:50:00+00:00,288,9,8192
8192,694,199872,208063,2018-09-05 12:45:00+00:00,2018-10-15 23:50:00+00:00,288,9,8192
8192,695,200160,208351,2018-09-06 12:45:00+00:00,2018-10-16 23:50:00+00:00,288,9,8192
8192,696,200448,208639,2018-09-07 12:45:00+00:00,2018-10-17 23:50:00+00:00,288,9,8192
8192,697,200736,208927,2018-09-10 12:50:00+00:00,2018-10-18 23:50:00+00:00,288,9,8192
8192,698,201024,209215,2018-09-11 12:50:00+00:00,2018-10-21 23:55:00+00:00,288,9,8192
8192,699,201312,209503,2018-09-12 12:50:00+00:00,2018-10-22 23:55:00+00:00,288,9,8192
8192,700,201600,209791,2018-09-13 12:50:00+00:00,2018-10-23 23:55:00+00:00,288,9,8192
8192,701,201888,210079,2018-09-14 12:50:00+00:00,2018-10-24 23:55:00+00:00,288,9,8192
8192,702,202176,210367,2018-09-17 12:55:00+00:00,2018-10-25 23:55:00+00:00,288,9,8192
8192,703,202464,210655,2018-09-18 12:55:00+00:00,2018-10-29 00:00:00+00:00,288,9,8192
8192,704,202752,210943,2018-09-19 12:55:00+00:00,2018-10-30 00:00:00+00:00,288,9,8192
8192,705,203040,211231,2018-09-20 12:55:00+00:00,2018-10-31 00:00:00+00:00,288,9,8192
8192,706,203328,211519,2018-09-21 12:55:00+00:00,2018-11-01 00:00:00+00:00,288,9,8192
8192,707,203616,211807,2018-09-24 13:00:00+00:00,2018-11-02 00:00:00+00:00,288,9,8192
8192,708,203904,212095,2018-09-25 13:00:00+00:00,2018-11-05 00:05:00+00:00,288,9,8192
8192,709,204192,212383,2018-09-26 13:00:00+00:00,2018-11-06 00:05:00+00:00,288,9,8192
8192,710,204480,212671,2018-09-27 13:00:00+00:00,2018-11-07 00:05:00+00:00,288,9,8192
8192,711,204768,212959,2018-09-28 13:00:00+00:00,2018-11-08 00:05:00+00:00,288,9,8192
8192,712,205056,213247,2018-10-01 13:05:00+00:00,2018-11-09 00:05:00+00:00,288,9,8192
8192,713,205344,213535,2018-10-02 13:05:00+00:00,2018-11-12 00:10:00+00:00,288,9,8192
8192,714,205632,213823,2018-10-03 13:05:00+00:00,2018-11-13 00:10:00+00:00,288,9,8192
8192,715,205920,214111,2018-10-04 13:05:00+00:00,2018-11-14 00:10:00+00:00,288,9,8192
8192,716,206208,214399,2018-10-05 13:05:00+00:00,2018-11-15 00:10:00+00:00,288,9,8192
8192,717,206496,214687,2018-10-08 13:10:00+00:00,2018-11-16 00:10:00+00:00,288,9,8192
8192,718,206784,214975,2018-10-09 13:10:00+00:00,2018-11-19 00:15:00+00:00,288,9,8192
8192,719,207072,215263,2018-10-10 13:10:00+00:00,2018-11-20 00:15:00+00:00,288,9,8192
8192,720,207360,215551,2018-10-11 13:10:00+00:00,2018-11-21 00:15:00+00:00,288,9,8192
8192,721,207648,215839,2018-10-12 13:10:00+00:00,2018-11-22 00:15:00+00:00,288,9,8192
8192,722,207936,216127,2018-10-15 13:15:00+00:00,2018-11-23 00:15:00+00:00,288,9,8192
8192,723,208224,216415,2018-10-16 13:15:00+00:00,2018-11-26 00:20:00+00:00,288,9,8192
8192,724,208512,216703,2018-10-17 13:15:00+00:00,2018-11-27 00:20:00+00:00,288,9,8192
8192,725,208800,216991,2018-10-18 13:15:00+00:00,2018-11-28 00:20:00+00:00,288,9,8192
8192,726,209088,217279,2018-10-19 13:15:00+00:00,2018-11-29 00:20:00+00:00,288,9,8192
8192,727,209376,217567,2018-10-22 13:20:00+00:00,2018-11-30 00:20:00+00:00,288,9,8192
8192,728,209664,217855,2018-10-23 13:20:00+00:00,2018-12-03 00:25:00+00:00,288,9,8192
8192,729,209952,218143,2018-10-24 13:20:00+00:00,2018-12-04 00:25:00+00:00,288,9,8192
8192,730,210240,218431,2018-10-25 13:20:00+00:00,2018-12-05 00:25:00+00:00,288,9,8192
8192,731,210528,218719,2018-10-26 13:20:00+00:00,2018-12-06 00:25:00+00:00,288,9,8192
8192,732,210816,219007,2018-10-29 13:25:00+00:00,2018-12-07 00:25:00+00:00,288,9,8192
8192,733,211104,219295,2018-10-30 13:25:00+00:00,2018-12-10 00:30:00+00:00,288,9,8192
8192,734,211392,219583,2018-10-31 13:25:00+00:00,2018-12-11 00:30:00+00:00,288,9,8192
8192,735,211680,219871,2018-11-01 13:25:00+00:00,2018-12-12 00:30:00+00:00,288,9,8192
8192,736,211968,220159,2018-11-02 13:25:00+00:00,2018-12-13 00:30:00+00:00,288,9,8192
8192,737,212256,220447,2018-11-05 13:30:00+00:00,2018-12-14 00:30:00+00:00,288,9,8192
8192,738,212544,220735,2018-11-06 13:30:00+00:00,2018-12-17 00:35:00+00:00,288,9,8192
8192,739,212832,221023,2018-11-07 13:30:00+00:00,2018-12-18 00:35:00+00:00,288,9,8192
8192,740,213120,221311,2018-11-08 13:30:00+00:00,2018-12-19 00:35:00+00:00,288,9,8192
8192,741,213408,221599,2018-11-09 13:30:00+00:00,2018-12-20 00:35:00+00:00,288,9,8192
8192,742,213696,221887,2018-11-12 13:35:00+00:00,2018-12-21 00:35:00+00:00,288,9,8192
8192,743,213984,222175,2018-11-13 13:35:00+00:00,2018-12-24 00:40:00+00:00,288,9,8192
8192,744,214272,222463,2018-11-14 13:35:00+00:00,2018-12-25 00:50:00+00:00,288,9,8192
8192,745,214560,222751,2018-11-15 13:35:00+00:00,2018-12-26 14:55:00+00:00,288,9,8192
8192,746,214848,223039,2018-11-16 13:35:00+00:00,2018-12-27 14:55:00+00:00,288,9,8192
8192,747,215136,223327,2018-11-19 13:40:00+00:00,2018-12-28 14:55:00+00:00,288,9,8192
8192,748,215424,223615,2018-11-20 13:40:00+00:00,2018-12-31 15:00:00+00:00,288,9,8192
8192,749,215712,223903,2018-11-21 13:40:00+00:00,2019-01-02 15:05:00+00:00,288,9,8192
8192,750,216000,224191,2018-11-22 13:40:00+00:00,2019-01-03 15:05:00+00:00,288,9,8192
8192,751,216288,224479,2018-11-23 13:40:00+00:00,2019-01-04 15:05:00+00:00,288,9,8192
8192,752,216576,224767,2018-11-26 13:45:00+00:00,2019-01-07 15:10:00+00:00,288,9,8192
8192,753,216864,225055,2018-11-27 13:45:00+00:00,2019-01-08 15:10:00+00:00,288,9,8192
8192,754,217152,225343,2018-11-28 13:45:00+00:00,2019-01-09 15:10:00+00:00,288,9,8192
8192,755,217440,225631,2018-11-29 13:45:00+00:00,2019-01-10 15:10:00+00:00,288,9,8192
8192,756,217728,225919,2018-11-30 13:45:00+00:00,2019-01-11 15:10:00+00:00,288,9,8192
8192,757,218016,226207,2018-12-03 13:50:00+00:00,2019-01-14 15:15:00+00:00,288,9,8192
8192,758,218304,226495,2018-12-04 13:50:00+00:00,2019-01-15 15:15:00+00:00,288,9,8192
8192,759,218592,226783,2018-12-05 13:50:00+00:00,2019-01-16 15:15:00+00:00,288,9,8192
8192,760,218880,227071,2018-12-06 13:50:00+00:00,2019-01-17 15:15:00+00:00,288,9,8192
8192,761,219168,227359,2018-12-07 13:50:00+00:00,2019-01-18 15:15:00+00:00,288,9,8192
8192,762,219456,227647,2018-12-10 13:55:00+00:00,2019-01-21 15:20:00+00:00,288,9,8192
8192,763,219744,227935,2018-12-11 13:55:00+00:00,2019-01-22 15:20:00+00:00,288,9,8192
8192,764,220032,228223,2018-12-12 13:55:00+00:00,2019-01-23 15:20:00+00:00,288,9,8192
8192,765,220320,228511,2018-12-13 13:55:00+00:00,2019-01-24 15:20:00+00:00,288,9,8192
8192,766,220608,228799,2018-12-14 13:55:00+00:00,2019-01-25 15:20:00+00:00,288,9,8192
8192,767,220896,229087,2018-12-17 14:00:00+00:00,2019-01-28 15:25:00+00:00,288,9,8192
8192,768,221184,229375,2018-12-18 14:00:00+00:00,2019-01-29 15:25:00+00:00,288,9,8192
8192,769,221472,229663,2018-12-19 14:00:00+00:00,2019-01-30 15:25:00+00:00,288,9,8192
8192,770,221760,229951,2018-12-20 14:00:00+00:00,2019-01-31 15:25:00+00:00,288,9,8192
8192,771,222048,230239,2018-12-21 14:00:00+00:00,2019-02-01 15:25:00+00:00,288,9,8192
8192,772,222336,230527,2018-12-24 14:05:00+00:00,2019-02-04 15:30:00+00:00,288,9,8192
8192,773,222624,230815,2018-12-26 04:20:00+00:00,2019-02-05 15:30:00+00:00,288,9,8192
8192,774,222912,231103,2018-12-27 04:20:00+00:00,2019-02-06 15:30:00+00:00,288,9,8192
8192,775,223200,231391,2018-12-28 04:20:00+00:00,2019-02-07 15:30:00+00:00,288,9,8192
8192,776,223488,231679,2018-12-31 04:25:00+00:00,2019-02-08 15:30:00+00:00,288,9,8192
8192,777,223776,231967,2019-01-02 04:30:00+00:00,2019-02-11 15:35:00+00:00,288,9,8192
8192,778,224064,232255,2019-01-03 04:30:00+00:00,2019-02-12 15:35:00+00:00,288,9,8192
8192,779,224352,232543,2019-01-04 04:30:00+00:00,2019-02-13 15:35:00+00:00,288,9,8192
8192,780,224640,232831,2019-01-07 04:35:00+00:00,2019-02-14 15:35:00+00:00,288,9,8192
8192,781,224928,233119,2019-01-08 04:35:00+00:00,2019-02-15 15:35:00+00:00,288,9,8192
8192,782,225216,233407,2019-01-09 04:35:00+00:00,2019-02-18 15:40:00+00:00,288,9,8192
8192,783,225504,233695,2019-01-10 04:35:00+00:00,2019-02-19 15:40:00+00:00,288,9,8192
8192,784,225792,233983,2019-01-11 04:35:00+00:00,2019-02-20 15:40:00+00:00,288,9,8192
8192,785,226080,234271,2019-01-14 04:40:00+00:00,2019-02-21 15:40:00+00:00,288,9,8192
8192,786,226368,234559,2019-01-15 04:40:00+00:00,2019-02-22 15:40:00+00:00,288,9,8192
8192,787,226656,234847,2019-01-16 04:40:00+00:00,2019-02-25 15:45:00+00:00,288,9,8192
8192,788,226944,235135,2019-01-17 04:40:00+00:00,2019-02-26 15:45:00+00:00,288,9,8192
8192,789,227232,235423,2019-01-18 04:40:00+00:00,2019-02-27 15:45:00+00:00,288,9,8192
8192,790,227520,235711,2019-01-21 04:45:00+00:00,2019-02-28 15:45:00+00:00,288,9,8192
8192,791,227808,235999,2019-01-22 04:45:00+00:00,2019-03-01 15:45:00+00:00,288,9,8192
8192,792,228096,236287,2019-01-23 04:45:00+00:00,2019-03-04 15:50:00+00:00,288,9,8192
8192,793,228384,236575,2019-01-24 04:45:00+00:00,2019-03-05 15:50:00+00:00,288,9,8192
8192,794,228672,236863,2019-01-25 04:45:00+00:00,2019-03-06 15:50:00+00:00,288,9,8192
8192,795,228960,237151,2019-01-28 04:50:00+00:00,2019-03-07 15:50:00+00:00,288,9,8192
8192,796,229248,237439,2019-01-29 04:50:00+00:00,2019-03-08 15:50:00+00:00,288,9,8192
8192,797,229536,237727,2019-01-30 04:50:00+00:00,2019-03-11 14:55:00+00:00,288,9,8192
8192,798,229824,238015,2019-01-31 04:50:00+00:00,2019-03-12 14:55:00+00:00,288,9,8192
8192,799,230112,238303,2019-02-01 04:50:00+00:00,2019-03-13 14:55:00+00:00,288,9,8192
8192,800,230400,238591,2019-02-04 04:55:00+00:00,2019-03-14 14:55:00+00:00,288,9,8192
8192,801,230688,238879,2019-02-05 04:55:00+00:00,2019-03-15 14:55:00+00:00,288,9,8192
8192,802,230976,239167,2019-02-06 04:55:00+00:00,2019-03-18 15:00:00+00:00,288,9,8192
8192,803,231264,239455,2019-02-07 04:55:00+00:00,2019-03-19 15:00:00+00:00,288,9,8192
8192,804,231552,239743,2019-02-08 04:55:00+00:00,2019-03-20 15:00:00+00:00,288,9,8192
8192,805,231840,240031,2019-02-11 05:00:00+00:00,2019-03-21 15:00:00+00:00,288,9,8192
8192,806,232128,240319,2019-02-12 05:00:00+00:00,2019-03-22 15:00:00+00:00,288,9,8192
8192,807,232416,240607,2019-02-13 05:00:00+00:00,2019-03-25 15:10:00+00:00,288,9,8192
8192,808,232704,240895,2019-02-14 05:00:00+00:00,2019-03-26 15:10:00+00:00,288,9,8192
8192,809,232992,241183,2019-02-15 05:00:00+00:00,2019-03-27 15:10:00+00:00,288,9,8192
8192,810,233280,241471,2019-02-18 05:05:00+00:00,2019-03-28 15:10:00+00:00,288,9,8192
8192,811,233568,241759,2019-02-19 05:05:00+00:00,2019-03-29 15:10:00+00:00,288,9,8192
8192,812,233856,242047,2019-02-20 05:05:00+00:00,2019-04-01 17:20:00+00:00,288,9,8192
8192,813,234144,242335,2019-02-21 05:05:00+00:00,2019-04-02 17:20:00+00:00,288,9,8192
8192,814,234432,242623,2019-02-22 05:05:00+00:00,2019-04-03 17:20:00+00:00,288,9,8192
8192,815,234720,242911,2019-02-25 05:10:00+00:00,2019-04-04 17:20:00+00:00,288,9,8192
8192,816,235008,243199,2019-02-26 05:10:00+00:00,2019-04-05 17:20:00+00:00,288,9,8192
8192,817,235296,243487,2019-02-27 05:10:00+00:00,2019-04-08 17:25:00+00:00,288,9,8192
8192,818,235584,243775,2019-02-28 05:10:00+00:00,2019-04-09 17:25:00+00:00,288,9,8192
8192,819,235872,244063,2019-03-01 05:10:00+00:00,2019-04-10 17:25:00+00:00,288,9,8192
8192,820,236160,244351,2019-03-04 05:15:00+00:00,2019-04-11 17:25:00+00:00,288,9,8192
8192,821,236448,244639,2019-03-05 05:15:00+00:00,2019-04-12 17:25:00+00:00,288,9,8192
8192,822,236736,244927,2019-03-06 05:15:00+00:00,2019-04-15 17:30:00+00:00,288,9,8192
8192,823,237024,245215,2019-03-07 05:15:00+00:00,2019-04-16 17:30:00+00:00,288,9,8192
8192,824,237312,245503,2019-03-08 05:15:00+00:00,2019-04-17 17:30:00+00:00,288,9,8192
8192,825,237600,245791,2019-03-11 04:20:00+00:00,2019-04-18 17:30:00+00:00,288,9,8192
8192,826,237888,246079,2019-03-12 04:20:00+00:00,2019-04-19 17:30:00+00:00,288,9,8192
8192,827,238176,246367,2019-03-13 04:20:00+00:00,2019-04-22 17:35:00+00:00,288,9,8192
8192,828,238464,246655,2019-03-14 04:20:00+00:00,2019-04-23 17:35:00+00:00,288,9,8192
8192,829,238752,246943,2019-03-15 04:20:00+00:00,2019-04-24 17:35:00+00:00,288,9,8192
8192,830,239040,247231,2019-03-18 04:25:00+00:00,2019-04-25 17:35:00+00:00,288,9,8192
8192,831,239328,247519,2019-03-19 04:25:00+00:00,2019-04-26 17:35:00+00:00,288,9,8192
8192,832,239616,247807,2019-03-20 04:25:00+00:00,2019-04-29 17:40:00+00:00,288,9,8192
8192,833,239904,248095,2019-03-21 04:25:00+00:00,2019-04-30 17:40:00+00:00,288,9,8192
8192,834,240192,248383,2019-03-22 04:25:00+00:00,2019-05-01 17:40:00+00:00,288,9,8192
8192,835,240480,248671,2019-03-25 04:35:00+00:00,2019-05-02 17:40:00+00:00,288,9,8192
8192,836,240768,248959,2019-03-26 04:35:00+00:00,2019-05-03 17:40:00+00:00,288,9,8192
8192,837,241056,249247,2019-03-27 04:35:00+00:00,2019-05-06 17:45:00+00:00,288,9,8192
8192,838,241344,249535,2019-03-28 04:35:00+00:00,2019-05-07 17:45:00+00:00,288,9,8192
8192,839,241632,249823,2019-03-29 04:35:00+00:00,2019-05-08 17:45:00+00:00,288,9,8192
8192,840,241920,250111,2019-04-01 06:45:00+00:00,2019-05-09 17:45:00+00:00,288,9,8192
8192,841,242208,250399,2019-04-02 06:45:00+00:00,2019-05-10 17:45:00+00:00,288,9,8192
8192,842,242496,250687,2019-04-03 06:45:00+00:00,2019-05-13 17:50:00+00:00,288,9,8192
8192,843,242784,250975,2019-04-04 06:45:00+00:00,2019-05-14 17:50:00+00:00,288,9,8192
8192,844,243072,251263,2019-04-05 06:45:00+00:00,2019-05-15 17:50:00+00:00,288,9,8192
8192,845,243360,251551,2019-04-08 06:50:00+00:00,2019-05-16 17:50:00+00:00,288,9,8192
8192,846,243648,251839,2019-04-09 06:50:00+00:00,2019-05-17 17:50:00+00:00,288,9,8192
8192,847,243936,252127,2019-04-10 06:50:00+00:00,2019-05-20 17:55:00+00:00,288,9,8192
8192,848,244224,252415,2019-04-11 06:50:00+00:00,2019-05-21 17:55:00+00:00,288,9,8192
8192,849,244512,252703,2019-04-12 06:50:00+00:00,2019-05-22 17:55:00+00:00,288,9,8192
8192,850,244800,252991,2019-04-15 06:55:00+00:00,2019-05-23 17:55:00+00:00,288,9,8192
8192,851,245088,253279,2019-04-16 06:55:00+00:00,2019-05-24 17:55:00+00:00,288,9,8192
8192,852,245376,253567,2019-04-17 06:55:00+00:00,2019-05-28 06:05:00+00:00,288,9,8192
8192,853,245664,253855,2019-04-18 06:55:00+00:00,2019-05-29 06:05:00+00:00,288,9,8192
8192,854,245952,254143,2019-04-19 06:55:00+00:00,2019-05-30 06:05:00+00:00,288,9,8192
8192,855,246240,254431,2019-04-22 07:00:00+00:00,2019-05-31 06:05:00+00:00,288,9,8192
8192,856,246528,254719,2019-04-23 07:00:00+00:00,2019-06-03 06:10:00+00:00,288,9,8192
8192,857,246816,255007,2019-04-24 07:00:00+00:00,2019-06-04 06:10:00+00:00,288,9,8192
8192,858,247104,255295,2019-04-25 07:00:00+00:00,2019-06-05 06:10:00+00:00,288,9,8192
8192,859,247392,255583,2019-04-26 07:00:00+00:00,2019-06-06 06:10:00+00:00,288,9,8192
8192,860,247680,255871,2019-04-29 07:05:00+00:00,2019-06-07 06:10:00+00:00,288,9,8192
8192,861,247968,256159,2019-04-30 07:05:00+00:00,2019-06-10 06:15:00+00:00,288,9,8192
8192,862,248256,256447,2019-05-01 07:05:00+00:00,2019-06-11 06:15:00+00:00,288,9,8192
8192,863,248544,256735,2019-05-02 07:05:00+00:00,2019-06-12 06:15:00+00:00,288,9,8192
8192,864,248832,257023,2019-05-03 07:05:00+00:00,2019-06-13 06:15:00+00:00,288,9,8192
8192,865,249120,257311,2019-05-06 07:10:00+00:00,2019-06-14 06:15:00+00:00,288,9,8192
8192,866,249408,257599,2019-05-07 07:10:00+00:00,2019-06-17 06:20:00+00:00,288,9,8192
8192,867,249696,257887,2019-05-08 07:10:00+00:00,2019-06-18 06:20:00+00:00,288,9,8192
8192,868,249984,258175,2019-05-09 07:10:00+00:00,2019-06-19 06:20:00+00:00,288,9,8192
8192,869,250272,258463,2019-05-10 07:10:00+00:00,2019-06-20 06:20:00+00:00,288,9,8192
8192,870,250560,258751,2019-05-13 07:15:00+00:00,2019-06-21 06:20:00+00:00,288,9,8192
8192,871,250848,259039,2019-05-14 07:15:00+00:00,2019-06-24 06:25:00+00:00,288,9,8192
8192,872,251136,259327,2019-05-15 07:15:00+00:00,2019-06-25 06:25:00+00:00,288,9,8192
8192,873,251424,259615,2019-05-16 07:15:00+00:00,2019-06-26 06:25:00+00:00,288,9,8192
8192,874,251712,259903,2019-05-17 07:15:00+00:00,2019-06-27 06:25:00+00:00,288,9,8192
8192,875,252000,260191,2019-05-20 07:20:00+00:00,2019-06-28 06:25:00+00:00,288,9,8192
8192,876,252288,260479,2019-05-21 07:20:00+00:00,2019-07-01 06:30:00+00:00,288,9,8192
8192,877,252576,260767,2019-05-22 07:20:00+00:00,2019-07-02 06:30:00+00:00,288,9,8192
8192,878,252864,261055,2019-05-23 07:20:00+00:00,2019-07-03 06:30:00+00:00,288,9,8192
8192,879,253152,261343,2019-05-24 07:20:00+00:00,2019-07-04 06:30:00+00:00,288,9,8192
8192,880,253440,261631,2019-05-27 19:30:00+00:00,2019-07-05 06:30:00+00:00,288,9,8192
8192,881,253728,261919,2019-05-28 19:30:00+00:00,2019-07-08 06:35:00+00:00,288,9,8192
8192,882,254016,262207,2019-05-29 19:30:00+00:00,2019-07-09 06:35:00+00:00,288,9,8192
8192,883,254304,262495,2019-05-30 19:30:00+00:00,2019-07-10 06:35:00+00:00,288,9,8192
8192,884,254592,262783,2019-05-31 19:30:00+00:00,2019-07-11 06:35:00+00:00,288,9,8192
8192,885,254880,263071,2019-06-03 19:35:00+00:00,2019-07-12 06:35:00+00:00,288,9,8192
8192,886,255168,263359,2019-06-04 19:35:00+00:00,2019-07-15 06:40:00+00:00,288,9,8192
8192,887,255456,263647,2019-06-05 19:35:00+00:00,2019-07-16 06:40:00+00:00,288,9,8192
8192,888,255744,263935,2019-06-06 19:35:00+00:00,2019-07-17 06:40:00+00:00,288,9,8192
8192,889,256032,264223,2019-06-07 19:35:00+00:00,2019-07-18 06:40:00+00:00,288,9,8192
8192,890,256320,264511,2019-06-10 19:40:00+00:00,2019-07-19 06:40:00+00:00,288,9,8192
8192,891,256608,264799,2019-06-11 19:40:00+00:00,2019-07-22 06:45:00+00:00,288,9,8192
8192,892,256896,265087,2019-06-12 19:40:00+00:00,2019-07-23 06:45:00+00:00,288,9,8192
8192,893,257184,265375,2019-06-13 19:40:00+00:00,2019-07-24 06:45:00+00:00,288,9,8192
8192,894,257472,265663,2019-06-14 19:40:00+00:00,2019-07-25 06:45:00+00:00,288,9,8192
8192,895,257760,265951,2019-06-17 19:45:00+00:00,2019-07-26 06:45:00+00:00,288,9,8192
8192,896,258048,266239,2019-06-18 19:45:00+00:00,2019-07-29 06:50:00+00:00,288,9,8192
8192,897,258336,266527,2019-06-19 19:45:00+00:00,2019-07-30 06:50:00+00:00,288,9,8192
8192,898,258624,266815,2019-06-20 19:45:00+00:00,2019-07-31 06:50:00+00:00,288,9,8192
8192,899,258912,267103,2019-06-21 19:45:00+00:00,2019-08-01 06:50:00+00:00,288,9,8192
8192,900,259200,267391,2019-06-24 19:50:00+00:00,2019-08-02 06:50:00+00:00,288,9,8192
8192,901,259488,267679,2019-06-25 19:50:00+00:00,2019-08-05 06:55:00+00:00,288,9,8192
8192,902,259776,267967,2019-06-26 19:50:00+00:00,2019-08-06 06:55:00+00:00,288,9,8192
8192,903,260064,268255,2019-06-27 19:50:00+00:00,2019-08-07 06:55:00+00:00,288,9,8192
8192,904,260352,268543,2019-06-28 19:50:00+00:00,2019-08-08 06:55:00+00:00,288,9,8192
8192,905,260640,268831,2019-07-01 19:55:00+00:00,2019-08-09 06:55:00+00:00,288,9,8192
8192,906,260928,269119,2019-07-02 19:55:00+00:00,2019-08-12 07:00:00+00:00,288,9,8192
8192,907,261216,269407,2019-07-03 19:55:00+00:00,2019-08-13 07:00:00+00:00,288,9,8192
8192,908,261504,269695,2019-07-04 19:55:00+00:00,2019-08-14 07:00:00+00:00,288,9,8192
8192,909,261792,269983,2019-07-05 19:55:00+00:00,2019-08-15 07:00:00+00:00,288,9,8192
8192,910,262080,270271,2019-07-08 20:00:00+00:00,2019-08-16 07:00:00+00:00,288,9,8192
8192,911,262368,270559,2019-07-09 20:00:00+00:00,2019-08-19 07:05:00+00:00,288,9,8192
8192,912,262656,270847,2019-07-10 20:00:00+00:00,2019-08-20 07:05:00+00:00,288,9,8192
8192,913,262944,271135,2019-07-11 20:00:00+00:00,2019-08-21 07:05:00+00:00,288,9,8192
8192,914,263232,271423,2019-07-12 20:00:00+00:00,2019-08-22 07:05:00+00:00,288,9,8192
8192,915,263520,271711,2019-07-15 20:05:00+00:00,2019-08-23 07:05:00+00:00,288,9,8192
8192,916,263808,271999,2019-07-16 20:05:00+00:00,2019-08-26 07:10:00+00:00,288,9,8192
8192,917,264096,272287,2019-07-17 20:05:00+00:00,2019-08-27 07:10:00+00:00,288,9,8192
8192,918,264384,272575,2019-07-18 20:05:00+00:00,2019-08-28 07:10:00+00:00,288,9,8192
8192,919,264672,272863,2019-07-19 20:05:00+00:00,2019-08-29 07:10:00+00:00,288,9,8192
8192,920,264960,273151,2019-07-22 20:10:00+00:00,2019-08-30 07:10:00+00:00,288,9,8192
8192,921,265248,273439,2019-07-23 20:10:00+00:00,2019-09-02 07:15:00+00:00,288,9,8192
8192,922,265536,273727,2019-07-24 20:10:00+00:00,2019-09-03 07:15:00+00:00,288,9,8192
8192,923,265824,274015,2019-07-25 20:10:00+00:00,2019-09-04 07:15:00+00:00,288,9,8192
8192,924,266112,274303,2019-07-26 20:10:00+00:00,2019-09-05 07:15:00+00:00,288,9,8192
8192,925,266400,274591,2019-07-29 20:15:00+00:00,2019-09-06 07:15:00+00:00,288,9,8192
8192,926,266688,274879,2019-07-30 20:15:00+00:00,2019-09-09 07:20:00+00:00,288,9,8192
8192,927,266976,275167,2019-07-31 20:15:00+00:00,2019-09-10 07:20:00+00:00,288,9,8192
8192,928,267264,275455,2019-08-01 20:15:00+00:00,2019-09-11 07:20:00+00:00,288,9,8192
8192,929,267552,275743,2019-08-02 20:15:00+00:00,2019-09-12 07:20:00+00:00,288,9,8192
8192,930,267840,276031,2019-08-05 20:20:00+00:00,2019-09-13 07:20:00+00:00,288,9,8192
8192,931,268128,276319,2019-08-06 20:20:00+00:00,2019-09-16 07:25:00+00:00,288,9,8192
8192,932,268416,276607,2019-08-07 20:20:00+00:00,2019-09-17 07:25:00+00:00,288,9,8192
8192,933,268704,276895,2019-08-08 20:20:00+00:00,2019-09-18 07:25:00+00:00,288,9,8192
8192,934,268992,277183,2019-08-09 20:20:00+00:00,2019-09-19 07:25:00+00:00,288,9,8192
8192,935,269280,277471,2019-08-12 20:25:00+00:00,2019-09-20 07:25:00+00:00,288,9,8192
8192,936,269568,277759,2019-08-13 20:25:00+00:00,2019-09-23 07:30:00+00:00,288,9,8192
8192,937,269856,278047,2019-08-14 20:25:00+00:00,2019-09-24 07:30:00+00:00,288,9,8192
8192,938,270144,278335,2019-08-15 20:25:00+00:00,2019-09-25 07:30:00+00:00,288,9,8192
8192,939,270432,278623,2019-08-16 20:25:00+00:00,2019-09-26 07:30:00+00:00,288,9,8192
8192,940,270720,278911,2019-08-19 20:30:00+00:00,2019-09-27 07:30:00+00:00,288,9,8192
8192,941,271008,279199,2019-08-20 20:30:00+00:00,2019-09-30 07:35:00+00:00,288,9,8192
8192,942,271296,279487,2019-08-21 20:30:00+00:00,2019-10-01 07:35:00+00:00,288,9,8192
8192,943,271584,279775,2019-08-22 20:30:00+00:00,2019-10-02 07:35:00+00:00,288,9,8192
8192,944,271872,280063,2019-08-23 20:30:00+00:00,2019-10-03 07:35:00+00:00,288,9,8192
8192,945,272160,280351,2019-08-26 20:35:00+00:00,2019-10-04 07:35:00+00:00,288,9,8192
8192,946,272448,280639,2019-08-27 20:35:00+00:00,2019-10-07 07:40:00+00:00,288,9,8192
8192,947,272736,280927,2019-08-28 20:35:00+00:00,2019-10-08 07:40:00+00:00,288,9,8192
8192,948,273024,281215,2019-08-29 20:35:00+00:00,2019-10-09 07:40:00+00:00,288,9,8192
8192,949,273312,281503,2019-08-30 20:35:00+00:00,2019-10-10 07:40:00+00:00,288,9,8192
8192,950,273600,281791,2019-09-02 20:40:00+00:00,2019-10-11 07:40:00+00:00,288,9,8192
8192,951,273888,282079,2019-09-03 20:40:00+00:00,2019-10-14 07:45:00+00:00,288,9,8192
8192,952,274176,282367,2019-09-04 20:40:00+00:00,2019-10-15 07:45:00+00:00,288,9,8192
8192,953,274464,282655,2019-09-05 20:40:00+00:00,2019-10-16 07:45:00+00:00,288,9,8192
8192,954,274752,282943,2019-09-06 20:40:00+00:00,2019-10-17 07:45:00+00:00,288,9,8192
8192,955,275040,283231,2019-09-09 20:45:00+00:00,2019-10-18 07:45:00+00:00,288,9,8192
8192,956,275328,283519,2019-09-10 20:45:00+00:00,2019-10-21 07:50:00+00:00,288,9,8192
8192,957,275616,283807,2019-09-11 20:45:00+00:00,2019-10-22 07:50:00+00:00,288,9,8192
8192,958,275904,284095,2019-09-12 20:45:00+00:00,2019-10-23 07:50:00+00:00,288,9,8192
8192,959,276192,284383,2019-09-13 20:45:00+00:00,2019-10-24 07:50:00+00:00,288,9,8192
8192,960,276480,284671,2019-09-16 20:50:00+00:00,2019-10-25 07:50:00+00:00,288,9,8192
8192,961,276768,284959,2019-09-17 20:50:00+00:00,2019-10-28 06:55:00+00:00,288,9,8192
8192,962,277056,285247,2019-09-18 20:50:00+00:00,2019-10-29 06:55:00+00:00,288,9,8192
8192,963,277344,285535,2019-09-19 20:50:00+00:00,2019-10-30 06:55:00+00:00,288,9,8192
8192,964,277632,285823,2019-09-20 20:50:00+00:00,2019-10-31 06:55:00+00:00,288,9,8192
8192,965,277920,286111,2019-09-23 20:55:00+00:00,2019-11-01 06:55:00+00:00,288,9,8192
8192,966,278208,286399,2019-09-24 20:55:00+00:00,2019-11-04 08:00:00+00:00,288,9,8192
8192,967,278496,286687,2019-09-25 20:55:00+00:00,2019-11-05 08:00:00+00:00,288,9,8192
8192,968,278784,286975,2019-09-26 20:55:00+00:00,2019-11-06 08:00:00+00:00,288,9,8192
8192,969,279072,287263,2019-09-27 20:55:00+00:00,2019-11-07 08:00:00+00:00,288,9,8192
8192,970,279360,287551,2019-09-30 21:00:00+00:00,2019-11-08 08:00:00+00:00,288,9,8192
8192,971,279648,287839,2019-10-01 21:00:00+00:00,2019-11-11 08:05:00+00:00,288,9,8192
8192,972,279936,288127,2019-10-02 21:00:00+00:00,2019-11-12 08:05:00+00:00,288,9,8192
8192,973,280224,288415,2019-10-03 21:00:00+00:00,2019-11-13 08:05:00+00:00,288,9,8192
8192,974,280512,288703,2019-10-04 21:00:00+00:00,2019-11-14 08:05:00+00:00,288,9,8192
8192,975,280800,288991,2019-10-07 21:05:00+00:00,2019-11-15 08:05:00+00:00,288,9,8192
8192,976,281088,289279,2019-10-08 21:05:00+00:00,2019-11-18 08:10:00+00:00,288,9,8192
8192,977,281376,289567,2019-10-09 21:05:00+00:00,2019-11-19 08:10:00+00:00,288,9,8192
8192,978,281664,289855,2019-10-10 21:05:00+00:00,2019-11-20 08:10:00+00:00,288,9,8192
8192,979,281952,290143,2019-10-11 21:05:00+00:00,2019-11-21 08:10:00+00:00,288,9,8192
8192,980,282240,290431,2019-10-14 21:10:00+00:00,2019-11-22 08:10:00+00:00,288,9,8192
8192,981,282528,290719,2019-10-15 21:10:00+00:00,2019-11-25 08:15:00+00:00,288,9,8192
8192,982,282816,291007,2019-10-16 21:10:00+00:00,2019-11-26 08:15:00+00:00,288,9,8192
8192,983,283104,291295,2019-10-17 21:10:00+00:00,2019-11-27 08:15:00+00:00,288,9,8192
8192,984,283392,291583,2019-10-18 21:10:00+00:00,2019-11-28 08:15:00+00:00,288,9,8192
8192,985,283680,291871,2019-10-21 21:15:00+00:00,2019-11-29 08:15:00+00:00,288,9,8192
8192,986,283968,292159,2019-10-22 21:15:00+00:00,2019-12-02 08:20:00+00:00,288,9,8192
8192,987,284256,292447,2019-10-23 21:15:00+00:00,2019-12-03 08:20:00+00:00,288,9,8192
8192,988,284544,292735,2019-10-24 21:15:00+00:00,2019-12-04 08:20:00+00:00,288,9,8192
8192,989,284832,293023,2019-10-25 21:15:00+00:00,2019-12-05 08:20:00+00:00,288,9,8192
8192,990,285120,293311,2019-10-28 20:20:00+00:00,2019-12-06 08:20:00+00:00,288,9,8192
8192,991,285408,293599,2019-10-29 20:20:00+00:00,2019-12-09 08:25:00+00:00,288,9,8192
8192,992,285696,293887,2019-10-30 20:20:00+00:00,2019-12-10 08:25:00+00:00,288,9,8192
8192,993,285984,294175,2019-10-31 20:20:00+00:00,2019-12-11 08:25:00+00:00,288,9,8192
8192,994,286272,294463,2019-11-01 20:20:00+00:00,2019-12-12 08:25:00+00:00,288,9,8192
8192,995,286560,294751,2019-11-04 21:25:00+00:00,2019-12-13 08:25:00+00:00,288,9,8192
8192,996,286848,295039,2019-11-05 21:25:00+00:00,2019-12-16 08:30:00+00:00,288,9,8192
8192,997,287136,295327,2019-11-06 21:25:00+00:00,2019-12-17 08:30:00+00:00,288,9,8192
8192,998,287424,295615,2019-11-07 21:25:00+00:00,2019-12-18 08:30:00+00:00,288,9,8192
8192,999,287712,295903,2019-11-08 21:25:00+00:00,2019-12-19 08:30:00+00:00,288,9,8192
8192,1000,288000,296191,2019-11-11 21:30:00+00:00,2019-12-20 08:30:00+00:00,288,9,8192
8192,1001,288288,296479,2019-11-12 21:30:00+00:00,2019-12-23 08:35:00+00:00,288,9,8192
8192,1002,288576,296767,2019-11-13 21:30:00+00:00,2019-12-24 08:35:00+00:00,288,9,8192
8192,1003,288864,297055,2019-11-14 21:30:00+00:00,2019-12-25 23:40:00+00:00,288,9,8192
8192,1004,289152,297343,2019-11-15 21:30:00+00:00,2019-12-26 23:40:00+00:00,288,9,8192
8192,1005,289440,297631,2019-11-18 21:35:00+00:00,2019-12-29 23:45:00+00:00,288,9,8192
8192,1006,289728,297919,2019-11-19 21:35:00+00:00,2019-12-30 23:45:00+00:00,288,9,8192
8192,1007,290016,298207,2019-11-20 21:35:00+00:00,2020-01-01 23:50:00+00:00,288,9,8192
8192,1008,290304,298495,2019-11-21 21:35:00+00:00,2020-01-02 23:50:00+00:00,288,9,8192
8192,1009,290592,298783,2019-11-22 21:35:00+00:00,2020-01-05 23:55:00+00:00,288,9,8192
8192,1010,290880,299071,2019-11-25 21:40:00+00:00,2020-01-06 23:55:00+00:00,288,9,8192
8192,1011,291168,299359,2019-11-26 21:40:00+00:00,2020-01-07 23:55:00+00:00,288,9,8192
8192,1012,291456,299647,2019-11-27 21:40:00+00:00,2020-01-08 23:55:00+00:00,288,9,8192
8192,1013,291744,299935,2019-11-28 21:40:00+00:00,2020-01-09 23:55:00+00:00,288,9,8192
8192,1014,292032,300223,2019-11-29 21:40:00+00:00,2020-01-13 00:00:00+00:00,288,9,8192
8192,1015,292320,300511,2019-12-02 21:45:00+00:00,2020-01-14 00:00:00+00:00,288,9,8192
8192,1016,292608,300799,2019-12-03 21:45:00+00:00,2020-01-15 00:00:00+00:00,288,9,8192
8192,1017,292896,301087,2019-12-04 21:45:00+00:00,2020-01-16 00:00:00+00:00,288,9,8192
8192,1018,293184,301375,2019-12-05 21:45:00+00:00,2020-01-17 00:00:00+00:00,288,9,8192
8192,1019,293472,301663,2019-12-06 21:45:00+00:00,2020-01-20 00:05:00+00:00,288,9,8192
8192,1020,293760,301951,2019-12-09 21:50:00+00:00,2020-01-21 00:05:00+00:00,288,9,8192
8192,1021,294048,302239,2019-12-10 21:50:00+00:00,2020-01-22 00:05:00+00:00,288,9,8192
8192,1022,294336,302527,2019-12-11 21:50:00+00:00,2020-01-23 00:05:00+00:00,288,9,8192
8192,1023,294624,302815,2019-12-12 21:50:00+00:00,2020-01-24 00:05:00+00:00,288,9,8192
8192,1024,294912,303103,2019-12-13 21:50:00+00:00,2020-01-27 00:10:00+00:00,288,9,8192
8192,1025,295200,303391,2019-12-16 21:55:00+00:00,2020-01-28 00:10:00+00:00,288,9,8192
8192,1026,295488,303679,2019-12-17 21:55:00+00:00,2020-01-29 00:10:00+00:00,288,9,8192
8192,1027,295776,303967,2019-12-18 21:55:00+00:00,2020-01-30 00:10:00+00:00,288,9,8192
8192,1028,296064,304255,2019-12-19 21:55:00+00:00,2020-01-31 00:10:00+00:00,288,9,8192
8192,1029,296352,304543,2019-12-20 21:55:00+00:00,2020-02-03 00:15:00+00:00,288,9,8192
8192,1030,296640,304831,2019-12-23 22:00:00+00:00,2020-02-04 00:15:00+00:00,288,9,8192
8192,1031,296928,305119,2019-12-24 23:00:00+00:00,2020-02-05 00:15:00+00:00,288,9,8192
8192,1032,297216,305407,2019-12-26 13:05:00+00:00,2020-02-06 00:15:00+00:00,288,9,8192
8192,1033,297504,305695,2019-12-27 13:05:00+00:00,2020-02-07 00:15:00+00:00,288,9,8192
8192,1034,297792,305983,2019-12-30 13:10:00+00:00,2020-02-10 00:20:00+00:00,288,9,8192
8192,1035,298080,306271,2019-12-31 13:10:00+00:00,2020-02-11 00:20:00+00:00,288,9,8192
8192,1036,298368,306559,2020-01-02 13:15:00+00:00,2020-02-12 00:45:00+00:00,288,9,8192
8192,1037,298656,306847,2020-01-03 13:15:00+00:00,2020-02-13 00:45:00+00:00,288,9,8192
8192,1038,298944,307135,2020-01-06 13:20:00+00:00,2020-02-14 00:45:00+00:00,288,9,8192
8192,1039,299232,307423,2020-01-07 13:20:00+00:00,2020-02-17 00:50:00+00:00,288,9,8192
8192,1040,299520,307711,2020-01-08 13:20:00+00:00,2020-02-18 00:50:00+00:00,288,9,8192
8192,1041,299808,307999,2020-01-09 13:20:00+00:00,2020-02-19 00:50:00+00:00,288,9,8192
8192,1042,300096,308287,2020-01-10 13:20:00+00:00,2020-02-20 00:50:00+00:00,288,9,8192
8192,1043,300384,308575,2020-01-13 13:25:00+00:00,2020-02-21 00:50:00+00:00,288,9,8192
8192,1044,300672,308863,2020-01-14 13:25:00+00:00,2020-02-24 00:55:00+00:00,288,9,8192
8192,1045,300960,309151,2020-01-15 13:25:00+00:00,2020-02-25 00:55:00+00:00,288,9,8192
8192,1046,301248,309439,2020-01-16 13:25:00+00:00,2020-02-26 00:55:00+00:00,288,9,8192
8192,1047,301536,309727,2020-01-17 13:25:00+00:00,2020-02-27 00:55:00+00:00,288,9,8192
8192,1048,301824,310015,2020-01-20 13:30:00+00:00,2020-02-28 00:55:00+00:00,288,9,8192
8192,1049,302112,310303,2020-01-21 13:30:00+00:00,2020-03-02 01:00:00+00:00,288,9,8192
8192,1050,302400,310591,2020-01-22 13:30:00+00:00,2020-03-03 01:00:00+00:00,288,9,8192
8192,1051,302688,310879,2020-01-23 13:30:00+00:00,2020-03-04 01:00:00+00:00,288,9,8192
8192,1052,302976,311167,2020-01-24 13:30:00+00:00,2020-03-05 01:00:00+00:00,288,9,8192
8192,1053,303264,311455,2020-01-27 13:35:00+00:00,2020-03-06 01:00:00+00:00,288,9,8192
8192,1054,303552,311743,2020-01-28 13:35:00+00:00,2020-03-09 00:05:00+00:00,288,9,8192
8192,1055,303840,312031,2020-01-29 13:35:00+00:00,2020-03-10 00:05:00+00:00,288,9,8192
8192,1056,304128,312319,2020-01-30 13:35:00+00:00,2020-03-11 00:05:00+00:00,288,9,8192
8192,1057,304416,312607,2020-01-31 13:35:00+00:00,2020-03-12 00:05:00+00:00,288,9,8192
8192,1058,304704,312895,2020-02-03 13:40:00+00:00,2020-03-13 00:05:00+00:00,288,9,8192
8192,1059,304992,313183,2020-02-04 13:40:00+00:00,2020-03-16 00:10:00+00:00,288,9,8192
8192,1060,305280,313471,2020-02-05 13:40:00+00:00,2020-03-17 00:10:00+00:00,288,9,8192
8192,1061,305568,313759,2020-02-06 13:40:00+00:00,2020-03-18 00:10:00+00:00,288,9,8192
8192,1062,305856,314047,2020-02-07 13:40:00+00:00,2020-03-19 00:10:00+00:00,288,9,8192
8192,1063,306144,314335,2020-02-10 13:45:00+00:00,2020-03-20 00:10:00+00:00,288,9,8192
8192,1064,306432,314623,2020-02-11 13:45:00+00:00,2020-03-23 00:20:00+00:00,288,9,8192
8192,1065,306720,314911,2020-02-12 14:10:00+00:00,2020-03-24 00:20:00+00:00,288,9,8192
8192,1066,307008,315199,2020-02-13 14:10:00+00:00,2020-03-25 00:20:00+00:00,288,9,8192
8192,1067,307296,315487,2020-02-14 14:10:00+00:00,2020-03-26 00:20:00+00:00,288,9,8192
8192,1068,307584,315775,2020-02-17 14:15:00+00:00,2020-03-27 00:20:00+00:00,288,9,8192
8192,1069,307872,316063,2020-02-18 14:15:00+00:00,2020-03-30 02:30:00+00:00,288,9,8192
8192,1070,308160,316351,2020-02-19 14:15:00+00:00,2020-03-31 02:30:00+00:00,288,9,8192
8192,1071,308448,316639,2020-02-20 14:15:00+00:00,2020-04-01 02:30:00+00:00,288,9,8192
8192,1072,308736,316927,2020-02-21 14:15:00+00:00,2020-04-02 02:30:00+00:00,288,9,8192
8192,1073,309024,317215,2020-02-24 14:20:00+00:00,2020-04-03 02:30:00+00:00,288,9,8192
8192,1074,309312,317503,2020-02-25 14:20:00+00:00,2020-04-06 02:35:00+00:00,288,9,8192
8192,1075,309600,317791,2020-02-26 14:20:00+00:00,2020-04-07 02:35:00+00:00,288,9,8192
8192,1076,309888,318079,2020-02-27 14:20:00+00:00,2020-04-08 02:35:00+00:00,288,9,8192
8192,1077,310176,318367,2020-02-28 14:20:00+00:00,2020-04-09 02:35:00+00:00,288,9,8192
8192,1078,310464,318655,2020-03-02 14:25:00+00:00,2020-04-10 02:35:00+00:00,288,9,8192
8192,1079,310752,318943,2020-03-03 14:25:00+00:00,2020-04-13 02:40:00+00:00,288,9,8192
8192,1080,311040,319231,2020-03-04 14:25:00+00:00,2020-04-14 02:40:00+00:00,288,9,8192
8192,1081,311328,319519,2020-03-05 14:25:00+00:00,2020-04-15 02:40:00+00:00,288,9,8192
8192,1082,311616,319807,2020-03-06 14:25:00+00:00,2020-04-16 02:40:00+00:00,288,9,8192
8192,1083,311904,320095,2020-03-09 13:30:00+00:00,2020-04-17 02:40:00+00:00,288,9,8192
8192,1084,312192,320383,2020-03-10 13:30:00+00:00,2020-04-20 02:50:00+00:00,288,9,8192
8192,1085,312480,320671,2020-03-11 13:30:00+00:00,2020-04-21 02:50:00+00:00,288,9,8192
8192,1086,312768,320959,2020-03-12 13:30:00+00:00,2020-04-22 02:50:00+00:00,288,9,8192
8192,1087,313056,321247,2020-03-13 13:30:00+00:00,2020-04-23 02:50:00+00:00,288,9,8192
8192,1088,313344,321535,2020-03-16 13:35:00+00:00,2020-04-24 02:50:00+00:00,288,9,8192
8192,1089,313632,321823,2020-03-17 13:35:00+00:00,2020-04-27 02:55:00+00:00,288,9,8192
8192,1090,313920,322111,2020-03-18 13:35:00+00:00,2020-04-28 02:55:00+00:00,288,9,8192
8192,1091,314208,322399,2020-03-19 13:35:00+00:00,2020-04-29 02:55:00+00:00,288,9,8192
8192,1092,314496,322687,2020-03-20 13:35:00+00:00,2020-04-30 02:55:00+00:00,288,9,8192
8192,1093,314784,322975,2020-03-23 13:45:00+00:00,2020-05-01 02:55:00+00:00,288,9,8192
8192,1094,315072,323263,2020-03-24 13:45:00+00:00,2020-05-04 03:00:00+00:00,288,9,8192
8192,1095,315360,323551,2020-03-25 13:45:00+00:00,2020-05-05 03:00:00+00:00,288,9,8192
8192,1096,315648,323839,2020-03-26 13:45:00+00:00,2020-05-06 03:00:00+00:00,288,9,8192
8192,1097,315936,324127,2020-03-27 13:45:00+00:00,2020-05-07 03:00:00+00:00,288,9,8192
8192,1098,316224,324415,2020-03-30 15:55:00+00:00,2020-05-08 03:00:00+00:00,288,9,8192
8192,1099,316512,324703,2020-03-31 15:55:00+00:00,2020-05-11 03:05:00+00:00,288,9,8192
8192,1100,316800,324991,2020-04-01 15:55:00+00:00,2020-05-12 03:05:00+00:00,288,9,8192
8192,1101,317088,325279,2020-04-02 15:55:00+00:00,2020-05-13 03:05:00+00:00,288,9,8192
8192,1102,317376,325567,2020-04-03 15:55:00+00:00,2020-05-14 03:05:00+00:00,288,9,8192
8192,1103,317664,325855,2020-04-06 16:00:00+00:00,2020-05-15 03:05:00+00:00,288,9,8192
8192,1104,317952,326143,2020-04-07 16:00:00+00:00,2020-05-18 03:10:00+00:00,288,9,8192
8192,1105,318240,326431,2020-04-08 16:00:00+00:00,2020-05-19 03:10:00+00:00,288,9,8192
8192,1106,318528,326719,2020-04-09 16:00:00+00:00,2020-05-20 03:10:00+00:00,288,9,8192
8192,1107,318816,327007,2020-04-10 16:00:00+00:00,2020-05-21 03:10:00+00:00,288,9,8192
8192,1108,319104,327295,2020-04-13 16:05:00+00:00,2020-05-22 03:10:00+00:00,288,9,8192
8192,1109,319392,327583,2020-04-14 16:05:00+00:00,2020-05-25 03:15:00+00:00,288,9,8192
8192,1110,319680,327871,2020-04-15 16:05:00+00:00,2020-05-26 03:15:00+00:00,288,9,8192
8192,1111,319968,328159,2020-04-16 16:05:00+00:00,2020-05-27 03:15:00+00:00,288,9,8192
8192,1112,320256,328447,2020-04-17 16:05:00+00:00,2020-05-28 03:15:00+00:00,288,9,8192
8192,1113,320544,328735,2020-04-20 16:15:00+00:00,2020-05-29 03:15:00+00:00,288,9,8192
8192,1114,320832,329023,2020-04-21 16:15:00+00:00,2020-06-01 03:20:00+00:00,288,9,8192
8192,1115,321120,329311,2020-04-22 16:15:00+00:00,2020-06-02 03:20:00+00:00,288,9,8192
8192,1116,321408,329599,2020-04-23 16:15:00+00:00,2020-06-03 03:20:00+00:00,288,9,8192
8192,1117,321696,329887,2020-04-24 16:15:00+00:00,2020-06-04 03:20:00+00:00,288,9,8192
8192,1118,321984,330175,2020-04-27 16:20:00+00:00,2020-06-05 03:20:00+00:00,288,9,8192
8192,1119,322272,330463,2020-04-28 16:20:00+00:00,2020-06-08 03:25:00+00:00,288,9,8192
8192,1120,322560,330751,2020-04-29 16:20:00+00:00,2020-06-09 03:25:00+00:00,288,9,8192
8192,1121,322848,331039,2020-04-30 16:20:00+00:00,2020-06-10 03:25:00+00:00,288,9,8192
8192,1122,323136,331327,2020-05-01 16:20:00+00:00,2020-06-11 03:25:00+00:00,288,9,8192
8192,1123,323424,331615,2020-05-04 16:25:00+00:00,2020-06-12 03:25:00+00:00,288,9,8192
8192,1124,323712,331903,2020-05-05 16:25:00+00:00,2020-06-15 03:30:00+00:00,288,9,8192
8192,1125,324000,332191,2020-05-06 16:25:00+00:00,2020-06-16 03:30:00+00:00,288,9,8192
8192,1126,324288,332479,2020-05-07 16:25:00+00:00,2020-06-17 03:30:00+00:00,288,9,8192
8192,1127,324576,332767,2020-05-08 16:25:00+00:00,2020-06-18 03:30:00+00:00,288,9,8192
8192,1128,324864,333055,2020-05-11 16:30:00+00:00,2020-06-19 03:30:00+00:00,288,9,8192
8192,1129,325152,333343,2020-05-12 16:30:00+00:00,2020-06-22 03:35:00+00:00,288,9,8192
8192,1130,325440,333631,2020-05-13 16:30:00+00:00,2020-06-23 03:35:00+00:00,288,9,8192
8192,1131,325728,333919,2020-05-14 16:30:00+00:00,2020-06-24 03:35:00+00:00,288,9,8192
8192,1132,326016,334207,2020-05-15 16:30:00+00:00,2020-06-25 03:35:00+00:00,288,9,8192
8192,1133,326304,334495,2020-05-18 16:35:00+00:00,2020-06-26 03:35:00+00:00,288,9,8192
8192,1134,326592,334783,2020-05-19 16:35:00+00:00,2020-06-29 03:40:00+00:00,288,9,8192
8192,1135,326880,335071,2020-05-20 16:35:00+00:00,2020-06-30 03:40:00+00:00,288,9,8192
8192,1136,327168,335359,2020-05-21 16:35:00+00:00,2020-07-01 03:40:00+00:00,288,9,8192
8192,1137,327456,335647,2020-05-22 16:35:00+00:00,2020-07-02 03:40:00+00:00,288,9,8192
8192,1138,327744,335935,2020-05-25 16:40:00+00:00,2020-07-03 03:40:00+00:00,288,9,8192
8192,1139,328032,336223,2020-05-26 16:40:00+00:00,2020-07-06 03:45:00+00:00,288,9,8192
8192,1140,328320,336511,2020-05-27 16:40:00+00:00,2020-07-07 03:45:00+00:00,288,9,8192
8192,1141,328608,336799,2020-05-28 16:40:00+00:00,2020-07-08 03:45:00+00:00,288,9,8192
8192,1142,328896,337087,2020-05-29 16:40:00+00:00,2020-07-09 03:45:00+00:00,288,9,8192
8192,1143,329184,337375,2020-06-01 16:45:00+00:00,2020-07-10 03:45:00+00:00,288,9,8192
8192,1144,329472,337663,2020-06-02 16:45:00+00:00,2020-07-13 03:50:00+00:00,288,9,8192
8192,1145,329760,337951,2020-06-03 16:45:00+00:00,2020-07-14 03:50:00+00:00,288,9,8192
8192,1146,330048,338239,2020-06-04 16:45:00+00:00,2020-07-15 03:50:00+00:00,288,9,8192
8192,1147,330336,338527,2020-06-05 16:45:00+00:00,2020-07-16 03:50:00+00:00,288,9,8192
8192,1148,330624,338815,2020-06-08 16:50:00+00:00,2020-07-17 03:50:00+00:00,288,9,8192
8192,1149,330912,339103,2020-06-09 16:50:00+00:00,2020-07-20 03:55:00+00:00,288,9,8192
8192,1150,331200,339391,2020-06-10 16:50:00+00:00,2020-07-21 03:55:00+00:00,288,9,8192
8192,1151,331488,339679,2020-06-11 16:50:00+00:00,2020-07-22 03:55:00+00:00,288,9,8192
8192,1152,331776,339967,2020-06-12 16:50:00+00:00,2020-07-23 03:55:00+00:00,288,9,8192
8192,1153,332064,340255,2020-06-15 16:55:00+00:00,2020-07-24 03:55:00+00:00,288,9,8192
8192,1154,332352,340543,2020-06-16 16:55:00+00:00,2020-07-27 04:00:00+00:00,288,9,8192
8192,1155,332640,340831,2020-06-17 16:55:00+00:00,2020-07-28 04:00:00+00:00,288,9,8192
8192,1156,332928,341119,2020-06-18 16:55:00+00:00,2020-07-29 04:00:00+00:00,288,9,8192
8192,1157,333216,341407,2020-06-19 16:55:00+00:00,2020-07-30 04:00:00+00:00,288,9,8192
8192,1158,333504,341695,2020-06-22 17:00:00+00:00,2020-07-31 04:00:00+00:00,288,9,8192
8192,1159,333792,341983,2020-06-23 17:00:00+00:00,2020-08-03 04:05:00+00:00,288,9,8192
8192,1160,334080,342271,2020-06-24 17:00:00+00:00,2020-08-04 04:05:00+00:00,288,9,8192
8192,1161,334368,342559,2020-06-25 17:00:00+00:00,2020-08-05 04:05:00+00:00,288,9,8192
8192,1162,334656,342847,2020-06-26 17:00:00+00:00,2020-08-06 04:05:00+00:00,288,9,8192
8192,1163,334944,343135,2020-06-29 17:05:00+00:00,2020-08-07 04:05:00+00:00,288,9,8192
8192,1164,335232,343423,2020-06-30 17:05:00+00:00,2020-08-10 04:10:00+00:00,288,9,8192
8192,1165,335520,343711,2020-07-01 17:05:00+00:00,2020-08-11 04:10:00+00:00,288,9,8192
8192,1166,335808,343999,2020-07-02 17:05:00+00:00,2020-08-12 04:10:00+00:00,288,9,8192
8192,1167,336096,344287,2020-07-03 17:05:00+00:00,2020-08-13 04:10:00+00:00,288,9,8192
8192,1168,336384,344575,2020-07-06 17:10:00+00:00,2020-08-14 04:10:00+00:00,288,9,8192
8192,1169,336672,344863,2020-07-07 17:10:00+00:00,2020-08-17 04:15:00+00:00,288,9,8192
8192,1170,336960,345151,2020-07-08 17:10:00+00:00,2020-08-18 04:15:00+00:00,288,9,8192
8192,1171,337248,345439,2020-07-09 17:10:00+00:00,2020-08-19 04:15:00+00:00,288,9,8192
8192,1172,337536,345727,2020-07-10 17:10:00+00:00,2020-08-20 04:15:00+00:00,288,9,8192
8192,1173,337824,346015,2020-07-13 17:15:00+00:00,2020-08-21 04:15:00+00:00,288,9,8192
8192,1174,338112,346303,2020-07-14 17:15:00+00:00,2020-08-24 04:20:00+00:00,288,9,8192
8192,1175,338400,346591,2020-07-15 17:15:00+00:00,2020-08-25 04:20:00+00:00,288,9,8192
8192,1176,338688,346879,2020-07-16 17:15:00+00:00,2020-08-26 04:30:00+00:00,288,9,8192
8192,1177,338976,347167,2020-07-17 17:15:00+00:00,2020-08-27 04:30:00+00:00,288,9,8192
8192,1178,339264,347455,2020-07-20 17:20:00+00:00,2020-08-28 04:40:00+00:00,288,9,8192
8192,1179,339552,347743,2020-07-21 17:20:00+00:00,2020-08-31 04:45:00+00:00,288,9,8192
8192,1180,339840,348031,2020-07-22 17:20:00+00:00,2020-09-01 04:45:00+00:00,288,9,8192
8192,1181,340128,348319,2020-07-23 17:20:00+00:00,2020-09-02 04:45:00+00:00,288,9,8192
8192,1182,340416,348607,2020-07-24 17:20:00+00:00,2020-09-03 04:45:00+00:00,288,9,8192
8192,1183,340704,348895,2020-07-27 17:25:00+00:00,2020-09-04 04:45:00+00:00,288,9,8192
8192,1184,340992,349183,2020-07-28 17:25:00+00:00,2020-09-07 04:50:00+00:00,288,9,8192
8192,1185,341280,349471,2020-07-29 17:25:00+00:00,2020-09-08 04:50:00+00:00,288,9,8192
8192,1186,341568,349759,2020-07-30 17:25:00+00:00,2020-09-09 04:50:00+00:00,288,9,8192
8192,1187,341856,350047,2020-07-31 17:25:00+00:00,2020-09-10 05:05:00+00:00,288,9,8192
8192,1188,342144,350335,2020-08-03 17:30:00+00:00,2020-09-11 05:05:00+00:00,288,9,8192
8192,1189,342432,350623,2020-08-04 17:30:00+00:00,2020-09-14 05:10:00+00:00,288,9,8192
8192,1190,342720,350911,2020-08-05 17:30:00+00:00,2020-09-15 05:10:00+00:00,288,9,8192
8192,1191,343008,351199,2020-08-06 17:30:00+00:00,2020-09-16 05:10:00+00:00,288,9,8192
8192,1192,343296,351487,2020-08-07 17:30:00+00:00,2020-09-17 05:10:00+00:00,288,9,8192
8192,1193,343584,351775,2020-08-10 17:35:00+00:00,2020-09-18 05:10:00+00:00,288,9,8192
8192,1194,343872,352063,2020-08-11 17:35:00+00:00,2020-09-21 05:15:00+00:00,288,9,8192
8192,1195,344160,352351,2020-08-12 17:35:00+00:00,2020-09-22 05:15:00+00:00,288,9,8192
8192,1196,344448,352639,2020-08-13 17:35:00+00:00,2020-09-23 05:15:00+00:00,288,9,8192
8192,1197,344736,352927,2020-08-14 17:35:00+00:00,2020-09-24 05:15:00+00:00,288,9,8192
8192,1198,345024,353215,2020-08-17 17:40:00+00:00,2020-09-25 05:15:00+00:00,288,9,8192
8192,1199,345312,353503,2020-08-18 17:40:00+00:00,2020-09-28 05:20:00+00:00,288,9,8192
8192,1200,345600,353791,2020-08-19 17:40:00+00:00,2020-09-29 05:20:00+00:00,288,9,8192
8192,1201,345888,354079,2020-08-20 17:40:00+00:00,2020-09-30 05:20:00+00:00,288,9,8192
8192,1202,346176,354367,2020-08-21 17:40:00+00:00,2020-10-01 05:20:00+00:00,288,9,8192
8192,1203,346464,354655,2020-08-24 17:45:00+00:00,2020-10-02 05:20:00+00:00,288,9,8192
8192,1204,346752,354943,2020-08-25 17:45:00+00:00,2020-10-05 05:25:00+00:00,288,9,8192
8192,1205,347040,355231,2020-08-26 17:55:00+00:00,2020-10-06 05:25:00+00:00,288,9,8192
8192,1206,347328,355519,2020-08-27 17:55:00+00:00,2020-10-07 05:25:00+00:00,288,9,8192
8192,1207,347616,355807,2020-08-28 18:05:00+00:00,2020-10-08 05:25:00+00:00,288,9,8192
8192,1208,347904,356095,2020-08-31 18:10:00+00:00,2020-10-09 05:25:00+00:00,288,9,8192
8192,1209,348192,356383,2020-09-01 18:10:00+00:00,2020-10-12 05:30:00+00:00,288,9,8192
8192,1210,348480,356671,2020-09-02 18:10:00+00:00,2020-10-13 05:30:00+00:00,288,9,8192
8192,1211,348768,356959,2020-09-03 18:10:00+00:00,2020-10-14 05:30:00+00:00,288,9,8192
8192,1212,349056,357247,2020-09-04 18:10:00+00:00,2020-10-15 05:30:00+00:00,288,9,8192
8192,1213,349344,357535,2020-09-07 18:15:00+00:00,2020-10-16 05:30:00+00:00,288,9,8192
8192,1214,349632,357823,2020-09-08 18:15:00+00:00,2020-10-19 05:35:00+00:00,288,9,8192
8192,1215,349920,358111,2020-09-09 18:15:00+00:00,2020-10-20 05:35:00+00:00,288,9,8192
8192,1216,350208,358399,2020-09-10 18:30:00+00:00,2020-10-21 05:35:00+00:00,288,9,8192
8192,1217,350496,358687,2020-09-11 18:30:00+00:00,2020-10-22 05:35:00+00:00,288,9,8192
8192,1218,350784,358975,2020-09-14 18:35:00+00:00,2020-10-23 05:35:00+00:00,288,9,8192
8192,1219,351072,359263,2020-09-15 18:35:00+00:00,2020-10-26 04:40:00+00:00,288,9,8192
8192,1220,351360,359551,2020-09-16 18:35:00+00:00,2020-10-27 04:40:00+00:00,288,9,8192
8192,1221,351648,359839,2020-09-17 18:35:00+00:00,2020-10-28 04:40:00+00:00,288,9,8192
8192,1222,351936,360127,2020-09-18 18:35:00+00:00,2020-10-29 04:40:00+00:00,288,9,8192
8192,1223,352224,360415,2020-09-21 18:40:00+00:00,2020-10-30 04:40:00+00:00,288,9,8192
8192,1224,352512,360703,2020-09-22 18:40:00+00:00,2020-11-02 05:45:00+00:00,288,9,8192
8192,1225,352800,360991,2020-09-23 18:40:00+00:00,2020-11-03 05:45:00+00:00,288,9,8192
8192,1226,353088,361279,2020-09-24 18:40:00+00:00,2020-11-04 05:45:00+00:00,288,9,8192
8192,1227,353376,361567,2020-09-25 18:40:00+00:00,2020-11-05 05:45:00+00:00,288,9,8192
8192,1228,353664,361855,2020-09-28 18:45:00+00:00,2020-11-06 05:45:00+00:00,288,9,8192
8192,1229,353952,362143,2020-09-29 18:45:00+00:00,2020-11-09 05:50:00+00:00,288,9,8192
8192,1230,354240,362431,2020-09-30 18:45:00+00:00,2020-11-10 05:50:00+00:00,288,9,8192
8192,1231,354528,362719,2020-10-01 18:45:00+00:00,2020-11-11 05:50:00+00:00,288,9,8192
8192,1232,354816,363007,2020-10-02 18:45:00+00:00,2020-11-12 05:50:00+00:00,288,9,8192
8192,1233,355104,363295,2020-10-05 18:50:00+00:00,2020-11-13 05:50:00+00:00,288,9,8192
8192,1234,355392,363583,2020-10-06 18:50:00+00:00,2020-11-16 05:55:00+00:00,288,9,8192
8192,1235,355680,363871,2020-10-07 18:50:00+00:00,2020-11-17 05:55:00+00:00,288,9,8192
8192,1236,355968,364159,2020-10-08 18:50:00+00:00,2020-11-18 05:55:00+00:00,288,9,8192
8192,1237,356256,364447,2020-10-09 18:50:00+00:00,2020-11-19 05:55:00+00:00,288,9,8192
8192,1238,356544,364735,2020-10-12 18:55:00+00:00,2020-11-20 05:55:00+00:00,288,9,8192
8192,1239,356832,365023,2020-10-13 18:55:00+00:00,2020-11-23 06:00:00+00:00,288,9,8192
8192,1240,357120,365311,2020-10-14 18:55:00+00:00,2020-11-24 06:00:00+00:00,288,9,8192
8192,1241,357408,365599,2020-10-15 18:55:00+00:00,2020-11-25 06:00:00+00:00,288,9,8192
8192,1242,357696,365887,2020-10-16 18:55:00+00:00,2020-11-26 06:00:00+00:00,288,9,8192
8192,1243,357984,366175,2020-10-19 19:00:00+00:00,2020-11-27 06:00:00+00:00,288,9,8192
8192,1244,358272,366463,2020-10-20 19:00:00+00:00,2020-12-01 01:10:00+00:00,288,9,8192
8192,1245,358560,366751,2020-10-21 19:00:00+00:00,2020-12-02 01:10:00+00:00,288,9,8192
8192,1246,358848,367039,2020-10-22 19:00:00+00:00,2020-12-03 01:10:00+00:00,288,9,8192
8192,1247,359136,367327,2020-10-23 19:00:00+00:00,2020-12-04 01:10:00+00:00,288,9,8192
8192,1248,359424,367615,2020-10-26 18:05:00+00:00,2020-12-07 01:15:00+00:00,288,9,8192
8192,1249,359712,367903,2020-10-27 18:05:00+00:00,2020-12-08 01:15:00+00:00,288,9,8192
8192,1250,360000,368191,2020-10-28 18:05:00+00:00,2020-12-09 01:15:00+00:00,288,9,8192
8192,1251,360288,368479,2020-10-29 18:05:00+00:00,2020-12-10 01:15:00+00:00,288,9,8192
8192,1252,360576,368767,2020-10-30 18:05:00+00:00,2020-12-11 01:15:00+00:00,288,9,8192
8192,1253,360864,369055,2020-11-02 19:10:00+00:00,2020-12-14 01:20:00+00:00,288,9,8192
8192,1254,361152,369343,2020-11-03 19:10:00+00:00,2020-12-15 01:20:00+00:00,288,9,8192
8192,1255,361440,369631,2020-11-04 19:10:00+00:00,2020-12-16 01:20:00+00:00,288,9,8192
8192,1256,361728,369919,2020-11-05 19:10:00+00:00,2020-12-17 01:20:00+00:00,288,9,8192
8192,1257,362016,370207,2020-11-06 19:10:00+00:00,2020-12-18 01:20:00+00:00,288,9,8192
8192,1258,362304,370495,2020-11-09 19:15:00+00:00,2020-12-21 01:25:00+00:00,288,9,8192
8192,1259,362592,370783,2020-11-10 19:15:00+00:00,2020-12-22 01:25:00+00:00,288,9,8192
8192,1260,362880,371071,2020-11-11 19:15:00+00:00,2020-12-23 01:25:00+00:00,288,9,8192
8192,1261,363168,371359,2020-11-12 19:15:00+00:00,2020-12-24 01:25:00+00:00,288,9,8192
8192,1262,363456,371647,2020-11-13 19:15:00+00:00,2020-12-25 02:05:00+00:00,288,9,8192
8192,1263,363744,371935,2020-11-16 19:20:00+00:00,2020-12-28 16:15:00+00:00,288,9,8192
8192,1264,364032,372223,2020-11-17 19:20:00+00:00,2020-12-29 16:15:00+00:00,288,9,8192
8192,1265,364320,372511,2020-11-18 19:20:00+00:00,2020-12-30 16:15:00+00:00,288,9,8192
8192,1266,364608,372799,2020-11-19 19:20:00+00:00,2020-12-31 16:15:00+00:00,288,9,8192
8192,1267,364896,373087,2020-11-20 19:20:00+00:00,2021-01-04 16:20:00+00:00,288,9,8192
8192,1268,365184,373375,2020-11-23 19:25:00+00:00,2021-01-05 16:20:00+00:00,288,9,8192
8192,1269,365472,373663,2020-11-24 19:25:00+00:00,2021-01-06 16:20:00+00:00,288,9,8192
8192,1270,365760,373951,2020-11-25 19:25:00+00:00,2021-01-07 16:20:00+00:00,288,9,8192
8192,1271,366048,374239,2020-11-26 19:25:00+00:00,2021-01-08 16:20:00+00:00,288,9,8192
8192,1272,366336,374527,2020-11-27 19:25:00+00:00,2021-01-11 16:25:00+00:00,288,9,8192
8192,1273,366624,374815,2020-12-01 14:35:00+00:00,2021-01-12 16:25:00+00:00,288,9,8192
8192,1274,366912,375103,2020-12-02 14:35:00+00:00,2021-01-13 16:25:00+00:00,288,9,8192
8192,1275,367200,375391,2020-12-03 14:35:00+00:00,2021-01-14 16:25:00+00:00,288,9,8192
8192,1276,367488,375679,2020-12-04 14:35:00+00:00,2021-01-15 16:25:00+00:00,288,9,8192
8192,1277,367776,375967,2020-12-07 14:40:00+00:00,2021-01-18 16:30:00+00:00,288,9,8192
8192,1278,368064,376255,2020-12-08 14:40:00+00:00,2021-01-19 16:30:00+00:00,288,9,8192
8192,1279,368352,376543,2020-12-09 14:40:00+00:00,2021-01-20 16:30:00+00:00,288,9,8192
8192,1280,368640,376831,2020-12-10 14:40:00+00:00,2021-01-21 16:40:00+00:00,288,9,8192
8192,1281,368928,377119,2020-12-11 14:40:00+00:00,2021-01-22 16:40:00+00:00,288,9,8192
8192,1282,369216,377407,2020-12-14 14:45:00+00:00,2021-01-25 16:45:00+00:00,288,9,8192
8192,1283,369504,377695,2020-12-15 14:45:00+00:00,2021-01-26 16:45:00+00:00,288,9,8192
8192,1284,369792,377983,2020-12-16 14:45:00+00:00,2021-01-27 16:45:00+00:00,288,9,8192
8192,1285,370080,378271,2020-12-17 14:45:00+00:00,2021-01-28 16:45:00+00:00,288,9,8192
8192,1286,370368,378559,2020-12-18 14:45:00+00:00,2021-01-29 16:45:00+00:00,288,9,8192
8192,1287,370656,378847,2020-12-21 14:50:00+00:00,2021-02-01 16:50:00+00:00,288,9,8192
8192,1288,370944,379135,2020-12-22 14:50:00+00:00,2021-02-02 16:50:00+00:00,288,9,8192
8192,1289,371232,379423,2020-12-23 14:50:00+00:00,2021-02-03 16:50:00+00:00,288,9,8192
8192,1290,371520,379711,2020-12-24 14:50:00+00:00,2021-02-04 16:50:00+00:00,288,9,8192
8192,1291,371808,379999,2020-12-28 05:40:00+00:00,2021-02-05 16:50:00+00:00,288,9,8192
8192,1292,372096,380287,2020-12-29 05:40:00+00:00,2021-02-08 16:55:00+00:00,288,9,8192
8192,1293,372384,380575,2020-12-30 05:40:00+00:00,2021-02-09 17:05:00+00:00,288,9,8192
8192,1294,372672,380863,2020-12-31 05:40:00+00:00,2021-02-10 17:05:00+00:00,288,9,8192
8192,1295,372960,381151,2021-01-04 05:45:00+00:00,2021-02-11 17:05:00+00:00,288,9,8192
8192,1296,373248,381439,2021-01-05 05:45:00+00:00,2021-02-12 17:05:00+00:00,288,9,8192
8192,1297,373536,381727,2021-01-06 05:45:00+00:00,2021-02-15 17:20:00+00:00,288,9,8192
8192,1298,373824,382015,2021-01-07 05:45:00+00:00,2021-02-16 17:20:00+00:00,288,9,8192
8192,1299,374112,382303,2021-01-08 05:45:00+00:00,2021-02-17 17:20:00+00:00,288,9,8192
8192,1300,374400,382591,2021-01-11 05:50:00+00:00,2021-02-18 17:20:00+00:00,288,9,8192
8192,1301,374688,382879,2021-01-12 05:50:00+00:00,2021-02-19 17:20:00+00:00,288,9,8192
8192,1302,374976,383167,2021-01-13 05:50:00+00:00,2021-02-22 17:25:00+00:00,288,9,8192
8192,1303,375264,383455,2021-01-14 05:50:00+00:00,2021-02-23 17:25:00+00:00,288,9,8192
8192,1304,375552,383743,2021-01-15 05:50:00+00:00,2021-02-24 17:25:00+00:00,288,9,8192
8192,1305,375840,384031,2021-01-18 05:55:00+00:00,2021-02-25 17:25:00+00:00,288,9,8192
8192,1306,376128,384319,2021-01-19 05:55:00+00:00,2021-02-26 17:25:00+00:00,288,9,8192
8192,1307,376416,384607,2021-01-20 05:55:00+00:00,2021-03-01 17:30:00+00:00,288,9,8192
8192,1308,376704,384895,2021-01-21 06:05:00+00:00,2021-03-02 17:30:00+00:00,288,9,8192
8192,1309,376992,385183,2021-01-22 06:05:00+00:00,2021-03-03 17:30:00+00:00,288,9,8192
8192,1310,377280,385471,2021-01-25 06:10:00+00:00,2021-03-04 17:30:00+00:00,288,9,8192
8192,1311,377568,385759,2021-01-26 06:10:00+00:00,2021-03-05 17:30:00+00:00,288,9,8192
8192,1312,377856,386047,2021-01-27 06:10:00+00:00,2021-03-08 17:35:00+00:00,288,9,8192
8192,1313,378144,386335,2021-01-28 06:10:00+00:00,2021-03-09 17:35:00+00:00,288,9,8192
8192,1314,378432,386623,2021-01-29 06:10:00+00:00,2021-03-10 17:35:00+00:00,288,9,8192
8192,1315,378720,386911,2021-02-01 06:15:00+00:00,2021-03-11 17:35:00+00:00,288,9,8192
8192,1316,379008,387199,2021-02-02 06:15:00+00:00,2021-03-12 17:35:00+00:00,288,9,8192
8192,1317,379296,387487,2021-02-03 06:15:00+00:00,2021-03-15 16:40:00+00:00,288,9,8192
8192,1318,379584,387775,2021-02-04 06:15:00+00:00,2021-03-16 16:40:00+00:00,288,9,8192
8192,1319,379872,388063,2021-02-05 06:15:00+00:00,2021-03-17 16:40:00+00:00,288,9,8192
8192,1320,380160,388351,2021-02-08 06:20:00+00:00,2021-03-18 16:40:00+00:00,288,9,8192
8192,1321,380448,388639,2021-02-09 06:30:00+00:00,2021-03-19 16:40:00+00:00,288,9,8192
8192,1322,380736,388927,2021-02-10 06:30:00+00:00,2021-03-22 16:45:00+00:00,288,9,8192
8192,1323,381024,389215,2021-02-11 06:30:00+00:00,2021-03-23 16:45:00+00:00,288,9,8192
8192,1324,381312,389503,2021-02-12 06:30:00+00:00,2021-03-24 16:45:00+00:00,288,9,8192
8192,1325,381600,389791,2021-02-15 06:45:00+00:00,2021-03-25 16:45:00+00:00,288,9,8192
8192,1326,381888,390079,2021-02-16 06:45:00+00:00,2021-03-26 16:45:00+00:00,288,9,8192
8192,1327,382176,390367,2021-02-17 06:45:00+00:00,2021-03-29 18:55:00+00:00,288,9,8192
8192,1328,382464,390655,2021-02-18 06:45:00+00:00,2021-03-30 18:55:00+00:00,288,9,8192
8192,1329,382752,390943,2021-02-19 06:45:00+00:00,2021-03-31 18:55:00+00:00,288,9,8192
8192,1330,383040,391231,2021-02-22 06:50:00+00:00,2021-04-01 18:55:00+00:00,288,9,8192
8192,1331,383328,391519,2021-02-23 06:50:00+00:00,2021-04-02 18:55:00+00:00,288,9,8192
8192,1332,383616,391807,2021-02-24 06:50:00+00:00,2021-04-05 19:00:00+00:00,288,9,8192
8192,1333,383904,392095,2021-02-25 06:50:00+00:00,2021-04-06 19:00:00+00:00,288,9,8192
8192,1334,384192,392383,2021-02-26 06:50:00+00:00,2021-04-07 19:00:00+00:00,288,9,8192
8192,1335,384480,392671,2021-03-01 06:55:00+00:00,2021-04-08 19:00:00+00:00,288,9,8192
8192,1336,384768,392959,2021-03-02 06:55:00+00:00,2021-04-09 19:00:00+00:00,288,9,8192
8192,1337,385056,393247,2021-03-03 06:55:00+00:00,2021-04-12 19:05:00+00:00,288,9,8192
8192,1338,385344,393535,2021-03-04 06:55:00+00:00,2021-04-13 19:05:00+00:00,288,9,8192
8192,1339,385632,393823,2021-03-05 06:55:00+00:00,2021-04-14 19:05:00+00:00,288,9,8192
8192,1340,385920,394111,2021-03-08 07:00:00+00:00,2021-04-15 19:15:00+00:00,288,9,8192
8192,1341,386208,394399,2021-03-09 07:00:00+00:00,2021-04-16 19:25:00+00:00,288,9,8192
8192,1342,386496,394687,2021-03-10 07:00:00+00:00,2021-04-19 19:30:00+00:00,288,9,8192
8192,1343,386784,394975,2021-03-11 07:00:00+00:00,2021-04-20 19:30:00+00:00,288,9,8192
8192,1344,387072,395263,2021-03-12 07:00:00+00:00,2021-04-21 19:50:00+00:00,288,9,8192
8192,1345,387360,395551,2021-03-15 06:05:00+00:00,2021-04-22 20:00:00+00:00,288,9,8192
8192,1346,387648,395839,2021-03-16 06:05:00+00:00,2021-04-23 20:00:00+00:00,288,9,8192
8192,1347,387936,396127,2021-03-17 06:05:00+00:00,2021-04-26 20:05:00+00:00,288,9,8192
8192,1348,388224,396415,2021-03-18 06:05:00+00:00,2021-04-27 20:15:00+00:00,288,9,8192
8192,1349,388512,396703,2021-03-19 06:05:00+00:00,2021-04-28 20:15:00+00:00,288,9,8192
8192,1350,388800,396991,2021-03-22 06:10:00+00:00,2021-04-29 20:15:00+00:00,288,9,8192
8192,1351,389088,397279,2021-03-23 06:10:00+00:00,2021-04-30 20:25:00+00:00,288,9,8192
8192,1352,389376,397567,2021-03-24 06:10:00+00:00,2021-05-03 20:30:00+00:00,288,9,8192
8192,1353,389664,397855,2021-03-25 06:10:00+00:00,2021-05-04 20:40:00+00:00,288,9,8192
8192,1354,389952,398143,2021-03-26 06:10:00+00:00,2021-05-05 20:40:00+00:00,288,9,8192
8192,1355,390240,398431,2021-03-29 08:20:00+00:00,2021-05-06 20:40:00+00:00,288,9,8192
8192,1356,390528,398719,2021-03-30 08:20:00+00:00,2021-05-07 20:40:00+00:00,288,9,8192
8192,1357,390816,399007,2021-03-31 08:20:00+00:00,2021-05-10 20:45:00+00:00,288,9,8192
8192,1358,391104,399295,2021-04-01 08:20:00+00:00,2021-05-11 20:45:00+00:00,288,9,8192
8192,1359,391392,399583,2021-04-02 08:20:00+00:00,2021-05-12 20:45:00+00:00,288,9,8192
8192,1360,391680,399871,2021-04-05 08:25:00+00:00,2021-05-13 20:45:00+00:00,288,9,8192
8192,1361,391968,400159,2021-04-06 08:25:00+00:00,2021-05-14 20:55:00+00:00,288,9,8192
8192,1362,392256,400447,2021-04-07 08:25:00+00:00,2021-05-17 21:00:00+00:00,288,9,8192
8192,1363,392544,400735,2021-04-08 08:25:00+00:00,2021-05-18 21:10:00+00:00,288,9,8192
8192,1364,392832,401023,2021-04-09 08:25:00+00:00,2021-05-19 21:10:00+00:00,288,9,8192
8192,1365,393120,401311,2021-04-12 08:30:00+00:00,2021-05-20 21:10:00+00:00,288,9,8192
8192,1366,393408,401599,2021-04-13 08:30:00+00:00,2021-05-21 21:10:00+00:00,288,9,8192
8192,1367,393696,401887,2021-04-14 08:30:00+00:00,2021-05-24 21:15:00+00:00,288,9,8192
8192,1368,393984,402175,2021-04-15 08:40:00+00:00,2021-05-25 21:15:00+00:00,288,9,8192
8192,1369,394272,402463,2021-04-16 08:50:00+00:00,2021-05-26 21:15:00+00:00,288,9,8192
8192,1370,394560,402751,2021-04-19 08:55:00+00:00,2021-05-27 21:15:00+00:00,288,9,8192
8192,1371,394848,403039,2021-04-20 08:55:00+00:00,2021-05-28 21:15:00+00:00,288,9,8192
8192,1372,395136,403327,2021-04-21 09:15:00+00:00,2021-06-01 17:25:00+00:00,288,9,8192
8192,1373,395424,403615,2021-04-22 09:25:00+00:00,2021-06-02 17:25:00+00:00,288,9,8192
8192,1374,395712,403903,2021-04-23 09:25:00+00:00,2021-06-03 17:25:00+00:00,288,9,8192
8192,1375,396000,404191,2021-04-26 09:30:00+00:00,2021-06-04 17:25:00+00:00,288,9,8192
8192,1376,396288,404479,2021-04-27 09:40:00+00:00,2021-06-07 17:30:00+00:00,288,9,8192
8192,1377,396576,404767,2021-04-28 09:40:00+00:00,2021-06-08 17:30:00+00:00,288,9,8192
8192,1378,396864,405055,2021-04-29 09:40:00+00:00,2021-06-09 17:30:00+00:00,288,9,8192
8192,1379,397152,405343,2021-04-30 09:50:00+00:00,2021-06-10 17:30:00+00:00,288,9,8192
8192,1380,397440,405631,2021-05-03 09:55:00+00:00,2021-06-11 17:30:00+00:00,288,9,8192
8192,1381,397728,405919,2021-05-04 10:05:00+00:00,2021-06-14 17:35:00+00:00,288,9,8192
8192,1382,398016,406207,2021-05-05 10:05:00+00:00,2021-06-15 17:35:00+00:00,288,9,8192
8192,1383,398304,406495,2021-05-06 10:05:00+00:00,2021-06-16 17:35:00+00:00,288,9,8192
8192,1384,398592,406783,2021-05-07 10:05:00+00:00,2021-06-17 17:35:00+00:00,288,9,8192
8192,1385,398880,407071,2021-05-10 10:10:00+00:00,2021-06-18 17:35:00+00:00,288,9,8192
8192,1386,399168,407359,2021-05-11 10:10:00+00:00,2021-06-21 17:40:00+00:00,288,9,8192
8192,1387,399456,407647,2021-05-12 10:10:00+00:00,2021-06-22 17:40:00+00:00,288,9,8192
8192,1388,399744,407935,2021-05-13 10:10:00+00:00,2021-06-23 17:40:00+00:00,288,9,8192
8192,1389,400032,408223,2021-05-14 10:20:00+00:00,2021-06-24 17:40:00+00:00,288,9,8192
8192,1390,400320,408511,2021-05-17 10:25:00+00:00,2021-06-25 17:40:00+00:00,288,9,8192
8192,1391,400608,408799,2021-05-18 10:35:00+00:00,2021-06-28 17:45:00+00:00,288,9,8192
8192,1392,400896,409087,2021-05-19 10:35:00+00:00,2021-06-29 17:45:00+00:00,288,9,8192
8192,1393,401184,409375,2021-05-20 10:35:00+00:00,2021-06-30 17:45:00+00:00,288,9,8192
8192,1394,401472,409663,2021-05-21 10:35:00+00:00,2021-07-01 17:45:00+00:00,288,9,8192
8192,1395,401760,409951,2021-05-24 10:40:00+00:00,2021-07-02 17:45:00+00:00,288,9,8192
8192,1396,402048,410239,2021-05-25 10:40:00+00:00,2021-07-05 17:50:00+00:00,288,9,8192
8192,1397,402336,410527,2021-05-26 10:40:00+00:00,2021-07-06 17:50:00+00:00,288,9,8192
8192,1398,402624,410815,2021-05-27 10:40:00+00:00,2021-07-07 17:50:00+00:00,288,9,8192
8192,1399,402912,411103,2021-05-28 10:40:00+00:00,2021-07-08 17:50:00+00:00,288,9,8192
8192,1400,403200,411391,2021-06-01 06:50:00+00:00,2021-07-09 17:50:00+00:00,288,9,8192
8192,1401,403488,411679,2021-06-02 06:50:00+00:00,2021-07-12 17:55:00+00:00,288,9,8192
8192,1402,403776,411967,2021-06-03 06:50:00+00:00,2021-07-13 17:55:00+00:00,288,9,8192
8192,1403,404064,412255,2021-06-04 06:50:00+00:00,2021-07-14 17:55:00+00:00,288,9,8192
8192,1404,404352,412543,2021-06-07 06:55:00+00:00,2021-07-15 17:55:00+00:00,288,9,8192
8192,1405,404640,412831,2021-06-08 06:55:00+00:00,2021-07-16 17:55:00+00:00,288,9,8192
8192,1406,404928,413119,2021-06-09 06:55:00+00:00,2021-07-19 18:00:00+00:00,288,9,8192
8192,1407,405216,413407,2021-06-10 06:55:00+00:00,2021-07-20 18:00:00+00:00,288,9,8192
8192,1408,405504,413695,2021-06-11 06:55:00+00:00,2021-07-21 18:00:00+00:00,288,9,8192
8192,1409,405792,413983,2021-06-14 07:00:00+00:00,2021-07-22 18:00:00+00:00,288,9,8192
8192,1410,406080,414271,2021-06-15 07:00:00+00:00,2021-07-23 18:00:00+00:00,288,9,8192
8192,1411,406368,414559,2021-06-16 07:00:00+00:00,2021-07-26 18:05:00+00:00,288,9,8192
8192,1412,406656,414847,2021-06-17 07:00:00+00:00,2021-07-27 18:05:00+00:00,288,9,8192
8192,1413,406944,415135,2021-06-18 07:00:00+00:00,2021-07-28 18:05:00+00:00,288,9,8192
8192,1414,407232,415423,2021-06-21 07:05:00+00:00,2021-07-29 18:05:00+00:00,288,9,8192
8192,1415,407520,415711,2021-06-22 07:05:00+00:00,2021-07-30 18:05:00+00:00,288,9,8192
8192,1416,407808,415999,2021-06-23 07:05:00+00:00,2021-08-02 18:10:00+00:00,288,9,8192
8192,1417,408096,416287,2021-06-24 07:05:00+00:00,2021-08-03 18:10:00+00:00,288,9,8192
8192,1418,408384,416575,2021-06-25 07:05:00+00:00,2021-08-04 18:10:00+00:00,288,9,8192
8192,1419,408672,416863,2021-06-28 07:10:00+00:00,2021-08-05 18:10:00+00:00,288,9,8192
8192,1420,408960,417151,2021-06-29 07:10:00+00:00,2021-08-06 18:10:00+00:00,288,9,8192
8192,1421,409248,417439,2021-06-30 07:10:00+00:00,2021-08-09 18:15:00+00:00,288,9,8192
8192,1422,409536,417727,2021-07-01 07:10:00+00:00,2021-08-10 18:25:00+00:00,288,9,8192
8192,1423,409824,418015,2021-07-02 07:10:00+00:00,2021-08-11 18:25:00+00:00,288,9,8192
8192,1424,410112,418303,2021-07-05 07:15:00+00:00,2021-08-12 18:25:00+00:00,288,9,8192
8192,1425,410400,418591,2021-07-06 07:15:00+00:00,2021-08-13 18:25:00+00:00,288,9,8192
8192,1426,410688,418879,2021-07-07 07:15:00+00:00,2021-08-16 18:30:00+00:00,288,9,8192
8192,1427,410976,419167,2021-07-08 07:15:00+00:00,2021-08-17 18:30:00+00:00,288,9,8192
8192,1428,411264,419455,2021-07-09 07:15:00+00:00,2021-08-18 18:30:00+00:00,288,9,8192
8192,1429,411552,419743,2021-07-12 07:20:00+00:00,2021-08-19 18:30:00+00:00,288,9,8192
8192,1430,411840,420031,2021-07-13 07:20:00+00:00,2021-08-20 18:30:00+00:00,288,9,8192
8192,1431,412128,420319,2021-07-14 07:20:00+00:00,2021-08-23 18:35:00+00:00,288,9,8192
8192,1432,412416,420607,2021-07-15 07:20:00+00:00,2021-08-24 18:35:00+00:00,288,9,8192
8192,1433,412704,420895,2021-07-16 07:20:00+00:00,2021-08-25 18:35:00+00:00,288,9,8192
8192,1434,412992,421183,2021-07-19 07:25:00+00:00,2021-08-26 18:35:00+00:00,288,9,8192
8192,1435,413280,421471,2021-07-20 07:25:00+00:00,2021-08-27 18:35:00+00:00,288,9,8192
8192,1436,413568,421759,2021-07-21 07:25:00+00:00,2021-08-30 18:40:00+00:00,288,9,8192
8192,1437,413856,422047,2021-07-22 07:25:00+00:00,2021-08-31 18:40:00+00:00,288,9,8192
8192,1438,414144,422335,2021-07-23 07:25:00+00:00,2021-09-01 18:40:00+00:00,288,9,8192
8192,1439,414432,422623,2021-07-26 07:30:00+00:00,2021-09-02 18:40:00+00:00,288,9,8192
8192,1440,414720,422911,2021-07-27 07:30:00+00:00,2021-09-03 18:40:00+00:00,288,9,8192
8192,1441,415008,423199,2021-07-28 07:30:00+00:00,2021-09-06 18:45:00+00:00,288,9,8192
8192,1442,415296,423487,2021-07-29 07:30:00+00:00,2021-09-07 18:45:00+00:00,288,9,8192
8192,1443,415584,423775,2021-07-30 07:30:00+00:00,2021-09-08 18:45:00+00:00,288,9,8192
8192,1444,415872,424063,2021-08-02 07:35:00+00:00,2021-09-09 18:45:00+00:00,288,9,8192
8192,1445,416160,424351,2021-08-03 07:35:00+00:00,2021-09-10 18:45:00+00:00,288,9,8192
8192,1446,416448,424639,2021-08-04 07:35:00+00:00,2021-09-13 18:50:00+00:00,288,9,8192
8192,1447,416736,424927,2021-08-05 07:35:00+00:00,2021-09-14 18:50:00+00:00,288,9,8192
8192,1448,417024,425215,2021-08-06 07:35:00+00:00,2021-09-15 18:50:00+00:00,288,9,8192
8192,1449,417312,425503,2021-08-09 07:40:00+00:00,2021-09-16 18:50:00+00:00,288,9,8192
8192,1450,417600,425791,2021-08-10 07:50:00+00:00,2021-09-17 18:50:00+00:00,288,9,8192
8192,1451,417888,426079,2021-08-11 07:50:00+00:00,2021-09-20 18:55:00+00:00,288,9,8192
8192,1452,418176,426367,2021-08-12 07:50:00+00:00,2021-09-21 18:55:00+00:00,288,9,8192
8192,1453,418464,426655,2021-08-13 07:50:00+00:00,2021-09-22 18:55:00+00:00,288,9,8192
8192,1454,418752,426943,2021-08-16 07:55:00+00:00,2021-09-23 18:55:00+00:00,288,9,8192
8192,1455,419040,427231,2021-08-17 07:55:00+00:00,2021-09-24 18:55:00+00:00,288,9,8192
8192,1456,419328,427519,2021-08-18 07:55:00+00:00,2021-09-27 19:00:00+00:00,288,9,8192
8192,1457,419616,427807,2021-08-19 07:55:00+00:00,2021-09-28 19:00:00+00:00,288,9,8192
8192,1458,419904,428095,2021-08-20 07:55:00+00:00,2021-09-29 19:00:00+00:00,288,9,8192
8192,1459,420192,428383,2021-08-23 08:00:00+00:00,2021-09-30 19:00:00+00:00,288,9,8192
8192,1460,420480,428671,2021-08-24 08:00:00+00:00,2021-10-01 19:00:00+00:00,288,9,8192
8192,1461,420768,428959,2021-08-25 08:00:00+00:00,2021-10-04 19:05:00+00:00,288,9,8192
8192,1462,421056,429247,2021-08-26 08:00:00+00:00,2021-10-05 19:05:00+00:00,288,9,8192
8192,1463,421344,429535,2021-08-27 08:00:00+00:00,2021-10-06 19:05:00+00:00,288,9,8192
8192,1464,421632,429823,2021-08-30 08:05:00+00:00,2021-10-07 19:05:00+00:00,288,9,8192
8192,1465,421920,430111,2021-08-31 08:05:00+00:00,2021-10-08 19:05:00+00:00,288,9,8192
8192,1466,422208,430399,2021-09-01 08:05:00+00:00,2021-10-11 19:10:00+00:00,288,9,8192
8192,1467,422496,430687,2021-09-02 08:05:00+00:00,2021-10-12 19:10:00+00:00,288,9,8192
8192,1468,422784,430975,2021-09-03 08:05:00+00:00,2021-10-13 19:10:00+00:00,288,9,8192
8192,1469,423072,431263,2021-09-06 08:10:00+00:00,2021-10-14 19:10:00+00:00,288,9,8192
8192,1470,423360,431551,2021-09-07 08:10:00+00:00,2021-10-15 19:10:00+00:00,288,9,8192
8192,1471,423648,431839,2021-09-08 08:10:00+00:00,2021-10-18 19:15:00+00:00,288,9,8192
8192,1472,423936,432127,2021-09-09 08:10:00+00:00,2021-10-19 19:15:00+00:00,288,9,8192
8192,1473,424224,432415,2021-09-10 08:10:00+00:00,2021-10-20 19:15:00+00:00,288,9,8192
8192,1474,424512,432703,2021-09-13 08:15:00+00:00,2021-10-21 19:15:00+00:00,288,9,8192
8192,1475,424800,432991,2021-09-14 08:15:00+00:00,2021-10-22 19:15:00+00:00,288,9,8192
8192,1476,425088,433279,2021-09-15 08:15:00+00:00,2021-10-25 19:20:00+00:00,288,9,8192
8192,1477,425376,433567,2021-09-16 08:15:00+00:00,2021-10-26 19:20:00+00:00,288,9,8192
8192,1478,425664,433855,2021-09-17 08:15:00+00:00,2021-10-27 19:20:00+00:00,288,9,8192
8192,1479,425952,434143,2021-09-20 08:20:00+00:00,2021-10-28 19:20:00+00:00,288,9,8192
8192,1480,426240,434431,2021-09-21 08:20:00+00:00,2021-10-29 19:20:00+00:00,288,9,8192
8192,1481,426528,434719,2021-09-22 08:20:00+00:00,2021-11-01 18:25:00+00:00,288,9,8192
8192,1482,426816,435007,2021-09-23 08:20:00+00:00,2021-11-02 18:25:00+00:00,288,9,8192
8192,1483,427104,435295,2021-09-24 08:20:00+00:00,2021-11-03 18:25:00+00:00,288,9,8192
8192,1484,427392,435583,2021-09-27 08:25:00+00:00,2021-11-04 18:25:00+00:00,288,9,8192
8192,1485,427680,435871,2021-09-28 08:25:00+00:00,2021-11-05 18:25:00+00:00,288,9,8192
8192,1486,427968,436159,2021-09-29 08:25:00+00:00,2021-11-08 19:30:00+00:00,288,9,8192
8192,1487,428256,436447,2021-09-30 08:25:00+00:00,2021-11-09 19:30:00+00:00,288,9,8192
8192,1488,428544,436735,2021-10-01 08:25:00+00:00,2021-11-10 19:30:00+00:00,288,9,8192
8192,1489,428832,437023,2021-10-04 08:30:00+00:00,2021-11-11 19:30:00+00:00,288,9,8192
8192,1490,429120,437311,2021-10-05 08:30:00+00:00,2021-11-12 19:30:00+00:00,288,9,8192
8192,1491,429408,437599,2021-10-06 08:30:00+00:00,2021-11-15 19:35:00+00:00,288,9,8192
8192,1492,429696,437887,2021-10-07 08:30:00+00:00,2021-11-16 19:35:00+00:00,288,9,8192
8192,1493,429984,438175,2021-10-08 08:30:00+00:00,2021-11-17 19:35:00+00:00,288,9,8192
8192,1494,430272,438463,2021-10-11 08:35:00+00:00,2021-11-18 19:35:00+00:00,288,9,8192
8192,1495,430560,438751,2021-10-12 08:35:00+00:00,2021-11-19 19:35:00+00:00,288,9,8192
8192,1496,430848,439039,2021-10-13 08:35:00+00:00,2021-11-22 19:40:00+00:00,288,9,8192
8192,1497,431136,439327,2021-10-14 08:35:00+00:00,2021-11-23 19:40:00+00:00,288,9,8192
8192,1498,431424,439615,2021-10-15 08:35:00+00:00,2021-11-24 19:40:00+00:00,288,9,8192
8192,1499,431712,439903,2021-10-18 08:40:00+00:00,2021-11-25 19:40:00+00:00,288,9,8192
8192,1500,432000,440191,2021-10-19 08:40:00+00:00,2021-11-26 19:40:00+00:00,288,9,8192
8192,1501,432288,440479,2021-10-20 08:40:00+00:00,2021-11-29 19:45:00+00:00,288,9,8192
8192,1502,432576,440767,2021-10-21 08:40:00+00:00,2021-11-30 19:45:00+00:00,288,9,8192
8192,1503,432864,441055,2021-10-22 08:40:00+00:00,2021-12-01 19:45:00+00:00,288,9,8192
8192,1504,433152,441343,2021-10-25 08:45:00+00:00,2021-12-02 19:45:00+00:00,288,9,8192
8192,1505,433440,441631,2021-10-26 08:45:00+00:00,2021-12-03 19:45:00+00:00,288,9,8192
8192,1506,433728,441919,2021-10-27 08:45:00+00:00,2021-12-06 19:50:00+00:00,288,9,8192
8192,1507,434016,442207,2021-10-28 08:45:00+00:00,2021-12-07 19:50:00+00:00,288,9,8192
8192,1508,434304,442495,2021-10-29 08:45:00+00:00,2021-12-08 19:50:00+00:00,288,9,8192
8192,1509,434592,442783,2021-11-01 07:50:00+00:00,2021-12-09 19:50:00+00:00,288,9,8192
8192,1510,434880,443071,2021-11-02 07:50:00+00:00,2021-12-10 19:50:00+00:00,288,9,8192
8192,1511,435168,443359,2021-11-03 07:50:00+00:00,2021-12-13 20:00:00+00:00,288,9,8192
8192,1512,435456,443647,2021-11-04 07:50:00+00:00,2021-12-14 20:00:00+00:00,288,9,8192
8192,1513,435744,443935,2021-11-05 07:50:00+00:00,2021-12-15 20:00:00+00:00,288,9,8192
8192,1514,436032,444223,2021-11-08 08:55:00+00:00,2021-12-16 20:00:00+00:00,288,9,8192
8192,1515,436320,444511,2021-11-09 08:55:00+00:00,2021-12-17 20:00:00+00:00,288,9,8192
8192,1516,436608,444799,2021-11-10 08:55:00+00:00,2021-12-20 20:05:00+00:00,288,9,8192
8192,1517,436896,445087,2021-11-11 08:55:00+00:00,2021-12-21 20:05:00+00:00,288,9,8192
8192,1518,437184,445375,2021-11-12 08:55:00+00:00,2021-12-22 20:05:00+00:00,288,9,8192
8192,1519,437472,445663,2021-11-15 09:00:00+00:00,2021-12-23 20:05:00+00:00,288,9,8192
8192,1520,437760,445951,2021-11-16 09:00:00+00:00,2021-12-24 20:05:00+00:00,288,9,8192
8192,1521,438048,446239,2021-11-17 09:00:00+00:00,2021-12-27 20:15:00+00:00,288,9,8192
8192,1522,438336,446527,2021-11-18 09:00:00+00:00,2021-12-28 20:15:00+00:00,288,9,8192
8192,1523,438624,446815,2021-11-19 09:00:00+00:00,2021-12-29 20:15:00+00:00,288,9,8192
8192,1524,438912,447103,2021-11-22 09:05:00+00:00,2021-12-30 20:15:00+00:00,288,9,8192
8192,1525,439200,447391,2021-11-23 09:05:00+00:00,2021-12-31 20:15:00+00:00,288,9,8192
8192,1526,439488,447679,2021-11-24 09:05:00+00:00,2022-01-03 20:20:00+00:00,288,9,8192
8192,1527,439776,447967,2021-11-25 09:05:00+00:00,2022-01-04 20:20:00+00:00,288,9,8192
8192,1528,440064,448255,2021-11-26 09:05:00+00:00,2022-01-05 20:20:00+00:00,288,9,8192
8192,1529,440352,448543,2021-11-29 09:10:00+00:00,2022-01-06 20:20:00+00:00,288,9,8192
8192,1530,440640,448831,2021-11-30 09:10:00+00:00,2022-01-07 20:20:00+00:00,288,9,8192
8192,1531,440928,449119,2021-12-01 09:10:00+00:00,2022-01-10 20:25:00+00:00,288,9,8192
8192,1532,441216,449407,2021-12-02 09:10:00+00:00,2022-01-11 20:25:00+00:00,288,9,8192
8192,1533,441504,449695,2021-12-03 09:10:00+00:00,2022-01-12 20:25:00+00:00,288,9,8192
8192,1534,441792,449983,2021-12-06 09:15:00+00:00,2022-01-13 20:25:00+00:00,288,9,8192
8192,1535,442080,450271,2021-12-07 09:15:00+00:00,2022-01-14 20:25:00+00:00,288,9,8192
8192,1536,442368,450559,2021-12-08 09:15:00+00:00,2022-01-17 20:30:00+00:00,288,9,8192
8192,1537,442656,450847,2021-12-09 09:15:00+00:00,2022-01-18 20:30:00+00:00,288,9,8192
8192,1538,442944,451135,2021-12-10 09:15:00+00:00,2022-01-19 20:30:00+00:00,288,9,8192
8192,1539,443232,451423,2021-12-13 09:25:00+00:00,2022-01-20 20:30:00+00:00,288,9,8192
8192,1540,443520,451711,2021-12-14 09:25:00+00:00,2022-01-21 20:30:00+00:00,288,9,8192
8192,1541,443808,451999,2021-12-15 09:25:00+00:00,2022-01-24 20:35:00+00:00,288,9,8192
8192,1542,444096,452287,2021-12-16 09:25:00+00:00,2022-01-25 20:35:00+00:00,288,9,8192
8192,1543,444384,452575,2021-12-17 09:25:00+00:00,2022-01-26 20:35:00+00:00,288,9,8192
8192,1544,444672,452863,2021-12-20 09:30:00+00:00,2022-01-27 20:35:00+00:00,288,9,8192
8192,1545,444960,453151,2021-12-21 09:30:00+00:00,2022-01-28 20:35:00+00:00,288,9,8192
8192,1546,445248,453439,2021-12-22 09:30:00+00:00,2022-01-31 20:40:00+00:00,288,9,8192
8192,1547,445536,453727,2021-12-23 09:30:00+00:00,2022-02-01 20:40:00+00:00,288,9,8192
8192,1548,445824,454015,2021-12-24 09:30:00+00:00,2022-02-02 20:40:00+00:00,288,9,8192
8192,1549,446112,454303,2021-12-27 09:40:00+00:00,2022-02-03 20:40:00+00:00,288,9,8192
8192,1550,446400,454591,2021-12-28 09:40:00+00:00,2022-02-04 20:40:00+00:00,288,9,8192
8192,1551,446688,454879,2021-12-29 09:40:00+00:00,2022-02-07 20:45:00+00:00,288,9,8192
8192,1552,446976,455167,2021-12-30 09:40:00+00:00,2022-02-08 20:45:00+00:00,288,9,8192
8192,1553,447264,455455,2021-12-31 09:40:00+00:00,2022-02-09 20:45:00+00:00,288,9,8192
8192,1554,447552,455743,2022-01-03 09:45:00+00:00,2022-02-10 20:45:00+00:00,288,9,8192
8192,1555,447840,456031,2022-01-04 09:45:00+00:00,2022-02-11 20:45:00+00:00,288,9,8192
8192,1556,448128,456319,2022-01-05 09:45:00+00:00,2022-02-14 20:50:00+00:00,288,9,8192
8192,1557,448416,456607,2022-01-06 09:45:00+00:00,2022-02-15 20:50:00+00:00,288,9,8192
8192,1558,448704,456895,2022-01-07 09:45:00+00:00,2022-02-16 20:50:00+00:00,288,9,8192
8192,1559,448992,457183,2022-01-10 09:50:00+00:00,2022-02-17 20:50:00+00:00,288,9,8192
8192,1560,449280,457471,2022-01-11 09:50:00+00:00,2022-02-18 20:50:00+00:00,288,9,8192
8192,1561,449568,457759,2022-01-12 09:50:00+00:00,2022-02-21 20:55:00+00:00,288,9,8192
8192,1562,449856,458047,2022-01-13 09:50:00+00:00,2022-02-22 20:55:00+00:00,288,9,8192
8192,1563,450144,458335,2022-01-14 09:50:00+00:00,2022-02-23 20:55:00+00:00,288,9,8192
8192,1564,450432,458623,2022-01-17 09:55:00+00:00,2022-02-24 20:55:00+00:00,288,9,8192
8192,1565,450720,458911,2022-01-18 09:55:00+00:00,2022-02-25 20:55:00+00:00,288,9,8192
8192,1566,451008,459199,2022-01-19 09:55:00+00:00,2022-02-28 21:00:00+00:00,288,9,8192
8192,1567,451296,459487,2022-01-20 09:55:00+00:00,2022-03-01 21:00:00+00:00,288,9,8192
8192,1568,451584,459775,2022-01-21 09:55:00+00:00,2022-03-02 21:00:00+00:00,288,9,8192
8192,1569,451872,460063,2022-01-24 10:00:00+00:00,2022-03-03 21:00:00+00:00,288,9,8192
8192,1570,452160,460351,2022-01-25 10:00:00+00:00,2022-03-04 21:00:00+00:00,288,9,8192
8192,1571,452448,460639,2022-01-26 10:00:00+00:00,2022-03-07 21:05:00+00:00,288,9,8192
8192,1572,452736,460927,2022-01-27 10:00:00+00:00,2022-03-08 21:05:00+00:00,288,9,8192
8192,1573,453024,461215,2022-01-28 10:00:00+00:00,2022-03-09 21:05:00+00:00,288,9,8192
8192,1574,453312,461503,2022-01-31 10:05:00+00:00,2022-03-10 21:05:00+00:00,288,9,8192
8192,1575,453600,461791,2022-02-01 10:05:00+00:00,2022-03-11 21:05:00+00:00,288,9,8192
8192,1576,453888,462079,2022-02-02 10:05:00+00:00,2022-03-14 20:10:00+00:00,288,9,8192
8192,1577,454176,462367,2022-02-03 10:05:00+00:00,2022-03-15 20:10:00+00:00,288,9,8192
8192,1578,454464,462655,2022-02-04 10:05:00+00:00,2022-03-16 20:10:00+00:00,288,9,8192
8192,1579,454752,462943,2022-02-07 10:10:00+00:00,2022-03-17 20:10:00+00:00,288,9,8192
8192,1580,455040,463231,2022-02-08 10:10:00+00:00,2022-03-18 20:10:00+00:00,288,9,8192
8192,1581,455328,463519,2022-02-09 10:10:00+00:00,2022-03-21 20:15:00+00:00,288,9,8192
8192,1582,455616,463807,2022-02-10 10:10:00+00:00,2022-03-22 20:15:00+00:00,288,9,8192
8192,1583,455904,464095,2022-02-11 10:10:00+00:00,2022-03-23 20:15:00+00:00,288,9,8192
8192,1584,456192,464383,2022-02-14 10:15:00+00:00,2022-03-24 20:15:00+00:00,288,9,8192
8192,1585,456480,464671,2022-02-15 10:15:00+00:00,2022-03-25 20:15:00+00:00,288,9,8192
8192,1586,456768,464959,2022-02-16 10:15:00+00:00,2022-03-28 22:25:00+00:00,288,9,8192
8192,1587,457056,465247,2022-02-17 10:15:00+00:00,2022-03-29 22:25:00+00:00,288,9,8192
8192,1588,457344,465535,2022-02-18 10:15:00+00:00,2022-03-30 22:25:00+00:00,288,9,8192
8192,1589,457632,465823,2022-02-21 10:20:00+00:00,2022-03-31 22:25:00+00:00,288,9,8192
8192,1590,457920,466111,2022-02-22 10:20:00+00:00,2022-04-03 22:30:00+00:00,288,9,8192
8192,1591,458208,466399,2022-02-23 10:20:00+00:00,2022-04-04 22:30:00+00:00,288,9,8192
8192,1592,458496,466687,2022-02-24 10:20:00+00:00,2022-04-05 22:30:00+00:00,288,9,8192
8192,1593,458784,466975,2022-02-25 10:20:00+00:00,2022-04-06 22:30:00+00:00,288,9,8192
8192,1594,459072,467263,2022-02-28 10:25:00+00:00,2022-04-07 22:30:00+00:00,288,9,8192
8192,1595,459360,467551,2022-03-01 10:25:00+00:00,2022-04-10 22:35:00+00:00,288,9,8192
8192,1596,459648,467839,2022-03-02 10:25:00+00:00,2022-04-11 22:35:00+00:00,288,9,8192
8192,1597,459936,468127,2022-03-03 10:25:00+00:00,2022-04-12 22:35:00+00:00,288,9,8192
8192,1598,460224,468415,2022-03-04 10:25:00+00:00,2022-04-13 22:35:00+00:00,288,9,8192
8192,1599,460512,468703,2022-03-07 10:30:00+00:00,2022-04-14 22:35:00+00:00,288,9,8192
8192,1600,460800,468991,2022-03-08 10:30:00+00:00,2022-04-17 22:40:00+00:00,288,9,8192
8192,1601,461088,469279,2022-03-09 10:30:00+00:00,2022-04-18 22:40:00+00:00,288,9,8192
8192,1602,461376,469567,2022-03-10 10:30:00+00:00,2022-04-19 22:40:00+00:00,288,9,8192
8192,1603,461664,469855,2022-03-11 10:30:00+00:00,2022-04-20 22:40:00+00:00,288,9,8192
8192,1604,461952,470143,2022-03-14 09:35:00+00:00,2022-04-21 22:40:00+00:00,288,9,8192
8192,1605,462240,470431,2022-03-15 09:35:00+00:00,2022-04-24 22:45:00+00:00,288,9,8192
8192,1606,462528,470719,2022-03-16 09:35:00+00:00,2022-04-25 22:45:00+00:00,288,9,8192
8192,1607,462816,471007,2022-03-17 09:35:00+00:00,2022-04-26 22:45:00+00:00,288,9,8192
8192,1608,463104,471295,2022-03-18 09:35:00+00:00,2022-04-27 22:45:00+00:00,288,9,8192
8192,1609,463392,471583,2022-03-21 09:40:00+00:00,2022-04-28 22:45:00+00:00,288,9,8192
8192,1610,463680,471871,2022-03-22 09:40:00+00:00,2022-05-01 22:50:00+00:00,288,9,8192
8192,1611,463968,472159,2022-03-23 09:40:00+00:00,2022-05-02 22:50:00+00:00,288,9,8192
8192,1612,464256,472447,2022-03-24 09:40:00+00:00,2022-05-03 22:50:00+00:00,288,9,8192
8192,1613,464544,472735,2022-03-25 09:40:00+00:00,2022-05-04 22:50:00+00:00,288,9,8192
8192,1614,464832,473023,2022-03-28 11:50:00+00:00,2022-05-05 22:50:00+00:00,288,9,8192
8192,1615,465120,473311,2022-03-29 11:50:00+00:00,2022-05-08 22:55:00+00:00,288,9,8192
8192,1616,465408,473599,2022-03-30 11:50:00+00:00,2022-05-09 22:55:00+00:00,288,9,8192
8192,1617,465696,473887,2022-03-31 11:50:00+00:00,2022-05-10 22:55:00+00:00,288,9,8192
8192,1618,465984,474175,2022-04-01 11:50:00+00:00,2022-05-11 22:55:00+00:00,288,9,8192
8192,1619,466272,474463,2022-04-04 11:55:00+00:00,2022-05-12 22:55:00+00:00,288,9,8192
8192,1620,466560,474751,2022-04-05 11:55:00+00:00,2022-05-15 23:00:00+00:00,288,9,8192
8192,1621,466848,475039,2022-04-06 11:55:00+00:00,2022-05-16 23:00:00+00:00,288,9,8192
8192,1622,467136,475327,2022-04-07 11:55:00+00:00,2022-05-17 23:00:00+00:00,288,9,8192
8192,1623,467424,475615,2022-04-08 11:55:00+00:00,2022-05-18 23:00:00+00:00,288,9,8192
8192,1624,467712,475903,2022-04-11 12:00:00+00:00,2022-05-19 23:00:00+00:00,288,9,8192
8192,1625,468000,476191,2022-04-12 12:00:00+00:00,2022-05-22 23:05:00+00:00,288,9,8192
8192,1626,468288,476479,2022-04-13 12:00:00+00:00,2022-05-23 23:05:00+00:00,288,9,8192
8192,1627,468576,476767,2022-04-14 12:00:00+00:00,2022-05-24 23:05:00+00:00,288,9,8192
8192,1628,468864,477055,2022-04-15 12:00:00+00:00,2022-05-25 23:05:00+00:00,288,9,8192
8192,1629,469152,477343,2022-04-18 12:05:00+00:00,2022-05-26 23:05:00+00:00,288,9,8192
8192,1630,469440,477631,2022-04-19 12:05:00+00:00,2022-05-29 23:10:00+00:00,288,9,8192
8192,1631,469728,477919,2022-04-20 12:05:00+00:00,2022-05-30 23:10:00+00:00,288,9,8192
8192,1632,470016,478207,2022-04-21 12:05:00+00:00,2022-05-31 23:10:00+00:00,288,9,8192
8192,1633,470304,478495,2022-04-22 12:05:00+00:00,2022-06-01 23:10:00+00:00,288,9,8192
8192,1634,470592,478783,2022-04-25 12:10:00+00:00,2022-06-02 23:10:00+00:00,288,9,8192
8192,1635,470880,479071,2022-04-26 12:10:00+00:00,2022-06-05 23:15:00+00:00,288,9,8192
8192,1636,471168,479359,2022-04-27 12:10:00+00:00,2022-06-06 23:15:00+00:00,288,9,8192
8192,1637,471456,479647,2022-04-28 12:10:00+00:00,2022-06-07 23:15:00+00:00,288,9,8192
8192,1638,471744,479935,2022-04-29 12:10:00+00:00,2022-06-08 23:15:00+00:00,288,9,8192
8192,1639,472032,480223,2022-05-02 12:15:00+00:00,2022-06-09 23:15:00+00:00,288,9,8192
8192,1640,472320,480511,2022-05-03 12:15:00+00:00,2022-06-12 23:20:00+00:00,288,9,8192
8192,1641,472608,480799,2022-05-04 12:15:00+00:00,2022-06-13 23:20:00+00:00,288,9,8192
8192,1642,472896,481087,2022-05-05 12:15:00+00:00,2022-06-14 23:20:00+00:00,288,9,8192
8192,1643,473184,481375,2022-05-06 12:15:00+00:00,2022-06-15 23:20:00+00:00,288,9,8192
8192,1644,473472,481663,2022-05-09 12:20:00+00:00,2022-06-16 23:20:00+00:00,288,9,8192
8192,1645,473760,481951,2022-05-10 12:20:00+00:00,2022-06-19 23:25:00+00:00,288,9,8192
8192,1646,474048,482239,2022-05-11 12:20:00+00:00,2022-06-20 23:25:00+00:00,288,9,8192
8192,1647,474336,482527,2022-05-12 12:20:00+00:00,2022-06-21 23:25:00+00:00,288,9,8192
8192,1648,474624,482815,2022-05-13 12:20:00+00:00,2022-06-22 23:25:00+00:00,288,9,8192
8192,1649,474912,483103,2022-05-16 12:25:00+00:00,2022-06-23 23:25:00+00:00,288,9,8192
8192,1650,475200,483391,2022-05-17 12:25:00+00:00,2022-06-26 23:30:00+00:00,288,9,8192
8192,1651,475488,483679,2022-05-18 12:25:00+00:00,2022-06-27 23:30:00+00:00,288,9,8192
8192,1652,475776,483967,2022-05-19 12:25:00+00:00,2022-06-28 23:30:00+00:00,288,9,8192
8192,1653,476064,484255,2022-05-20 12:25:00+00:00,2022-06-29 23:30:00+00:00,288,9,8192
8192,1654,476352,484543,2022-05-23 12:30:00+00:00,2022-06-30 23:30:00+00:00,288,9,8192
8192,1655,476640,484831,2022-05-24 12:30:00+00:00,2022-07-03 23:35:00+00:00,288,9,8192
8192,1656,476928,485119,2022-05-25 12:30:00+00:00,2022-07-04 23:35:00+00:00,288,9,8192
8192,1657,477216,485407,2022-05-26 12:30:00+00:00,2022-07-05 23:35:00+00:00,288,9,8192
8192,1658,477504,485695,2022-05-27 12:30:00+00:00,2022-07-06 23:35:00+00:00,288,9,8192
8192,1659,477792,485983,2022-05-30 12:35:00+00:00,2022-07-07 23:35:00+00:00,288,9,8192
8192,1660,478080,486271,2022-05-31 12:35:00+00:00,2022-07-10 23:40:00+00:00,288,9,8192
8192,1661,478368,486559,2022-06-01 12:35:00+00:00,2022-07-11 23:40:00+00:00,288,9,8192
8192,1662,478656,486847,2022-06-02 12:35:00+00:00,2022-07-12 23:40:00+00:00,288,9,8192
8192,1663,478944,487135,2022-06-03 12:35:00+00:00,2022-07-13 23:40:00+00:00,288,9,8192
8192,1664,479232,487423,2022-06-06 12:40:00+00:00,2022-07-14 23:40:00+00:00,288,9,8192
8192,1665,479520,487711,2022-06-07 12:40:00+00:00,2022-07-17 23:45:00+00:00,288,9,8192
8192,1666,479808,487999,2022-06-08 12:40:00+00:00,2022-07-18 23:45:00+00:00,288,9,8192
8192,1667,480096,488287,2022-06-09 12:40:00+00:00,2022-07-19 23:45:00+00:00,288,9,8192
8192,1668,480384,488575,2022-06-10 12:40:00+00:00,2022-07-20 23:45:00+00:00,288,9,8192
8192,1669,480672,488863,2022-06-13 12:45:00+00:00,2022-07-21 23:45:00+00:00,288,9,8192
8192,1670,480960,489151,2022-06-14 12:45:00+00:00,2022-07-25 00:00:00+00:00,288,9,8192
8192,1671,481248,489439,2022-06-15 12:45:00+00:00,2022-07-26 00:00:00+00:00,288,9,8192
8192,1672,481536,489727,2022-06-16 12:45:00+00:00,2022-07-27 00:00:00+00:00,288,9,8192
8192,1673,481824,490015,2022-06-17 12:45:00+00:00,2022-07-28 00:00:00+00:00,288,9,8192
8192,1674,482112,490303,2022-06-20 12:50:00+00:00,2022-07-29 00:00:00+00:00,288,9,8192
8192,1675,482400,490591,2022-06-21 12:50:00+00:00,2022-08-01 00:05:00+00:00,288,9,8192
8192,1676,482688,490879,2022-06-22 12:50:00+00:00,2022-08-02 00:05:00+00:00,288,9,8192
8192,1677,482976,491167,2022-06-23 12:50:00+00:00,2022-08-03 00:05:00+00:00,288,9,8192
8192,1678,483264,491455,2022-06-24 12:50:00+00:00,2022-08-04 00:05:00+00:00,288,9,8192
8192,1679,483552,491743,2022-06-27 12:55:00+00:00,2022-08-05 00:05:00+00:00,288,9,8192
8192,1680,483840,492031,2022-06-28 12:55:00+00:00,2022-08-08 00:10:00+00:00,288,9,8192
8192,1681,484128,492319,2022-06-29 12:55:00+00:00,2022-08-09 00:10:00+00:00,288,9,8192
8192,1682,484416,492607,2022-06-30 12:55:00+00:00,2022-08-10 00:10:00+00:00,288,9,8192
8192,1683,484704,492895,2022-07-01 12:55:00+00:00,2022-08-11 00:10:00+00:00,288,9,8192
8192,1684,484992,493183,2022-07-04 13:00:00+00:00,2022-08-12 00:10:00+00:00,288,9,8192
8192,1685,485280,493471,2022-07-05 13:00:00+00:00,2022-08-15 00:15:00+00:00,288,9,8192
8192,1686,485568,493759,2022-07-06 13:00:00+00:00,2022-08-16 00:15:00+00:00,288,9,8192
8192,1687,485856,494047,2022-07-07 13:00:00+00:00,2022-08-17 00:25:00+00:00,288,9,8192
8192,1688,486144,494335,2022-07-08 13:00:00+00:00,2022-08-18 00:25:00+00:00,288,9,8192
8192,1689,486432,494623,2022-07-11 13:05:00+00:00,2022-08-19 00:25:00+00:00,288,9,8192
8192,1690,486720,494911,2022-07-12 13:05:00+00:00,2022-08-22 00:30:00+00:00,288,9,8192
8192,1691,487008,495199,2022-07-13 13:05:00+00:00,2022-08-23 00:30:00+00:00,288,9,8192
8192,1692,487296,495487,2022-07-14 13:05:00+00:00,2022-08-24 00:30:00+00:00,288,9,8192
8192,1693,487584,495775,2022-07-15 13:05:00+00:00,2022-08-25 00:30:00+00:00,288,9,8192
8192,1694,487872,496063,2022-07-18 13:10:00+00:00,2022-08-26 00:30:00+00:00,288,9,8192
8192,1695,488160,496351,2022-07-19 13:10:00+00:00,2022-08-29 00:35:00+00:00,288,9,8192
8192,1696,488448,496639,2022-07-20 13:10:00+00:00,2022-08-30 00:35:00+00:00,288,9,8192
8192,1697,488736,496927,2022-07-21 13:10:00+00:00,2022-08-31 00:35:00+00:00,288,9,8192
8192,1698,489024,497215,2022-07-22 13:10:00+00:00,2022-09-01 00:35:00+00:00,288,9,8192
8192,1699,489312,497503,2022-07-25 13:25:00+00:00,2022-09-02 00:35:00+00:00,288,9,8192
8192,1700,489600,497791,2022-07-26 13:25:00+00:00,2022-09-05 00:40:00+00:00,288,9,8192
8192,1701,489888,498079,2022-07-27 13:25:00+00:00,2022-09-06 00:40:00+00:00,288,9,8192
8192,1702,490176,498367,2022-07-28 13:25:00+00:00,2022-09-07 00:40:00+00:00,288,9,8192
8192,1703,490464,498655,2022-07-29 13:25:00+00:00,2022-09-08 00:40:00+00:00,288,9,8192
8192,1704,490752,498943,2022-08-01 13:30:00+00:00,2022-09-09 00:40:00+00:00,288,9,8192
8192,1705,491040,499231,2022-08-02 13:30:00+00:00,2022-09-12 00:45:00+00:00,288,9,8192
8192,1706,491328,499519,2022-08-03 13:30:00+00:00,2022-09-13 00:45:00+00:00,288,9,8192
8192,1707,491616,499807,2022-08-04 13:30:00+00:00,2022-09-14 00:45:00+00:00,288,9,8192
8192,1708,491904,500095,2022-08-05 13:30:00+00:00,2022-09-15 00:45:00+00:00,288,9,8192
8192,1709,492192,500383,2022-08-08 13:35:00+00:00,2022-09-16 00:45:00+00:00,288,9,8192
8192,1710,492480,500671,2022-08-09 13:35:00+00:00,2022-09-19 00:50:00+00:00,288,9,8192
8192,1711,492768,500959,2022-08-10 13:35:00+00:00,2022-09-20 00:50:00+00:00,288,9,8192
8192,1712,493056,501247,2022-08-11 13:35:00+00:00,2022-09-21 00:50:00+00:00,288,9,8192
8192,1713,493344,501535,2022-08-12 13:35:00+00:00,2022-09-22 00:50:00+00:00,288,9,8192
8192,1714,493632,501823,2022-08-15 13:40:00+00:00,2022-09-23 00:50:00+00:00,288,9,8192
8192,1715,493920,502111,2022-08-16 13:40:00+00:00,2022-09-26 00:55:00+00:00,288,9,8192
8192,1716,494208,502399,2022-08-17 13:50:00+00:00,2022-09-27 00:55:00+00:00,288,9,8192
8192,1717,494496,502687,2022-08-18 13:50:00+00:00,2022-09-28 00:55:00+00:00,288,9,8192
8192,1718,494784,502975,2022-08-19 13:50:00+00:00,2022-09-29 00:55:00+00:00,288,9,8192
8192,1719,495072,503263,2022-08-22 13:55:00+00:00,2022-09-30 00:55:00+00:00,288,9,8192
8192,1720,495360,503551,2022-08-23 13:55:00+00:00,2022-10-03 01:00:00+00:00,288,9,8192
8192,1721,495648,503839,2022-08-24 13:55:00+00:00,2022-10-04 01:00:00+00:00,288,9,8192
8192,1722,495936,504127,2022-08-25 13:55:00+00:00,2022-10-05 01:00:00+00:00,288,9,8192
8192,1723,496224,504415,2022-08-26 13:55:00+00:00,2022-10-06 01:00:00+00:00,288,9,8192
8192,1724,496512,504703,2022-08-29 14:00:00+00:00,2022-10-07 01:00:00+00:00,288,9,8192
8192,1725,496800,504991,2022-08-30 14:00:00+00:00,2022-10-10 01:15:00+00:00,288,9,8192
8192,1726,497088,505279,2022-08-31 14:00:00+00:00,2022-10-11 01:15:00+00:00,288,9,8192
8192,1727,497376,505567,2022-09-01 14:00:00+00:00,2022-10-12 01:15:00+00:00,288,9,8192
8192,1728,497664,505855,2022-09-02 14:00:00+00:00,2022-10-13 01:15:00+00:00,288,9,8192
8192,1729,497952,506143,2022-09-05 14:05:00+00:00,2022-10-14 01:15:00+00:00,288,9,8192
8192,1730,498240,506431,2022-09-06 14:05:00+00:00,2022-10-17 01:20:00+00:00,288,9,8192
8192,1731,498528,506719,2022-09-07 14:05:00+00:00,2022-10-18 01:30:00+00:00,288,9,8192
8192,1732,498816,507007,2022-09-08 14:05:00+00:00,2022-10-19 01:30:00+00:00,288,9,8192
8192,1733,499104,507295,2022-09-09 14:05:00+00:00,2022-10-20 01:30:00+00:00,288,9,8192
8192,1734,499392,507583,2022-09-12 14:10:00+00:00,2022-10-21 01:30:00+00:00,288,9,8192
8192,1735,499680,507871,2022-09-13 14:10:00+00:00,2022-10-24 01:35:00+00:00,288,9,8192
8192,1736,499968,508159,2022-09-14 14:10:00+00:00,2022-10-25 01:35:00+00:00,288,9,8192
8192,1737,500256,508447,2022-09-15 14:10:00+00:00,2022-10-26 01:35:00+00:00,288,9,8192
8192,1738,500544,508735,2022-09-16 14:10:00+00:00,2022-10-27 01:35:00+00:00,288,9,8192
8192,1739,500832,509023,2022-09-19 14:15:00+00:00,2022-10-28 01:35:00+00:00,288,9,8192
8192,1740,501120,509311,2022-09-20 14:15:00+00:00,2022-10-31 00:40:00+00:00,288,9,8192
8192,1741,501408,509599,2022-09-21 14:15:00+00:00,2022-11-01 00:40:00+00:00,288,9,8192
8192,1742,501696,509887,2022-09-22 14:15:00+00:00,2022-11-02 00:40:00+00:00,288,9,8192
8192,1743,501984,510175,2022-09-23 14:15:00+00:00,2022-11-03 00:50:00+00:00,288,9,8192
8192,1744,502272,510463,2022-09-26 14:20:00+00:00,2022-11-04 00:50:00+00:00,288,9,8192
8192,1745,502560,510751,2022-09-27 14:20:00+00:00,2022-11-07 01:55:00+00:00,288,9,8192
8192,1746,502848,511039,2022-09-28 14:20:00+00:00,2022-11-08 01:55:00+00:00,288,9,8192
8192,1747,503136,511327,2022-09-29 14:20:00+00:00,2022-11-09 01:55:00+00:00,288,9,8192
8192,1748,503424,511615,2022-09-30 14:20:00+00:00,2022-11-10 01:55:00+00:00,288,9,8192
8192,1749,503712,511903,2022-10-03 14:25:00+00:00,2022-11-11 01:55:00+00:00,288,9,8192
8192,1750,504000,512191,2022-10-04 14:25:00+00:00,2022-11-14 02:00:00+00:00,288,9,8192
8192,1751,504288,512479,2022-10-05 14:25:00+00:00,2022-11-15 02:00:00+00:00,288,9,8192
8192,1752,504576,512767,2022-10-06 14:25:00+00:00,2022-11-16 02:00:00+00:00,288,9,8192
8192,1753,504864,513055,2022-10-07 14:25:00+00:00,2022-11-17 02:00:00+00:00,288,9,8192
8192,1754,505152,513343,2022-10-10 14:40:00+00:00,2022-11-18 02:00:00+00:00,288,9,8192
8192,1755,505440,513631,2022-10-11 14:40:00+00:00,2022-11-21 02:05:00+00:00,288,9,8192
8192,1756,505728,513919,2022-10-12 14:40:00+00:00,2022-11-22 02:05:00+00:00,288,9,8192
8192,1757,506016,514207,2022-10-13 14:40:00+00:00,2022-11-23 02:05:00+00:00,288,9,8192
8192,1758,506304,514495,2022-10-14 14:40:00+00:00,2022-11-24 02:05:00+00:00,288,9,8192
8192,1759,506592,514783,2022-10-17 14:45:00+00:00,2022-11-25 02:05:00+00:00,288,9,8192
8192,1760,506880,515071,2022-10-18 14:55:00+00:00,2022-11-28 02:10:00+00:00,288,9,8192
8192,1761,507168,515359,2022-10-19 14:55:00+00:00,2022-11-29 02:10:00+00:00,288,9,8192
8192,1762,507456,515647,2022-10-20 14:55:00+00:00,2022-11-30 02:10:00+00:00,288,9,8192
8192,1763,507744,515935,2022-10-21 14:55:00+00:00,2022-12-01 02:10:00+00:00,288,9,8192
8192,1764,508032,516223,2022-10-24 15:00:00+00:00,2022-12-02 02:10:00+00:00,288,9,8192
8192,1765,508320,516511,2022-10-25 15:00:00+00:00,2022-12-05 02:15:00+00:00,288,9,8192
8192,1766,508608,516799,2022-10-26 15:00:00+00:00,2022-12-06 02:15:00+00:00,288,9,8192
8192,1767,508896,517087,2022-10-27 15:00:00+00:00,2022-12-07 02:15:00+00:00,288,9,8192
8192,1768,509184,517375,2022-10-28 15:00:00+00:00,2022-12-08 02:15:00+00:00,288,9,8192
8192,1769,509472,517663,2022-10-31 14:05:00+00:00,2022-12-09 02:15:00+00:00,288,9,8192
8192,1770,509760,517951,2022-11-01 14:05:00+00:00,2022-12-12 02:20:00+00:00,288,9,8192
8192,1771,510048,518239,2022-11-02 14:05:00+00:00,2022-12-13 02:20:00+00:00,288,9,8192
8192,1772,510336,518527,2022-11-03 14:15:00+00:00,2022-12-14 02:20:00+00:00,288,9,8192
8192,1773,510624,518815,2022-11-04 14:15:00+00:00,2022-12-15 02:20:00+00:00,288,9,8192
8192,1774,510912,519103,2022-11-07 15:20:00+00:00,2022-12-16 02:20:00+00:00,288,9,8192
8192,1775,511200,519391,2022-11-08 15:20:00+00:00,2022-12-19 02:25:00+00:00,288,9,8192
8192,1776,511488,519679,2022-11-09 15:20:00+00:00,2022-12-20 02:25:00+00:00,288,9,8192
8192,1777,511776,519967,2022-11-10 15:20:00+00:00,2022-12-21 02:25:00+00:00,288,9,8192
8192,1778,512064,520255,2022-11-11 15:20:00+00:00,2022-12-22 02:25:00+00:00,288,9,8192
8192,1779,512352,520543,2022-11-14 15:25:00+00:00,2022-12-23 02:25:00+00:00,288,9,8192
8192,1780,512640,520831,2022-11-15 15:25:00+00:00,2022-12-26 02:45:00+00:00,288,9,8192
8192,1781,512928,521119,2022-11-16 15:25:00+00:00,2022-12-27 02:55:00+00:00,288,9,8192
8192,1782,513216,521407,2022-11-17 15:25:00+00:00,2022-12-28 02:55:00+00:00,288,9,8192
8192,1783,513504,521695,2022-11-18 15:25:00+00:00,2022-12-29 02:55:00+00:00,288,9,8192
8192,1784,513792,521983,2022-11-21 15:30:00+00:00,2022-12-30 02:55:00+00:00,288,9,8192
8192,1785,514080,522271,2022-11-22 15:30:00+00:00,2023-01-02 03:25:00+00:00,288,9,8192
8192,1786,514368,522559,2022-11-23 15:30:00+00:00,2023-01-03 03:25:00+00:00,288,9,8192
8192,1787,514656,522847,2022-11-24 15:30:00+00:00,2023-01-04 03:25:00+00:00,288,9,8192
8192,1788,514944,523135,2022-11-25 15:30:00+00:00,2023-01-05 03:25:00+00:00,288,9,8192
8192,1789,515232,523423,2022-11-28 15:35:00+00:00,2023-01-06 03:25:00+00:00,288,9,8192
8192,1790,515520,523711,2022-11-29 15:35:00+00:00,2023-01-09 03:30:00+00:00,288,9,8192
8192,1791,515808,523999,2022-11-30 15:35:00+00:00,2023-01-10 03:30:00+00:00,288,9,8192
8192,1792,516096,524287,2022-12-01 15:35:00+00:00,2023-01-11 03:30:00+00:00,288,9,8192
8192,1793,516384,524575,2022-12-02 15:35:00+00:00,2023-01-12 03:30:00+00:00,288,9,8192
8192,1794,516672,524863,2022-12-05 15:40:00+00:00,2023-01-13 03:30:00+00:00,288,9,8192
8192,1795,516960,525151,2022-12-06 15:40:00+00:00,2023-01-16 03:35:00+00:00,288,9,8192
8192,1796,517248,525439,2022-12-07 15:40:00+00:00,2023-01-17 03:35:00+00:00,288,9,8192
8192,1797,517536,525727,2022-12-08 15:40:00+00:00,2023-01-18 03:35:00+00:00,288,9,8192
8192,1798,517824,526015,2022-12-09 15:40:00+00:00,2023-01-19 03:35:00+00:00,288,9,8192
8192,1799,518112,526303,2022-12-12 15:45:00+00:00,2023-01-20 03:35:00+00:00,288,9,8192
8192,1800,518400,526591,2022-12-13 15:45:00+00:00,2023-01-23 03:40:00+00:00,288,9,8192
8192,1801,518688,526879,2022-12-14 15:45:00+00:00,2023-01-24 03:40:00+00:00,288,9,8192
8192,1802,518976,527167,2022-12-15 15:45:00+00:00,2023-01-25 03:40:00+00:00,288,9,8192
8192,1803,519264,527455,2022-12-16 15:45:00+00:00,2023-01-26 03:50:00+00:00,288,9,8192
8192,1804,519552,527743,2022-12-19 15:50:00+00:00,2023-01-27 03:50:00+00:00,288,9,8192
8192,1805,519840,528031,2022-12-20 15:50:00+00:00,2023-01-30 05:00:00+00:00,288,9,8192
8192,1806,520128,528319,2022-12-21 15:50:00+00:00,2023-01-31 05:00:00+00:00,288,9,8192
8192,1807,520416,528607,2022-12-22 15:50:00+00:00,2023-02-01 05:00:00+00:00,288,9,8192
8192,1808,520704,528895,2022-12-23 15:50:00+00:00,2023-02-02 05:00:00+00:00,288,9,8192
8192,1809,520992,529183,2022-12-26 16:10:00+00:00,2023-02-03 05:25:00+00:00,288,9,8192
8192,1810,521280,529471,2022-12-27 16:20:00+00:00,2023-02-06 05:30:00+00:00,288,9,8192
8192,1811,521568,529759,2022-12-28 16:20:00+00:00,2023-02-07 05:30:00+00:00,288,9,8192
8192,1812,521856,530047,2022-12-29 16:20:00+00:00,2023-02-08 05:30:00+00:00,288,9,8192
8192,1813,522144,530335,2022-12-30 16:20:00+00:00,2023-02-09 05:30:00+00:00,288,9,8192
8192,1814,522432,530623,2023-01-02 16:50:00+00:00,2023-02-10 05:30:00+00:00,288,9,8192
8192,1815,522720,530911,2023-01-03 16:50:00+00:00,2023-02-13 05:35:00+00:00,288,9,8192
8192,1816,523008,531199,2023-01-04 16:50:00+00:00,2023-02-14 05:35:00+00:00,288,9,8192
8192,1817,523296,531487,2023-01-05 16:50:00+00:00,2023-02-15 05:35:00+00:00,288,9,8192
8192,1818,523584,531775,2023-01-06 16:50:00+00:00,2023-02-16 05:35:00+00:00,288,9,8192
8192,1819,523872,532063,2023-01-09 16:55:00+00:00,2023-02-17 05:35:00+00:00,288,9,8192
8192,1820,524160,532351,2023-01-10 16:55:00+00:00,2023-02-20 06:45:00+00:00,288,9,8192
8192,1821,524448,532639,2023-01-11 16:55:00+00:00,2023-02-21 19:45:00+00:00,288,9,8192
8192,1822,524736,532927,2023-01-12 16:55:00+00:00,2023-02-23 05:25:00+00:00,288,9,8192
8192,1823,525024,533215,2023-01-13 16:55:00+00:00,2023-02-24 16:15:00+00:00,288,9,8192
8192,1824,525312,533503,2023-01-16 17:00:00+00:00,2023-02-28 04:10:00+00:00,288,9,8192
8192,1825,525600,533791,2023-01-17 17:00:00+00:00,2023-03-01 13:55:00+00:00,288,9,8192
8192,1826,525888,534079,2023-01-18 17:00:00+00:00,2023-03-03 02:45:00+00:00,288,9,8192
8192,1827,526176,534367,2023-01-19 17:00:00+00:00,2023-03-06 11:20:00+00:00,288,9,8192
8192,1828,526464,534655,2023-01-20 17:00:00+00:00,2023-03-08 01:15:00+00:00,288,9,8192
8192,1829,526752,534943,2023-01-23 17:05:00+00:00,2023-03-09 08:45:00+00:00,288,9,8192
8192,1830,527040,535231,2023-01-24 17:05:00+00:00,2023-03-13 00:05:00+00:00,288,9,8192
8192,1831,527328,535519,2023-01-25 17:05:00+00:00,2023-03-14 07:25:00+00:00,288,9,8192
8192,1832,527616,535807,2023-01-26 17:15:00+00:00,2023-03-15 21:15:00+00:00,288,9,8192
8192,1833,527904,536095,2023-01-27 18:20:00+00:00,2023-03-17 06:15:00+00:00,288,9,8192
8192,1834,528192,536383,2023-01-30 18:25:00+00:00,2023-03-20 18:10:00+00:00,288,9,8192
8192,1835,528480,536671,2023-01-31 18:25:00+00:00,2023-03-22 05:00:00+00:00,288,9,8192
8192,1836,528768,536959,2023-02-01 18:25:00+00:00,2023-03-23 15:50:00+00:00,288,9,8192
8192,1837,529056,537247,2023-02-02 18:25:00+00:00,2023-03-27 04:30:00+00:00,288,9,8192
8192,1838,529344,537535,2023-02-03 18:50:00+00:00,2023-03-28 14:05:00+00:00,288,9,8192
8192,1839,529632,537823,2023-02-06 18:55:00+00:00,2023-03-30 03:05:00+00:00,288,9,8192
8192,1840,529920,538111,2023-02-07 18:55:00+00:00,2023-03-31 10:40:00+00:00,288,9,8192
8192,1841,530208,538399,2023-02-08 18:55:00+00:00,2023-04-04 00:30:00+00:00,288,9,8192
8192,1842,530496,538687,2023-02-09 18:55:00+00:00,2023-04-05 08:00:00+00:00,288,9,8192
8192,1843,530784,538975,2023-02-10 18:55:00+00:00,2023-04-06 14:25:00+00:00,288,9,8192
8192,1844,531072,539263,2023-02-13 19:00:00+00:00,2023-04-10 13:55:00+00:00,288,9,8192
8192,1845,531360,539551,2023-02-14 19:00:00+00:00,2023-04-12 03:45:00+00:00,288,9,8192
8192,1846,531648,539839,2023-02-15 19:00:00+00:00,2023-04-13 12:20:00+00:00,288,9,8192
8192,1847,531936,540127,2023-02-16 19:00:00+00:00,2023-04-17 01:15:00+00:00,288,9,8192
8192,1848,532224,540415,2023-02-17 19:00:00+00:00,2023-04-18 09:55:00+00:00,288,9,8192
8192,1849,532512,540703,2023-02-21 03:45:00+00:00,2023-04-20 00:50:00+00:00,288,9,8192
8192,1850,532800,540991,2023-02-22 11:20:00+00:00,2023-04-21 08:15:00+00:00,288,9,8192
8192,1851,533088,541279,2023-02-24 02:25:00+00:00,2023-04-24 22:15:00+00:00,288,9,8192
8192,1852,533376,541567,2023-02-27 10:00:00+00:00,2023-04-26 06:55:00+00:00,288,9,8192
8192,1853,533664,541855,2023-03-01 01:10:00+00:00,2023-04-27 18:50:00+00:00,288,9,8192
8192,1854,533952,542143,2023-03-02 08:45:00+00:00,2023-05-01 06:35:00+00:00,288,9,8192
8192,1855,534240,542431,2023-03-05 23:40:00+00:00,2023-05-02 18:40:00+00:00,288,9,8192
8192,1856,534528,542719,2023-03-07 07:10:00+00:00,2023-05-04 05:30:00+00:00,288,9,8192
8192,1857,534816,543007,2023-03-08 21:05:00+00:00,2023-05-05 15:15:00+00:00,288,9,8192
8192,1858,535104,543295,2023-03-10 05:55:00+00:00,2023-05-09 04:15:00+00:00,288,9,8192
8192,1859,535392,543583,2023-03-13 16:40:00+00:00,2023-05-10 11:50:00+00:00,288,9,8192
8192,1860,535680,543871,2023-03-15 04:15:00+00:00,2023-05-12 02:45:00+00:00,288,9,8192
8192,1861,535968,544159,2023-03-16 14:20:00+00:00,2023-05-15 09:10:00+00:00,288,9,8192
8192,1862,536256,544447,2023-03-20 03:15:00+00:00,2023-05-16 20:50:00+00:00,288,9,8192
8192,1863,536544,544735,2023-03-21 10:50:00+00:00,2023-05-18 06:55:00+00:00,288,9,8192
8192,1864,536832,545023,2023-03-23 02:00:00+00:00,2023-05-19 17:40:00+00:00,288,9,8192
8192,1865,537120,545311,2023-03-24 09:25:00+00:00,2023-05-23 05:35:00+00:00,288,9,8192
8192,1866,537408,545599,2023-03-28 01:20:00+00:00,2023-05-24 15:15:00+00:00,288,9,8192
8192,1867,537696,545887,2023-03-29 08:55:00+00:00,2023-05-26 04:05:00+00:00,288,9,8192
8192,1868,537984,546175,2023-03-31 00:05:00+00:00,2023-05-29 14:35:00+00:00,288,9,8192
8192,1869,538272,546463,2023-04-03 06:40:00+00:00,2023-05-31 03:30:00+00:00,288,9,8192
8192,1870,538560,546751,2023-04-04 17:05:00+00:00,2023-06-01 11:15:00+00:00,288,9,8192
8192,1871,538848,547039,2023-04-06 03:50:00+00:00,2023-06-05 01:20:00+00:00,288,9,8192
8192,1872,539136,547327,2023-04-10 02:15:00+00:00,2023-06-06 08:50:00+00:00,288,9,8192
8192,1873,539424,547615,2023-04-11 09:40:00+00:00,2023-06-07 23:50:00+00:00,288,9,8192
8192,1874,539712,547903,2023-04-12 23:35:00+00:00,2023-06-09 07:20:00+00:00,288,9,8192
8192,1875,540000,548191,2023-04-14 08:15:00+00:00,2023-06-12 22:20:00+00:00,288,9,8192
8192,1876,540288,548479,2023-04-17 22:15:00+00:00,2023-06-14 07:00:00+00:00,288,9,8192
8192,1877,540576,548767,2023-04-19 06:55:00+00:00,2023-06-15 17:50:00+00:00,288,9,8192
8192,1878,540864,549055,2023-04-20 18:30:00+00:00,2023-06-19 06:30:00+00:00,288,9,8192
8192,1879,541152,549343,2023-04-24 05:10:00+00:00,2023-06-20 18:35:00+00:00,288,9,8192
8192,1880,541440,549631,2023-04-25 14:55:00+00:00,2023-06-22 06:35:00+00:00,288,9,8192
8192,1881,541728,549919,2023-04-27 03:55:00+00:00,2023-06-23 17:20:00+00:00,288,9,8192
8192,1882,542016,550207,2023-04-28 12:30:00+00:00,2023-06-27 05:00:00+00:00,288,9,8192
8192,1883,542304,550495,2023-05-02 03:45:00+00:00,2023-06-28 15:45:00+00:00,288,9,8192
8192,1884,542592,550783,2023-05-03 11:20:00+00:00,2023-06-30 04:40:00+00:00,288,9,8192
8192,1885,542880,551071,2023-05-05 02:30:00+00:00,2023-07-03 14:25:00+00:00,288,9,8192
8192,1886,543168,551359,2023-05-08 10:05:00+00:00,2023-07-05 03:05:00+00:00,288,9,8192
8192,1887,543456,551647,2023-05-10 01:15:00+00:00,2023-07-06 10:35:00+00:00,288,9,8192
8192,1888,543744,551935,2023-05-11 08:45:00+00:00,2023-07-10 01:35:00+00:00,288,9,8192
8192,1889,544032,552223,2023-05-12 21:25:00+00:00,2023-07-11 09:10:00+00:00,288,9,8192
8192,1890,544320,552511,2023-05-16 04:55:00+00:00,2023-07-13 00:05:00+00:00,288,9,8192
8192,1891,544608,552799,2023-05-17 14:55:00+00:00,2023-07-14 07:35:00+00:00,288,9,8192
8192,1892,544896,553087,2023-05-19 03:50:00+00:00,2023-07-17 22:30:00+00:00,288,9,8192
8192,1893,545184,553375,2023-05-22 12:30:00+00:00,2023-07-19 07:05:00+00:00,288,9,8192
8192,1894,545472,553663,2023-05-24 02:30:00+00:00,2023-07-20 17:55:00+00:00,288,9,8192
8192,1895,545760,553951,2023-05-25 10:05:00+00:00,2023-07-24 05:40:00+00:00,288,9,8192
8192,1896,546048,554239,2023-05-29 01:55:00+00:00,2023-07-25 16:30:00+00:00,288,9,8192
8192,1897,546336,554527,2023-05-30 09:25:00+00:00,2023-07-27 04:20:00+00:00,288,9,8192
8192,1898,546624,554815,2023-06-01 00:40:00+00:00,2023-07-28 11:55:00+00:00,288,9,8192
8192,1899,546912,555103,2023-06-02 08:15:00+00:00,2023-07-31 17:25:00+00:00,288,9,8192
8192,1900,547200,555391,2023-06-05 20:05:00+00:00,2023-08-01 17:25:00+00:00,288,9,8192
8192,1901,547488,555679,2023-06-07 05:45:00+00:00,2023-08-02 17:25:00+00:00,288,9,8192
8192,1902,547776,555967,2023-06-08 16:25:00+00:00,2023-08-03 17:25:00+00:00,288,9,8192
8192,1903,548064,556255,2023-06-12 05:15:00+00:00,2023-08-04 17:25:00+00:00,288,9,8192
8192,1904,548352,556543,2023-06-13 13:55:00+00:00,2023-08-07 17:30:00+00:00,288,9,8192
8192,1905,548640,556831,2023-06-15 04:00:00+00:00,2023-08-08 17:30:00+00:00,288,9,8192
8192,1906,548928,557119,2023-06-16 12:35:00+00:00,2023-08-09 17:30:00+00:00,288,9,8192
8192,1907,549216,557407,2023-06-20 03:45:00+00:00,2023-08-10 17:30:00+00:00,288,9,8192
8192,1908,549504,557695,2023-06-21 13:30:00+00:00,2023-08-11 17:30:00+00:00,288,9,8192
8192,1909,549792,557983,2023-06-23 03:30:00+00:00,2023-08-14 17:45:00+00:00,288,9,8192
8192,1910,550080,558271,2023-06-26 12:05:00+00:00,2023-08-15 17:45:00+00:00,288,9,8192
8192,1911,550368,558559,2023-06-28 01:55:00+00:00,2023-08-16 17:45:00+00:00,288,9,8192
8192,1912,550656,558847,2023-06-29 10:35:00+00:00,2023-08-17 17:45:00+00:00,288,9,8192
8192,1913,550944,559135,2023-07-03 01:40:00+00:00,2023-08-18 17:45:00+00:00,288,9,8192
8192,1914,551232,559423,2023-07-04 09:05:00+00:00,2023-08-21 17:50:00+00:00,288,9,8192
8192,1915,551520,559711,2023-07-05 22:55:00+00:00,2023-08-22 17:50:00+00:00,288,9,8192
8192,1916,551808,559999,2023-07-07 07:35:00+00:00,2023-08-23 17:50:00+00:00,288,9,8192
8192,1917,552096,560287,2023-07-10 19:20:00+00:00,2023-08-24 17:50:00+00:00,288,9,8192
8192,1918,552384,560575,2023-07-12 06:00:00+00:00,2023-08-25 17:50:00+00:00,288,9,8192
8192,1919,552672,560863,2023-07-13 15:40:00+00:00,2023-08-28 17:55:00+00:00,288,9,8192
8192,1920,552960,561151,2023-07-17 05:35:00+00:00,2023-08-29 17:55:00+00:00,288,9,8192
8192,1921,553248,561439,2023-07-18 15:10:00+00:00,2023-08-30 17:55:00+00:00,288,9,8192
8192,1922,553536,561727,2023-07-20 04:05:00+00:00,2023-08-31 17:55:00+00:00,288,9,8192
8192,1923,553824,562015,2023-07-21 11:40:00+00:00,2023-09-01 17:55:00+00:00,288,9,8192
8192,1924,554112,562303,2023-07-25 02:40:00+00:00,2023-09-04 18:00:00+00:00,288,9,8192
8192,1925,554400,562591,2023-07-26 10:10:00+00:00,2023-09-05 18:00:00+00:00,288,9,8192
8192,1926,554688,562879,2023-07-28 01:20:00+00:00,2023-09-06 18:00:00+00:00,288,9,8192
8192,1927,554976,563167,2023-07-31 06:50:00+00:00,2023-09-07 18:00:00+00:00,288,9,8192
8192,1928,555264,563455,2023-08-01 06:50:00+00:00,2023-09-08 18:00:00+00:00,288,9,8192
8192,1929,555552,563743,2023-08-02 06:50:00+00:00,2023-09-11 18:05:00+00:00,288,9,8192
8192,1930,555840,564031,2023-08-03 06:50:00+00:00,2023-09-12 18:05:00+00:00,288,9,8192
8192,1931,556128,564319,2023-08-04 06:50:00+00:00,2023-09-13 18:05:00+00:00,288,9,8192
8192,1932,556416,564607,2023-08-07 06:55:00+00:00,2023-09-14 18:30:00+00:00,288,9,8192
8192,1933,556704,564895,2023-08-08 06:55:00+00:00,2023-09-15 18:30:00+00:00,288,9,8192
8192,1934,556992,565183,2023-08-09 06:55:00+00:00,2023-09-18 18:35:00+00:00,288,9,8192
8192,1935,557280,565471,2023-08-10 06:55:00+00:00,2023-09-19 18:35:00+00:00,288,9,8192
8192,1936,557568,565759,2023-08-11 06:55:00+00:00,2023-09-20 18:35:00+00:00,288,9,8192
8192,1937,557856,566047,2023-08-14 07:10:00+00:00,2023-09-21 18:45:00+00:00,288,9,8192
8192,1938,558144,566335,2023-08-15 07:10:00+00:00,2023-09-22 18:45:00+00:00,288,9,8192
8192,1939,558432,566623,2023-08-16 07:10:00+00:00,2023-09-25 19:45:00+00:00,288,9,8192
8192,1940,558720,566911,2023-08-17 07:10:00+00:00,2023-09-26 19:45:00+00:00,288,9,8192
8192,1941,559008,567199,2023-08-18 07:10:00+00:00,2023-09-27 19:45:00+00:00,288,9,8192
8192,1942,559296,567487,2023-08-21 07:15:00+00:00,2023-09-28 19:45:00+00:00,288,9,8192
8192,1943,559584,567775,2023-08-22 07:15:00+00:00,2023-09-29 19:45:00+00:00,288,9,8192
8192,1944,559872,568063,2023-08-23 07:15:00+00:00,2023-10-02 19:50:00+00:00,288,9,8192
8192,1945,560160,568351,2023-08-24 07:15:00+00:00,2023-10-03 19:50:00+00:00,288,9,8192
8192,1946,560448,568639,2023-08-25 07:15:00+00:00,2023-10-04 19:50:00+00:00,288,9,8192
8192,1947,560736,568927,2023-08-28 07:20:00+00:00,2023-10-05 19:50:00+00:00,288,9,8192
8192,1948,561024,569215,2023-08-29 07:20:00+00:00,2023-10-06 19:50:00+00:00,288,9,8192
8192,1949,561312,569503,2023-08-30 07:20:00+00:00,2023-10-09 19:55:00+00:00,288,9,8192
8192,1950,561600,569791,2023-08-31 07:20:00+00:00,2023-10-10 19:55:00+00:00,288,9,8192
8192,1951,561888,570079,2023-09-01 07:20:00+00:00,2023-10-11 19:55:00+00:00,288,9,8192
8192,1952,562176,570367,2023-09-04 07:25:00+00:00,2023-10-12 19:55:00+00:00,288,9,8192
8192,1953,562464,570655,2023-09-05 07:25:00+00:00,2023-10-13 19:55:00+00:00,288,9,8192
8192,1954,562752,570943,2023-09-06 07:25:00+00:00,2023-10-16 20:00:00+00:00,288,9,8192
8192,1955,563040,571231,2023-09-07 07:25:00+00:00,2023-10-17 20:00:00+00:00,288,9,8192
8192,1956,563328,571519,2023-09-08 07:25:00+00:00,2023-10-18 20:00:00+00:00,288,9,8192
8192,1957,563616,571807,2023-09-11 07:30:00+00:00,2023-10-19 20:00:00+00:00,288,9,8192
8192,1958,563904,572095,2023-09-12 07:30:00+00:00,2023-10-20 20:00:00+00:00,288,9,8192
8192,1959,564192,572383,2023-09-13 07:30:00+00:00,2023-10-23 20:05:00+00:00,288,9,8192
8192,1960,564480,572671,2023-09-14 07:30:00+00:00,2023-10-24 20:05:00+00:00,288,9,8192
8192,1961,564768,572959,2023-09-15 07:55:00+00:00,2023-10-25 20:05:00+00:00,288,9,8192
8192,1962,565056,573247,2023-09-18 08:00:00+00:00,2023-10-26 20:05:00+00:00,288,9,8192
8192,1963,565344,573535,2023-09-19 08:00:00+00:00,2023-10-27 20:05:00+00:00,288,9,8192
8192,1964,565632,573823,2023-09-20 08:00:00+00:00,2023-10-30 19:10:00+00:00,288,9,8192
8192,1965,565920,574111,2023-09-21 08:10:00+00:00,2023-10-31 19:10:00+00:00,288,9,8192
8192,1966,566208,574399,2023-09-22 08:10:00+00:00,2023-11-01 19:10:00+00:00,288,9,8192
8192,1967,566496,574687,2023-09-25 08:15:00+00:00,2023-11-02 19:10:00+00:00,288,9,8192
8192,1968,566784,574975,2023-09-26 09:10:00+00:00,2023-11-03 19:10:00+00:00,288,9,8192
8192,1969,567072,575263,2023-09-27 09:10:00+00:00,2023-11-06 20:15:00+00:00,288,9,8192
8192,1970,567360,575551,2023-09-28 09:10:00+00:00,2023-11-07 20:15:00+00:00,288,9,8192
8192,1971,567648,575839,2023-09-29 09:10:00+00:00,2023-11-08 20:15:00+00:00,288,9,8192
8192,1972,567936,576127,2023-10-02 09:15:00+00:00,2023-11-09 20:15:00+00:00,288,9,8192
8192,1973,568224,576415,2023-10-03 09:15:00+00:00,2023-11-10 20:15:00+00:00,288,9,8192
8192,1974,568512,576703,2023-10-04 09:15:00+00:00,2023-11-13 20:20:00+00:00,288,9,8192
8192,1975,568800,576991,2023-10-05 09:15:00+00:00,2023-11-14 20:20:00+00:00,288,9,8192
8192,1976,569088,577279,2023-10-06 09:15:00+00:00,2023-11-15 20:20:00+00:00,288,9,8192
8192,1977,569376,577567,2023-10-09 09:20:00+00:00,2023-11-16 20:20:00+00:00,288,9,8192
8192,1978,569664,577855,2023-10-10 09:20:00+00:00,2023-11-17 20:20:00+00:00,288,9,8192
8192,1979,569952,578143,2023-10-11 09:20:00+00:00,2023-11-20 20:25:00+00:00,288,9,8192
8192,1980,570240,578431,2023-10-12 09:20:00+00:00,2023-11-21 20:25:00+00:00,288,9,8192
8192,1981,570528,578719,2023-10-13 09:20:00+00:00,2023-11-22 20:25:00+00:00,288,9,8192
8192,1982,570816,579007,2023-10-16 09:25:00+00:00,2023-11-23 20:25:00+00:00,288,9,8192
8192,1983,571104,579295,2023-10-17 09:25:00+00:00,2023-11-24 20:25:00+00:00,288,9,8192
8192,1984,571392,579583,2023-10-18 09:25:00+00:00,2023-11-27 20:30:00+00:00,288,9,8192
8192,1985,571680,579871,2023-10-19 09:25:00+00:00,2023-11-28 20:30:00+00:00,288,9,8192
8192,1986,571968,580159,2023-10-20 09:25:00+00:00,2023-11-29 20:30:00+00:00,288,9,8192
8192,1987,572256,580447,2023-10-23 09:30:00+00:00,2023-11-30 20:30:00+00:00,288,9,8192
8192,1988,572544,580735,2023-10-24 09:30:00+00:00,2023-12-01 20:30:00+00:00,288,9,8192
8192,1989,572832,581023,2023-10-25 09:30:00+00:00,2023-12-04 20:35:00+00:00,288,9,8192
8192,1990,573120,581311,2023-10-26 09:30:00+00:00,2023-12-05 20:35:00+00:00,288,9,8192
8192,1991,573408,581599,2023-10-27 09:30:00+00:00,2023-12-06 20:35:00+00:00,288,9,8192
8192,1992,573696,581887,2023-10-30 08:35:00+00:00,2023-12-07 20:35:00+00:00,288,9,8192
8192,1993,573984,582175,2023-10-31 08:35:00+00:00,2023-12-08 20:35:00+00:00,288,9,8192
8192,1994,574272,582463,2023-11-01 08:35:00+00:00,2023-12-11 20:40:00+00:00,288,9,8192
8192,1995,574560,582751,2023-11-02 08:35:00+00:00,2023-12-12 20:40:00+00:00,288,9,8192
8192,1996,574848,583039,2023-11-03 08:35:00+00:00,2023-12-13 20:40:00+00:00,288,9,8192
8192,1997,575136,583327,2023-11-06 09:40:00+00:00,2023-12-14 20:40:00+00:00,288,9,8192
8192,1998,575424,583615,2023-11-07 09:40:00+00:00,2023-12-15 20:40:00+00:00,288,9,8192
8192,1999,575712,583903,2023-11-08 09:40:00+00:00,2023-12-18 20:45:00+00:00,288,9,8192
8192,2000,576000,584191,2023-11-09 09:40:00+00:00,2023-12-19 20:45:00+00:00,288,9,8192
8192,2001,576288,584479,2023-11-10 09:40:00+00:00,2023-12-20 20:45:00+00:00,288,9,8192
8192,2002,576576,584767,2023-11-13 09:45:00+00:00,2023-12-21 20:45:00+00:00,288,9,8192
8192,2003,576864,585055,2023-11-14 09:45:00+00:00,2023-12-22 20:45:00+00:00,288,9,8192
8192,2004,577152,585343,2023-11-15 09:45:00+00:00,2023-12-26 13:30:00+00:00,288,9,8192
8192,2005,577440,585631,2023-11-16 09:45:00+00:00,2023-12-27 13:30:00+00:00,288,9,8192
8192,2006,577728,585919,2023-11-17 09:45:00+00:00,2023-12-28 13:30:00+00:00,288,9,8192
8192,2007,578016,586207,2023-11-20 09:50:00+00:00,2023-12-29 13:30:00+00:00,288,9,8192
8192,2008,578304,586495,2023-11-21 09:50:00+00:00,2024-01-02 13:35:00+00:00,288,9,8192
8192,2009,578592,586783,2023-11-22 09:50:00+00:00,2024-01-03 13:35:00+00:00,288,9,8192
8192,2010,578880,587071,2023-11-23 09:50:00+00:00,2024-01-04 13:35:00+00:00,288,9,8192
8192,2011,579168,587359,2023-11-24 09:50:00+00:00,2024-01-05 13:35:00+00:00,288,9,8192
8192,2012,579456,587647,2023-11-27 09:55:00+00:00,2024-01-08 13:40:00+00:00,288,9,8192
8192,2013,579744,587935,2023-11-28 09:55:00+00:00,2024-01-09 13:40:00+00:00,288,9,8192
8192,2014,580032,588223,2023-11-29 09:55:00+00:00,2024-01-10 13:40:00+00:00,288,9,8192
8192,2015,580320,588511,2023-11-30 09:55:00+00:00,2024-01-11 13:40:00+00:00,288,9,8192
8192,2016,580608,588799,2023-12-01 09:55:00+00:00,2024-01-12 13:40:00+00:00,288,9,8192
8192,2017,580896,589087,2023-12-04 10:00:00+00:00,2024-01-15 13:45:00+00:00,288,9,8192
8192,2018,581184,589375,2023-12-05 10:00:00+00:00,2024-01-16 14:50:00+00:00,288,9,8192
8192,2019,581472,589663,2023-12-06 10:00:00+00:00,2024-01-17 19:00:00+00:00,288,9,8192
8192,2020,581760,589951,2023-12-07 10:00:00+00:00,2024-01-18 19:00:00+00:00,288,9,8192
8192,2021,582048,590239,2023-12-08 10:00:00+00:00,2024-01-19 19:00:00+00:00,288,9,8192
8192,2022,582336,590527,2023-12-11 10:05:00+00:00,2024-01-22 19:05:00+00:00,288,9,8192
8192,2023,582624,590815,2023-12-12 10:05:00+00:00,2024-01-23 19:05:00+00:00,288,9,8192
8192,2024,582912,591103,2023-12-13 10:05:00+00:00,2024-01-24 19:05:00+00:00,288,9,8192
8192,2025,583200,591391,2023-12-14 10:05:00+00:00,2024-01-25 19:05:00+00:00,288,9,8192
8192,2026,583488,591679,2023-12-15 10:05:00+00:00,2024-01-26 19:05:00+00:00,288,9,8192
8192,2027,583776,591967,2023-12-18 10:10:00+00:00,2024-01-29 19:10:00+00:00,288,9,8192
8192,2028,584064,592255,2023-12-19 10:10:00+00:00,2024-01-30 19:10:00+00:00,288,9,8192
8192,2029,584352,592543,2023-12-20 10:10:00+00:00,2024-01-31 19:10:00+00:00,288,9,8192
8192,2030,584640,592831,2023-12-21 10:10:00+00:00,2024-02-01 19:10:00+00:00,288,9,8192
8192,2031,584928,593119,2023-12-22 10:10:00+00:00,2024-02-02 19:10:00+00:00,288,9,8192
8192,2032,585216,593407,2023-12-26 02:55:00+00:00,2024-02-05 19:15:00+00:00,288,9,8192
8192,2033,585504,593695,2023-12-27 02:55:00+00:00,2024-02-06 19:15:00+00:00,288,9,8192
8192,2034,585792,593983,2023-12-28 02:55:00+00:00,2024-02-07 19:15:00+00:00,288,9,8192
8192,2035,586080,594271,2023-12-29 02:55:00+00:00,2024-02-08 19:15:00+00:00,288,9,8192
8192,2036,586368,594559,2024-01-02 03:00:00+00:00,2024-02-09 19:15:00+00:00,288,9,8192
8192,2037,586656,594847,2024-01-03 03:00:00+00:00,2024-02-12 19:20:00+00:00,288,9,8192
8192,2038,586944,595135,2024-01-04 03:00:00+00:00,2024-02-13 19:20:00+00:00,288,9,8192
8192,2039,587232,595423,2024-01-05 03:00:00+00:00,2024-02-14 19:20:00+00:00,288,9,8192
8192,2040,587520,595711,2024-01-08 03:05:00+00:00,2024-02-15 19:20:00+00:00,288,9,8192
8192,2041,587808,595999,2024-01-09 03:05:00+00:00,2024-02-16 19:20:00+00:00,288,9,8192
8192,2042,588096,596287,2024-01-10 03:05:00+00:00,2024-02-19 19:25:00+00:00,288,9,8192
8192,2043,588384,596575,2024-01-11 03:05:00+00:00,2024-02-20 19:25:00+00:00,288,9,8192
8192,2044,588672,596863,2024-01-12 03:05:00+00:00,2024-02-21 19:25:00+00:00,288,9,8192
8192,2045,588960,597151,2024-01-15 03:10:00+00:00,2024-02-22 19:25:00+00:00,288,9,8192
8192,2046,589248,597439,2024-01-16 04:15:00+00:00,2024-02-23 19:25:00+00:00,288,9,8192
8192,2047,589536,597727,2024-01-17 08:25:00+00:00,2024-02-26 19:30:00+00:00,288,9,8192
8192,2048,589824,598015,2024-01-18 08:25:00+00:00,2024-02-27 19:30:00+00:00,288,9,8192
8192,2049,590112,598303,2024-01-19 08:25:00+00:00,2024-02-28 19:30:00+00:00,288,9,8192
8192,2050,590400,598591,2024-01-22 08:30:00+00:00,2024-02-29 19:30:00+00:00,288,9,8192
8192,2051,590688,598879,2024-01-23 08:30:00+00:00,2024-03-01 19:30:00+00:00,288,9,8192
8192,2052,590976,599167,2024-01-24 08:30:00+00:00,2024-03-04 19:35:00+00:00,288,9,8192
8192,2053,591264,599455,2024-01-25 08:30:00+00:00,2024-03-05 19:35:00+00:00,288,9,8192
8192,2054,591552,599743,2024-01-26 08:30:00+00:00,2024-03-06 19:35:00+00:00,288,9,8192
8192,2055,591840,600031,2024-01-29 08:35:00+00:00,2024-03-07 19:35:00+00:00,288,9,8192
8192,2056,592128,600319,2024-01-30 08:35:00+00:00,2024-03-08 19:35:00+00:00,288,9,8192
8192,2057,592416,600607,2024-01-31 08:35:00+00:00,2024-03-11 18:40:00+00:00,288,9,8192
8192,2058,592704,600895,2024-02-01 08:35:00+00:00,2024-03-12 18:40:00+00:00,288,9,8192
8192,2059,592992,601183,2024-02-02 08:35:00+00:00,2024-03-13 18:40:00+00:00,288,9,8192
8192,2060,593280,601471,2024-02-05 08:40:00+00:00,2024-03-14 18:40:00+00:00,288,9,8192
8192,2061,593568,601759,2024-02-06 08:40:00+00:00,2024-03-15 18:40:00+00:00,288,9,8192
8192,2062,593856,602047,2024-02-07 08:40:00+00:00,2024-03-18 18:45:00+00:00,288,9,8192
8192,2063,594144,602335,2024-02-08 08:40:00+00:00,2024-03-19 18:45:00+00:00,288,9,8192
8192,2064,594432,602623,2024-02-09 08:40:00+00:00,2024-03-20 18:45:00+00:00,288,9,8192
8192,2065,594720,602911,2024-02-12 08:45:00+00:00,2024-03-21 18:45:00+00:00,288,9,8192
8192,2066,595008,603199,2024-02-13 08:45:00+00:00,2024-03-22 18:45:00+00:00,288,9,8192
8192,2067,595296,603487,2024-02-14 08:45:00+00:00,2024-03-25 18:50:00+00:00,288,9,8192
8192,2068,595584,603775,2024-02-15 08:45:00+00:00,2024-03-26 18:50:00+00:00,288,9,8192
8192,2069,595872,604063,2024-02-16 08:45:00+00:00,2024-03-27 18:50:00+00:00,288,9,8192
8192,2070,596160,604351,2024-02-19 08:50:00+00:00,2024-03-28 18:50:00+00:00,288,9,8192
8192,2071,596448,604639,2024-02-20 08:50:00+00:00,2024-03-29 18:50:00+00:00,288,9,8192
8192,2072,596736,604927,2024-02-21 08:50:00+00:00,2024-04-01 21:00:00+00:00,288,9,8192
8192,2073,597024,605215,2024-02-22 08:50:00+00:00,2024-04-02 21:00:00+00:00,288,9,8192
8192,2074,597312,605503,2024-02-23 08:50:00+00:00,2024-04-03 21:00:00+00:00,288,9,8192
8192,2075,597600,605791,2024-02-26 08:55:00+00:00,2024-04-04 21:00:00+00:00,288,9,8192
8192,2076,597888,606079,2024-02-27 08:55:00+00:00,2024-04-05 21:00:00+00:00,288,9,8192
8192,2077,598176,606367,2024-02-28 08:55:00+00:00,2024-04-08 21:05:00+00:00,288,9,8192
8192,2078,598464,606655,2024-02-29 08:55:00+00:00,2024-04-09 21:05:00+00:00,288,9,8192
8192,2079,598752,606943,2024-03-01 08:55:00+00:00,2024-04-10 21:05:00+00:00,288,9,8192
8192,2080,599040,607231,2024-03-04 09:00:00+00:00,2024-04-11 21:05:00+00:00,288,9,8192
8192,2081,599328,607519,2024-03-05 09:00:00+00:00,2024-04-12 21:05:00+00:00,288,9,8192
8192,2082,599616,607807,2024-03-06 09:00:00+00:00,2024-04-15 21:10:00+00:00,288,9,8192
8192,2083,599904,608095,2024-03-07 09:00:00+00:00,2024-04-16 21:10:00+00:00,288,9,8192
8192,2084,600192,608383,2024-03-08 09:00:00+00:00,2024-04-17 21:10:00+00:00,288,9,8192
8192,2085,600480,608671,2024-03-11 08:05:00+00:00,2024-04-18 21:10:00+00:00,288,9,8192
8192,2086,600768,608959,2024-03-12 08:05:00+00:00,2024-04-19 21:10:00+00:00,288,9,8192
8192,2087,601056,609247,2024-03-13 08:05:00+00:00,2024-04-22 21:15:00+00:00,288,9,8192
8192,2088,601344,609535,2024-03-14 08:05:00+00:00,2024-04-23 21:15:00+00:00,288,9,8192
8192,2089,601632,609823,2024-03-15 08:05:00+00:00,2024-04-24 21:15:00+00:00,288,9,8192
8192,2090,601920,610111,2024-03-18 08:10:00+00:00,2024-04-25 21:15:00+00:00,288,9,8192
8192,2091,602208,610399,2024-03-19 08:10:00+00:00,2024-04-26 21:15:00+00:00,288,9,8192
8192,2092,602496,610687,2024-03-20 08:10:00+00:00,2024-04-29 21:30:00+00:00,288,9,8192
8192,2093,602784,610975,2024-03-21 08:10:00+00:00,2024-04-30 21:30:00+00:00,288,9,8192
8192,2094,603072,611263,2024-03-22 08:10:00+00:00,2024-05-01 21:30:00+00:00,288,9,8192
8192,2095,603360,611551,2024-03-25 08:15:00+00:00,2024-05-02 21:30:00+00:00,288,9,8192
8192,2096,603648,611839,2024-03-26 08:15:00+00:00,2024-05-03 21:30:00+00:00,288,9,8192
8192,2097,603936,612127,2024-03-27 08:15:00+00:00,2024-05-06 21:35:00+00:00,288,9,8192
8192,2098,604224,612415,2024-03-28 08:15:00+00:00,2024-05-07 21:35:00+00:00,288,9,8192
8192,2099,604512,612703,2024-03-29 08:15:00+00:00,2024-05-08 21:35:00+00:00,288,9,8192
8192,2100,604800,612991,2024-04-01 10:25:00+00:00,2024-05-09 21:35:00+00:00,288,9,8192
8192,2101,605088,613279,2024-04-02 10:25:00+00:00,2024-05-10 21:35:00+00:00,288,9,8192
8192,2102,605376,613567,2024-04-03 10:25:00+00:00,2024-05-13 21:50:00+00:00,288,9,8192
8192,2103,605664,613855,2024-04-04 10:25:00+00:00,2024-05-14 21:50:00+00:00,288,9,8192
8192,2104,605952,614143,2024-04-05 10:25:00+00:00,2024-05-15 21:50:00+00:00,288,9,8192
8192,2105,606240,614431,2024-04-08 10:30:00+00:00,2024-05-16 21:50:00+00:00,288,9,8192
8192,2106,606528,614719,2024-04-09 10:30:00+00:00,2024-05-17 21:50:00+00:00,288,9,8192
8192,2107,606816,615007,2024-04-10 10:30:00+00:00,2024-05-20 21:55:00+00:00,288,9,8192
8192,2108,607104,615295,2024-04-11 10:30:00+00:00,2024-05-21 21:55:00+00:00,288,9,8192
8192,2109,607392,615583,2024-04-12 10:30:00+00:00,2024-05-22 21:55:00+00:00,288,9,8192
8192,2110,607680,615871,2024-04-15 10:35:00+00:00,2024-05-23 21:55:00+00:00,288,9,8192
8192,2111,607968,616159,2024-04-16 10:35:00+00:00,2024-05-24 21:55:00+00:00,288,9,8192
8192,2112,608256,616447,2024-04-17 10:35:00+00:00,2024-05-27 22:00:00+00:00,288,9,8192
8192,2113,608544,616735,2024-04-18 10:35:00+00:00,2024-05-28 22:00:00+00:00,288,9,8192
8192,2114,608832,617023,2024-04-19 10:35:00+00:00,2024-05-29 22:00:00+00:00,288,9,8192
8192,2115,609120,617311,2024-04-22 10:40:00+00:00,2024-05-30 22:00:00+00:00,288,9,8192
8192,2116,609408,617599,2024-04-23 10:40:00+00:00,2024-06-02 22:05:00+00:00,288,9,8192
8192,2117,609696,617887,2024-04-24 10:40:00+00:00,2024-06-03 22:05:00+00:00,288,9,8192
8192,2118,609984,618175,2024-04-25 10:40:00+00:00,2024-06-04 22:05:00+00:00,288,9,8192
8192,2119,610272,618463,2024-04-26 10:40:00+00:00,2024-06-05 22:05:00+00:00,288,9,8192
8192,2120,610560,618751,2024-04-29 10:55:00+00:00,2024-06-06 22:05:00+00:00,288,9,8192
8192,2121,610848,619039,2024-04-30 10:55:00+00:00,2024-06-09 22:10:00+00:00,288,9,8192
8192,2122,611136,619327,2024-05-01 10:55:00+00:00,2024-06-10 22:10:00+00:00,288,9,8192
8192,2123,611424,619615,2024-05-02 10:55:00+00:00,2024-06-11 22:10:00+00:00,288,9,8192
8192,2124,611712,619903,2024-05-03 10:55:00+00:00,2024-06-12 22:10:00+00:00,288,9,8192
8192,2125,612000,620191,2024-05-06 11:00:00+00:00,2024-06-13 22:10:00+00:00,288,9,8192
8192,2126,612288,620479,2024-05-07 11:00:00+00:00,2024-06-16 22:15:00+00:00,288,9,8192
8192,2127,612576,620767,2024-05-08 11:00:00+00:00,2024-06-17 22:15:00+00:00,288,9,8192
8192,2128,612864,621055,2024-05-09 11:00:00+00:00,2024-06-18 22:15:00+00:00,288,9,8192
8192,2129,613152,621343,2024-05-10 11:00:00+00:00,2024-06-19 22:25:00+00:00,288,9,8192
8192,2130,613440,621631,2024-05-13 11:15:00+00:00,2024-06-20 22:25:00+00:00,288,9,8192
8192,2131,613728,621919,2024-05-14 11:15:00+00:00,2024-06-23 22:30:00+00:00,288,9,8192
8192,2132,614016,622207,2024-05-15 11:15:00+00:00,2024-06-24 22:30:00+00:00,288,9,8192
8192,2133,614304,622495,2024-05-16 11:15:00+00:00,2024-06-25 22:40:00+00:00,288,9,8192
8192,2134,614592,622783,2024-05-17 11:15:00+00:00,2024-06-26 22:40:00+00:00,288,9,8192
8192,2135,614880,623071,2024-05-20 11:20:00+00:00,2024-06-27 22:40:00+00:00,288,9,8192
8192,2136,615168,623359,2024-05-21 11:20:00+00:00,2024-06-30 22:45:00+00:00,288,9,8192
8192,2137,615456,623647,2024-05-22 11:20:00+00:00,2024-07-01 22:45:00+00:00,288,9,8192
8192,2138,615744,623935,2024-05-23 11:20:00+00:00,2024-07-02 22:45:00+00:00,288,9,8192
8192,2139,616032,624223,2024-05-24 11:20:00+00:00,2024-07-03 22:45:00+00:00,288,9,8192
8192,2140,616320,624511,2024-05-27 11:25:00+00:00,2024-07-04 23:05:00+00:00,288,9,8192
8192,2141,616608,624799,2024-05-28 11:25:00+00:00,2024-07-07 23:10:00+00:00,288,9,8192
8192,2142,616896,625087,2024-05-29 11:25:00+00:00,2024-07-08 23:10:00+00:00,288,9,8192
8192,2143,617184,625375,2024-05-30 11:25:00+00:00,2024-07-09 23:10:00+00:00,288,9,8192
8192,2144,617472,625663,2024-05-31 11:25:00+00:00,2024-07-10 23:10:00+00:00,288,9,8192
8192,2145,617760,625951,2024-06-03 11:30:00+00:00,2024-07-11 23:10:00+00:00,288,9,8192
8192,2146,618048,626239,2024-06-04 11:30:00+00:00,2024-07-14 23:15:00+00:00,288,9,8192
8192,2147,618336,626527,2024-06-05 11:30:00+00:00,2024-07-15 23:15:00+00:00,288,9,8192
8192,2148,618624,626815,2024-06-06 11:30:00+00:00,2024-07-16 23:15:00+00:00,288,9,8192
8192,2149,618912,627103,2024-06-07 11:30:00+00:00,2024-07-17 23:15:00+00:00,288,9,8192
8192,2150,619200,627391,2024-06-10 11:35:00+00:00,2024-07-18 23:15:00+00:00,288,9,8192
8192,2151,619488,627679,2024-06-11 11:35:00+00:00,2024-07-21 23:20:00+00:00,288,9,8192
8192,2152,619776,627967,2024-06-12 11:35:00+00:00,2024-07-22 23:20:00+00:00,288,9,8192
8192,2153,620064,628255,2024-06-13 11:35:00+00:00,2024-07-23 23:20:00+00:00,288,9,8192
8192,2154,620352,628543,2024-06-14 11:35:00+00:00,2024-07-24 23:20:00+00:00,288,9,8192
8192,2155,620640,628831,2024-06-17 11:40:00+00:00,2024-07-25 23:20:00+00:00,288,9,8192
8192,2156,620928,629119,2024-06-18 11:40:00+00:00,2024-07-28 23:25:00+00:00,288,9,8192
8192,2157,621216,629407,2024-06-19 11:40:00+00:00,2024-07-29 23:25:00+00:00,288,9,8192
8192,2158,621504,629695,2024-06-20 11:50:00+00:00,2024-07-30 23:25:00+00:00,288,9,8192
8192,2159,621792,629983,2024-06-21 11:50:00+00:00,2024-07-31 23:25:00+00:00,288,9,8192
8192,2160,622080,630271,2024-06-24 11:55:00+00:00,2024-08-01 23:25:00+00:00,288,9,8192
8192,2161,622368,630559,2024-06-25 12:05:00+00:00,2024-08-04 23:30:00+00:00,288,9,8192
8192,2162,622656,630847,2024-06-26 12:05:00+00:00,2024-08-05 23:30:00+00:00,288,9,8192
8192,2163,622944,631135,2024-06-27 12:05:00+00:00,2024-08-06 23:30:00+00:00,288,9,8192
8192,2164,623232,631423,2024-06-28 12:05:00+00:00,2024-08-07 23:30:00+00:00,288,9,8192
8192,2165,623520,631711,2024-07-01 12:10:00+00:00,2024-08-08 23:30:00+00:00,288,9,8192
8192,2166,623808,631999,2024-07-02 12:10:00+00:00,2024-08-11 23:35:00+00:00,288,9,8192
8192,2167,624096,632287,2024-07-03 12:10:00+00:00,2024-08-12 23:35:00+00:00,288,9,8192
8192,2168,624384,632575,2024-07-04 12:10:00+00:00,2024-08-13 23:35:00+00:00,288,9,8192
8192,2169,624672,632863,2024-07-05 12:30:00+00:00,2024-08-14 23:35:00+00:00,288,9,8192
8192,2170,624960,633151,2024-07-08 12:35:00+00:00,2024-08-15 23:35:00+00:00,288,9,8192
8192,2171,625248,633439,2024-07-09 12:35:00+00:00,2024-08-18 23:40:00+00:00,288,9,8192
8192,2172,625536,633727,2024-07-10 12:35:00+00:00,2024-08-19 23:40:00+00:00,288,9,8192
8192,2173,625824,634015,2024-07-11 12:35:00+00:00,2024-08-20 23:40:00+00:00,288,9,8192
8192,2174,626112,634303,2024-07-12 12:35:00+00:00,2024-08-21 23:40:00+00:00,288,9,8192
8192,2175,626400,634591,2024-07-15 12:40:00+00:00,2024-08-22 23:40:00+00:00,288,9,8192
8192,2176,626688,634879,2024-07-16 12:40:00+00:00,2024-08-25 23:45:00+00:00,288,9,8192
8192,2177,626976,635167,2024-07-17 12:40:00+00:00,2024-08-26 23:45:00+00:00,288,9,8192
8192,2178,627264,635455,2024-07-18 12:40:00+00:00,2024-08-27 23:45:00+00:00,288,9,8192
8192,2179,627552,635743,2024-07-19 12:40:00+00:00,2024-08-28 23:45:00+00:00,288,9,8192
8192,2180,627840,636031,2024-07-22 12:45:00+00:00,2024-08-29 23:45:00+00:00,288,9,8192
8192,2181,628128,636319,2024-07-23 12:45:00+00:00,2024-09-01 23:50:00+00:00,288,9,8192
8192,2182,628416,636607,2024-07-24 12:45:00+00:00,2024-09-02 23:50:00+00:00,288,9,8192
8192,2183,628704,636895,2024-07-25 12:45:00+00:00,2024-09-03 23:50:00+00:00,288,9,8192
8192,2184,628992,637183,2024-07-26 12:45:00+00:00,2024-09-04 23:50:00+00:00,288,9,8192
8192,2185,629280,637471,2024-07-29 12:50:00+00:00,2024-09-05 23:50:00+00:00,288,9,8192
8192,2186,629568,637759,2024-07-30 12:50:00+00:00,2024-09-08 23:55:00+00:00,288,9,8192
8192,2187,629856,638047,2024-07-31 12:50:00+00:00,2024-09-09 23:55:00+00:00,288,9,8192
8192,2188,630144,638335,2024-08-01 12:50:00+00:00,2024-09-10 23:55:00+00:00,288,9,8192
8192,2189,630432,638623,2024-08-02 12:50:00+00:00,2024-09-11 23:55:00+00:00,288,9,8192
8192,2190,630720,638911,2024-08-05 12:55:00+00:00,2024-09-12 23:55:00+00:00,288,9,8192
8192,2191,631008,639199,2024-08-06 12:55:00+00:00,2024-09-16 00:00:00+00:00,288,9,8192
8192,2192,631296,639487,2024-08-07 12:55:00+00:00,2024-09-17 00:00:00+00:00,288,9,8192
8192,2193,631584,639775,2024-08-08 12:55:00+00:00,2024-09-18 00:00:00+00:00,288,9,8192
8192,2194,631872,640063,2024-08-09 12:55:00+00:00,2024-09-19 00:00:00+00:00,288,9,8192
8192,2195,632160,640351,2024-08-12 13:00:00+00:00,2024-09-20 00:00:00+00:00,288,9,8192
8192,2196,632448,640639,2024-08-13 13:00:00+00:00,2024-09-23 00:05:00+00:00,288,9,8192
8192,2197,632736,640927,2024-08-14 13:00:00+00:00,2024-09-24 00:05:00+00:00,288,9,8192
8192,2198,633024,641215,2024-08-15 13:00:00+00:00,2024-09-25 00:05:00+00:00,288,9,8192
8192,2199,633312,641503,2024-08-16 13:00:00+00:00,2024-09-26 00:05:00+00:00,288,9,8192
8192,2200,633600,641791,2024-08-19 13:05:00+00:00,2024-09-27 00:05:00+00:00,288,9,8192
8192,2201,633888,642079,2024-08-20 13:05:00+00:00,2024-09-30 00:10:00+00:00,288,9,8192
8192,2202,634176,642367,2024-08-21 13:05:00+00:00,2024-10-01 00:10:00+00:00,288,9,8192
8192,2203,634464,642655,2024-08-22 13:05:00+00:00,2024-10-02 00:10:00+00:00,288,9,8192
8192,2204,634752,642943,2024-08-23 13:05:00+00:00,2024-10-03 00:10:00+00:00,288,9,8192
8192,2205,635040,643231,2024-08-26 13:10:00+00:00,2024-10-04 00:10:00+00:00,288,9,8192
8192,2206,635328,643519,2024-08-27 13:10:00+00:00,2024-10-07 00:15:00+00:00,288,9,8192
8192,2207,635616,643807,2024-08-28 13:10:00+00:00,2024-10-08 00:15:00+00:00,288,9,8192
8192,2208,635904,644095,2024-08-29 13:10:00+00:00,2024-10-09 00:15:00+00:00,288,9,8192
8192,2209,636192,644383,2024-08-30 13:10:00+00:00,2024-10-10 00:15:00+00:00,288,9,8192
8192,2210,636480,644671,2024-09-02 13:15:00+00:00,2024-10-11 00:15:00+00:00,288,9,8192
8192,2211,636768,644959,2024-09-03 13:15:00+00:00,2024-10-14 00:20:00+00:00,288,9,8192
8192,2212,637056,645247,2024-09-04 13:15:00+00:00,2024-10-15 00:20:00+00:00,288,9,8192
8192,2213,637344,645535,2024-09-05 13:15:00+00:00,2024-10-16 00:20:00+00:00,288,9,8192
8192,2214,637632,645823,2024-09-06 13:15:00+00:00,2024-10-17 00:20:00+00:00,288,9,8192
8192,2215,637920,646111,2024-09-09 13:20:00+00:00,2024-10-18 00:20:00+00:00,288,9,8192
8192,2216,638208,646399,2024-09-10 13:20:00+00:00,2024-10-21 00:25:00+00:00,288,9,8192
8192,2217,638496,646687,2024-09-11 13:20:00+00:00,2024-10-22 00:25:00+00:00,288,9,8192
8192,2218,638784,646975,2024-09-12 13:20:00+00:00,2024-10-23 00:25:00+00:00,288,9,8192
8192,2219,639072,647263,2024-09-13 13:20:00+00:00,2024-10-24 00:25:00+00:00,288,9,8192
8192,2220,639360,647551,2024-09-16 13:25:00+00:00,2024-10-25 00:25:00+00:00,288,9,8192
8192,2221,639648,647839,2024-09-17 13:25:00+00:00,2024-10-28 00:30:00+00:00,288,9,8192
8192,2222,639936,648127,2024-09-18 13:25:00+00:00,2024-10-29 00:30:00+00:00,288,9,8192
8192,2223,640224,648415,2024-09-19 13:25:00+00:00,2024-10-30 00:30:00+00:00,288,9,8192
8192,2224,640512,648703,2024-09-20 13:25:00+00:00,2024-10-31 00:30:00+00:00,288,9,8192
8192,2225,640800,648991,2024-09-23 13:30:00+00:00,2024-11-01 00:30:00+00:00,288,9,8192
8192,2226,641088,649279,2024-09-24 13:30:00+00:00,2024-11-04 01:35:00+00:00,288,9,8192
8192,2227,641376,649567,2024-09-25 13:30:00+00:00,2024-11-05 01:35:00+00:00,288,9,8192
8192,2228,641664,649855,2024-09-26 13:30:00+00:00,2024-11-06 01:35:00+00:00,288,9,8192
8192,2229,641952,650143,2024-09-27 13:30:00+00:00,2024-11-07 01:35:00+00:00,288,9,8192
8192,2230,642240,650431,2024-09-30 13:35:00+00:00,2024-11-08 01:35:00+00:00,288,9,8192
8192,2231,642528,650719,2024-10-01 13:35:00+00:00,2024-11-11 01:40:00+00:00,288,9,8192
8192,2232,642816,651007,2024-10-02 13:35:00+00:00,2024-11-12 01:40:00+00:00,288,9,8192
8192,2233,643104,651295,2024-10-03 13:35:00+00:00,2024-11-13 01:40:00+00:00,288,9,8192
8192,2234,643392,651583,2024-10-04 13:35:00+00:00,2024-11-14 01:40:00+00:00,288,9,8192
8192,2235,643680,651871,2024-10-07 13:40:00+00:00,2024-11-15 01:40:00+00:00,288,9,8192
8192,2236,643968,652159,2024-10-08 13:40:00+00:00,2024-11-18 01:45:00+00:00,288,9,8192
8192,2237,644256,652447,2024-10-09 13:40:00+00:00,2024-11-19 01:45:00+00:00,288,9,8192
8192,2238,644544,652735,2024-10-10 13:40:00+00:00,2024-11-20 01:45:00+00:00,288,9,8192
8192,2239,644832,653023,2024-10-11 13:40:00+00:00,2024-11-21 01:45:00+00:00,288,9,8192
8192,2240,645120,653311,2024-10-14 13:45:00+00:00,2024-11-22 01:45:00+00:00,288,9,8192
8192,2241,645408,653599,2024-10-15 13:45:00+00:00,2024-11-25 01:50:00+00:00,288,9,8192
8192,2242,645696,653887,2024-10-16 13:45:00+00:00,2024-11-26 01:50:00+00:00,288,9,8192
8192,2243,645984,654175,2024-10-17 13:45:00+00:00,2024-11-27 01:50:00+00:00,288,9,8192
8192,2244,646272,654463,2024-10-18 13:45:00+00:00,2024-11-28 01:50:00+00:00,288,9,8192
8192,2245,646560,654751,2024-10-21 13:50:00+00:00,2024-11-29 01:50:00+00:00,288,9,8192
8192,2246,646848,655039,2024-10-22 13:50:00+00:00,2024-12-02 01:55:00+00:00,288,9,8192
8192,2247,647136,655327,2024-10-23 13:50:00+00:00,2024-12-03 01:55:00+00:00,288,9,8192
8192,2248,647424,655615,2024-10-24 13:50:00+00:00,2024-12-04 01:55:00+00:00,288,9,8192
8192,2249,647712,655903,2024-10-25 13:50:00+00:00,2024-12-05 01:55:00+00:00,288,9,8192
8192,2250,648000,656191,2024-10-28 13:55:00+00:00,2024-12-06 01:55:00+00:00,288,9,8192
8192,2251,648288,656479,2024-10-29 13:55:00+00:00,2024-12-09 02:00:00+00:00,288,9,8192
8192,2252,648576,656767,2024-10-30 13:55:00+00:00,2024-12-10 02:00:00+00:00,288,9,8192
8192,2253,648864,657055,2024-10-31 13:55:00+00:00,2024-12-11 02:00:00+00:00,288,9,8192
8192,2254,649152,657343,2024-11-01 13:55:00+00:00,2024-12-12 02:00:00+00:00,288,9,8192
8192,2255,649440,657631,2024-11-04 15:00:00+00:00,2024-12-13 02:00:00+00:00,288,9,8192
8192,2256,649728,657919,2024-11-05 15:00:00+00:00,2024-12-16 02:05:00+00:00,288,9,8192
8192,2257,650016,658207,2024-11-06 15:00:00+00:00,2024-12-17 02:05:00+00:00,288,9,8192
8192,2258,650304,658495,2024-11-07 15:00:00+00:00,2024-12-18 02:05:00+00:00,288,9,8192
8192,2259,650592,658783,2024-11-08 15:00:00+00:00,2024-12-19 02:05:00+00:00,288,9,8192
8192,2260,650880,659071,2024-11-11 15:05:00+00:00,2024-12-20 02:05:00+00:00,288,9,8192
8192,2261,651168,659359,2024-11-12 15:05:00+00:00,2024-12-23 02:10:00+00:00,288,9,8192
8192,2262,651456,659647,2024-11-13 15:05:00+00:00,2024-12-24 02:10:00+00:00,288,9,8192
8192,2263,651744,659935,2024-11-14 15:05:00+00:00,2024-12-25 05:05:00+00:00,288,9,8192
8192,2264,652032,660223,2024-11-15 15:05:00+00:00,2024-12-26 19:20:00+00:00,288,9,8192
8192,2265,652320,660511,2024-11-18 15:10:00+00:00,2024-12-27 19:20:00+00:00,288,9,8192
8192,2266,652608,660799,2024-11-19 15:10:00+00:00,2024-12-30 19:25:00+00:00,288,9,8192
8192,2267,652896,661087,2024-11-20 15:10:00+00:00,2024-12-31 19:25:00+00:00,288,9,8192
8192,2268,653184,661375,2024-11-21 15:10:00+00:00,2025-01-02 19:30:00+00:00,288,9,8192
8192,2269,653472,661663,2024-11-22 15:10:00+00:00,2025-01-03 19:30:00+00:00,288,9,8192
8192,2270,653760,661951,2024-11-25 15:15:00+00:00,2025-01-06 19:35:00+00:00,288,9,8192
8192,2271,654048,662239,2024-11-26 15:15:00+00:00,2025-01-07 19:35:00+00:00,288,9,8192
8192,2272,654336,662527,2024-11-27 15:15:00+00:00,2025-01-08 19:35:00+00:00,288,9,8192
8192,2273,654624,662815,2024-11-28 15:15:00+00:00,2025-01-09 19:35:00+00:00,288,9,8192
8192,2274,654912,663103,2024-11-29 15:15:00+00:00,2025-01-10 19:35:00+00:00,288,9,8192
8192,2275,655200,663391,2024-12-02 15:20:00+00:00,2025-01-13 19:40:00+00:00,288,9,8192
8192,2276,655488,663679,2024-12-03 15:20:00+00:00,2025-01-14 19:40:00+00:00,288,9,8192
8192,2277,655776,663967,2024-12-04 15:20:00+00:00,2025-01-15 19:40:00+00:00,288,9,8192
8192,2278,656064,664255,2024-12-05 15:20:00+00:00,2025-01-16 19:40:00+00:00,288,9,8192
8192,2279,656352,664543,2024-12-06 15:20:00+00:00,2025-01-17 19:40:00+00:00,288,9,8192
8192,2280,656640,664831,2024-12-09 15:25:00+00:00,2025-01-20 19:45:00+00:00,288,9,8192
8192,2281,656928,665119,2024-12-10 15:25:00+00:00,2025-01-21 19:45:00+00:00,288,9,8192
8192,2282,657216,665407,2024-12-11 15:25:00+00:00,2025-01-22 19:45:00+00:00,288,9,8192
8192,2283,657504,665695,2024-12-12 15:25:00+00:00,2025-01-23 19:45:00+00:00,288,9,8192
8192,2284,657792,665983,2024-12-13 15:25:00+00:00,2025-01-24 19:45:00+00:00,288,9,8192
8192,2285,658080,666271,2024-12-16 15:30:00+00:00,2025-01-27 19:50:00+00:00,288,9,8192
8192,2286,658368,666559,2024-12-17 15:30:00+00:00,2025-01-28 19:50:00+00:00,288,9,8192
8192,2287,658656,666847,2024-12-18 15:30:00+00:00,2025-01-29 19:50:00+00:00,288,9,8192
8192,2288,658944,667135,2024-12-19 15:30:00+00:00,2025-01-30 19:50:00+00:00,288,9,8192
8192,2289,659232,667423,2024-12-20 15:30:00+00:00,2025-01-31 19:50:00+00:00,288,9,8192
8192,2290,659520,667711,2024-12-23 15:35:00+00:00,2025-02-03 19:55:00+00:00,288,9,8192
8192,2291,659808,667999,2024-12-24 15:35:00+00:00,2025-02-04 19:55:00+00:00,288,9,8192
8192,2292,660096,668287,2024-12-26 08:45:00+00:00,2025-02-05 19:55:00+00:00,288,9,8192
8192,2293,660384,668575,2024-12-27 08:45:00+00:00,2025-02-06 19:55:00+00:00,288,9,8192
8192,2294,660672,668863,2024-12-30 08:50:00+00:00,2025-02-07 19:55:00+00:00,288,9,8192
8192,2295,660960,669151,2024-12-31 08:50:00+00:00,2025-02-10 20:00:00+00:00,288,9,8192
8192,2296,661248,669439,2025-01-02 08:55:00+00:00,2025-02-11 20:00:00+00:00,288,9,8192
8192,2297,661536,669727,2025-01-03 08:55:00+00:00,2025-02-12 20:00:00+00:00,288,9,8192
8192,2298,661824,670015,2025-01-06 09:00:00+00:00,2025-02-13 20:00:00+00:00,288,9,8192
8192,2299,662112,670303,2025-01-07 09:00:00+00:00,2025-02-14 20:00:00+00:00,288,9,8192
8192,2300,662400,670591,2025-01-08 09:00:00+00:00,2025-02-17 20:05:00+00:00,288,9,8192
8192,2301,662688,670879,2025-01-09 09:00:00+00:00,2025-02-18 20:05:00+00:00,288,9,8192
8192,2302,662976,671167,2025-01-10 09:00:00+00:00,2025-02-19 20:05:00+00:00,288,9,8192
8192,2303,663264,671455,2025-01-13 09:05:00+00:00,2025-02-20 20:05:00+00:00,288,9,8192
8192,2304,663552,671743,2025-01-14 09:05:00+00:00,2025-02-21 20:05:00+00:00,288,9,8192
8192,2305,663840,672031,2025-01-15 09:05:00+00:00,2025-02-24 20:10:00+00:00,288,9,8192
8192,2306,664128,672319,2025-01-16 09:05:00+00:00,2025-02-25 20:10:00+00:00,288,9,8192
8192,2307,664416,672607,2025-01-17 09:05:00+00:00,2025-02-26 20:10:00+00:00,288,9,8192
8192,2308,664704,672895,2025-01-20 09:10:00+00:00,2025-02-27 20:10:00+00:00,288,9,8192
8192,2309,664992,673183,2025-01-21 09:10:00+00:00,2025-02-28 20:10:00+00:00,288,9,8192
8192,2310,665280,673471,2025-01-22 09:10:00+00:00,2025-03-03 20:15:00+00:00,288,9,8192
8192,2311,665568,673759,2025-01-23 09:10:00+00:00,2025-03-04 20:15:00+00:00,288,9,8192
8192,2312,665856,674047,2025-01-24 09:10:00+00:00,2025-03-05 20:15:00+00:00,288,9,8192
8192,2313,666144,674335,2025-01-27 09:15:00+00:00,2025-03-06 20:15:00+00:00,288,9,8192
8192,2314,666432,674623,2025-01-28 09:15:00+00:00,2025-03-07 20:15:00+00:00,288,9,8192
8192,2315,666720,674911,2025-01-29 09:15:00+00:00,2025-03-10 19:20:00+00:00,288,9,8192
8192,2316,667008,675199,2025-01-30 09:15:00+00:00,2025-03-11 19:20:00+00:00,288,9,8192
8192,2317,667296,675487,2025-01-31 09:15:00+00:00,2025-03-12 19:20:00+00:00,288,9,8192
8192,2318,667584,675775,2025-02-03 09:20:00+00:00,2025-03-13 19:20:00+00:00,288,9,8192
8192,2319,667872,676063,2025-02-04 09:20:00+00:00,2025-03-14 19:20:00+00:00,288,9,8192
8192,2320,668160,676351,2025-02-05 09:20:00+00:00,2025-03-17 19:25:00+00:00,288,9,8192
8192,2321,668448,676639,2025-02-06 09:20:00+00:00,2025-03-18 19:25:00+00:00,288,9,8192
8192,2322,668736,676927,2025-02-07 09:20:00+00:00,2025-03-19 19:25:00+00:00,288,9,8192
8192,2323,669024,677215,2025-02-10 09:25:00+00:00,2025-03-20 19:25:00+00:00,288,9,8192
8192,2324,669312,677503,2025-02-11 09:25:00+00:00,2025-03-21 19:25:00+00:00,288,9,8192
8192,2325,669600,677791,2025-02-12 09:25:00+00:00,2025-03-24 19:30:00+00:00,288,9,8192
8192,2326,669888,678079,2025-02-13 09:25:00+00:00,2025-03-25 19:30:00+00:00,288,9,8192
8192,2327,670176,678367,2025-02-14 09:25:00+00:00,2025-03-26 19:30:00+00:00,288,9,8192
8192,2328,670464,678655,2025-02-17 09:30:00+00:00,2025-03-27 19:30:00+00:00,288,9,8192
8192,2329,670752,678943,2025-02-18 09:30:00+00:00,2025-03-28 19:30:00+00:00,288,9,8192
8192,2330,671040,679231,2025-02-19 09:30:00+00:00,2025-03-31 21:40:00+00:00,288,9,8192
8192,2331,671328,679519,2025-02-20 09:30:00+00:00,2025-04-01 21:40:00+00:00,288,9,8192
8192,2332,671616,679807,2025-02-21 09:30:00+00:00,2025-04-02 21:40:00+00:00,288,9,8192
8192,2333,671904,680095,2025-02-24 09:35:00+00:00,2025-04-03 21:40:00+00:00,288,9,8192
8192,2334,672192,680383,2025-02-25 09:35:00+00:00,2025-04-04 21:40:00+00:00,288,9,8192
8192,2335,672480,680671,2025-02-26 09:35:00+00:00,2025-04-07 21:45:00+00:00,288,9,8192
8192,2336,672768,680959,2025-02-27 09:35:00+00:00,2025-04-08 21:45:00+00:00,288,9,8192
8192,2337,673056,681247,2025-02-28 09:35:00+00:00,2025-04-09 21:45:00+00:00,288,9,8192
8192,2338,673344,681535,2025-03-03 09:40:00+00:00,2025-04-10 21:45:00+00:00,288,9,8192
8192,2339,673632,681823,2025-03-04 09:40:00+00:00,2025-04-11 21:45:00+00:00,288,9,8192
8192,2340,673920,682111,2025-03-05 09:40:00+00:00,2025-04-14 21:50:00+00:00,288,9,8192
8192,2341,674208,682399,2025-03-06 09:40:00+00:00,2025-04-15 21:50:00+00:00,288,9,8192
8192,2342,674496,682687,2025-03-07 09:40:00+00:00,2025-04-16 21:50:00+00:00,288,9,8192
8192,2343,674784,682975,2025-03-10 08:45:00+00:00,2025-04-17 21:50:00+00:00,288,9,8192
8192,2344,675072,683263,2025-03-11 08:45:00+00:00,2025-04-18 21:50:00+00:00,288,9,8192
8192,2345,675360,683551,2025-03-12 08:45:00+00:00,2025-04-21 21:55:00+00:00,288,9,8192
8192,2346,675648,683839,2025-03-13 08:45:00+00:00,2025-04-22 21:55:00+00:00,288,9,8192
8192,2347,675936,684127,2025-03-14 08:45:00+00:00,2025-04-23 21:55:00+00:00,288,9,8192
8192,2348,676224,684415,2025-03-17 08:50:00+00:00,2025-04-24 21:55:00+00:00,288,9,8192
8192,2349,676512,684703,2025-03-18 08:50:00+00:00,2025-04-25 21:55:00+00:00,288,9,8192
8192,2350,676800,684991,2025-03-19 08:50:00+00:00,2025-04-28 22:00:00+00:00,288,9,8192
8192,2351,677088,685279,2025-03-20 08:50:00+00:00,2025-04-29 22:00:00+00:00,288,9,8192
8192,2352,677376,685567,2025-03-21 08:50:00+00:00,2025-04-30 22:00:00+00:00,288,9,8192
8192,2353,677664,685855,2025-03-24 08:55:00+00:00,2025-05-01 22:00:00+00:00,288,9,8192
8192,2354,677952,686143,2025-03-25 08:55:00+00:00,2025-05-04 22:05:00+00:00,288,9,8192
8192,2355,678240,686431,2025-03-26 08:55:00+00:00,2025-05-05 22:05:00+00:00,288,9,8192
8192,2356,678528,686719,2025-03-27 08:55:00+00:00,2025-05-06 22:05:00+00:00,288,9,8192
8192,2357,678816,687007,2025-03-28 08:55:00+00:00,2025-05-07 22:05:00+00:00,288,9,8192
8192,2358,679104,687295,2025-03-31 11:05:00+00:00,2025-05-08 22:05:00+00:00,288,9,8192
8192,2359,679392,687583,2025-04-01 11:05:00+00:00,2025-05-11 22:10:00+00:00,288,9,8192
8192,2360,679680,687871,2025-04-02 11:05:00+00:00,2025-05-12 22:10:00+00:00,288,9,8192
8192,2361,679968,688159,2025-04-03 11:05:00+00:00,2025-05-13 22:10:00+00:00,288,9,8192
8192,2362,680256,688447,2025-04-04 11:05:00+00:00,2025-05-14 22:10:00+00:00,288,9,8192
8192,2363,680544,688735,2025-04-07 11:10:00+00:00,2025-05-15 22:10:00+00:00,288,9,8192
8192,2364,680832,689023,2025-04-08 11:10:00+00:00,2025-05-18 22:15:00+00:00,288,9,8192
8192,2365,681120,689311,2025-04-09 11:10:00+00:00,2025-05-19 22:15:00+00:00,288,9,8192
8192,2366,681408,689599,2025-04-10 11:10:00+00:00,2025-05-20 22:15:00+00:00,288,9,8192
8192,2367,681696,689887,2025-04-11 11:10:00+00:00,2025-05-21 22:15:00+00:00,288,9,8192
8192,2368,681984,690175,2025-04-14 11:15:00+00:00,2025-05-22 22:15:00+00:00,288,9,8192
8192,2369,682272,690463,2025-04-15 11:15:00+00:00,2025-05-25 22:20:00+00:00,288,9,8192
8192,2370,682560,690751,2025-04-16 11:15:00+00:00,2025-05-26 22:20:00+00:00,288,9,8192
8192,2371,682848,691039,2025-04-17 11:15:00+00:00,2025-05-27 22:20:00+00:00,288,9,8192
8192,2372,683136,691327,2025-04-18 11:15:00+00:00,2025-05-28 22:20:00+00:00,288,9,8192
8192,2373,683424,691615,2025-04-21 11:20:00+00:00,2025-05-29 22:20:00+00:00,288,9,8192
8192,2374,683712,691903,2025-04-22 11:20:00+00:00,2025-06-01 22:25:00+00:00,288,9,8192
8192,2375,684000,692191,2025-04-23 11:20:00+00:00,2025-06-02 22:25:00+00:00,288,9,8192
8192,2376,684288,692479,2025-04-24 11:20:00+00:00,2025-06-03 22:25:00+00:00,288,9,8192
8192,2377,684576,692767,2025-04-25 11:20:00+00:00,2025-06-04 22:25:00+00:00,288,9,8192
8192,2378,684864,693055,2025-04-28 11:25:00+00:00,2025-06-05 22:25:00+00:00,288,9,8192
8192,2379,685152,693343,2025-04-29 11:25:00+00:00,2025-06-08 22:30:00+00:00,288,9,8192
8192,2380,685440,693631,2025-04-30 11:25:00+00:00,2025-06-09 22:30:00+00:00,288,9,8192
8192,2381,685728,693919,2025-05-01 11:25:00+00:00,2025-06-10 22:30:00+00:00,288,9,8192
8192,2382,686016,694207,2025-05-02 11:25:00+00:00,2025-06-11 22:30:00+00:00,288,9,8192
8192,2383,686304,694495,2025-05-05 11:30:00+00:00,2025-06-12 22:30:00+00:00,288,9,8192
8192,2384,686592,694783,2025-05-06 11:30:00+00:00,2025-06-15 22:35:00+00:00,288,9,8192
8192,2385,686880,695071,2025-05-07 11:30:00+00:00,2025-06-16 22:35:00+00:00,288,9,8192
8192,2386,687168,695359,2025-05-08 11:30:00+00:00,2025-06-17 22:35:00+00:00,288,9,8192
8192,2387,687456,695647,2025-05-09 11:30:00+00:00,2025-06-18 22:35:00+00:00,288,9,8192
8192,2388,687744,695935,2025-05-12 11:35:00+00:00,2025-06-19 22:35:00+00:00,288,9,8192
8192,2389,688032,696223,2025-05-13 11:35:00+00:00,2025-06-22 22:40:00+00:00,288,9,8192
8192,2390,688320,696511,2025-05-14 11:35:00+00:00,2025-06-23 22:40:00+00:00,288,9,8192
8192,2391,688608,696799,2025-05-15 11:35:00+00:00,2025-06-24 22:40:00+00:00,288,9,8192
8192,2392,688896,697087,2025-05-16 11:35:00+00:00,2025-06-25 22:40:00+00:00,288,9,8192
8192,2393,689184,697375,2025-05-19 11:40:00+00:00,2025-06-26 22:40:00+00:00,288,9,8192
8192,2394,689472,697663,2025-05-20 11:40:00+00:00,2025-06-29 22:45:00+00:00,288,9,8192
8192,2395,689760,697951,2025-05-21 11:40:00+00:00,2025-06-30 22:45:00+00:00,288,9,8192
8192,2396,690048,698239,2025-05-22 11:40:00+00:00,2025-07-01 22:45:00+00:00,288,9,8192
8192,2397,690336,698527,2025-05-23 11:40:00+00:00,2025-07-02 22:45:00+00:00,288,9,8192
8192,2398,690624,698815,2025-05-26 11:45:00+00:00,2025-07-03 22:45:00+00:00,288,9,8192
8192,2399,690912,699103,2025-05-27 11:45:00+00:00,2025-07-06 22:50:00+00:00,288,9,8192
8192,2400,691200,699391,2025-05-28 11:45:00+00:00,2025-07-07 22:50:00+00:00,288,9,8192
8192,2401,691488,699679,2025-05-29 11:45:00+00:00,2025-07-08 22:50:00+00:00,288,9,8192
8192,2402,691776,699967,2025-05-30 11:45:00+00:00,2025-07-09 22:50:00+00:00,288,9,8192
8192,2403,692064,700255,2025-06-02 11:50:00+00:00,2025-07-10 22:50:00+00:00,288,9,8192
8192,2404,692352,700543,2025-06-03 11:50:00+00:00,2025-07-13 22:55:00+00:00,288,9,8192
8192,2405,692640,700831,2025-06-04 11:50:00+00:00,2025-07-14 22:55:00+00:00,288,9,8192
8192,2406,692928,701119,2025-06-05 11:50:00+00:00,2025-07-15 22:55:00+00:00,288,9,8192
8192,2407,693216,701407,2025-06-06 11:50:00+00:00,2025-07-16 22:55:00+00:00,288,9,8192
8192,2408,693504,701695,2025-06-09 11:55:00+00:00,2025-07-17 22:55:00+00:00,288,9,8192
8192,2409,693792,701983,2025-06-10 11:55:00+00:00,2025-07-20 23:00:00+00:00,288,9,8192
8192,2410,694080,702271,2025-06-11 11:55:00+00:00,2025-07-21 23:00:00+00:00,288,9,8192
8192,2411,694368,702559,2025-06-12 11:55:00+00:00,2025-07-22 23:00:00+00:00,288,9,8192
8192,2412,694656,702847,2025-06-13 11:55:00+00:00,2025-07-23 23:00:00+00:00,288,9,8192
8192,2413,694944,703135,2025-06-16 12:00:00+00:00,2025-07-24 23:00:00+00:00,288,9,8192
8192,2414,695232,703423,2025-06-17 12:00:00+00:00,2025-07-27 23:05:00+00:00,288,9,8192
8192,2415,695520,703711,2025-06-18 12:00:00+00:00,2025-07-28 23:05:00+00:00,288,9,8192
8192,2416,695808,703999,2025-06-19 12:00:00+00:00,2025-07-29 23:05:00+00:00,288,9,8192
8192,2417,696096,704287,2025-06-20 12:00:00+00:00,2025-07-30 23:05:00+00:00,288,9,8192
8192,2418,696384,704575,2025-06-23 12:05:00+00:00,2025-07-31 23:05:00+00:00,288,9,8192
8192,2419,696672,704863,2025-06-24 12:05:00+00:00,2025-08-03 23:10:00+00:00,288,9,8192
8192,2420,696960,705151,2025-06-25 12:05:00+00:00,2025-08-04 23:10:00+00:00,288,9,8192
8192,2421,697248,705439,2025-06-26 12:05:00+00:00,2025-08-05 23:10:00+00:00,288,9,8192
8192,2422,697536,705727,2025-06-27 12:05:00+00:00,2025-08-06 23:10:00+00:00,288,9,8192
8192,2423,697824,706015,2025-06-30 12:10:00+00:00,2025-08-07 23:10:00+00:00,288,9,8192
8192,2424,698112,706303,2025-07-01 12:10:00+00:00,2025-08-10 23:15:00+00:00,288,9,8192
8192,2425,698400,706591,2025-07-02 12:10:00+00:00,2025-08-11 23:15:00+00:00,288,9,8192
8192,2426,698688,706879,2025-07-03 12:10:00+00:00,2025-08-12 23:15:00+00:00,288,9,8192
8192,2427,698976,707167,2025-07-04 12:10:00+00:00,2025-08-13 23:15:00+00:00,288,9,8192
8192,2428,699264,707455,2025-07-07 12:15:00+00:00,2025-08-14 23:15:00+00:00,288,9,8192
8192,2429,699552,707743,2025-07-08 12:15:00+00:00,2025-08-17 23:20:00+00:00,288,9,8192
8192,2430,699840,708031,2025-07-09 12:15:00+00:00,2025-08-18 23:20:00+00:00,288,9,8192
8192,2431,700128,708319,2025-07-10 12:15:00+00:00,2025-08-19 23:20:00+00:00,288,9,8192
8192,2432,700416,708607,2025-07-11 12:15:00+00:00,2025-08-20 23:20:00+00:00,288,9,8192
8192,2433,700704,708895,2025-07-14 12:20:00+00:00,2025-08-21 23:20:00+00:00,288,9,8192
8192,2434,700992,709183,2025-07-15 12:20:00+00:00,2025-08-24 23:25:00+00:00,288,9,8192
8192,2435,701280,709471,2025-07-16 12:20:00+00:00,2025-08-25 23:25:00+00:00,288,9,8192
8192,2436,701568,709759,2025-07-17 12:20:00+00:00,2025-08-26 23:25:00+00:00,288,9,8192
8192,2437,701856,710047,2025-07-18 12:20:00+00:00,2025-08-27 23:25:00+00:00,288,9,8192
8192,2438,702144,710335,2025-07-21 12:25:00+00:00,2025-08-28 23:25:00+00:00,288,9,8192
8192,2439,702432,710623,2025-07-22 12:25:00+00:00,2025-08-31 23:30:00+00:00,288,9,8192
8192,2440,702720,710911,2025-07-23 12:25:00+00:00,2025-09-01 23:30:00+00:00,288,9,8192
8192,2441,703008,711199,2025-07-24 12:25:00+00:00,2025-09-02 23:40:00+00:00,288,9,8192
8192,2442,703296,711487,2025-07-25 12:25:00+00:00,2025-09-03 23:40:00+00:00,288,9,8192
8192,2443,703584,711775,2025-07-28 12:30:00+00:00,2025-09-04 23:40:00+00:00,288,9,8192
8192,2444,703872,712063,2025-07-29 12:30:00+00:00,2025-09-07 23:45:00+00:00,288,9,8192
8192,2445,704160,712351,2025-07-30 12:30:00+00:00,2025-09-08 23:45:00+00:00,288,9,8192
8192,2446,704448,712639,2025-07-31 12:30:00+00:00,2025-09-09 23:45:00+00:00,288,9,8192
8192,2447,704736,712927,2025-08-01 12:30:00+00:00,2025-09-10 23:45:00+00:00,288,9,8192
8192,2448,705024,713215,2025-08-04 12:35:00+00:00,2025-09-11 23:45:00+00:00,288,9,8192
8192,2449,705312,713503,2025-08-05 12:35:00+00:00,2025-09-14 23:50:00+00:00,288,9,8192
8192,2450,705600,713791,2025-08-06 12:35:00+00:00,2025-09-15 23:50:00+00:00,288,9,8192
8192,2451,705888,714079,2025-08-07 12:35:00+00:00,2025-09-16 23:50:00+00:00,288,9,8192
8192,2452,706176,714367,2025-08-08 12:35:00+00:00,2025-09-17 23:50:00+00:00,288,9,8192
8192,2453,706464,714655,2025-08-11 12:40:00+00:00,2025-09-18 23:50:00+00:00,288,9,8192
8192,2454,706752,714943,2025-08-12 12:40:00+00:00,2025-09-21 23:55:00+00:00,288,9,8192
8192,2455,707040,715231,2025-08-13 12:40:00+00:00,2025-09-22 23:55:00+00:00,288,9,8192
8192,2456,707328,715519,2025-08-14 12:40:00+00:00,2025-09-23 23:55:00+00:00,288,9,8192
8192,2457,707616,715807,2025-08-15 12:40:00+00:00,2025-09-24 23:55:00+00:00,288,9,8192
8192,2458,707904,716095,2025-08-18 12:45:00+00:00,2025-09-25 23:55:00+00:00,288,9,8192
8192,2459,708192,716383,2025-08-19 12:45:00+00:00,2025-09-29 00:00:00+00:00,288,9,8192
8192,2460,708480,716671,2025-08-20 12:45:00+00:00,2025-09-30 00:00:00+00:00,288,9,8192
8192,2461,708768,716959,2025-08-21 12:45:00+00:00,2025-10-01 00:00:00+00:00,288,9,8192
8192,2462,709056,717247,2025-08-22 12:45:00+00:00,2025-10-02 00:00:00+00:00,288,9,8192
8192,2463,709344,717535,2025-08-25 12:50:00+00:00,2025-10-03 00:00:00+00:00,288,9,8192
8192,2464,709632,717823,2025-08-26 12:50:00+00:00,2025-10-06 00:05:00+00:00,288,9,8192
8192,2465,709920,718111,2025-08-27 12:50:00+00:00,2025-10-07 00:05:00+00:00,288,9,8192
8192,2466,710208,718399,2025-08-28 12:50:00+00:00,2025-10-08 00:05:00+00:00,288,9,8192
8192,2467,710496,718687,2025-08-29 12:50:00+00:00,2025-10-09 00:05:00+00:00,288,9,8192
8192,2468,710784,718975,2025-09-01 12:55:00+00:00,2025-10-10 00:05:00+00:00,288,9,8192
8192,2469,711072,719263,2025-09-02 12:55:00+00:00,2025-10-13 00:10:00+00:00,288,9,8192
8192,2470,711360,719551,2025-09-03 13:05:00+00:00,2025-10-14 00:10:00+00:00,288,9,8192
8192,2471,711648,719839,2025-09-04 13:05:00+00:00,2025-10-15 00:10:00+00:00,288,9,8192
8192,2472,711936,720127,2025-09-05 13:05:00+00:00,2025-10-16 00:10:00+00:00,288,9,8192
8192,2473,712224,720415,2025-09-08 13:10:00+00:00,2025-10-17 00:10:00+00:00,288,9,8192
8192,2474,712512,720703,2025-09-09 13:10:00+00:00,2025-10-20 00:15:00+00:00,288,9,8192
8192,2475,712800,720991,2025-09-10 13:10:00+00:00,2025-10-21 00:15:00+00:00,288,9,8192
8192,2476,713088,721279,2025-09-11 13:10:00+00:00,2025-10-22 00:15:00+00:00,288,9,8192
8192,2477,713376,721567,2025-09-12 13:10:00+00:00,2025-10-23 00:15:00+00:00,288,9,8192
8192,2478,713664,721855,2025-09-15 13:15:00+00:00,2025-10-24 00:15:00+00:00,288,9,8192
8192,2479,713952,722143,2025-09-16 13:15:00+00:00,2025-10-26 23:20:00+00:00,288,9,8192
8192,2480,714240,722431,2025-09-17 13:15:00+00:00,2025-10-27 23:20:00+00:00,288,9,8192
8192,2481,714528,722719,2025-09-18 13:15:00+00:00,2025-10-28 23:20:00+00:00,288,9,8192
8192,2482,714816,723007,2025-09-19 13:15:00+00:00,2025-10-29 23:20:00+00:00,288,9,8192
8192,2483,715104,723295,2025-09-22 13:20:00+00:00,2025-10-30 23:20:00+00:00,288,9,8192
8192,2484,715392,723583,2025-09-23 13:20:00+00:00,2025-11-03 00:25:00+00:00,288,9,8192
8192,2485,715680,723871,2025-09-24 13:20:00+00:00,2025-11-04 00:25:00+00:00,288,9,8192
8192,2486,715968,724159,2025-09-25 13:20:00+00:00,2025-11-05 00:25:00+00:00,288,9,8192
8192,2487,716256,724447,2025-09-26 13:20:00+00:00,2025-11-06 00:25:00+00:00,288,9,8192
8192,2488,716544,724735,2025-09-29 13:25:00+00:00,2025-11-07 00:25:00+00:00,288,9,8192
8192,2489,716832,725023,2025-09-30 13:25:00+00:00,2025-11-10 00:30:00+00:00,288,9,8192
8192,2490,717120,725311,2025-10-01 13:25:00+00:00,2025-11-11 00:30:00+00:00,288,9,8192
8192,2491,717408,725599,2025-10-02 13:25:00+00:00,2025-11-12 00:30:00+00:00,288,9,8192
8192,2492,717696,725887,2025-10-03 13:25:00+00:00,2025-11-13 00:30:00+00:00,288,9,8192
8192,2493,717984,726175,2025-10-06 13:30:00+00:00,2025-11-14 00:30:00+00:00,288,9,8192
8192,2494,718272,726463,2025-10-07 13:30:00+00:00,2025-11-17 00:35:00+00:00,288,9,8192
8192,2495,718560,726751,2025-10-08 13:30:00+00:00,2025-11-18 00:35:00+00:00,288,9,8192
8192,2496,718848,727039,2025-10-09 13:30:00+00:00,2025-11-19 00:35:00+00:00,288,9,8192
8192,2497,719136,727327,2025-10-10 13:30:00+00:00,2025-11-20 00:35:00+00:00,288,9,8192
8192,2498,719424,727615,2025-10-13 13:35:00+00:00,2025-11-21 00:35:00+00:00,288,9,8192
8192,2499,719712,727903,2025-10-14 13:35:00+00:00,2025-11-24 00:40:00+00:00,288,9,8192
8192,2500,720000,728191,2025-10-15 13:35:00+00:00,2025-11-25 00:40:00+00:00,288,9,8192
8192,2501,720288,728479,2025-10-16 13:35:00+00:00,2025-11-26 00:40:00+00:00,288,9,8192
8192,2502,720576,728767,2025-10-17 13:35:00+00:00,2025-11-27 00:40:00+00:00,288,9,8192
8192,2503,720864,729055,2025-10-20 13:40:00+00:00,2025-11-28 00:40:00+00:00,288,9,8192
8192,2504,721152,729343,2025-10-21 13:40:00+00:00,2025-12-01 00:45:00+00:00,288,9,8192
8192,2505,721440,729631,2025-10-22 13:40:00+00:00,2025-12-02 00:45:00+00:00,288,9,8192
8192,2506,721728,729919,2025-10-23 13:40:00+00:00,2025-12-03 00:45:00+00:00,288,9,8192
8192,2507,722016,730207,2025-10-24 13:40:00+00:00,2025-12-04 00:45:00+00:00,288,9,8192
8192,2508,722304,730495,2025-10-27 12:45:00+00:00,2025-12-05 00:45:00+00:00,288,9,8192
8192,2509,722592,730783,2025-10-28 12:45:00+00:00,2025-12-08 00:50:00+00:00,288,9,8192
8192,2510,722880,731071,2025-10-29 12:45:00+00:00,2025-12-09 00:50:00+00:00,288,9,8192
8192,2511,723168,731359,2025-10-30 12:45:00+00:00,2025-12-10 00:50:00+00:00,288,9,8192
8192,2512,723456,731647,2025-10-31 12:45:00+00:00,2025-12-11 00:50:00+00:00,288,9,8192
8192,2513,723744,731935,2025-11-03 13:50:00+00:00,2025-12-12 00:50:00+00:00,288,9,8192
8192,2514,724032,732223,2025-11-04 13:50:00+00:00,2025-12-15 00:55:00+00:00,288,9,8192
8192,2515,724320,732511,2025-11-05 13:50:00+00:00,2025-12-16 00:55:00+00:00,288,9,8192
8192,2516,724608,732799,2025-11-06 13:50:00+00:00,2025-12-17 00:55:00+00:00,288,9,8192
8192,2517,724896,733087,2025-11-07 13:50:00+00:00,2025-12-18 00:55:00+00:00,288,9,8192
8192,2518,725184,733375,2025-11-10 13:55:00+00:00,2025-12-19 00:55:00+00:00,288,9,8192
8192,2519,725472,733663,2025-11-11 13:55:00+00:00,2025-12-22 01:00:00+00:00,288,9,8192
8192,2520,725760,733951,2025-11-12 13:55:00+00:00,2025-12-23 01:00:00+00:00,288,9,8192
8192,2521,726048,734239,2025-11-13 13:55:00+00:00,2025-12-24 01:00:00+00:00,288,9,8192
8192,2522,726336,734527,2025-11-14 13:55:00+00:00,2025-12-25 03:50:00+00:00,288,9,8192
8192,2523,726624,734815,2025-11-17 14:00:00+00:00,2025-12-26 19:40:00+00:00,288,9,8192
8192,2524,726912,735103,2025-11-18 14:00:00+00:00,2025-12-29 19:45:00+00:00,288,9,8192
