{
  "K": 11,
  "base_interval_minutes": 5,
  "annualization_assumptions": {
    "trading_days_per_year": 252,
    "trading_hours_per_day": 24,
    "periods_per_hour": 12,
    "periods_per_year": 72576,
    "annualization_factor": 269.3993318477238
  },
  "output_csv": "results\\volatility\\layer_volatility.csv",
  "series": {
    "final": {
      "input_csv": "data\\decomposition\\final_decomposition.csv",
      "N": 735232,
      "original_energy": 0.06070922482498721,
      "detail_energy_sum": 0.06068589271521477,
      "approximation_energy": 2.3332109757392505e-05,
      "total_component_energy": 0.06070922482497216,
      "energy_reconstruction_gap": 1.5050460877574778e-14,
      "detail_energy_share_sum": 1.0,
      "total_component_energy_share_sum": 1.0,
      "component_means": {
        "D_01": -7.341944519055765e-21,
        "D_02": 1.071997272315362e-21,
        "D_03": -3.78042737880008e-21,
        "D_04": -1.107325257669037e-21,
        "D_05": -3.2423636712663523e-23,
        "D_06": 3.185221389396394e-23,
        "D_07": -5.316075513321296e-23,
        "D_08": 2.477394413974973e-23,
        "D_09": 5.633123012728808e-23,
        "D_10": -1.592610694698197e-23,
        "D_11": -7.07826975421421e-24,
        "A_11": 1.3814454282268644e-07
      }
    },
    "shuffle": {
      "input_csv": "data\\decomposition\\shuffle_decomposition.csv",
      "N": 735232,
      "original_energy": 0.060709224824987224,
      "detail_energy_sum": 0.06067515338654034,
      "approximation_energy": 3.4071438429359765e-05,
      "total_component_energy": 0.0607092248249697,
      "energy_reconstruction_gap": 1.7520707107365752e-14,
      "detail_energy_share_sum": 1.0,
      "total_component_energy_share_sum": 1.0,
      "component_means": {
        "D_01": 3.656882539623253e-21,
        "D_02": 1.3652212788440655e-21,
        "D_03": -1.6447207691647689e-21,
        "D_04": 4.965848624440906e-23,
        "D_05": 1.9686437753908268e-23,
        "D_06": 3.9815267367454924e-23,
        "D_07": -6.916059405680134e-23,
        "D_08": -2.3151840654408975e-23,
        "D_09": 2.3594232514047363e-23,
        "D_10": -9.437693005618945e-24,
        "D_11": -1.2386972069874865e-23,
        "A_11": 1.3814454282268647e-07
      }
    },
    "gaussian": {
      "input_csv": "data\\decomposition\\gaussian_decomposition.csv",
      "N": 735232,
      "original_energy": 0.06065132763378505,
      "detail_energy_sum": 0.060624580372188645,
      "approximation_energy": 2.67472615762771e-05,
      "total_component_energy": 0.06065132763376493,
      "energy_reconstruction_gap": 2.0122792321330962e-14,
      "detail_energy_share_sum": 1.0,
      "total_component_energy_share_sum": 1.0,
      "component_means": {
        "D_01": -1.3305241627152292e-20,
        "D_02": -6.7342916503512105e-21,
        "D_03": 1.067915516172917e-21,
        "D_04": 1.1094542684935467e-21,
        "D_05": -2.4626480186536937e-23,
        "D_06": -1.9096581941057084e-23,
        "D_07": 4.8736836536829083e-23,
        "D_08": 5.898558128511841e-23,
        "D_09": 1.9465241824089075e-23,
        "D_10": 3.745584411605019e-23,
        "D_11": -1.8285530198386707e-23,
        "A_11": 1.1733939639875162e-07
      }
    }
  }
}