{
  "K": 11,
  "base_interval_minutes": 5,
  "annualization_assumptions": {
    "trading_days_per_year": 252,
    "trading_hours_per_day": 24,
    "periods_per_hour": 12,
    "periods_per_year": 72576,
    "annualization_factor": 269.3993318477238
  },
  "output_csv": "results\\volatility\\layer_volatility.csv",
  "series": {
    "final": {
      "input_csv": "data\\decomposition\\final_decomposition.csv",
      "N": 735232,
      "original_energy": 0.06070922482498994,
      "detail_energy_sum": 0.060685892715215066,
      "approximation_energy": 2.33321097574094e-05,
      "total_component_energy": 0.06070922482497248,
      "energy_reconstruction_gap": 1.7458257062230587e-14,
      "detail_energy_share_sum": 1.0,
      "total_component_energy_share_sum": 1.0,
      "component_means": {
        "D_01": -7.325262659348567e-21,
        "D_02": 1.0815789730877903e-21,
        "D_03": -3.7944825368406745e-21,
        "D_04": -1.1221379269308977e-21,
        "D_05": -3.0069344300481713e-23,
        "D_06": 5.913629490578388e-23,
        "D_07": -1.1435116733206624e-25,
        "D_08": -4.7152463086392385e-24,
        "D_09": 1.3653088355662858e-23,
        "D_10": 1.8668014827032395e-23,
        "D_11": -2.9492790642559203e-24,
        "A_11": 1.381445428226864e-07
      }
    },
    "shuffle": {
      "input_csv": "data\\decomposition\\shuffle_decomposition.csv",
      "N": 735232,
      "original_energy": 0.06070922482498978,
      "detail_energy_sum": 0.06067515338653963,
      "approximation_energy": 3.407143842934955e-05,
      "total_component_energy": 0.06070922482496898,
      "energy_reconstruction_gap": 2.0795865030009963e-14,
      "detail_energy_share_sum": 1.0,
      "total_component_energy_share_sum": 1.0,
      "component_means": {
        "D_01": 3.678739462438512e-21,
        "D_02": 1.3962347915041318e-21,
        "D_03": -1.6520041059789196e-21,
        "D_04": 6.881475940480863e-23,
        "D_05": 1.777486965679525e-23,
        "D_06": 4.037311745413273e-23,
        "D_07": -4.33969565396542e-23,
        "D_08": 7.37550178490875e-24,
        "D_09": 4.0117107646687365e-23,
        "D_10": -1.6469880274454157e-23,
        "D_11": -3.0958213677611364e-23,
        "A_11": 1.3814454282268634e-07
      }
    },
    "gaussian": {
      "input_csv": "data\\decomposition\\gaussian_decomposition.csv",
      "N": 735232,
      "original_energy": 0.06065132763378667,
      "detail_energy_sum": 0.06062458037218917,
      "approximation_energy": 2.674726157631284e-05,
      "total_component_energy": 0.06065132763376548,
      "energy_reconstruction_gap": 2.1184443088628768e-14,
      "detail_energy_share_sum": 1.0,
      "total_component_energy_share_sum": 1.0,
      "component_means": {
        "D_01": -1.330115299463898e-20,
        "D_02": -6.731402278517947e-21,
        "D_03": 1.0876042580510945e-21,
        "D_04": 1.0868217918501356e-21,
        "D_05": -1.3058480286506963e-23,
        "D_06": -6.277867835923655e-23,
        "D_07": 6.612930313187782e-23,
        "D_08": 4.4262227206528306e-23,
        "D_09": 2.3055067435113078e-23,
        "D_10": 3.4377534092733075e-24,
        "D_11": 4.202722666564686e-24,
        "A_11": 1.1733939639875173e-07
      }
    }
  }
}