window_length,episode_id,regime_label,start_timestamp_utc,end_timestamp_utc,start_window_id,end_window_id,duration_windows,duration_trading_days,mean_total_rms,max_total_rms,mean_total_rms_percentile,mean_fine_share,mean_fine_share_percentile,mean_mid_share,mean_coarse_share,peak_window_timestamp_utc
2048,0,highVol_midFine,2016-01-03 22:05:00+00:00,2016-01-18 00:50:00+00:00,0,3,4,4.0,0.000413922908658275,0.000427375353627,0.9283189316575019,0.8936323077284977,0.6944226237234878,0.09568063903658687,0.01068705323491535,2016-01-18 00:50:00+00:00
2048,1,highVol_highFine,2016-01-07 22:05:00+00:00,2016-01-21 00:50:00+00:00,4,6,3,3.0,0.0003798906017712667,0.000404512856373,0.8922492799162084,0.9119935068770578,0.951950772453522,0.0795120595771992,0.008494433545742967,2016-01-19 00:50:00+00:00
2048,2,highVol_highFine,2016-01-13 22:10:00+00:00,2016-01-28 00:55:00+00:00,8,11,4,4.0,0.000379583479058475,0.0004059091936005,0.891987431264729,0.9012352541411327,0.8459347996857816,0.08897904297313415,0.00978570288573305,2016-01-25 00:55:00+00:00
2048,3,highVol_midFine,2016-01-25 22:20:00+00:00,2016-02-22 01:15:00+00:00,16,28,13,13.0,0.0004033248153112078,0.0004644849855502,0.9133482385642636,0.8835883105510429,0.4535319354643785,0.10454950946694987,0.011862179982006973,2016-02-12 01:05:00+00:00
2048,4,midVol_lowFine,2016-02-17 22:35:00+00:00,2016-03-03 01:20:00+00:00,33,36,4,4.0,0.000318110554944625,0.0003223846167122,0.7770031421838177,0.8692218905618716,0.15278868813825608,0.11633473815272263,0.01444337128540565,2016-02-29 01:20:00+00:00
2048,5,highVol_highFine,2016-02-24 22:40:00+00:00,2016-03-10 01:25:00+00:00,38,41,4,4.0,0.00034531844508554996,0.0003530050802308,0.8417124901806755,0.9094879646452576,0.9347014925373136,0.081011515508115,0.00950051984662735,2016-03-07 01:25:00+00:00
2048,6,highVol_midFine,2016-03-01 22:45:00+00:00,2016-03-15 01:30:00+00:00,42,44,3,3.0,0.0005223556513607,0.0005282477103996,0.9799685781618224,0.8838647516457296,0.46137732390678193,0.10500495722831367,0.011130291125956667,2016-03-14 01:30:00+00:00
2048,7,highVol_lowFine,2016-03-06 22:50:00+00:00,2016-03-22 01:35:00+00:00,45,49,5,5.0,0.00048200889931732,0.0005256140480445,0.9519245875883738,0.8675547752626874,0.12953652788688136,0.11855163375807003,0.01389359097924236,2016-03-18 01:30:00+00:00
2048,8,highVol_midFine,2016-03-13 22:55:00+00:00,2016-03-25 01:35:00+00:00,50,52,3,3.0,0.00033205970259273334,0.000335915073291,0.812254516889238,0.8807816073232299,0.3840010473946059,0.10277627170940169,0.016442120967368235,2016-03-23 01:35:00+00:00
2048,9,midVol_highFine,2016-03-22 23:00:00+00:00,2016-04-06 01:45:00+00:00,57,60,4,4.0,0.00029500028211225,0.000310190060534,0.6951099764336214,0.9037991402865064,0.8762765121759623,0.08564021858381399,0.01056064112967945,2016-04-06 01:45:00+00:00
2048,10,midVol_midFine,2016-03-29 23:05:00+00:00,2016-04-12 01:50:00+00:00,62,64,3,3.0,0.0003185372589665667,0.0003217276497976,0.7784760408483896,0.8868018173346485,0.5315527625032731,0.10208496595961802,0.011113216705733467,2016-04-08 01:45:00+00:00
2048,11,midVol_lowFine,2016-04-03 23:10:00+00:00,2016-04-18 01:55:00+00:00,65,68,4,4.0,0.000308104518635025,0.000313101356207,0.7449921445404556,0.867479921383278,0.12961508248232523,0.1218093625692882,0.01071071604743375,2016-04-14 01:50:00+00:00
2048,12,midVol_midFine,2016-04-07 23:10:00+00:00,2016-04-21 01:55:00+00:00,69,71,3,3.0,0.0002774451840534,0.0002811535595729,0.6231997905210789,0.8890143991078809,0.5778999738151348,0.09864785458749724,0.012337746304621767,2016-04-19 01:55:00+00:00
2048,13,midVol_highFine,2016-04-12 23:15:00+00:00,2016-05-02 02:05:00+00:00,72,78,7,7.0,0.0002981148056056286,0.0003171373683709,0.7082818987767928,0.9033343298195149,0.8735271013354281,0.08952518477016255,0.0071404854103225,2016-05-02 02:05:00+00:00
2048,14,midVol_highFine,2016-04-25 23:25:00+00:00,2016-05-18 02:15:00+00:00,81,90,10,10.0,0.00028868751786048,0.0003215968632146,0.6493322859387274,0.9131863611623257,0.9503534956794972,0.0789441397475809,0.00786949909009336,2016-05-09 02:10:00+00:00
2048,15,midVol_midFine,2016-05-09 23:35:00+00:00,2016-05-25 02:20:00+00:00,91,95,5,5.0,0.00024452579859824,0.0002472712083079,0.4229379418695993,0.8824442671698185,0.42348782403770613,0.10751454370313143,0.010041189127049958,2016-05-19 02:15:00+00:00
2048,16,midVol_lowFine,2016-05-16 23:40:00+00:00,2016-06-01 02:25:00+00:00,96,100,5,5.0,0.00022336585809158002,0.0002390944604424,0.29677926158680284,0.86708583204714,0.1310290652003142,0.1226921068273914,0.01022206112546854,2016-05-27 02:20:00+00:00
2048,17,highVol_midFine,2016-05-26 23:45:00+00:00,2016-06-13 02:35:00+00:00,104,108,5,5.0,0.00033939918711516,0.0003439739419993,0.8302435192458759,0.8765615191239885,0.2787902592301649,0.10289261626430764,0.020545864611703803,2016-06-10 02:30:00+00:00
2048,18,midVol_midFine,2016-06-06 23:55:00+00:00,2016-06-21 02:40:00+00:00,111,114,4,4.0,0.000305276720700625,0.0003260608678815,0.7162215239591516,0.8846910371982577,0.47898664571877453,0.09794430496959958,0.017364657832142548,2016-06-20 02:40:00+00:00
2048,19,highVol_midFine,2016-06-16 00:00:00+00:00,2016-07-05 02:50:00+00:00,118,124,7,7.0,0.0006994006950505571,0.000719539272831,0.9961844910784423,0.881758536792466,0.4064078105712041,0.10187619493874456,0.016365268268789403,2016-07-01 02:45:00+00:00
2048,20,highVol_highFine,2016-06-27 00:10:00+00:00,2016-07-11 02:55:00+00:00,125,128,4,4.0,0.0003959068951212,0.0004147025411329,0.9127062058130402,0.9156313581920925,0.9541437549096622,0.07807541834916742,0.0062932234587398245,2016-07-06 02:50:00+00:00
2048,21,highVol_midFine,2016-07-01 00:10:00+00:00,2016-07-15 03:05:00+00:00,129,132,4,4.0,0.00034058535491585,0.0003466750930451,0.8320895522388061,0.8782493901107133,0.32099371563236445,0.11601338379300968,0.005737226096276826,2016-07-12 03:05:00+00:00
2048,22,midVol_midFine,2016-07-11 00:20:00+00:00,2016-07-25 03:15:00+00:00,135,138,4,4.0,0.000276105863536725,0.0002815873448496,0.6153770620581304,0.8874798648700484,0.5467399842890809,0.10093346499988436,0.0115866701300671,2016-07-25 03:15:00+00:00
2048,23,midVol_highFine,2016-07-15 00:30:00+00:00,2016-07-29 03:15:00+00:00,139,142,4,4.0,0.000256252313602025,0.0002620583823636,0.49685781618224667,0.9070662002426326,0.9102513747054203,0.081079238281379,0.011854561475988075,2016-07-29 03:15:00+00:00
2048,24,midVol_midFine,2016-07-21 00:35:00+00:00,2016-08-05 03:20:00+00:00,143,147,5,5.0,0.00024154783541089999,0.0002628488010901,0.40157109190887663,0.8943792876624901,0.7111547525530243,0.09109603527266247,0.0145246770648474,2016-08-01 03:20:00+00:00
2048,25,midVol_lowFine,2016-07-28 00:40:00+00:00,2016-08-16 03:30:00+00:00,148,154,7,7.0,0.00022809025336272858,0.0002412483883726,0.31848277409942766,0.8608145136174323,0.08079901245651443,0.1266068826899816,0.012578603692585956,2016-08-08 03:25:00+00:00
2048,26,midVol_midFine,2016-08-10 00:50:00+00:00,2016-08-26 03:35:00+00:00,157,162,6,6.0,0.0002481828297909833,0.0002574151256634,0.44501178318931656,0.8851166060382392,0.4929955485729249,0.10500001555264037,0.009883378409120416,2016-08-22 03:35:00+00:00
2048,27,midVol_highFine,2016-08-18 00:55:00+00:00,2016-09-13 03:50:00+00:00,163,174,12,12.0,0.00026886422230340003,0.0003050151492395,0.5518787640743651,0.907608435571877,0.9128371301387799,0.08184900512649608,0.01054255930162655,2016-09-12 03:50:00+00:00
2048,28,midVol_midFine,2016-09-05 01:10:00+00:00,2016-09-21 03:55:00+00:00,175,180,6,6.0,0.0002553944547928,0.0002741597006986,0.4900497512437811,0.8910199815433026,0.6340010473946058,0.09645267388810087,0.012527344568596532,2016-09-15 03:50:00+00:00
2048,29,midVol_highFine,2016-09-13 01:15:00+00:00,2016-09-29 04:00:00+00:00,181,186,6,6.0,0.0002327774504921,0.0002434626599997,0.346687614558785,0.911831287609226,0.9438989264205291,0.0775872865893238,0.010581425801449948,2016-09-22 03:55:00+00:00
2048,30,midVol_lowFine,2016-09-22 01:20:00+00:00,2016-10-07 04:05:00+00:00,188,192,5,5.0,0.00023868279173524,0.0002546460125898,0.3859387274155538,0.8564497715480593,0.04878240377062058,0.13275066029144056,0.010799568160500058,2016-10-07 04:05:00+00:00
2048,31,midVol_midFine,2016-09-29 01:25:00+00:00,2016-10-13 04:10:00+00:00,193,196,4,4.0,0.0002686849329225,0.0002761614335512,0.5725648075412412,0.8822516468958889,0.42311468970934796,0.10787740418737868,0.0098709489167324,2016-10-13 04:10:00+00:00
2048,32,midVol_midFine,2016-10-06 01:30:00+00:00,2016-10-19 04:15:00+00:00,198,200,3,3.0,0.0002572097131421,0.0002669659244287,0.5036658811207123,0.8968682668903547,0.7649908352971981,0.09377003765299446,0.0093616954566508,2016-10-17 04:15:00+00:00
2048,33,midVol_highFine,2016-10-11 01:35:00+00:00,2016-10-31 04:25:00+00:00,201,208,8,8.0,0.0002582912409041375,0.0002794318197685,0.5094265514532601,0.9227992481121343,0.9826688923802043,0.07053993305345556,0.006660818834410113,2016-10-21 04:15:00+00:00
2048,34,midVol_midFine,2016-10-21 01:40:00+00:00,2016-11-07 04:30:00+00:00,209,213,5,5.0,0.00023512651809841999,0.0002483834191082,0.36370777690494893,0.895474506908483,0.7395129615082483,0.09182902798914601,0.012696465102371018,2016-11-07 04:30:00+00:00
2048,35,highVol_lowFine,2016-10-31 01:50:00+00:00,2016-11-18 04:45:00+00:00,215,222,8,8.0,0.0004552718858209375,0.0005004407136546,0.9460428122545168,0.8684239805780974,0.1395326001571092,0.10578605870882311,0.025789960713079374,2016-11-18 04:45:00+00:00
2048,36,highVol_midFine,2016-11-10 01:55:00+00:00,2016-11-23 04:50:00+00:00,223,225,3,3.0,0.0003668720575984333,0.0003742558887188,0.8769311338046609,0.8802293167993637,0.36868290128305836,0.1098427689654593,0.009927914235176867,2016-11-21 04:50:00+00:00
2048,37,highVol_midFine,2016-11-16 02:10:00+00:00,2016-11-30 04:55:00+00:00,227,230,4,4.0,0.00034121778853115004,0.00034918517693,0.8325805184603299,0.878120478363116,0.3167714061272584,0.10848940911192015,0.01339011252496375,2016-11-25 04:50:00+00:00
2048,38,highVol_midFine,2016-11-23 02:15:00+00:00,2016-12-13 05:05:00+00:00,232,239,8,8.0,0.0004000306341506125,0.000434994206996,0.91393362136685,0.8834122490050356,0.44692655145326,0.10061033919565696,0.015977411799307423,2016-12-09 05:00:00+00:00
2048,39,highVol_lowFine,2016-12-07 02:25:00+00:00,2016-12-26 06:05:00+00:00,242,248,7,7.0,0.0003940117415582857,0.0004377533033748,0.9060711480193019,0.8626469255093517,0.08635394456289978,0.12331073630733655,0.014042338183311544,2016-12-19 05:10:00+00:00
2048,40,midVol_midFine,2016-12-16 02:30:00+00:00,2016-12-29 22:10:00+00:00,249,251,3,3.0,0.00027125583588870003,0.000291554093675,0.5802566116784499,0.8921267956938266,0.6567164179104478,0.0987398341055364,0.009133370200636932,2016-12-27 22:10:00+00:00
2048,41,highVol_highFine,2016-12-21 02:35:00+00:00,2017-01-10 07:20:00+00:00,252,258,7,7.0,0.0003824897504272285,0.0004299084602224,0.8864886095836607,0.908031651635426,0.9128605094826618,0.08180805576423282,0.010160292600341113,2017-01-10 07:20:00+00:00
2048,42,highVol_midFine,2016-12-30 19:35:00+00:00,2017-01-25 07:30:00+00:00,259,269,11,11.0,0.00038431182959623635,0.0004241574089931,0.8940227094194101,0.8886864071999554,0.5775548096836393,0.09892167114547518,0.012391921654569328,2017-01-12 07:20:00+00:00
2048,43,midVol_midFine,2017-01-17 04:50:00+00:00,2017-02-09 07:40:00+00:00,270,280,11,11.0,0.00031185974345804545,0.0003265451818209,0.7561236877811898,0.8832815645271596,0.44511890309219454,0.10340563052898556,0.01331280494385463,2017-01-26 07:30:00+00:00
2048,44,midVol_highFine,2017-02-01 05:00:00+00:00,2017-02-14 07:45:00+00:00,281,283,3,3.0,0.00027775949371493334,0.0002919245389736,0.6196648337261063,0.9021470275257067,0.8609583660644148,0.0865293676397601,0.011323604834533199,2017-02-10 07:40:00+00:00
2048,45,midVol_midFine,2017-02-06 05:05:00+00:00,2017-02-21 07:50:00+00:00,284,288,5,5.0,0.00025912589332516,0.0002642587476412,0.5165750196386488,0.8933289424245082,0.6871170463472114,0.09446657858047951,0.01220447899501222,2017-02-16 07:45:00+00:00
2048,46,midVol_highFine,2017-02-13 05:10:00+00:00,2017-03-06 08:00:00+00:00,289,297,9,9.0,0.0002783837670173333,0.0002937371941913,0.621628698612202,0.9034718034118215,0.8754036833376975,0.08491006293335372,0.011618133654824623,2017-03-02 07:55:00+00:00
2048,47,midVol_midFine,2017-02-24 05:15:00+00:00,2017-03-20 08:10:00+00:00,298,307,10,10.0,0.00026587151333641,0.0002882165595267,0.551885310290652,0.8867798510261723,0.5285545954438334,0.10069363519897534,0.01252651377485221,2017-03-20 08:10:00+00:00
2048,48,midVol_midFine,2017-03-13 05:30:00+00:00,2017-05-04 08:40:00+00:00,309,340,32,32.0,0.00024357856795691874,0.0003010351183152,0.4136390416339356,0.8850027106036005,0.4891373723487824,0.10189288972589489,0.013104399670504613,2017-05-01 08:40:00+00:00
2048,49,midVol_midFine,2017-04-28 06:00:00+00:00,2017-05-29 09:00:00+00:00,343,357,15,15.0,0.0002497332630187867,0.000285655903057,0.4518722178580781,0.8923731608960287,0.6645195077245352,0.09569154655346918,0.011935292550502075,2017-05-25 08:55:00+00:00
2048,50,midVol_highFine,2017-05-19 06:15:00+00:00,2017-06-02 09:00:00+00:00,358,361,4,4.0,0.000267693407911325,0.0002778963574839,0.5654948939512962,0.9015197440744017,0.8407305577376276,0.0862775952759321,0.012202660649666101,2017-05-31 09:00:00+00:00
2048,51,midVol_midFine,2017-05-25 06:20:00+00:00,2017-06-07 09:05:00+00:00,362,364,3,3.0,0.0002531392642631,0.0002581970278234,0.4776119402985075,0.8817185331146234,0.40926944226237233,0.10740797699755977,0.0108734898878167,2017-06-05 09:05:00+00:00
2048,52,midVol_midFine,2017-05-31 06:25:00+00:00,2017-06-16 09:10:00+00:00,366,371,6,6.0,0.00026888088982635,0.0002845631071034,0.5709609845509296,0.8828421598115704,0.4329012830583923,0.10751406144507895,0.009643778743350484,2017-06-16 09:10:00+00:00
2048,53,midVol_midFine,2017-06-09 06:30:00+00:00,2017-06-23 09:15:00+00:00,373,376,4,4.0,0.00023583681444379998,0.0002424417291929,0.36586802827965437,0.88110210033205,0.3884524744697565,0.10228443549237902,0.0166134641755708,2017-06-20 09:15:00+00:00
2048,54,midVol_highFine,2017-06-20 06:40:00+00:00,2017-07-12 09:30:00+00:00,380,389,10,10.0,0.00027637089113991,0.0003091298393335,0.5835428122545169,0.9112802653256805,0.9480754124116262,0.08101671861614677,0.007703016058172541,2017-07-04 09:25:00+00:00
2048,55,midVol_midFine,2017-07-07 06:50:00+00:00,2017-07-20 09:35:00+00:00,393,395,3,3.0,0.00024355012484573337,0.0002470320717675,0.4175176747839749,0.8888677018201023,0.5798638387012307,0.09765374715674026,0.013478551023157198,2017-07-18 09:35:00+00:00
2048,56,midVol_lowFine,2017-07-12 06:55:00+00:00,2017-07-26 09:40:00+00:00,396,399,4,4.0,0.00025428175136245,0.0002633576258774,0.48527101335428124,0.8669783268547345,0.12480361351139041,0.11567923390265891,0.0173424392426064,2017-07-21 09:35:00+00:00
2048,57,midVol_midFine,2017-07-18 07:00:00+00:00,2017-07-31 09:45:00+00:00,400,402,3,3.0,0.0002841849295840333,0.0002911600572364,0.6530505367897356,0.8829764585840528,0.436370777690495,0.09671305745998639,0.020310483955960665,2017-07-31 09:45:00+00:00
2048,58,midVol_lowFine,2017-08-03 07:10:00+00:00,2017-08-18 09:55:00+00:00,412,416,5,5.0,0.0003036636792598,0.0003165580909216,0.7290652003142184,0.8671039936264261,0.13346425765907305,0.11979870582178749,0.01309730055178624,2017-08-18 09:55:00+00:00
2048,59,midVol_midFine,2017-08-10 07:15:00+00:00,2017-09-01 10:15:00+00:00,417,426,10,10.0,0.00028383517087089005,0.0003098592313477,0.6458366064414768,0.8847864981221623,0.4827572663000786,0.0995349083175201,0.01567859356031748,2017-08-21 10:10:00+00:00
2048,60,midVol_highFine,2017-09-04 07:45:00+00:00,2017-09-25 10:35:00+00:00,434,442,9,9.0,0.0002999194782372444,0.0003163486966196,0.7096098455092956,0.9059067927063287,0.8901544907043729,0.08322530990682392,0.010867897386847278,2017-09-25 10:35:00+00:00
2048,61,midVol_midFine,2017-09-15 07:50:00+00:00,2017-10-12 10:45:00+00:00,443,455,13,13.0,0.0002581261445652846,0.0003061399494132,0.48788446431808563,0.8910764427553521,0.6355671037524926,0.09682975063502461,0.012093806609623198,2017-09-28 10:35:00+00:00
2048,62,midVol_midFine,2017-10-05 08:05:00+00:00,2017-10-25 10:55:00+00:00,457,464,8,8.0,0.0002332061302917375,0.0002398147621114,0.35388845247446976,0.8830818988959176,0.4383837391987431,0.11071000153778662,0.0062080995662957255,2017-10-16 10:50:00+00:00
2048,63,midVol_midFine,2017-10-18 08:15:00+00:00,2017-11-23 11:15:00+00:00,466,485,20,20.0,0.00024251398411099002,0.0002787330873666,0.4112725844461901,0.8869508506694155,0.5339355852317361,0.09941770337472482,0.013631445955859637,2017-11-06 11:05:00+00:00
2048,64,midVol_midFine,2017-11-21 08:40:00+00:00,2017-12-13 11:30:00+00:00,490,499,10,10.0,0.00024389388376743997,0.0002618107420918,0.420306362922231,0.8834332390877014,0.44697564807541246,0.1036885526308099,0.012878208281488682,2017-12-06 11:25:00+00:00
2048,65,midVol_highFine,2017-12-05 08:50:00+00:00,2017-12-18 11:35:00+00:00,500,502,3,3.0,0.00022910512861269998,0.0002337095851694,0.32168106834249804,0.9020905255096365,0.8514008902854151,0.08462887275168192,0.013280601738681466,2017-12-18 11:35:00+00:00
2048,66,midVol_midFine,2017-12-08 08:50:00+00:00,2017-12-27 11:40:00+00:00,503,508,6,6.0,0.00023046850860625003,0.0002416410960245,0.33752291175700444,0.8856592026072653,0.5065462162869862,0.10362988106008249,0.01071091633265215,2017-12-22 11:35:00+00:00
2048,67,lowVol_midFine,2017-12-18 09:00:00+00:00,2018-01-08 11:50:00+00:00,509,515,7,7.0,0.00019308090648492858,0.0002031612649723,0.15088093367747726,0.8870037799447371,0.5379867579396251,0.10345033562145114,0.009545884433811727,2018-01-08 11:50:00+00:00
2048,68,midVol_midFine,2017-12-28 09:05:00+00:00,2018-01-16 11:55:00+00:00,516,521,6,6.0,0.0002596219472394,0.000317216601463,0.4927336999214454,0.879889813661017,0.36364231474207903,0.10616013329043822,0.013950053048544483,2018-01-16 11:55:00+00:00
2048,69,highVol_midFine,2018-01-08 09:15:00+00:00,2018-01-22 12:00:00+00:00,522,525,4,4.0,0.00034940864732345,0.0003614365774097,0.8462293794186959,0.893830589814767,0.6979575805184604,0.09339377731576518,0.01277563286946775,2018-01-19 11:55:00+00:00
2048,70,highVol_lowFine,2018-01-17 09:20:00+00:00,2018-02-05 12:10:00+00:00,529,535,7,7.0,0.0003765321797908572,0.0003847850440703,0.889743014252048,0.8591215346783866,0.06211424082594546,0.12927243555488013,0.011606029766733287,2018-02-05 12:10:00+00:00
2048,71,highVol_midFine,2018-01-26 09:25:00+00:00,2018-02-13 12:15:00+00:00,536,541,6,6.0,0.0003373911129301333,0.0003409739684171,0.8247577899973816,0.8830768384487605,0.439643885833988,0.10540621463798862,0.011516946913250883,2018-02-06 12:10:00+00:00
2048,72,highVol_midFine,2018-02-06 09:35:00+00:00,2018-02-19 12:20:00+00:00,543,545,3,3.0,0.0003408754980111,0.0003457564513071,0.8329405603561142,0.883253239801283,0.44867766431002876,0.10170443822372827,0.015042321974988634,2018-02-15 12:15:00+00:00
2048,73,midVol_midFine,2018-02-09 09:35:00+00:00,2018-02-23 12:20:00+00:00,546,549,4,4.0,0.00032199792898202496,0.0003256394947902,0.7873134328358209,0.8953795174697771,0.7336999214454045,0.0923242832326452,0.0122961992975777,2018-02-23 12:20:00+00:00
2048,74,midVol_highFine,2018-02-15 09:40:00+00:00,2018-03-01 12:25:00+00:00,550,553,4,4.0,0.00027690440276095004,0.0002831477461282,0.6186174391201886,0.9056987558110323,0.9051453260015712,0.08417317903123547,0.0101280651577321,2018-02-26 12:25:00+00:00
2048,75,midVol_midFine,2018-02-21 09:45:00+00:00,2018-03-12 12:35:00+00:00,554,560,7,7.0,0.00029559750195484285,0.0003034286313746,0.7000897766805073,0.8934948176072731,0.6935809673437324,0.09382695930436298,0.012678223088363801,2018-03-12 12:35:00+00:00
2048,76,midVol_highFine,2018-03-02 09:50:00+00:00,2018-03-16 12:35:00+00:00,561,564,4,4.0,0.00027495724612955,0.000285064871562,0.6062450903377847,0.9017810323277375,0.8541830322073841,0.08963232816059202,0.0085866395116705,2018-03-13 12:35:00+00:00
2048,77,midVol_midFine,2018-03-08 09:55:00+00:00,2018-03-28 12:45:00+00:00,565,572,8,8.0,0.0002470608978216625,0.0002589400128367,0.43975844461901026,0.8860235473135384,0.5116849960722702,0.09980783567932842,0.0141686170071331,2018-03-19 12:40:00+00:00
2048,78,midVol_lowFine,2018-03-23 10:05:00+00:00,2018-04-09 13:25:00+00:00,576,580,5,5.0,0.00021705483792806,0.0002208120668098,0.2539670070699136,0.8549027996104265,0.057501963864886096,0.1335202352722893,0.0115769651172843,2018-04-09 13:25:00+00:00
2048,79,midVol_midFine,2018-03-30 10:10:00+00:00,2018-04-27 13:35:00+00:00,581,594,14,14.0,0.00022933337926732143,0.0002496969312233,0.32911569969700366,0.8829370669376014,0.43766131747278647,0.10736983111350218,0.009693101948896166,2018-04-27 13:35:00+00:00
2048,80,midVol_midFine,2018-04-20 10:55:00+00:00,2018-05-04 13:40:00+00:00,596,599,4,4.0,0.00027804552387805,0.0003055247734751,0.6070306362922231,0.8788240858710581,0.3380793401413983,0.11083715743862194,0.010338756690319976,2018-05-04 13:40:00+00:00
2048,81,midVol_midFine,2018-04-27 11:00:00+00:00,2018-05-14 13:50:00+00:00,601,605,5,5.0,0.00030326189110358,0.0003156325302497,0.7248232521602513,0.8871497477590664,0.540534171249018,0.10595800878564561,0.006892243455287999,2018-05-11 13:45:00+00:00
2048,82,midVol_midFine,2018-05-07 11:10:00+00:00,2018-05-21 13:55:00+00:00,607,610,4,4.0,0.00028373600806177497,0.00029098046937,0.6518067556952082,0.8785755237611599,0.328750981932443,0.1094046970547421,0.01201977918409785,2018-05-17 13:50:00+00:00
2048,83,midVol_midFine,2018-05-15 11:15:00+00:00,2018-05-30 14:00:00+00:00,613,617,5,5.0,0.00029985208350686,0.000316284011495,0.7149253731343284,0.8801590520162363,0.3713275726630008,0.1078194766956438,0.012021471288119659,2018-05-30 14:00:00+00:00
2048,84,highVol_midFine,2018-05-22 11:20:00+00:00,2018-06-06 14:05:00+00:00,618,622,5,5.0,0.0003369380006122,0.0003425228730516,0.8237234878240377,0.8897598313996925,0.6019638648860958,0.09871582132454892,0.0115243472757586,2018-06-06 14:05:00+00:00
2048,85,midVol_highFine,2018-05-30 11:25:00+00:00,2018-06-13 14:20:00+00:00,624,627,4,4.0,0.00029611963827709997,0.0003211006511917,0.6941280439905734,0.9060425699528173,0.905636292223095,0.08330348263001627,0.010653947417166324,2018-06-08 14:05:00+00:00
2048,86,midVol_lowFine,2018-06-05 11:30:00+00:00,2018-06-19 14:25:00+00:00,628,631,4,4.0,0.000316857001326,0.0003241466173349,0.7729772191673212,0.8681369354138347,0.13403377847604084,0.10865580676012673,0.023207257826038427,2018-06-19 14:25:00+00:00
2048,87,highVol_lowFine,2018-06-12 11:45:00+00:00,2018-06-25 14:30:00+00:00,633,635,3,3.0,0.0003430103376839333,0.0003486436357256,0.8375229117570044,0.8631467842215222,0.08929039015449071,0.11516048920148524,0.02169272657699257,2018-06-22 14:25:00+00:00
2048,88,midVol_midFine,2018-06-15 11:45:00+00:00,2018-06-28 14:30:00+00:00,636,638,3,3.0,0.00030460018709770005,0.0003081947988396,0.7338308457711443,0.8853063282482866,0.49803613511390415,0.10300063463127411,0.011693037120439167,2018-06-28 14:30:00+00:00
2048,89,midVol_midFine,2018-06-22 11:50:00+00:00,2018-07-16 14:45:00+00:00,641,650,10,10.0,0.00027482772100637,0.0003118326635379,0.5857423409269442,0.8899716394070054,0.6097407698350353,0.09893764872825528,0.01109071186473913,2018-07-03 14:35:00+00:00
2048,90,midVol_highFine,2018-07-06 12:00:00+00:00,2018-07-25 14:50:00+00:00,651,657,7,7.0,0.0002571126484765,0.0002711932409324,0.502300527437998,0.9037542493758431,0.8816070025810795,0.08235539308110003,0.013890357543056658,2018-07-20 14:45:00+00:00
2048,91,midVol_midFine,2018-07-17 12:10:00+00:00,2018-08-27 15:15:00+00:00,658,680,23,23.0,0.00026093962493332174,0.0003085095186114,0.5126370436148776,0.8867440185794786,0.529645821237064,0.10256004337955427,0.010695938040967044,2018-08-20 15:10:00+00:00
2048,92,midVol_highFine,2018-08-17 12:30:00+00:00,2018-09-11 15:25:00+00:00,681,691,11,11.0,0.0002694527144578545,0.0002771767395822,0.5780547025637364,0.9135292213666933,0.9476897807612655,0.07525414364707227,0.011216634986234346,2018-08-29 15:15:00+00:00
2048,93,midVol_midFine,2018-09-03 12:45:00+00:00,2018-09-14 15:25:00+00:00,692,694,3,3.0,0.0002652281813969,0.0002716314569575,0.5518460329929301,0.8874314903038009,0.5437287247970674,0.09980049608208953,0.0127680136141097,2018-09-13 15:25:00+00:00
2048,94,midVol_lowFine,2018-09-06 12:45:00+00:00,2018-09-19 15:30:00+00:00,695,697,3,3.0,0.00024963814298773336,0.0002526333291478,0.4557475778999738,0.8675635308308598,0.13550667714061274,0.1154842269794792,0.0169522421896608,2018-09-17 15:30:00+00:00
2048,95,midVol_lowFine,2018-09-12 12:50:00+00:00,2018-09-26 15:35:00+00:00,699,702,4,4.0,0.00025268939267795,0.0002579619755376,0.475451688923802,0.8646721803416649,0.11036920659858601,0.12130304418911711,0.014024775469217874,2018-09-24 15:35:00+00:00
2048,96,midVol_midFine,2018-09-21 12:55:00+00:00,2018-10-10 15:45:00+00:00,706,712,7,7.0,0.00026794264449435715,0.0002812057109055,0.5676691729323309,0.8853140342267244,0.4987094602177085,0.10231017922333503,0.01237578654994047,2018-10-05 15:40:00+00:00
2048,97,midVol_highFine,2018-10-02 13:05:00+00:00,2018-10-15 15:50:00+00:00,713,715,3,3.0,0.00026536461850753336,0.0002705191608246,0.5543335951819848,0.900713978542072,0.8379156847342237,0.08961638112659105,0.009669640331336701,2018-10-11 15:45:00+00:00
2048,98,midVol_midFine,2018-10-05 13:05:00+00:00,2018-10-24 15:55:00+00:00,716,722,7,7.0,0.0002482300597568,0.0002560515989409,0.4473684210526315,0.8791676818276623,0.34608910335540344,0.11118420797020086,0.009648110202136928,2018-10-16 15:50:00+00:00
2048,99,midVol_midFine,2018-10-17 13:15:00+00:00,2018-11-06 16:05:00+00:00,724,731,8,8.0,0.0002558385353082625,0.0002656224184491,0.49430479183032205,0.8775895680723381,0.30778672427336995,0.11140438181878289,0.011006050108878824,2018-10-29 16:00:00+00:00
2048,100,midVol_midFine,2018-10-31 13:25:00+00:00,2018-11-13 16:10:00+00:00,734,736,3,3.0,0.0002793396187757333,0.0002831500567209,0.6323644933228595,0.8769955146833762,0.2902592301649647,0.11158247722867136,0.0114220080879524,2018-11-13 16:10:00+00:00
2048,101,midVol_lowFine,2018-11-05 13:30:00+00:00,2018-11-27 16:20:00+00:00,737,746,10,10.0,0.00029470204166003,0.0003190957769375,0.685781618224666,0.861392082829509,0.08267871170463473,0.1253465131333661,0.01326140403712466,2018-11-15 16:10:00+00:00
2048,102,midVol_midFine,2018-11-19 13:40:00+00:00,2018-12-11 16:30:00+00:00,747,756,10,10.0,0.00027561118106374,0.0002971689308756,0.6082875098193244,0.8872921029605981,0.5421838177533386,0.09816555076124626,0.01454234627815556,2018-12-07 16:25:00+00:00
2048,103,midVol_highFine,2018-12-03 13:50:00+00:00,2018-12-17 16:35:00+00:00,757,760,4,4.0,0.000287528123198475,0.0002903589806016,0.6673212882953653,0.9100715294634627,0.9347996857816182,0.07824259355151078,0.0116858769850265,2018-12-14 16:30:00+00:00
2048,104,midVol_midFine,2018-12-07 13:50:00+00:00,2019-01-09 07:10:00+00:00,761,775,15,15.0,0.0002809708368035267,0.000298804006001,0.633019114951558,0.8849161730932096,0.4841057868551976,0.10098530149764112,0.014098525409149206,2019-01-08 07:10:00+00:00
2048,105,midVol_lowFine,2019-01-07 04:35:00+00:00,2019-01-18 07:15:00+00:00,780,782,3,3.0,0.0002583974930737,0.0002623355087495,0.5112594920136161,0.8687266262014278,0.144802304268133,0.11724235116322905,0.014031022635343034,2019-01-16 07:15:00+00:00
2048,106,midVol_midFine,2019-01-10 04:35:00+00:00,2019-01-23 07:20:00+00:00,783,785,3,3.0,0.00022032277745423335,0.0002367157127315,0.28253469494632105,0.8843952971148744,0.474993453783713,0.10439452875300607,0.011210174132119569,2019-01-21 07:20:00+00:00
2048,107,lowVol_midFine,2019-01-15 04:40:00+00:00,2019-01-30 07:25:00+00:00,786,790,5,5.0,0.00019860573350035998,0.0002007178414685,0.17776904948939515,0.8870875098232268,0.5418695993715632,0.09754585756389736,0.01536663261287568,2019-01-28 07:25:00+00:00
2048,108,midVol_midFine,2019-01-22 04:45:00+00:00,2019-02-04 07:30:00+00:00,791,793,3,3.0,0.00023947703403646666,0.0002463804443791,0.39028541503011266,0.8891793197071745,0.589159465828751,0.09289199591522883,0.017928684377596597,2019-02-04 07:30:00+00:00
2048,109,midVol_highFine,2019-01-25 04:45:00+00:00,2019-02-08 07:30:00+00:00,794,797,4,4.0,0.00021940405552889998,0.000228338771141,0.26659465828750983,0.9060962760111303,0.9092694422623724,0.0808709535792398,0.0130327704096298,2019-02-05 07:30:00+00:00
2048,110,lowVol_midFine,2019-02-04 04:55:00+00:00,2019-02-15 07:35:00+00:00,800,802,3,3.0,0.00017944757481919997,0.0001957794459628,0.09727677402461377,0.8887033999373578,0.5810421576328881,0.10007138671854528,0.0112252133440968,2019-02-15 07:35:00+00:00
2048,111,lowVol_lowFine,2019-02-15 05:00:00+00:00,2019-02-28 07:45:00+00:00,809,811,3,3.0,0.00019671498565233334,0.0001993729860052,0.167452212621105,0.8665788959908793,0.1266038229903116,0.12316832583923994,0.010252778169880733,2019-02-28 07:45:00+00:00
2048,112,lowVol_midFine,2019-02-20 05:05:00+00:00,2019-03-07 07:50:00+00:00,812,816,5,5.0,0.00018827431661004,0.000196676110638,0.1307148468185389,0.8792099830629881,0.3495679497250589,0.11160452147864544,0.009185495458366381,2019-03-01 07:45:00+00:00
2048,113,midVol_lowFine,2019-03-12 04:20:00+00:00,2019-03-29 07:10:00+00:00,826,832,7,7.0,0.00023685352332915714,0.0002597376637669,0.3792503647177646,0.8604751238586953,0.07097968802603523,0.12520945858607863,0.014315417555225972,2019-03-29 07:10:00+00:00
2048,114,lowVol_highFine,2019-03-26 04:35:00+00:00,2019-04-11 09:25:00+00:00,836,841,6,6.0,0.00018356895266896666,0.0002026432174458,0.11488609583660643,0.9171869440887109,0.9711311861743911,0.07557783020974247,0.007235225701546649,2019-04-04 09:20:00+00:00
2048,115,lowVol_midFine,2019-04-03 06:45:00+00:00,2019-04-19 09:30:00+00:00,842,847,6,6.0,0.0001709505483891,0.0001830111212166,0.06408745744959414,0.8910707646550109,0.634982979837654,0.09759027919852657,0.011338956146462534,2019-04-18 09:30:00+00:00
2048,116,lowVol_highFine,2019-04-11 06:50:00+00:00,2019-04-24 09:35:00+00:00,848,850,3,3.0,0.00016207292771816667,0.0001667893943475,0.03600418957842367,0.9076118793803875,0.9223618748363446,0.0812411578728874,0.011146962746725034,2019-04-22 09:35:00+00:00
2048,117,lowVol_midFine,2019-04-16 06:55:00+00:00,2019-05-01 09:40:00+00:00,851,855,5,5.0,0.00017275870970924,0.0001767397224707,0.06952081696779262,0.8892108488519611,0.5895522388059702,0.09857278491250235,0.01221636623553662,2019-04-29 09:40:00+00:00
2048,118,lowVol_lowFine,2019-04-23 07:00:00+00:00,2019-05-09 09:45:00+00:00,856,861,6,6.0,0.0001979112160927333,0.0002013722393192,0.17432573972244045,0.8614604559004064,0.07704896569782665,0.1262289364197973,0.0123106076797962,2019-05-02 09:40:00+00:00
2048,119,lowVol_lowFine,2019-05-02 07:05:00+00:00,2019-05-15 09:50:00+00:00,863,865,3,3.0,0.00018251108588026666,0.0001854880651006,0.10748887143231213,0.8667186371649755,0.1173081958627913,0.12189003361293223,0.011391329222092133,2019-05-14 09:50:00+00:00
2048,120,lowVol_midFine,2019-05-13 07:15:00+00:00,2019-05-27 22:05:00+00:00,870,873,4,4.0,0.00016654357276445,0.0001730228490586,0.047721916732128826,0.8839551185714503,0.4601335428122545,0.10684647074280458,0.0091984106857451,2019-05-24 09:55:00+00:00
2048,121,lowVol_midFine,2019-05-20 07:20:00+00:00,2019-06-02 22:10:00+00:00,875,877,3,3.0,0.0001669003888472,0.0001702527294224,0.04818015187221786,0.8792293919505919,0.34812778214192197,0.11259975258580461,0.008170855463603367,2019-06-02 22:10:00+00:00
2048,122,midVol_lowFine,2019-05-28 19:30:00+00:00,2019-06-11 22:15:00+00:00,881,884,4,4.0,0.00023220110320509998,0.0002376405505736,0.3450510604870385,0.8681751571781013,0.14041633935585232,0.1175327353699943,0.0142921074519043,2019-06-10 22:15:00+00:00
2048,123,midVol_midFine,2019-06-03 19:35:00+00:00,2019-06-16 22:20:00+00:00,885,887,3,3.0,0.0002251916187269,0.0002361673836813,0.30125687352710134,0.8827658121758528,0.428777166797591,0.1041783553549892,0.0130558324691578,2019-06-12 22:15:00+00:00
2048,124,midVol_highFine,2019-06-14 19:40:00+00:00,2019-07-01 22:30:00+00:00,894,898,5,5.0,0.00022058981199448002,0.000231922299348,0.2760408483896308,0.9031309558500785,0.8658287509819325,0.08958616314904957,0.0072828810008716185,2019-06-26 22:25:00+00:00
2048,125,lowVol_highFine,2019-06-21 19:45:00+00:00,2019-07-07 22:35:00+00:00,899,902,4,4.0,0.00018857658553662497,0.0002011706117065,0.1359976433621367,0.9119124277403113,0.9412804399057345,0.07735745921281205,0.010730113046876476,2019-07-03 22:30:00+00:00
2048,126,lowVol_highFine,2019-07-01 19:55:00+00:00,2019-07-18 22:40:00+00:00,905,911,7,7.0,0.00017359137884144287,0.0001794972416553,0.07255077993491191,0.9110297197916822,0.9457412187184379,0.07928253927238872,0.009687740935929057,2019-07-18 22:40:00+00:00
2048,127,lowVol_midFine,2019-07-10 20:00:00+00:00,2019-07-24 22:45:00+00:00,912,915,4,4.0,0.00017172706042127502,0.000179407611704,0.06677140612725845,0.889061348603386,0.5882757266300079,0.0977847534005857,0.0131538979960283,2019-07-21 22:45:00+00:00
2048,128,lowVol_lowFine,2019-07-16 20:05:00+00:00,2019-07-30 22:50:00+00:00,916,919,4,4.0,0.000182034528951525,0.0001897718979754,0.10496857816182247,0.8448849108235382,0.01836213668499607,0.1453387753137068,0.009776313862754925,2019-07-28 22:50:00+00:00
2048,129,midVol_highFine,2019-07-25 20:10:00+00:00,2019-08-08 22:55:00+00:00,923,926,4,4.0,0.00023132123053357502,0.0002481895270956,0.3412215239591516,0.9079853677626144,0.9182050274941084,0.07891403686680702,0.013100595370578425,2019-08-08 22:55:00+00:00
2048,130,midVol_midFine,2019-07-31 20:15:00+00:00,2019-08-18 23:05:00+00:00,927,932,6,6.0,0.00022547149466816665,0.0002356964273921,0.3007986383870123,0.8855302318627464,0.5020293270489657,0.10055996459738042,0.013909803539873167,2019-08-11 23:00:00+00:00
2048,131,lowVol_midFine,2019-08-14 20:25:00+00:00,2019-08-28 23:10:00+00:00,937,940,4,4.0,0.000190414689184025,0.0001959419175031,0.13913982717989,0.893866733184972,0.701394344069128,0.08894761462907624,0.01718565218595163,2019-08-25 23:10:00+00:00
2048,132,lowVol_highFine,2019-08-23 20:30:00+00:00,2019-09-08 23:20:00+00:00,944,947,4,4.0,0.0001986207147759,0.0002017889274145,0.17763157894736842,0.9072882621226085,0.9047525530243519,0.08269843014064265,0.010013307736748848,2019-09-08 23:20:00+00:00
2048,133,midVol_lowFine,2019-09-03 20:40:00+00:00,2019-09-23 23:30:00+00:00,951,958,8,8.0,0.000233124215105825,0.000246741232674,0.353544776119403,0.8559456320285277,0.05145326001571092,0.1322660363441872,0.011788331627285126,2019-09-22 23:30:00+00:00
2048,134,lowVol_midFine,2019-09-13 20:45:00+00:00,2019-10-01 23:35:00+00:00,959,964,6,6.0,0.00019368740161218332,0.0001992308066239,0.15298507462686567,0.883577079526181,0.4513616129876931,0.10108603929764044,0.015336881176178466,2019-10-01 23:35:00+00:00
2048,135,midVol_highFine,2019-09-24 20:55:00+00:00,2019-10-09 23:40:00+00:00,966,970,5,5.0,0.00021306445956308,0.0002198697452714,0.2373134328358209,0.9085224689944097,0.92356637863315,0.08228079060341839,0.009196740402171881,2019-10-06 23:40:00+00:00
2048,136,midVol_midFine,2019-10-08 21:05:00+00:00,2019-10-24 23:50:00+00:00,976,981,6,6.0,0.0002122934895264167,0.0002176445576782,0.23369992144540455,0.8817048054119527,0.4001702016234616,0.10912209713341442,0.009173097454632817,2019-10-20 23:50:00+00:00
2048,137,lowVol_highFine,2019-10-21 21:15:00+00:00,2019-11-15 00:05:00+00:00,985,996,12,12.0,0.000166505111231025,0.0001841191235416,0.06389107096098455,0.9092577097347928,0.9294645195077246,0.078127143402186,0.012615146863021058,2019-11-04 00:00:00+00:00
2048,138,lowVol_midFine,2019-11-06 21:25:00+00:00,2019-11-22 00:10:00+00:00,997,1001,5,5.0,0.0001271376272424,0.0001319373505431,0.0012568735271013356,0.8820861412559553,0.41555380989787905,0.1070584647441448,0.01085539399989964,2019-11-18 00:10:00+00:00
2048,139,lowVol_midFine,2019-11-15 21:30:00+00:00,2019-12-12 00:25:00+00:00,1004,1015,12,12.0,0.000141955122099825,0.0001553347251777,0.010572139303482586,0.8851843243833377,0.49253731343283585,0.10019770327099692,0.014617972345665276,2019-12-10 00:25:00+00:00
2048,140,midVol_midFine,2019-12-04 21:45:00+00:00,2019-12-23 00:35:00+00:00,1017,1022,6,6.0,0.0002080161818129167,0.0002124069853033,0.21694160775072005,0.8802809489714273,0.3689447499345378,0.10536837092533957,0.014350680103232866,2019-12-20 00:30:00+00:00
2048,141,lowVol_midFine,2019-12-19 21:55:00+00:00,2020-01-14 16:00:00+00:00,1028,1037,10,10.0,0.00016154579626199,0.0001772523680645,0.046857816182246666,0.8844541092952383,0.47325216025137473,0.10241508021009593,0.013130810494665699,2020-01-10 15:55:00+00:00
2048,142,lowVol_highFine,2020-01-06 13:20:00+00:00,2020-01-21 16:05:00+00:00,1038,1042,5,5.0,0.00015575947386798,0.0001662793109392,0.02670856245090338,0.9067229574364447,0.9102120974076984,0.08102703679571278,0.01225000576784244,2020-01-16 16:00:00+00:00
2048,143,lowVol_midFine,2020-01-13 13:25:00+00:00,2020-01-29 16:10:00+00:00,1043,1048,6,6.0,0.00014724589266821667,0.000151586789789,0.013681592039800995,0.8936758078585263,0.6957318669808851,0.09321429480303307,0.013109897338440452,2020-01-23 16:05:00+00:00
2048,144,lowVol_midFine,2020-01-22 13:30:00+00:00,2020-02-05 16:15:00+00:00,1050,1053,4,4.0,0.0001474324112332,0.0001546924400913,0.014434406912804398,0.8947216377489902,0.720738413197172,0.09388560606668608,0.011392756184323675,2020-01-31 16:10:00+00:00
2048,145,lowVol_midFine,2020-01-29 13:35:00+00:00,2020-02-17 16:50:00+00:00,1055,1061,7,7.0,0.0001577266229818857,0.0001624945461784,0.026540231174952307,0.8859264452523445,0.5075187969924811,0.10182392348389067,0.012249631263764585,2020-02-14 16:45:00+00:00
2048,146,lowVol_midFine,2020-02-11 13:45:00+00:00,2020-02-25 16:55:00+00:00,1064,1067,4,4.0,0.00018380420068927502,0.0001959250170465,0.11390416339355852,0.8784732664166899,0.3269835035349568,0.11019133797436147,0.011335395608948449,2020-02-25 16:55:00+00:00
2048,147,midVol_midFine,2020-02-17 14:15:00+00:00,2020-03-02 17:00:00+00:00,1068,1071,4,4.0,0.000251129818344525,0.0002996587051538,0.45159073055773763,0.8869400990871701,0.5379025923016496,0.10121085462129763,0.011849046291532151,2020-03-02 17:00:00+00:00
2048,148,highVol_midFine,2020-02-21 14:15:00+00:00,2020-03-17 16:10:00+00:00,1072,1082,11,11.0,0.0005004813906842364,0.0006882252159381,0.9433692780118544,0.8888609191070498,0.5816610726272942,0.10177726080099112,0.009361820091958973,2020-03-17 16:10:00+00:00
2048,149,highVol_midFine,2020-03-10 13:30:00+00:00,2020-03-31 18:30:00+00:00,1084,1092,9,9.0,0.000713044180984889,0.0007771225183112,0.9966832504145936,0.8864534992890568,0.5243082831456751,0.10203462702446903,0.011511873686474034,2020-03-23 16:20:00+00:00
2048,150,highVol_highFine,2020-03-23 13:45:00+00:00,2020-04-06 18:35:00+00:00,1093,1096,4,4.0,0.00049573888638335,0.0005380681711681,0.9717203456402199,0.9055634954523183,0.8960133542812254,0.07999899296180853,0.01443751158587305,2020-04-01 18:30:00+00:00
2048,151,highVol_midFine,2020-03-27 13:45:00+00:00,2020-04-13 18:40:00+00:00,1097,1101,5,5.0,0.00038743773590866,0.0004337724797035,0.894344069128044,0.892532124208018,0.6687352710133544,0.09567541341825661,0.01179246237372518,2020-04-07 18:35:00+00:00
2048,152,midVol_lowFine,2020-04-06 16:00:00+00:00,2020-04-21 18:50:00+00:00,1103,1107,5,5.0,0.00030150858485914,0.0003087249458251,0.7216025137470543,0.8681315257463643,0.14194815396700705,0.11933873007973102,0.012529744173904478,2020-04-16 18:40:00+00:00
2048,153,midVol_midFine,2020-04-16 16:05:00+00:00,2020-04-29 18:55:00+00:00,1111,1113,3,3.0,0.00031445881050059995,0.0003214923045516,0.7661691542288557,0.881325955039595,0.3977481015972768,0.10829711900271584,0.0103769259576891,2020-04-27 18:55:00+00:00
2048,154,midVol_midFine,2020-04-23 16:15:00+00:00,2020-05-13 19:05:00+00:00,1116,1123,8,8.0,0.000299175719620975,0.0003182643582591,0.7084151610369207,0.8884701754316077,0.574283189316575,0.10019792277077912,0.011331901797613137,2020-05-04 19:00:00+00:00
2048,155,midVol_highFine,2020-05-07 16:25:00+00:00,2020-05-20 19:10:00+00:00,1126,1128,3,3.0,0.0002713552665833667,0.0002731829075906,0.5898140874574495,0.9029199587516042,0.8728724797067295,0.08426581114018526,0.012814230108210367,2020-05-18 19:10:00+00:00
2048,156,midVol_midFine,2020-05-12 16:30:00+00:00,2020-05-28 19:15:00+00:00,1129,1134,6,6.0,0.0002596615115197833,0.0002701692342859,0.5178057083006022,0.8919114043889002,0.6527232259753862,0.09531230107502692,0.012776294536072765,2020-05-27 19:15:00+00:00
2048,157,highVol_midFine,2020-05-26 16:40:00+00:00,2020-06-11 19:25:00+00:00,1139,1144,6,6.0,0.0003384773837147167,0.0003581077818851,0.8243650170201624,0.8873930105913025,0.5401937680020947,0.09841274133718612,0.014194248071511352,2020-06-11 19:25:00+00:00
2048,158,highVol_midFine,2020-06-04 16:45:00+00:00,2020-06-22 19:35:00+00:00,1146,1151,6,6.0,0.0003522664395823333,0.0003645011330973,0.851466352448285,0.8800586063649658,0.36802827965435975,0.1066490065638405,0.013292387071193566,2020-06-19 19:30:00+00:00
2048,159,midVol_midFine,2020-06-15 16:55:00+00:00,2020-06-30 19:40:00+00:00,1153,1157,5,5.0,0.00027691437588713995,0.0003061781860574,0.6071484681853888,0.8892034822286867,0.5867242733699921,0.10170522177874239,0.00909129599257098,2020-06-24 19:35:00+00:00
2048,160,midVol_midFine,2020-06-23 17:00:00+00:00,2020-07-07 19:45:00+00:00,1159,1162,4,4.0,0.000244161159693925,0.0002525761936706,0.42213275726630006,0.8757227234228334,0.26001571091908876,0.11298165237702551,0.011295624200140977,2020-07-02 19:40:00+00:00
2048,161,midVol_midFine,2020-06-30 17:05:00+00:00,2020-07-15 19:50:00+00:00,1164,1168,5,5.0,0.00024587168630484,0.0002497732205156,0.43236449332285937,0.8768785611150509,0.2854673998428908,0.11077394650524852,0.0123474923797003,2020-07-09 19:45:00+00:00
2048,162,midVol_midFine,2020-07-08 17:10:00+00:00,2020-08-05 20:05:00+00:00,1170,1183,14,14.0,0.00029190600441645,0.0003201105191331,0.6696498709460218,0.8884128418126279,0.5720738413197173,0.09804035005634704,0.013546808131024926,2020-08-04 20:05:00+00:00
2048,163,midVol_midFine,2020-08-05 17:30:00+00:00,2020-08-24 20:20:00+00:00,1190,1196,7,7.0,0.0002850359686237714,0.0002963536701957,0.6557064302547414,0.8809717464824336,0.38850858489507356,0.10550529660644745,0.013522956911118886,2020-08-14 20:10:00+00:00
2048,164,midVol_lowFine,2020-08-14 17:35:00+00:00,2020-08-31 20:45:00+00:00,1197,1201,5,5.0,0.00029625995877244,0.0003162868478467,0.6993715632364493,0.8648061917010359,0.1044776119402985,0.1203289898202439,0.014864818478720019,2020-08-28 20:40:00+00:00
2048,165,midVol_midFine,2020-08-21 17:40:00+00:00,2020-09-03 20:45:00+00:00,1202,1204,3,3.0,0.00031698882231876666,0.0003246263597901,0.7732390678188007,0.8812938041727579,0.39709347996857813,0.10778824851597196,0.010917947311270099,2020-09-03 20:45:00+00:00
2048,166,midVol_highFine,2020-08-27 17:55:00+00:00,2020-09-09 20:50:00+00:00,1206,1208,3,3.0,0.00029708189371436666,0.0003012100491115,0.7063367373658025,0.9004831705704256,0.8339879549620318,0.09033545643235134,0.009181372997222999,2020-09-07 20:50:00+00:00
2048,167,midVol_midFine,2020-09-01 18:10:00+00:00,2020-09-24 21:15:00+00:00,1209,1219,11,11.0,0.0002734637230874,0.0002926120525793,0.5971577519103048,0.8935455202104592,0.6934228379632935,0.09418975195612343,0.012264727833417416,2020-09-10 21:05:00+00:00
2048,168,midVol_highFine,2020-09-16 18:35:00+00:00,2020-10-01 21:20:00+00:00,1220,1224,5,5.0,0.00027036934280740005,0.0002840129943593,0.5826394344069128,0.905912909910645,0.9031421838177535,0.08298732041647076,0.011099769672884122,2020-09-25 21:15:00+00:00
2048,169,midVol_midFine,2020-09-23 18:40:00+00:00,2020-10-14 21:30:00+00:00,1225,1233,9,9.0,0.0002332483972818333,0.0002612155591199,0.35921270838788516,0.882676507397362,0.4281661866108056,0.10866642781520514,0.008657064787432757,2020-10-02 21:20:00+00:00
2048,170,lowVol_midFine,2020-10-07 18:50:00+00:00,2020-10-27 20:40:00+00:00,1235,1242,8,8.0,0.00019891796174173752,0.0002017959529676,0.17944815396700708,0.8839708463527993,0.4624901806755695,0.09961800154033806,0.016411152106862614,2020-10-23 21:35:00+00:00
2048,171,midVol_midFine,2020-10-19 19:00:00+00:00,2020-11-02 21:45:00+00:00,1243,1246,4,4.0,0.000215595538830275,0.0002202470162839,0.24803613511390418,0.8957913524720925,0.7438138256087982,0.08920225802452425,0.015006389503383075,2020-10-30 20:40:00+00:00
2048,172,midVol_highFine,2020-10-23 19:00:00+00:00,2020-11-05 21:45:00+00:00,1247,1249,3,3.0,0.00027496693197140003,0.0003130795071067,0.5706991358994501,0.9012373383776661,0.8461639172558261,0.08467925288161006,0.014083408740723733,2020-11-05 21:45:00+00:00
2048,173,highVol_highFine,2020-10-28 18:05:00+00:00,2020-11-12 21:50:00+00:00,1250,1254,5,5.0,0.0003489637228374,0.0003604269270873,0.8461115475255301,0.9003635376128708,0.8306362922230951,0.08620162812925289,0.013434834257876161,2020-11-12 21:50:00+00:00
2048,174,midVol_midFine,2020-11-06 19:10:00+00:00,2020-11-19 21:55:00+00:00,1257,1259,3,3.0,0.00023089448425283332,0.0002604995377736,0.34446190102120977,0.8920405473054952,0.6563236449332286,0.096423433973232,0.011536018721272667,2020-11-17 21:55:00+00:00
2048,175,midVol_midFine,2020-11-25 19:25:00+00:00,2020-12-14 17:20:00+00:00,1270,1275,6,6.0,0.00023946652077750004,0.000253248790168,0.38963079340141404,0.889581479686902,0.6008771929824561,0.09715087796117312,0.013267642351924597,2020-12-10 17:15:00+00:00
2048,176,midVol_midFine,2020-12-08 14:40:00+00:00,2020-12-21 17:25:00+00:00,1278,1280,3,3.0,0.0002607419041420333,0.0002682192891444,0.5238282272846295,0.8876696235571284,0.5514532600157109,0.10344333911136532,0.0088870373315062,2020-12-21 17:25:00+00:00
2048,177,midVol_lowFine,2020-12-11 14:40:00+00:00,2020-12-30 08:15:00+00:00,1281,1286,6,6.0,0.00025775686479455003,0.0002734530509087,0.5058261324954177,0.8668982241801086,0.1274548311076198,0.12036871318450981,0.012733062635381417,2020-12-23 17:25:00+00:00
2048,178,midVol_highFine,2020-12-22 14:50:00+00:00,2021-01-25 08:45:00+00:00,1288,1303,16,16.0,0.0002586501932970625,0.0002902426381746,0.5029457973291438,0.9089412327967049,0.9278525137470542,0.08009800464630551,0.010960762556989462,2021-01-14 08:25:00+00:00
2048,179,midVol_midFine,2021-01-15 05:50:00+00:00,2021-02-05 08:50:00+00:00,1304,1312,9,9.0,0.00022945354914617776,0.0002408648698286,0.3315876756568037,0.8897495363835625,0.6025137470542027,0.10137781105095278,0.00887265256548451,2021-02-04 08:50:00+00:00
2048,180,midVol_highFine,2021-01-28 06:10:00+00:00,2021-02-10 09:05:00+00:00,1313,1315,3,3.0,0.00022042682766126666,0.0002279597910628,0.27336999214454044,0.9066966208522969,0.9145064152919612,0.08204958309467934,0.011253796053023601,2021-02-08 08:55:00+00:00
2048,181,lowVol_highFine,2021-02-02 06:15:00+00:00,2021-02-16 09:20:00+00:00,1316,1319,4,4.0,0.00018981411096712498,0.0002025883437943,0.13835428122545168,0.9060652547671533,0.8976826394344068,0.0845263548992231,0.009408390333623475,2021-02-11 09:05:00+00:00
2048,182,lowVol_midFine,2021-02-08 06:20:00+00:00,2021-02-24 09:25:00+00:00,1320,1325,6,6.0,0.00018291699077151668,0.00019231557944,0.10945273631840795,0.8820173583122832,0.4144409531290914,0.10424028258915002,0.013742359098566699,2021-02-24 09:25:00+00:00
2048,183,midVol_midFine,2021-02-16 06:45:00+00:00,2021-03-09 09:35:00+00:00,1326,1334,9,9.0,0.00024971179953654446,0.0002766330283897,0.4577114427860697,0.8791802622471623,0.3465566902330453,0.10794864729178728,0.012871090461050411,2021-03-08 09:35:00+00:00
2048,184,midVol_midFine,2021-03-02 06:55:00+00:00,2021-03-17 08:40:00+00:00,1336,1340,5,5.0,0.00024258291056363998,0.000252945123587,0.41131186174391204,0.8808825807938403,0.3861743912018853,0.10815588066454604,0.01096153854161352,2021-03-12 09:35:00+00:00
2048,185,midVol_lowFine,2021-03-11 07:00:00+00:00,2021-03-26 08:45:00+00:00,1343,1347,5,5.0,0.00022115464039924003,0.0002303288443034,0.2755695208169678,0.8626032274335955,0.08460329929300862,0.12220995661106115,0.015186815955343219,2021-03-22 08:45:00+00:00
2048,186,lowVol_midFine,2021-03-19 06:05:00+00:00,2021-04-12 11:05:00+00:00,1349,1358,10,10.0,0.00019320308067163,0.0002018028728205,0.15255302435192458,0.8846422007541788,0.4782796543597801,0.10470988728098103,0.01064791196484002,2021-04-01 10:55:00+00:00
2048,187,lowVol_midFine,2021-04-05 08:25:00+00:00,2021-04-22 12:00:00+00:00,1360,1366,7,7.0,0.00019446698979109998,0.0001965956867753,0.15593087195600944,0.8823873206374584,0.4243631466726518,0.10420798690749396,0.013404692455047659,2021-04-20 11:30:00+00:00
2048,188,lowVol_lowFine,2021-04-14 08:30:00+00:00,2021-04-27 12:15:00+00:00,1367,1369,3,3.0,0.00019804097622973336,0.0002002730349709,0.1749148991882692,0.8633852793972624,0.09073055773762766,0.1205156575219818,0.0160990630807556,2021-04-26 12:05:00+00:00
2048,189,lowVol_midFine,2021-04-23 09:25:00+00:00,2021-05-07 12:40:00+00:00,1374,1377,4,4.0,0.0002000762561859,0.000201272041376,0.18529065200314215,0.8760902543199834,0.27120974076983506,0.10956679946232706,0.014342946217689376,2021-05-07 12:40:00+00:00
2048,190,midVol_midFine,2021-04-29 09:40:00+00:00,2021-05-12 12:45:00+00:00,1378,1380,3,3.0,0.00023350245163716667,0.0002375461845724,0.3503534956794973,0.8930060707769298,0.6789735532862006,0.09545063441855663,0.011543294804513465,2021-05-11 12:45:00+00:00
2048,191,midVol_highFine,2021-05-04 10:05:00+00:00,2021-05-21 13:10:00+00:00,1381,1387,7,7.0,0.0002458887885461,0.0002616086788048,0.4280664347435753,0.9045472762732861,0.8880035910672203,0.08661028636812483,0.008842437358588943,2021-05-13 12:45:00+00:00
2048,192,lowVol_midFine,2021-05-13 10:10:00+00:00,2021-05-26 13:15:00+00:00,1388,1390,3,3.0,0.00019901226908233336,0.0001997441813122,0.1797590992406389,0.8943439822326663,0.712752029327049,0.0947714049361776,0.010884612831156068,2021-05-26 13:15:00+00:00
2048,193,lowVol_midFine,2021-05-20 10:35:00+00:00,2021-06-04 09:25:00+00:00,1393,1396,4,4.0,0.00019589212658859998,0.0002026916084464,0.16398271798900238,0.8781526204315693,0.31794972505891594,0.10870836451646661,0.01313901505196405,2021-06-01 09:25:00+00:00
2048,194,lowVol_midFine,2021-05-28 10:40:00+00:00,2021-06-15 09:35:00+00:00,1399,1403,5,5.0,0.00018932328163354,0.0001931108247414,0.13385703063629223,0.888326405525871,0.5632364493322859,0.09318519569087887,0.01848839878325004,2021-06-14 09:35:00+00:00
2048,195,midVol_midFine,2021-06-08 06:55:00+00:00,2021-06-21 09:40:00+00:00,1405,1407,3,3.0,0.00023429621469269997,0.0002505241135657,0.3576852579209217,0.8758533883499666,0.2626341974338832,0.10626139080461099,0.017885220845422198,2021-06-21 09:40:00+00:00
2048,196,midVol_lowFine,2021-06-11 06:55:00+00:00,2021-06-25 09:40:00+00:00,1408,1411,4,4.0,0.00025325284480559997,0.0002574365695561,0.47888845247446976,0.8706481840326667,0.16653574234092694,0.11323620939723787,0.016115606570095278,2021-06-25 09:40:00+00:00
2048,197,lowVol_highFine,2021-06-23 07:05:00+00:00,2021-07-07 09:50:00+00:00,1416,1419,4,4.0,0.00019681862061295,0.000201839840269,0.16997250589159463,0.9030684409262844,0.8715632364493323,0.088418973313945,0.008512585759770574,2021-07-07 09:50:00+00:00
2048,198,midVol_highFine,2021-06-29 07:10:00+00:00,2021-07-12 09:55:00+00:00,1420,1422,3,3.0,0.00020572337105466667,0.0002090768123123,0.2083006022518984,0.9040900864129923,0.88203718250851,0.085491180573743,0.0104187330132647,2021-07-09 09:50:00+00:00
2048,199,lowVol_lowFine,2021-07-09 07:15:00+00:00,2021-07-28 10:05:00+00:00,1428,1434,7,7.0,0.0001951830619834286,0.0001984546084259,0.1599147121535181,0.8608717198136876,0.07243855908427786,0.12863991808875383,0.010488362097558213,2021-07-28 10:05:00+00:00
2048,200,lowVol_midFine,2021-07-20 07:25:00+00:00,2021-08-02 10:10:00+00:00,1435,1437,3,3.0,0.00020066733106579999,0.000203351858492,0.1874836344592825,0.8840097556769285,0.4638648860958366,0.10748590915094897,0.008504335172122434,2021-07-29 10:05:00+00:00
2048,201,lowVol_midFine,2021-07-26 07:30:00+00:00,2021-08-09 10:15:00+00:00,1439,1442,4,4.0,0.00018623805804320002,0.0001901071755982,0.1213668499607227,0.8821867296387379,0.4158483896307934,0.10756609867593872,0.010247171685323376,2021-08-05 10:10:00+00:00
2048,202,lowVol_highFine,2021-08-05 07:35:00+00:00,2021-08-25 10:35:00+00:00,1447,1454,8,8.0,0.0001686235314123125,0.0001789381167909,0.058768656716417914,0.9106494659244266,0.9419186959937156,0.07605294462050627,0.013297589455067024,2021-08-25 10:35:00+00:00
2048,203,lowVol_lowFine,2021-08-19 07:55:00+00:00,2021-09-03 10:40:00+00:00,1457,1461,5,5.0,0.00017697875772522002,0.0001794895744877,0.08601728201099765,0.861784132339076,0.08130400628436762,0.12858397442383623,0.009631893237087739,2021-08-30 10:40:00+00:00
2048,204,lowVol_midFine,2021-08-26 08:00:00+00:00,2021-09-09 10:45:00+00:00,1462,1465,4,4.0,0.00017617648092225,0.0001849358587679,0.08336606441476827,0.88720041959031,0.5341712490180676,0.10408622884316775,0.0087133515665222,2021-09-06 10:45:00+00:00
2048,205,lowVol_highFine,2021-09-01 08:05:00+00:00,2021-09-14 10:50:00+00:00,1466,1468,3,3.0,0.00017507408381703336,0.0001755765053416,0.07737627651217595,0.905408531959675,0.9016758313694685,0.08811165209532977,0.0064798159449953345,2021-09-14 10:50:00+00:00
2048,206,lowVol_midFine,2021-09-06 08:10:00+00:00,2021-09-22 10:55:00+00:00,1469,1474,6,6.0,0.00017237901616245002,0.0001774016745301,0.0685388845247447,0.8878681257991959,0.5568866195339094,0.10074061731412409,0.011391256886679933,2021-09-16 10:50:00+00:00
2048,207,lowVol_highFine,2021-09-14 08:15:00+00:00,2021-09-29 11:00:00+00:00,1475,1479,5,5.0,0.00019550976512682002,0.0002000477938537,0.16103692065985858,0.926301932915619,0.9966221523959152,0.06352324060797916,0.01017482647640176,2021-09-29 11:00:00+00:00
2048,208,lowVol_midFine,2021-09-23 08:20:00+00:00,2021-10-18 11:15:00+00:00,1482,1492,11,11.0,0.00017869286703822726,0.0001937880994848,0.09355138184674713,0.884769676588972,0.4827536956366492,0.10484457709790453,0.010385746313123381,2021-10-07 11:05:00+00:00
2048,209,lowVol_lowFine,2021-10-08 08:30:00+00:00,2021-10-21 11:15:00+00:00,1493,1495,3,3.0,0.00016291512911473333,0.0001634631689325,0.036396962555642835,0.8650301613015593,0.11560617962817492,0.12107428880550956,0.013895549892931,2021-10-19 11:15:00+00:00
2048,210,lowVol_lowFine,2021-10-14 08:35:00+00:00,2021-11-03 10:25:00+00:00,1497,1504,8,8.0,0.00017856414925338752,0.0001996757555358,0.09829143754909662,0.8530642174069211,0.038589945011783186,0.12565387009571222,0.021281912497366627,2021-11-02 10:25:00+00:00
2048,211,midVol_lowFine,2021-10-26 08:45:00+00:00,2021-11-08 11:30:00+00:00,1505,1507,3,3.0,0.00021358001193253333,0.0002185869866615,0.2391987431264729,0.867890688391336,0.13223356899711966,0.1084042213936083,0.023705090215055697,2021-11-08 11:30:00+00:00
2048,212,midVol_midFine,2021-11-02 07:50:00+00:00,2021-12-10 11:50:00+00:00,1510,1531,22,22.0,0.0002494660922010273,0.0002754365054062,0.4543312147396987,0.8827204264811386,0.43160394201242586,0.1067651918235834,0.010514381695277906,2021-12-01 11:45:00+00:00
2048,213,midVol_highFine,2021-12-02 09:10:00+00:00,2021-12-17 12:00:00+00:00,1532,1536,5,5.0,0.00023253654164365997,0.0002422593001069,0.34658287509819324,0.9019867743006813,0.8547525530243518,0.08408330995077981,0.013929915748538779,2021-12-17 12:00:00+00:00
2048,214,midVol_midFine,2021-12-09 09:15:00+00:00,2021-12-27 12:15:00+00:00,1537,1542,6,6.0,0.00023007573958761665,0.0002429295416877,0.330649384655669,0.886960886327769,0.535873265252684,0.09952692333882256,0.013512190333408449,2021-12-20 12:05:00+00:00
2048,215,lowVol_midFine,2021-12-17 09:25:00+00:00,2021-12-30 12:15:00+00:00,1543,1545,3,3.0,0.0001949551422549667,0.0001966179302681,0.1592039800995025,0.884398468986121,0.47368421052631576,0.10081138758238874,0.0147901434314903,2021-12-28 12:15:00+00:00
2048,216,midVol_midFine,2021-12-22 09:30:00+00:00,2022-01-25 12:35:00+00:00,1546,1563,18,18.0,0.00022100032973520556,0.000241380821981,0.2809417823164877,0.8834482313154798,0.448721305751942,0.1023320860034246,0.014219682681095636,2022-01-10 12:25:00+00:00
2048,217,midVol_midFine,2022-01-18 09:55:00+00:00,2022-02-03 12:40:00+00:00,1565,1570,6,6.0,0.0002249961854318333,0.0002372787792926,0.30328620057606703,0.8846096686435364,0.4814087457449594,0.10366077824820634,0.011729553108257101,2022-02-02 12:40:00+00:00
2048,218,midVol_lowFine,2022-01-26 10:00:00+00:00,2022-02-11 12:45:00+00:00,1571,1576,6,6.0,0.00028850704166795004,0.0003124546111805,0.6690233045299817,0.842302311051739,0.012765121759622938,0.1403556517818455,0.017342037166415334,2022-02-11 12:45:00+00:00
2048,219,midVol_midFine,2022-02-04 10:05:00+00:00,2022-02-21 12:55:00+00:00,1578,1582,5,5.0,0.00031023812370236005,0.0003183529795943,0.7520031421838177,0.8925667363116151,0.6694422623723488,0.10027178340326062,0.007161480285124221,2022-02-21 12:55:00+00:00
2048,220,highVol_midFine,2022-02-17 10:15:00+00:00,2022-03-04 13:00:00+00:00,1587,1591,5,5.0,0.00037169526070192,0.0004021626559363,0.8794186959937157,0.89372458356215,0.6953652788688138,0.09472676620073175,0.0115486502371184,2022-03-04 13:00:00+00:00
2048,221,highVol_midFine,2022-02-25 10:20:00+00:00,2022-03-18 12:10:00+00:00,1593,1601,9,9.0,0.00044964207190412224,0.0004736234593496,0.9530854499432659,0.8827376616802934,0.4301736929388147,0.10764441506468049,0.009617923255026022,2022-03-11 13:05:00+00:00
2048,222,highVol_midFine,2022-03-11 10:30:00+00:00,2022-03-24 12:15:00+00:00,1603,1605,3,3.0,0.0003398552213377001,0.0003525935377752,0.8287509819324431,0.8895805682596851,0.6004189578423671,0.09937520116433574,0.011044230575979067,2022-03-22 12:15:00+00:00
2048,223,midVol_midFine,2022-03-16 09:35:00+00:00,2022-03-29 14:25:00+00:00,1606,1608,3,3.0,0.00030490161344316665,0.000318309665271,0.7308195862791306,0.8871411506888559,0.5411102382822729,0.09972011257427356,0.013138736736870367,2022-03-29 14:25:00+00:00
2048,224,highVol_highFine,2022-03-23 09:40:00+00:00,2022-04-05 14:30:00+00:00,1611,1613,3,3.0,0.0003392928150691,0.0003456917870436,0.8287509819324431,0.9064366422255573,0.912280701754386,0.08379047973937077,0.009772878035071967,2022-04-01 14:25:00+00:00
2048,225,midVol_lowFine,2022-04-01 11:50:00+00:00,2022-04-19 14:40:00+00:00,1618,1623,6,6.0,0.00028415934620338326,0.0003035343803168,0.645326001571092,0.8605016358262342,0.07593610892903901,0.12432758866763505,0.015170775506130585,2022-04-15 14:35:00+00:00
2048,226,midVol_lowFine,2022-04-12 12:00:00+00:00,2022-04-26 14:45:00+00:00,1625,1628,4,4.0,0.000304021506269175,0.0003209960489676,0.7291830322073841,0.8700726241656038,0.16034956794972505,0.11442886288599166,0.015498512948404425,2022-04-25 14:45:00+00:00
2048,227,highVol_midFine,2022-04-19 12:05:00+00:00,2022-05-23 15:05:00+00:00,1630,1647,18,18.0,0.00038944341869332215,0.0004341288804095,0.9003011259492012,0.8868680825334302,0.5330365715283233,0.10321461311432888,0.009917304352240813,2022-05-06 14:50:00+00:00
2048,228,highVol_highFine,2022-05-13 12:20:00+00:00,2022-05-30 15:10:00+00:00,1648,1652,5,5.0,0.00035212036756116004,0.0003596809269414,0.8536527886881382,0.9045081339018692,0.889630793401414,0.0837531709838868,0.01173869511424392,2022-05-24 15:05:00+00:00
2048,229,midVol_midFine,2022-05-24 12:30:00+00:00,2022-06-09 15:15:00+00:00,1655,1660,6,6.0,0.00031065476784245,0.0003260369041855,0.7507855459544382,0.8827074094026482,0.4341450641529196,0.10578084230146105,0.011511748295890634,2022-06-09 15:15:00+00:00
2048,230,highVol_midFine,2022-06-01 12:35:00+00:00,2022-06-14 15:20:00+00:00,1661,1663,3,3.0,0.000352700265291,0.0003656379697453,0.8540193768002095,0.8907284241625032,0.6209740769835035,0.09601511566022851,0.013256460177268033,2022-06-14 15:20:00+00:00
2048,231,highVol_highFine,2022-06-06 12:40:00+00:00,2022-06-21 15:25:00+00:00,1664,1668,5,5.0,0.00044357444216783996,0.0004749473185146,0.9479183032207384,0.9031272177522582,0.87069913589945,0.0823306533729947,0.01454212887474678,2022-06-20 15:25:00+00:00
2048,232,highVol_midFine,2022-06-13 12:45:00+00:00,2022-07-14 15:40:00+00:00,1669,1685,17,17.0,0.0003812559538225824,0.0004426771301148,0.8866272353403263,0.888630874305646,0.5746268656716419,0.09395003650592416,0.017419089188429764,2022-07-14 15:40:00+00:00
2048,233,highVol_midFine,2022-07-07 13:00:00+00:00,2022-07-20 15:45:00+00:00,1687,1689,3,3.0,0.00045652429198989996,0.0004589175984495,0.9562712752029326,0.8836063660426356,0.4566640481801519,0.1080280351151671,0.008365598842197267,2022-07-20 15:45:00+00:00
2048,234,highVol_lowFine,2022-07-12 13:05:00+00:00,2022-08-01 16:05:00+00:00,1690,1697,8,8.0,0.000470330339925575,0.0004998080126591,0.9635212097407699,0.8454560872916876,0.021357030636292223,0.14440236534098017,0.010141547367332162,2022-07-22 15:45:00+00:00
2048,235,highVol_midFine,2022-07-27 13:25:00+00:00,2022-08-09 16:10:00+00:00,1701,1703,3,3.0,0.0003998180702322,0.0004370561036839,0.9128043990573449,0.8917433477265512,0.647682639434407,0.09804681010584974,0.010209842167599034,2022-08-05 16:05:00+00:00
2048,236,highVol_midFine,2022-08-02 13:30:00+00:00,2022-08-18 16:25:00+00:00,1705,1710,6,6.0,0.00035528087026456665,0.0003755340091986,0.8573579471065723,0.8886176675835369,0.5778999738151348,0.09502908672061912,0.01635324569584382,2022-08-11 16:10:00+00:00
2048,237,highVol_lowFine,2022-08-15 13:40:00+00:00,2022-08-29 16:35:00+00:00,1714,1717,4,4.0,0.00036876962627072497,0.0003982143696847,0.8751963864886096,0.8660678525065761,0.11724273369992146,0.12244466412416372,0.01148748336926005,2022-08-29 16:35:00+00:00
2048,238,highVol_lowFine,2022-08-22 13:55:00+00:00,2022-09-07 16:40:00+00:00,1719,1724,6,6.0,0.00042722203963651667,0.0004358423805575,0.9384001047394607,0.8689950540295809,0.14440953129091386,0.11876169058727987,0.0122432553831391,2022-09-01 16:35:00+00:00
2048,239,highVol_midFine,2022-08-30 14:00:00+00:00,2022-09-12 16:45:00+00:00,1725,1727,3,3.0,0.0004282803939833334,0.0004363780826812,0.9396438858339881,0.8823517191084321,0.4200052369730296,0.10128691499106292,0.016361365900504733,2022-09-12 16:45:00+00:00
2048,240,highVol_lowFine,2022-09-02 14:00:00+00:00,2022-09-21 16:50:00+00:00,1728,1734,7,7.0,0.0004480057367968142,0.0004712977528436,0.9510717091235552,0.8391225742387746,0.009370441027942992,0.14397161401536798,0.016905811745857372,2022-09-13 16:45:00+00:00
2048,241,highVol_highFine,2022-09-15 14:10:00+00:00,2022-10-04 17:00:00+00:00,1737,1743,7,7.0,0.0005887906556028286,0.0006305924653222,0.9875995960049376,0.9141170940354432,0.962406015037594,0.07671727161901301,0.009165634345543943,2022-09-30 16:55:00+00:00
2048,242,highVol_midFine,2022-09-26 14:20:00+00:00,2022-10-18 17:30:00+00:00,1744,1753,10,10.0,0.00050428195251776,0.0005472376800362,0.973723487824038,0.8887112463880993,0.575962293794187,0.09959704518377159,0.01169170842812903,2022-10-05 17:00:00+00:00
2048,243,highVol_midFine,2022-10-11 14:40:00+00:00,2022-10-27 17:35:00+00:00,1755,1760,6,6.0,0.0004987549959722334,0.0005307505059554,0.9740115213406652,0.880758861143605,0.38295365278868815,0.10711114487233438,0.012129993984060434,2022-10-21 17:30:00+00:00
2048,244,highVol_midFine,2022-10-20 14:55:00+00:00,2022-11-02 16:40:00+00:00,1762,1764,3,3.0,0.00044086527741640005,0.0004739772086313,0.9440953129091385,0.882840765345715,0.43401413982717996,0.10189995071751756,0.015259283936767365,2022-10-31 16:40:00+00:00
2048,245,highVol_lowFine,2022-10-25 15:00:00+00:00,2022-11-15 18:00:00+00:00,1765,1773,9,9.0,0.0004980287832033778,0.0005689815131717,0.9673998428908092,0.8590712080865041,0.07266300078554595,0.12620359872850934,0.0147251931849865,2022-11-11 17:55:00+00:00
2048,246,highVol_midFine,2022-11-07 15:20:00+00:00,2022-11-18 18:00:00+00:00,1774,1776,3,3.0,0.0005846155176226,0.0005881053603598,0.9874312647289867,0.8779263638562874,0.31133804660906,0.10660617325351847,0.015467462890193934,2022-11-17 18:00:00+00:00
2048,247,highVol_highFine,2022-11-10 15:20:00+00:00,2022-11-24 18:05:00+00:00,1777,1780,4,4.0,0.000460348518948125,0.0004901384873874,0.9574823252160252,0.906802192741264,0.913688138256088,0.085615543571804,0.0075822636869321,2022-11-21 18:05:00+00:00
2048,248,highVol_midFine,2022-11-16 15:25:00+00:00,2022-12-26 18:45:00+00:00,1781,1802,22,22.0,0.00040683093786483636,0.0004695439643511,0.9152324501892452,0.883671266379703,0.45543812040277076,0.10500677333582628,0.011321960284470566,2022-12-06 18:15:00+00:00
2048,249,midVol_midFine,2022-12-16 15:45:00+00:00,2023-01-04 19:25:00+00:00,1803,1809,7,7.0,0.0002903165673558143,0.0003178182089798,0.6725395578498485,0.8845769828419314,0.47626529009089896,0.1068970318373482,0.008525985320720172,2023-01-04 19:25:00+00:00
2048,250,highVol_midFine,2022-12-27 16:20:00+00:00,2023-01-10 19:30:00+00:00,1810,1813,4,4.0,0.00035913061376302504,0.0003715411994744,0.8617439120188531,0.8765831528084138,0.28701885310290653,0.1047202448322862,0.018696602359299975,2023-01-09 19:30:00+00:00
2048,251,midVol_midFine,2023-01-13 16:55:00+00:00,2023-02-02 21:00:00+00:00,1823,1830,8,8.0,0.00030499636344023746,0.0003244006783868,0.7299194815396701,0.8848016690955739,0.47839748625294576,0.1027453549060644,0.012452975998361612,2023-01-25 19:40:00+00:00
2048,252,highVol_midFine,2023-01-25 17:05:00+00:00,2023-02-13 21:35:00+00:00,1831,1837,7,7.0,0.00037026855370255715,0.0003879050822584,0.8808214566266412,0.885193455775647,0.4912467736505443,0.10135077347550214,0.01345577074885063,2023-02-10 21:30:00+00:00
2048,253,midVol_highFine,2023-02-07 18:55:00+00:00,2023-02-24 05:00:00+00:00,1840,1844,5,5.0,0.0003048094302743,0.0003123176196784,0.7333857030636293,0.9173954239583516,0.9798114689709347,0.07466701632056201,0.00793755972108644,2023-02-17 21:35:00+00:00
2048,254,midVol_highFine,2023-02-16 19:00:00+00:00,2023-03-10 08:30:00+00:00,1847,1851,5,5.0,0.00025181736760264,0.0002588785082357,0.4699921445404557,0.9081142301133838,0.917439120188531,0.08037250834107497,0.01151326154554112,2023-03-02 13:25:00+00:00
2048,255,midVol_midFine,2023-02-27 10:00:00+00:00,2023-03-16 20:05:00+00:00,1852,1854,3,3.0,0.00030062833141586664,0.0003241693332822,0.7132757266300079,0.8871061169967122,0.5332547787378895,0.1012872856537949,0.0116065973494928,2023-03-16 20:05:00+00:00
2048,256,highVol_midFine,2023-03-05 23:40:00+00:00,2023-03-23 04:35:00+00:00,1855,1857,3,3.0,0.00033647081485856664,0.0003412432374522,0.8241686305315529,0.8826708723463256,0.4332285938727416,0.10393719150174525,0.013391936151929067,2023-03-21 16:40:00+00:00
2048,257,midVol_midFine,2023-03-16 14:20:00+00:00,2023-04-04 21:50:00+00:00,1861,1863,3,3.0,0.0002914307061292,0.000295143598201,0.6838177533385702,0.8792866306102572,0.3424980361351139,0.10690225900925021,0.013811110380492533,2023-03-31 02:40:00+00:00
2048,258,midVol_midFine,2023-03-28 01:20:00+00:00,2023-04-19 09:30:00+00:00,1866,1870,5,5.0,0.00025870180087784,0.000268692016339,0.5121759622937943,0.8795545838471321,0.35082482325216024,0.10336958860879697,0.017075827544070818,2023-04-13 03:15:00+00:00
2048,259,midVol_lowFine,2023-04-06 03:50:00+00:00,2023-05-03 17:10:00+00:00,1871,1877,7,7.0,0.00026401318060567143,0.0002728964936757,0.5450566715295702,0.8602838915660174,0.07198967568174167,0.12807236649517248,0.011643741938809873,2023-04-25 20:45:00+00:00
2048,260,midVol_midFine,2023-04-20 18:30:00+00:00,2023-05-24 05:05:00+00:00,1878,1887,10,10.0,0.00025347809724013,0.0002768933281762,0.4764728986645719,0.8791292015767155,0.3412018853102906,0.10907883937555471,0.01179195904772969,2023-05-11 12:25:00+00:00
2048,261,midVol_midFine,2023-05-24 02:30:00+00:00,2023-06-15 06:35:00+00:00,1894,1898,5,5.0,0.00021922478479978,0.0002253286858121,0.2657501963864886,0.8924368551793226,0.6686567164179105,0.0910805931746631,0.0164825516460142,2023-06-07 08:20:00+00:00
2048,262,midVol_lowFine,2023-06-02 08:15:00+00:00,2023-06-29 15:20:00+00:00,1899,1905,7,7.0,0.00022765024632134286,0.0002400349897292,0.31489170687913814,0.8585102171923171,0.06188979912467737,0.12059927393995702,0.02089050886772583,2023-06-29 15:20:00+00:00
2048,263,midVol_lowFine,2023-06-20 03:45:00+00:00,2023-07-07 10:10:00+00:00,1907,1909,3,3.0,0.000232055550645,0.0002361180810276,0.3407960199004975,0.8675544760716853,0.14126734747316053,0.11667048302787482,0.015775040900439734,2023-07-07 10:10:00+00:00
2048,264,midVol_midFine,2023-06-26 12:05:00+00:00,2023-08-04 09:25:00+00:00,1910,1924,15,15.0,0.00025690028597376004,0.0002746885477183,0.5010735794710657,0.886518913626172,0.5240115213406651,0.10237847057478865,0.0111026157990394,2023-08-03 09:25:00+00:00
2048,265,midVol_lowFine,2023-07-26 10:10:00+00:00,2023-08-15 09:45:00+00:00,1925,1931,7,7.0,0.0002540971034849571,0.0002804515400331,0.48260576815172257,0.8629944477511363,0.09252609134777243,0.12071081658799868,0.016294735660864756,2023-08-07 09:30:00+00:00
2048,266,midVol_midFine,2023-08-07 06:55:00+00:00,2023-08-25 09:50:00+00:00,1932,1939,8,8.0,0.00023681946732236249,0.000241160434482,0.3743617439120189,0.8844320672338432,0.478053809897879,0.1026307313239277,0.012937201442228975,2023-08-18 09:45:00+00:00
2048,267,midVol_lowFine,2023-08-17 07:10:00+00:00,2023-09-05 10:00:00+00:00,1940,1946,7,7.0,0.00026802948575805713,0.0002807731163961,0.5663225227247223,0.8612504639123564,0.07670295140837168,0.12522907877397035,0.013520457313673242,2023-09-01 09:55:00+00:00
2048,268,midVol_highFine,2023-08-30 07:20:00+00:00,2023-09-12 10:05:00+00:00,1949,1951,3,3.0,0.00024100095152406666,0.0002477990420459,0.40049751243781095,0.902562705132803,0.8641005498821682,0.08635490953735049,0.0110823853298464,2023-09-08 10:00:00+00:00
2048,269,midVol_highFine,2023-09-05 07:25:00+00:00,2023-09-25 10:50:00+00:00,1953,1960,8,8.0,0.0002379841726294125,0.0002577216404578,0.38044972505891594,0.9055245511310241,0.8902199528672428,0.0816614274141105,0.012814021454865276,2023-09-22 10:45:00+00:00
2048,270,midVol_highFine,2023-09-20 08:00:00+00:00,2023-10-04 11:50:00+00:00,1964,1967,4,4.0,0.000260488703769775,0.0002617345261451,0.5220934799685781,0.9066909076069971,0.9076983503534957,0.08282726223779663,0.010481830155206125,2023-10-02 11:50:00+00:00
2048,271,midVol_midFine,2023-09-26 09:10:00+00:00,2023-10-09 11:55:00+00:00,1968,1970,3,3.0,0.0002807876680213,0.0003035769174746,0.628829536527887,0.8904841442408834,0.6131186174391202,0.09865859427636313,0.010857261482753467,2023-10-09 11:55:00+00:00
2048,272,midVol_lowFine,2023-09-29 09:10:00+00:00,2023-10-17 12:00:00+00:00,1971,1976,6,6.0,0.00029059109095576666,0.00029560410114,0.6803482587064676,0.8652616112806277,0.10807803089814089,0.12513869731221625,0.00959969140715585,2023-10-11 11:55:00+00:00
2048,273,midVol_midFine,2023-10-09 09:20:00+00:00,2023-10-26 12:05:00+00:00,1977,1983,7,7.0,0.0002624602965847,0.0002706675289336,0.5366401077320165,0.8885584721901643,0.5738974301425205,0.10017900160805981,0.01126252620177577,2023-10-23 12:05:00+00:00
2048,274,midVol_midFine,2023-10-20 09:25:00+00:00,2023-11-03 11:10:00+00:00,1986,1989,4,4.0,0.00025430031935625,0.0002579166495586,0.4863511390416339,0.8798765020440122,0.3618421052631579,0.10185280784158426,0.0182706901144033,2023-11-02 11:10:00+00:00
2048,275,midVol_lowFine,2023-10-26 09:30:00+00:00,2023-11-10 12:15:00+00:00,1990,1994,5,5.0,0.00025907143040546,0.0002722740990272,0.5144540455616654,0.8657824721744438,0.11429693637077769,0.11041034780017087,0.023807180025385198,2023-11-06 12:15:00+00:00
2048,276,midVol_midFine,2023-11-02 08:35:00+00:00,2023-11-30 12:30:00+00:00,1995,2008,14,14.0,0.00024837675916691425,0.0002777637424597,0.4450398384019751,0.8841579373469061,0.4683537201211986,0.1003242617809997,0.015517800872094265,2023-11-23 12:25:00+00:00
2048,277,midVol_midFine,2023-11-23 09:50:00+00:00,2023-12-13 12:40:00+00:00,2010,2017,8,8.0,0.0002547813503685625,0.0002674461825531,0.4880695208169678,0.8848583528185232,0.4847309505106049,0.10586888630891073,0.009272760872566038,2023-12-11 12:40:00+00:00
2048,278,midVol_lowFine,2023-12-05 10:00:00+00:00,2023-12-19 12:45:00+00:00,2018,2021,4,4.0,0.00029036392895405,0.0002975220295878,0.6788098978790259,0.8693991818118019,0.1502356637863315,0.11716377575060083,0.013437042437597174,2023-12-18 12:45:00+00:00
2048,279,midVol_midFine,2023-12-19 10:10:00+00:00,2024-01-05 05:35:00+00:00,2028,2032,5,5.0,0.00022780943845126,0.0002330069760438,0.3124116260801257,0.8813531414545025,0.3968578161822467,0.10504443406623085,0.013602424479266458,2024-01-04 05:35:00+00:00
2048,280,midVol_lowFine,2023-12-27 02:55:00+00:00,2024-01-11 05:40:00+00:00,2033,2036,4,4.0,0.000251473100375975,0.0002589809527692,0.46867635506677136,0.8670392364484112,0.12539277297721915,0.1198340646305095,0.01312669892107925,2024-01-08 05:40:00+00:00
2048,281,midVol_midFine,2024-01-08 03:05:00+00:00,2024-01-22 11:05:00+00:00,2040,2043,4,4.0,0.00023216642041487502,0.0002338129421705,0.3401413982717989,0.8928086247190055,0.6789080911233307,0.09994490974892588,0.0072464655320686995,2024-01-22 11:05:00+00:00
2048,282,midVol_midFine,2024-01-15 03:10:00+00:00,2024-01-30 11:10:00+00:00,2045,2049,5,5.0,0.00022214400695078,0.0002275208947237,0.2809112333071485,0.8863786857838711,0.521209740769835,0.09925091218257956,0.014370402033549178,2024-01-26 11:05:00+00:00
2048,283,midVol_lowFine,2024-01-22 08:30:00+00:00,2024-02-09 11:15:00+00:00,2050,2057,8,8.0,0.00025886231172068746,0.0002805196382489,0.5115377062058131,0.8624280638676238,0.08773566378633149,0.12085134225532637,0.016720593877049737,2024-02-05 11:15:00+00:00
2048,284,midVol_lowFine,2024-02-05 08:40:00+00:00,2024-02-22 11:25:00+00:00,2060,2066,7,7.0,0.00022214808917388573,0.0002268109372875,0.28004713275726634,0.8467459660379317,0.018572550779934912,0.14253402549280456,0.010720008469263572,2024-02-22 11:25:00+00:00
2048,285,lowVol_midFine,2024-02-14 08:45:00+00:00,2024-03-01 11:30:00+00:00,2067,2072,6,6.0,0.00017876884106356669,0.00018370854987,0.09341450641529196,0.891059427754044,0.6372086933752291,0.09252978168843821,0.0164107905575177,2024-02-26 11:30:00+00:00
2048,286,lowVol_lowFine,2024-02-22 08:50:00+00:00,2024-03-12 10:40:00+00:00,2073,2079,7,7.0,0.00017148282404445714,0.0001832678576443,0.06592974974750308,0.859123055293712,0.06228257210189653,0.12981458385392158,0.011062360852366228,2024-03-11 10:40:00+00:00
2048,287,lowVol_lowFine,2024-03-12 08:05:00+00:00,2024-04-01 13:00:00+00:00,2086,2093,8,8.0,0.00016780352711595002,0.0001748289135989,0.05361351139041634,0.8613528209776956,0.0840534171249018,0.1150036977387276,0.023643481283576687,2024-03-29 10:50:00+00:00
2048,288,lowVol_midFine,2024-03-22 08:10:00+00:00,2024-04-04 13:00:00+00:00,2094,2096,3,3.0,0.00015995442561056667,0.0001650764970384,0.03115998952605394,0.876139559525776,0.26747839748625296,0.10567484302862427,0.018185597445599635,2024-04-04 13:00:00+00:00
2048,289,midVol_midFine,2024-04-02 10:25:00+00:00,2024-04-26 13:15:00+00:00,2101,2112,12,12.0,0.00024823845550581673,0.0002807986458202,0.44438989264205286,0.8843362929239246,0.4722440429431789,0.10124667324424115,0.014417033831834318,2024-04-19 13:10:00+00:00
2048,290,midVol_lowFine,2024-04-18 10:35:00+00:00,2024-05-02 13:30:00+00:00,2113,2116,4,4.0,0.0002200695363143,0.0002275533239388,0.2691476826394344,0.8622782269219614,0.0828750981932443,0.12676286736624398,0.010958905711794423,2024-05-02 13:30:00+00:00
2048,291,midVol_lowFine,2024-04-25 10:40:00+00:00,2024-05-10 13:35:00+00:00,2118,2122,5,5.0,0.00022750497935034,0.0002445670564613,0.3170463472113118,0.8690464545071725,0.14744697564807543,0.11959165016733206,0.01136189532549524,2024-05-06 13:35:00+00:00
2048,292,lowVol_lowFine,2024-05-02 10:55:00+00:00,2024-05-16 13:50:00+00:00,2123,2126,4,4.0,0.000174557086592575,0.0001890698881395,0.07894736842105264,0.8665046982423535,0.12657109190887667,0.12064769294908946,0.012847608808556924,2024-05-13 13:50:00+00:00
2048,293,lowVol_highFine,2024-05-16 11:15:00+00:00,2024-05-29 14:00:00+00:00,2133,2135,3,3.0,0.00015062061682946667,0.000153085010959,0.016496465043205028,0.9024816133942618,0.8660644147682639,0.08341762644762969,0.014100760158108466,2024-05-29 14:00:00+00:00
2048,294,lowVol_midFine,2024-05-21 11:20:00+00:00,2024-06-04 14:05:00+00:00,2136,2139,4,4.0,0.00016087724418550002,0.0001623200794295,0.031029065200314218,0.8844664565948941,0.4705420267085625,0.09540118697626174,0.020132356428844148,2024-05-31 14:00:00+00:00
2048,295,midVol_lowFine,2024-05-29 11:25:00+00:00,2024-06-18 14:15:00+00:00,2142,2149,8,8.0,0.0002339797954145125,0.0002547174224617,0.3644442262372349,0.8675930797630016,0.13398468185388845,0.11254347597808362,0.019863444258914675,2024-06-17 14:15:00+00:00
2048,296,midVol_midFine,2024-06-10 11:35:00+00:00,2024-06-21 14:25:00+00:00,2150,2152,3,3.0,0.00022493231173276664,0.0002287960396021,0.2964126734747316,0.8787779461881713,0.3294056035611417,0.1003002847492541,0.020921769062574497,2024-06-21 14:25:00+00:00
2048,297,lowVol_midFine,2024-06-21 11:50:00+00:00,2024-07-10 15:10:00+00:00,2159,2165,7,7.0,0.00017483732302087142,0.0001814163974558,0.07990124565144205,0.8914106103904079,0.6415666030748514,0.09682962779676274,0.011759761812829398,2024-07-08 15:10:00+00:00
2048,298,lowVol_highFine,2024-07-02 12:10:00+00:00,2024-07-16 15:15:00+00:00,2166,2169,4,4.0,0.00017906512125055003,0.0001811057169522,0.09456009426551452,0.9062487779481948,0.9052435192458759,0.08702470992535692,0.006726512126448275,2024-07-16 15:15:00+00:00
2048,299,lowVol_midFine,2024-07-08 12:35:00+00:00,2024-07-22 15:20:00+00:00,2170,2173,4,4.0,0.0001737752333185,0.0001771715110797,0.07266300078554595,0.8852540585178987,0.4959740769835035,0.1056556286515115,0.00909031283058975,2024-07-22 15:20:00+00:00
2048,300,midVol_midFine,2024-07-25 12:45:00+00:00,2024-08-13 15:35:00+00:00,2183,2189,7,7.0,0.00023641443543701428,0.0002463934909096,0.3698799236898216,0.8761540199340268,0.2691617102457637,0.1077262845634301,0.01611969550254306,2024-08-08 15:30:00+00:00
2048,301,lowVol_lowFine,2024-08-07 12:55:00+00:00,2024-08-22 15:40:00+00:00,2192,2196,5,5.0,0.0001863108149375,0.000200505333688,0.12427336999214453,0.8603492724146952,0.07415553809897879,0.12462213770953101,0.015028589875773702,2024-08-22 15:40:00+00:00
2048,302,midVol_lowFine,2024-08-14 13:00:00+00:00,2024-08-27 15:45:00+00:00,2197,2199,3,3.0,0.00021340110432593333,0.0002179592922319,0.23828227284629486,0.8649428858328106,0.11560617962817492,0.12329537851575893,0.011761735651430334,2024-08-26 15:45:00+00:00
2048,303,midVol_midFine,2024-08-19 13:05:00+00:00,2024-09-05 15:50:00+00:00,2200,2206,7,7.0,0.00022388936822865713,0.0002362622334382,0.2939064078105712,0.8847211489505888,0.47761194029850745,0.10408732440767098,0.011191526641740043,2024-08-30 15:45:00+00:00
2048,304,midVol_highFine,2024-08-28 13:10:00+00:00,2024-09-17 16:00:00+00:00,2207,2214,8,8.0,0.000217233420473575,0.0002303402426243,0.2574135899450118,0.9066136923620682,0.9047525530243519,0.08570225852875847,0.007684049109173212,2024-09-06 15:50:00+00:00
2048,305,midVol_lowFine,2024-09-11 13:20:00+00:00,2024-10-08 16:15:00+00:00,2217,2229,13,13.0,0.00024477982450437686,0.0002649082480009,0.4238020424194815,0.8556008687984291,0.06852377787177474,0.13232180239355157,0.012077328808019169,2024-10-04 16:10:00+00:00
2048,306,lowVol_highFine,2024-10-04 13:35:00+00:00,2024-10-22 16:25:00+00:00,2234,2239,6,6.0,0.00018707756863069997,0.0001954085593967,0.12588373919874313,0.907441779439151,0.9159465828750982,0.08525890652758406,0.007299314033264733,2024-10-17 16:20:00+00:00
2048,307,lowVol_midFine,2024-10-14 13:45:00+00:00,2024-10-28 16:30:00+00:00,2240,2243,4,4.0,0.000172703218947725,0.0001758931544518,0.06902985074626866,0.8915729081987853,0.6457187745483111,0.09768736550704499,0.0107397262941696,2024-10-25 16:25:00+00:00
2048,308,midVol_midFine,2024-10-23 13:50:00+00:00,2024-11-12 17:40:00+00:00,2247,2254,8,8.0,0.0002748499065252625,0.0003257593909053,0.560388845247447,0.8818747684352545,0.4114787902592302,0.10125973258309959,0.01686549898164586,2024-11-11 17:40:00+00:00
2048,309,midVol_midFine,2024-11-06 15:00:00+00:00,2024-11-21 17:45:00+00:00,2257,2261,5,5.0,0.0002954894674857799,0.0003049153057461,0.6993715632364493,0.8805680966792997,0.3801256873527101,0.10825466350321764,0.01117723981748268,2024-11-15 17:40:00+00:00
2048,310,highVol_midFine,2024-11-15 15:05:00+00:00,2024-12-03 17:55:00+00:00,2264,2269,6,6.0,0.0003804901302855166,0.0003981522859805,0.8916601204503798,0.8916152570024917,0.6457187745483112,0.09902964743147859,0.009355095566029583,2024-12-02 17:55:00+00:00
2048,311,midVol_midFine,2024-11-25 15:15:00+00:00,2025-01-02 11:30:00+00:00,2270,2289,20,20.0,0.00028622568624429,0.0003244895327341,0.6452474469756482,0.8840025754345611,0.46270620581304006,0.1029328987360441,0.013064525829394547,2024-12-04 17:55:00+00:00
2048,312,midVol_lowFine,2024-12-24 15:35:00+00:00,2025-01-08 11:35:00+00:00,2291,2293,3,3.0,0.0003014681068280667,0.0003261489932035,0.708038753600419,0.8452175728866864,0.014532600157109192,0.13810039934315746,0.0166820277701559,2025-01-08 11:35:00+00:00
2048,313,highVol_lowFine,2025-01-02 08:55:00+00:00,2025-01-15 11:40:00+00:00,2296,2298,3,3.0,0.0003769541203725,0.000383109566399,0.8904163393558523,0.859424024962451,0.06441476826394343,0.13145063736082083,0.0091253376767281,2025-01-13 11:40:00+00:00
2048,314,highVol_midFine,2025-01-07 09:00:00+00:00,2025-01-29 11:50:00+00:00,2299,2308,10,10.0,0.00037569682105207,0.0004347824534432,0.8851531814611155,0.8905641747819617,0.6192065985860173,0.10029152838604868,0.00914429683198943,2025-01-21 11:45:00+00:00
2048,315,highVol_midFine,2025-01-23 09:10:00+00:00,2025-02-07 11:55:00+00:00,2311,2315,5,5.0,0.00037244028349356004,0.0003851073291858,0.8837391987431265,0.891900410003333,0.6549882168106833,0.10068391707184288,0.00741567292482412,2025-02-05 11:55:00+00:00
2048,316,midVol_midFine,2025-02-03 09:20:00+00:00,2025-02-18 12:05:00+00:00,2318,2322,5,5.0,0.00030513365866618005,0.000323036601636,0.7333857030636292,0.892498841329766,0.6710133542812254,0.09777151157972787,0.0097296470905061,2025-02-12 12:00:00+00:00
2048,317,midVol_midFine,2025-02-11 09:25:00+00:00,2025-02-26 12:10:00+00:00,2324,2328,5,5.0,0.00024741142525541997,0.0002719753765887,0.43927729772191676,0.8829237148841781,0.4351924587588374,0.10497046922359118,0.01210581589223056,2025-02-21 12:05:00+00:00
2048,318,midVol_midFine,2025-02-19 09:30:00+00:00,2025-03-04 12:15:00+00:00,2330,2332,3,3.0,0.00026144958781393335,0.0002723668995194,0.5295888976171773,0.8954500819636239,0.7365802566116785,0.08926920403886361,0.015280713997512468,2025-03-04 12:15:00+00:00
2048,319,highVol_highFine,2025-02-25 09:35:00+00:00,2025-03-18 11:25:00+00:00,2334,2342,9,9.0,0.0003692841206275111,0.0003983482015715,0.8750545518023917,0.9188082681616017,0.9778301475080736,0.07056856466139261,0.010623167177005568,2025-03-11 11:20:00+00:00
2048,320,midVol_midFine,2025-03-12 08:45:00+00:00,2025-04-02 13:40:00+00:00,2345,2353,9,9.0,0.00027026769776676665,0.000281754470985,0.5825259666579384,0.8870547268489729,0.5384481103255652,0.10338275500473465,0.009562518146292345,2025-03-21 11:25:00+00:00
2048,321,highVol_lowFine,2025-03-26 08:55:00+00:00,2025-04-09 13:45:00+00:00,2355,2358,4,4.0,0.00047806663465575,0.0005280130786506,0.9621956009426551,0.8693440849285627,0.151413982717989,0.11571183043753487,0.01494408463390235,2025-04-09 13:45:00+00:00
2048,322,highVol_midFine,2025-04-03 11:05:00+00:00,2025-04-21 13:55:00+00:00,2361,2366,6,6.0,0.00063426003046155,0.0006939331840676,0.9910971458496988,0.886799524396256,0.5315527625032731,0.10215700285024533,0.011043472753498618,2025-04-14 13:50:00+00:00
2048,323,highVol_highFine,2025-04-11 11:10:00+00:00,2025-04-25 13:55:00+00:00,2367,2370,4,4.0,0.000427357579598125,0.0004749852452419,0.9376472898664572,0.9060882839197113,0.9012175962293795,0.08414292236526053,0.009768793715028026,2025-04-22 13:55:00+00:00
2048,324,highVol_midFine,2025-04-24 11:20:00+00:00,2025-05-09 14:05:00+00:00,2376,2380,5,5.0,0.00034163422718384,0.0003495534348837,0.833935585231736,0.8848803346858268,0.4846818538884524,0.10667324930197157,0.00844641601220146,2025-05-08 14:05:00+00:00
2048,325,highVol_midFine,2025-05-05 11:30:00+00:00,2025-05-16 14:10:00+00:00,2383,2385,3,3.0,0.0003543553475852334,0.0003621218958975,0.8571615606179628,0.8774562970921429,0.2998167059439644,0.10463121335301896,0.017912489554838203,2025-05-15 14:10:00+00:00
2048,326,midVol_midFine,2025-05-12 11:35:00+00:00,2025-05-23 14:15:00+00:00,2388,2390,3,3.0,0.0003123176642311333,0.0003207220095298,0.75949201361613,0.8912855788684358,0.6341974338832155,0.09508526020659484,0.013629160924969167,2025-05-23 14:15:00+00:00
2048,327,midVol_midFine,2025-05-20 11:40:00+00:00,2025-06-04 14:25:00+00:00,2394,2398,5,5.0,0.00031404418491782,0.0003248425151776,0.7606441476826394,0.889494242753012,0.5960722702278083,0.09645852225099437,0.01404723499599354,2025-05-30 14:20:00+00:00
2048,328,midVol_lowFine,2025-05-27 11:45:00+00:00,2025-06-09 14:30:00+00:00,2399,2401,3,3.0,0.00029419528484746666,0.0003020910888491,0.6924587588373919,0.8636944411788678,0.09766954700183295,0.12056871366460374,0.015736845156528265,2025-06-06 14:25:00+00:00
2048,329,midVol_midFine,2025-05-30 11:45:00+00:00,2025-06-12 14:30:00+00:00,2402,2404,3,3.0,0.00027793147265323337,0.0002871290276551,0.622152395915161,0.8832804184875834,0.4510343021733438,0.10653778148408881,0.010181800028327633,2025-06-12 14:30:00+00:00
2048,330,midVol_highFine,2025-06-06 11:50:00+00:00,2025-06-23 14:40:00+00:00,2407,2411,5,5.0,0.00031551420867712,0.0003223423440093,0.7687352710133541,0.9022993349645055,0.8606441476826394,0.08592745595082893,0.011773209084665379,2025-06-19 14:35:00+00:00
2048,331,midVol_midFine,2025-06-13 11:55:00+00:00,2025-07-02 14:45:00+00:00,2412,2418,7,7.0,0.0002846745208043,0.0002908000138174,0.6546964425990348,0.8777000209694669,0.3101223207271911,0.10983894386039299,0.012461035170140156,2025-06-27 14:40:00+00:00
2048,332,midVol_highFine,2025-06-24 12:05:00+00:00,2025-07-15 14:55:00+00:00,2419,2427,9,9.0,0.0002720815189898111,0.0002937063933414,0.5839224927991621,0.9067216995230584,0.9054289953740072,0.08433203297219281,0.008946267504748778,2025-07-03 14:45:00+00:00
2048,333,midVol_lowFine,2025-07-08 12:15:00+00:00,2025-07-25 15:00:00+00:00,2429,2435,7,7.0,0.0002743678812395286,0.0002805752516459,0.6062731455504433,0.8414674210143638,0.007294355291213107,0.1476941378010253,0.010838441184610744,2025-07-24 15:00:00+00:00
2048,334,midVol_midFine,2025-07-17 12:20:00+00:00,2025-07-30 15:05:00+00:00,2436,2438,3,3.0,0.0002472827737299667,0.0002561033522512,0.4416077507200838,0.88365087471328,0.4562712752029327,0.10093533065642557,0.015413794630294264,2025-07-30 15:05:00+00:00
2048,335,highVol_lowFine,2025-07-23 12:25:00+00:00,2025-08-12 15:15:00+00:00,2440,2447,8,8.0,0.00036876432974024997,0.0003773172243373,0.8792714061272584,0.8471976172088985,0.019442262372348782,0.13798670832385412,0.014815674467247313,2025-08-05 15:10:00+00:00
2048,336,midVol_midFine,2025-08-06 12:35:00+00:00,2025-08-21 15:20:00+00:00,2450,2454,5,5.0,0.00023822011766728,0.0002495627265978,0.3820895522388059,0.8843310458657483,0.4723487824037706,0.10265802501888446,0.01301092911536724,2025-08-15 15:15:00+00:00
2048,337,midVol_lowFine,2025-08-13 12:40:00+00:00,2025-09-10 15:45:00+00:00,2455,2468,14,14.0,0.0002473976244384714,0.0002666720098075,0.4419537650095388,0.8553982540371639,0.06177757827404332,0.12639308028579618,0.01820866567703983,2025-09-02 15:30:00+00:00
2048,338,midVol_midFine,2025-09-02 12:55:00+00:00,2025-09-16 15:50:00+00:00,2469,2472,4,4.0,0.000242216356395625,0.0002516028232168,0.41034956794972505,0.8898994851146471,0.6060487038491752,0.10144408147349748,0.0086564334118554,2025-09-11 15:45:00+00:00
2048,339,midVol_midFine,2025-09-09 13:10:00+00:00,2025-09-22 15:55:00+00:00,2474,2476,3,3.0,0.00026721556239250004,0.0002698498320978,0.5662477088242995,0.8808116806364049,0.388190625818277,0.1093283010112312,0.009860018352363968,2025-09-19 15:50:00+00:00
2048,340,midVol_lowFine,2025-09-12 13:10:00+00:00,2025-09-26 15:55:00+00:00,2477,2480,4,4.0,0.00025612958339945,0.0002595620870481,0.4964650432050275,0.8685678183843487,0.14238020424194814,0.119790817795356,0.01164136382029515,2025-09-26 15:55:00+00:00
2048,341,midVol_highFine,2025-09-18 13:15:00+00:00,2025-10-07 16:05:00+00:00,2481,2487,7,7.0,0.00023310995156557144,0.0002519916998816,0.3513073729098867,0.9021241469687558,0.8574234092694423,0.08665121032764692,0.011224642703597116,2025-10-06 16:05:00+00:00
2048,342,midVol_midFine,2025-09-29 13:25:00+00:00,2025-10-21 16:15:00+00:00,2488,2497,10,10.0,0.00023464281806072996,0.0002472424426827,0.35813040062843676,0.887381874178341,0.5450117831893165,0.09840999621641253,0.01420812960524639,2025-10-09 16:05:00+00:00
2048,343,lowVol_highFine,2025-10-13 13:35:00+00:00,2025-10-29 15:20:00+00:00,2498,2503,6,6.0,0.00019016756661509998,0.000198195558069,0.1382560879811469,0.9155525107691244,0.9690363969625556,0.07502377988973068,0.00942370934114485,2025-10-22 16:15:00+00:00
2048,344,midVol_highFine,2025-10-21 13:40:00+00:00,2025-11-03 16:25:00+00:00,2504,2506,3,3.0,0.00022609576215586665,0.0002299042247917,0.3021733438072794,0.9027026659308675,0.8677664310028804,0.08920971244655194,0.008087621622580534,2025-11-03 16:25:00+00:00
2048,345,midVol_midFine,2025-10-24 13:40:00+00:00,2025-11-06 16:25:00+00:00,2507,2509,3,3.0,0.00022033588939556666,0.0002223323878018,0.27127520293270485,0.8896884303212677,0.6050013092432573,0.10136835512574206,0.0089432145529902,2025-11-04 16:25:00+00:00
2048,346,lowVol_midFine,2025-10-30 12:45:00+00:00,2025-12-09 16:50:00+00:00,2511,2532,22,22.0,0.00018428322664041364,0.0002027870885579,0.11643933442833682,0.887329771711719,0.5430622009569377,0.10128376930218243,0.011386458986098436,2025-11-26 16:40:00+00:00
2048,347,lowVol_midFine,2025-12-03 14:10:00+00:00,2025-12-23 17:00:00+00:00,2535,2542,8,8.0,0.0001901799564571,0.0002008507279873,0.1394835035349568,0.8831002908962725,0.43774548311076195,0.10705126312809116,0.009848445975636264,2025-12-18 16:55:00+00:00
8192,348,highVol_midFine,2016-01-11 22:10:00+00:00,2016-04-13 09:50:00+00:00,6,44,39,39.0,0.00038076673900839223,0.0004177767184807,0.8884285351612085,0.8841862784955893,0.4538816958618939,0.10377092927384603,0.012042792230564762,2016-03-14 09:30:00+00:00
8192,349,midVol_midFine,2016-03-10 22:50:00+00:00,2016-04-25 10:00:00+00:00,49,52,4,4.0,0.00030711476174585,0.0003092289734194,0.7403960396039604,0.8870143068105543,0.5903960396039604,0.1011947026415485,0.011790990547897175,2016-04-22 09:55:00+00:00
8192,350,midVol_highFine,2016-03-16 22:55:00+00:00,2016-06-03 10:25:00+00:00,53,81,29,29.0,0.00028943998220041725,0.0003098037509881,0.6601980198019803,0.8969026068939684,0.9275110959371798,0.09419748681530664,0.008899906290724768,2016-05-06 10:05:00+00:00
8192,351,midVol_midFine,2016-04-26 23:25:00+00:00,2016-06-17 10:35:00+00:00,82,91,10,10.0,0.0002793413599486601,0.0002886125828923,0.6147326732673266,0.8870326289676956,0.592910891089109,0.09907524902185504,0.013892122010449249,2016-06-06 10:30:00+00:00
8192,352,midVol_lowFine,2016-05-10 23:35:00+00:00,2016-06-23 10:40:00+00:00,92,95,4,4.0,0.000290529724555125,0.0002969560095431,0.6653465346534653,0.8775807744696258,0.17118811881188117,0.10604880028369565,0.0163704252466784,2016-06-23 10:40:00+00:00
8192,353,highVol_lowFine,2016-05-16 23:40:00+00:00,2016-06-28 10:45:00+00:00,96,98,3,3.0,0.0004187191934646333,0.0004280997917396,0.9358415841584158,0.8752187857776584,0.11260726072607259,0.10610793927903246,0.018673274943308966,2016-06-28 10:45:00+00:00
8192,354,highVol_midFine,2016-05-19 23:40:00+00:00,2016-08-03 11:20:00+00:00,99,124,26,26.0,0.0004502905795646808,0.0004662961539572,0.9527037319116527,0.884727335576285,0.47881188118811885,0.10077609260710238,0.014496571816612475,2016-07-11 10:55:00+00:00
8192,355,midVol_highFine,2016-06-27 00:10:00+00:00,2016-08-09 11:25:00+00:00,125,128,4,4.0,0.0003065769208368,0.0003191014041694,0.733960396039604,0.8956428503126412,0.9052475247524752,0.09531924226501359,0.009037907422345025,2016-08-04 11:20:00+00:00
8192,356,midVol_midFine,2016-07-01 00:10:00+00:00,2016-08-15 11:30:00+00:00,129,132,4,4.0,0.000274185423491875,0.0002797247273923,0.5922772277227722,0.8816698825324891,0.33693069306930695,0.108057492931253,0.010272624536257751,2016-08-10 11:25:00+00:00
8192,357,midVol_midFine,2016-07-11 00:20:00+00:00,2016-09-02 11:40:00+00:00,135,146,12,12.0,0.00024421683139235,0.0002536171864402,0.3747524752475248,0.8859827503787541,0.5412541254125413,0.10180335539667335,0.01221389422457251,2016-08-19 11:30:00+00:00
8192,358,midVol_midFine,2016-07-28 00:40:00+00:00,2016-09-14 11:50:00+00:00,148,154,7,7.0,0.00025320123781530005,0.0002599718025537,0.4456577086280057,0.8905027837921239,0.7504950495049504,0.09779477486282055,0.011702441345055542,2016-09-14 11:50:00+00:00
8192,359,midVol_highFine,2016-08-08 00:50:00+00:00,2016-10-11 12:10:00+00:00,155,173,19,19.0,0.00025707066427026843,0.0002618455909739,0.48218863991662325,0.8974788780260283,0.9284835852006253,0.09116891274067486,0.011352209233296684,2016-10-10 12:10:00+00:00
8192,360,midVol_midFine,2016-09-02 01:05:00+00:00,2016-10-19 12:15:00+00:00,174,179,6,6.0,0.0002532417116716833,0.0002607596044635,0.4457425742574257,0.8889775251610469,0.6828382838283827,0.10038759027182496,0.010634884567128133,2016-10-12 12:10:00+00:00
8192,361,midVol_highFine,2016-09-12 01:15:00+00:00,2016-11-08 12:30:00+00:00,180,193,14,14.0,0.0002504766814452857,0.0002540581221397,0.4194908062234796,0.8966011802971552,0.9307213578500707,0.09407414447581808,0.009324675227026699,2016-11-07 12:30:00+00:00
8192,362,midVol_midFine,2016-09-30 01:25:00+00:00,2016-11-16 12:45:00+00:00,194,199,6,6.0,0.0003189406484809167,0.0003287892835597,0.7761056105610561,0.8867867126861904,0.5805940594059407,0.09560562931689183,0.017607657996917717,2016-11-16 12:45:00+00:00
8192,363,highVol_midFine,2016-10-10 01:35:00+00:00,2016-11-29 12:55:00+00:00,200,208,9,9.0,0.0003428749873734556,0.0003533331839377,0.8215621562156215,0.8835408913431214,0.42169416941694166,0.09960656334136982,0.01685254531550878,2016-11-29 12:55:00+00:00
8192,364,highVol_lowFine,2016-10-21 01:40:00+00:00,2016-12-07 13:00:00+00:00,209,214,6,6.0,0.00036952039078881664,0.000382975020165,0.8701650165016502,0.8769934063531526,0.15287128712871287,0.10503009862686519,0.017976495019982067,2016-12-07 13:00:00+00:00
8192,365,highVol_lowFine,2016-11-01 01:50:00+00:00,2016-12-29 06:10:00+00:00,216,229,14,14.0,0.00039210987350283573,0.0004226283255372,0.9055162659123056,0.8748176942403495,0.10364922206506368,0.10850990261811433,0.01667240314153617,2016-12-19 13:10:00+00:00
8192,366,highVol_midFine,2016-11-21 02:15:00+00:00,2017-01-25 15:30:00+00:00,230,248,19,19.0,0.0003820481467674105,0.0003942105161032,0.895841584158416,0.884223089033271,0.45388223032829605,0.10229095903530228,0.013485951931426684,2017-01-12 15:20:00+00:00
8192,367,highVol_highFine,2016-12-16 02:30:00+00:00,2017-01-30 15:35:00+00:00,249,251,3,3.0,0.00035693992329393335,0.0003597036189498,0.8426402640264027,0.8931889000492174,0.8513531353135314,0.09581784623155527,0.0109932537192272,2017-01-26 15:30:00+00:00
8192,368,highVol_highFine,2016-12-23 02:35:00+00:00,2017-02-08 15:40:00+00:00,254,258,5,5.0,0.00036377485594136003,0.0003658603558719,0.855920792079208,0.8926499240015161,0.8364356435643565,0.09494660312356243,0.01240347287492136,2017-02-07 15:40:00+00:00
8192,369,highVol_midFine,2016-12-30 19:35:00+00:00,2017-02-15 15:45:00+00:00,259,263,5,5.0,0.00034034503706972,0.0003480104057261,0.8175049504950496,0.8872857693232094,0.6036435643564356,0.10051470620664005,0.01219952447015038,2017-02-09 15:40:00+00:00
8192,370,midVol_midFine,2017-01-09 04:45:00+00:00,2017-02-21 15:50:00+00:00,264,267,4,4.0,0.00031853629873565,0.0003267163142066,0.7733663366336634,0.8897358994550074,0.7183168316831683,0.097367761473781,0.01289633907121145,2017-02-16 15:45:00+00:00
8192,371,midVol_midFine,2017-01-17 04:50:00+00:00,2017-02-28 15:55:00+00:00,270,272,3,3.0,0.00029608039257296665,0.0002994612805984,0.6893729372937294,0.8907365663605268,0.7610561056105611,0.0964608090086525,0.012802624630820632,2017-02-24 15:50:00+00:00
8192,372,midVol_highFine,2017-01-20 04:50:00+00:00,2017-03-16 16:05:00+00:00,273,284,12,12.0,0.00027967034736315,0.0002893604341879,0.6149174917491748,0.8952239829717974,0.9067986798679869,0.09281644731877696,0.011959569709425534,2017-03-01 15:55:00+00:00
8192,373,midVol_highFine,2017-02-08 05:05:00+00:00,2017-03-23 16:10:00+00:00,286,289,4,4.0,0.00026949175722387503,0.0002703781075557,0.5714851485148514,0.8922994969951937,0.8233663366336633,0.09496261578729075,0.0127378872175153,2017-03-21 16:10:00+00:00
8192,374,midVol_midFine,2017-02-17 05:10:00+00:00,2017-05-23 16:55:00+00:00,293,332,40,40.0,0.00024783373126881995,0.0002652642080316,0.4021485148514851,0.8869265353770036,0.5851188118811882,0.10028477087272732,0.012788693750269003,2017-03-31 16:15:00+00:00
8192,375,midVol_highFine,2017-04-14 05:50:00+00:00,2017-06-01 17:00:00+00:00,333,339,7,7.0,0.00026115030729705714,0.0002654253033929,0.5209052333804809,0.8934549972117617,0.8613295615275813,0.09406169042101019,0.012483312367228144,2017-05-31 17:00:00+00:00
8192,376,midVol_midFine,2017-04-28 06:00:00+00:00,2017-06-27 17:20:00+00:00,343,357,15,15.0,0.0002578294361529667,0.0002634030143138,0.48984818481848186,0.8887058596948223,0.6719735973597359,0.09959475961172647,0.011699380693451075,2017-06-15 17:10:00+00:00
8192,377,midVol_highFine,2017-05-19 06:15:00+00:00,2017-07-19 17:35:00+00:00,358,373,16,16.0,0.00026111127852129377,0.0002723814786666,0.5136633663366337,0.8957146217756734,0.911509900990099,0.09398472726204532,0.010300650962281206,2017-06-29 17:20:00+00:00
8192,378,midVol_midFine,2017-06-12 06:35:00+00:00,2017-07-24 17:40:00+00:00,374,376,3,3.0,0.00025568562453553333,0.0002568363969798,0.4674587458745874,0.8906613393680769,0.7572277227722773,0.09640376426992113,0.0129348963620018,2017-07-24 17:40:00+00:00
8192,379,midVol_highFine,2017-06-15 06:35:00+00:00,2017-08-07 17:50:00+00:00,377,386,10,10.0,0.0002665333174075,0.0002815046584487,0.5417821782178217,0.8955869699329277,0.9168712871287129,0.09153702173426963,0.01287600833280252,2017-08-04 17:45:00+00:00
8192,380,midVol_midFine,2017-06-29 06:45:00+00:00,2017-08-16 17:55:00+00:00,387,393,7,7.0,0.0002702784480976143,0.0002797570725459,0.574031117397454,0.8838207424552484,0.4364922206506365,0.10070394632953958,0.015475311215211998,2017-08-16 17:55:00+00:00
8192,381,midVol_midFine,2017-07-11 06:55:00+00:00,2017-09-22 18:30:00+00:00,395,420,26,26.0,0.0002967782971622538,0.0003067185428291,0.6934348819497334,0.8838611999800559,0.43971058644325967,0.1022588409154177,0.013879959104526276,2017-09-22 18:30:00+00:00
8192,382,midVol_highFine,2017-08-16 07:20:00+00:00,2017-10-20 18:50:00+00:00,421,440,20,20.0,0.00028644614093348503,0.0003048062373515,0.6450891089108911,0.895775003481508,0.9159405940594059,0.09309548785354546,0.011129508664946526,2017-09-25 18:35:00+00:00
8192,383,midVol_midFine,2017-09-15 07:50:00+00:00,2018-01-23 20:00:00+00:00,443,505,63,63.0,0.00024044778950288096,0.0002631846522311,0.35326104038975326,0.8868346657150987,0.5802734559170202,0.10074981582156636,0.012415518463334713,2018-01-23 20:00:00+00:00
8192,384,midVol_lowFine,2017-12-14 08:55:00+00:00,2018-01-30 20:05:00+00:00,507,510,4,4.0,0.000291541422112625,0.0002978881567192,0.669108910891089,0.8758220337308998,0.12079207920792079,0.11232536882246252,0.011852597446637525,2018-01-30 20:05:00+00:00
8192,385,midVol_midFine,2017-12-20 09:00:00+00:00,2018-02-06 20:10:00+00:00,511,515,5,5.0,0.00030856060000294,0.0003186711647438,0.7434455445544554,0.8798886363903355,0.25782178217821783,0.10798625735573068,0.012125106253933779,2018-02-06 20:10:00+00:00
8192,386,highVol_midFine,2018-01-04 09:10:00+00:00,2018-03-06 20:30:00+00:00,520,535,16,16.0,0.000339739151242175,0.0003505555532871,0.8164851485148515,0.880451381516991,0.28301980198019805,0.10759001074089386,0.01195860774211503,2018-02-19 20:20:00+00:00
8192,387,midVol_highFine,2018-02-07 09:35:00+00:00,2018-03-28 20:45:00+00:00,544,551,8,8.0,0.00028440647371009997,0.0002943998477101,0.6385148514851485,0.8944654205495112,0.8928712871287129,0.09361884303433353,0.011915736416155238,2018-03-19 20:40:00+00:00
8192,388,midVol_midFine,2018-02-19 09:45:00+00:00,2018-04-18 21:30:00+00:00,552,566,15,15.0,0.00025302571638410664,0.0002682281049796,0.44976897689768985,0.8855811613518723,0.5184950495049505,0.10276171050691567,0.01165712814121212,2018-03-29 20:45:00+00:00
8192,389,midVol_lowFine,2018-03-15 10:00:00+00:00,2018-05-07 21:45:00+00:00,570,579,10,10.0,0.00023904042174712,0.0002489286344132,0.3395247524752475,0.8758681171835276,0.12400000000000003,0.1134076290751036,0.010724253741368739,2018-05-04 21:40:00+00:00
8192,390,midVol_midFine,2018-03-29 10:10:00+00:00,2018-07-24 22:50:00+00:00,580,635,56,56.0,0.00029434350124822145,0.0003228578035516,0.6775742574257426,0.8832329854283633,0.40948373408769445,0.10433819714485534,0.012428817426781289,2018-07-01 22:35:00+00:00
8192,391,midVol_midFine,2018-06-18 11:50:00+00:00,2018-07-31 22:55:00+00:00,637,640,4,4.0,0.0002745257031089,0.0002794841484812,0.5934653465346534,0.8895020443280356,0.7054455445544555,0.09867998759719142,0.011817968074772875,2018-07-26 22:50:00+00:00
8192,392,midVol_highFine,2018-06-22 11:50:00+00:00,2018-08-09 23:00:00+00:00,641,647,7,7.0,0.0002541600755821,0.0002634192806695,0.4617256011315417,0.8930385491041182,0.8493917963224894,0.09534238777722433,0.011619063118657414,2018-08-01 22:55:00+00:00
8192,393,midVol_midFine,2018-07-03 12:00:00+00:00,2018-08-14 23:05:00+00:00,648,650,3,3.0,0.00025067998632103333,0.0002531672100456,0.42072607260726075,0.8904787566843102,0.74996699669967,0.09770933958735017,0.0118119037283396,2018-08-14 23:05:00+00:00
8192,394,midVol_midFine,2018-07-10 12:05:00+00:00,2018-08-27 23:15:00+00:00,653,659,7,7.0,0.00026131919353487143,0.0002660328743113,0.5213578500707213,0.8897662571574296,0.7192079207920792,0.09909107676266782,0.011142666079902358,2018-08-26 23:15:00+00:00
8192,395,midVol_highFine,2018-07-23 12:15:00+00:00,2018-09-24 23:35:00+00:00,662,679,18,18.0,0.0002676069624328,0.0002758060871812,0.561936193619362,0.8950835916650102,0.9030143014301429,0.09363461213003038,0.0112817962049596,2018-09-18 23:30:00+00:00
8192,396,midVol_highFine,2018-08-17 12:30:00+00:00,2018-10-01 23:40:00+00:00,681,684,4,4.0,0.00026252788753062503,0.0002648957694784,0.5350495049504951,0.8938462187377789,0.8728712871287129,0.09446023456148375,0.0116935467007373,2018-09-27 23:35:00+00:00
8192,397,midVol_midFine,2018-08-23 12:35:00+00:00,2018-11-14 00:10:00+00:00,685,715,31,31.0,0.0002579898150341774,0.0002613791377921,0.4917278824656659,0.883349288502569,0.4164675822420951,0.1050054986683192,0.011645212829111413,2018-10-03 23:40:00+00:00
8192,398,midVol_lowFine,2018-10-05 13:05:00+00:00,2018-12-12 00:30:00+00:00,716,735,20,20.0,0.000274108759874275,0.0002830126144678,0.5917623762376238,0.8732270141786159,0.08190099009900989,0.11462980707156109,0.012143178749822875,2018-12-11 00:30:00+00:00
8192,399,midVol_midFine,2018-11-02 13:25:00+00:00,2019-01-24 15:20:00+00:00,736,765,30,30.0,0.00027838602412339,0.0002859650719096,0.6084224422442245,0.8850372038497815,0.4956303630363036,0.10109009503611992,0.013872701114098556,2019-01-09 15:10:00+00:00
8192,400,midVol_midFine,2018-12-17 14:00:00+00:00,2019-02-22 15:40:00+00:00,767,786,20,20.0,0.00023637635656872501,0.0002614288347273,0.3467722772277228,0.8841502825052612,0.45168316831683175,0.10185253418541411,0.013997183309324613,2019-01-28 15:25:00+00:00
8192,401,lowVol_midFine,2019-01-16 04:40:00+00:00,2019-03-14 14:55:00+00:00,787,800,14,14.0,0.00020300341462508572,0.0002079394856144,0.16082036775106082,0.8840692013579118,0.4502404526166904,0.10362241393840337,0.012308384703684741,2019-03-05 15:50:00+00:00
8192,402,lowVol_lowFine,2019-02-05 04:55:00+00:00,2019-03-21 15:00:00+00:00,801,805,5,5.0,0.00019734480444656,0.0002053814826824,0.13203960396039602,0.8755636524117982,0.13235643564356436,0.1125196837752566,0.01191666381294502,2019-03-21 15:00:00+00:00
8192,403,midVol_lowFine,2019-02-12 05:00:00+00:00,2019-03-26 15:10:00+00:00,806,808,3,3.0,0.00021304117842163334,0.0002137693728517,0.21821782178217822,0.8695552912896168,0.03643564356435644,0.11848331115933768,0.011961397551045534,2019-03-22 15:00:00+00:00
8192,404,midVol_lowFine,2019-02-19 05:05:00+00:00,2019-04-02 17:20:00+00:00,811,813,3,3.0,0.00021209956939829998,0.0002132012651946,0.21412541254125414,0.8750041677165878,0.10613861386138614,0.11229153385390815,0.0127042984295039,2019-03-29 15:10:00+00:00
8192,405,lowVol_midFine,2019-02-22 05:05:00+00:00,2019-04-29 17:40:00+00:00,814,832,19,19.0,0.0002031659315686842,0.0002099146011627,0.16281396560708702,0.8838825471368404,0.4415216258467952,0.10408049665373544,0.012036956209424054,2019-04-03 17:20:00+00:00
8192,406,lowVol_midFine,2019-03-25 04:35:00+00:00,2019-05-10 17:45:00+00:00,835,841,7,7.0,0.00018211776740272855,0.0001843575743867,0.06161244695898161,0.8873674385788516,0.605827439886846,0.10152587309437609,0.011106688326772215,2019-05-03 17:40:00+00:00
8192,407,lowVol_lowFine,2019-04-08 06:50:00+00:00,2019-06-14 06:15:00+00:00,845,865,21,21.0,0.0001834419648858714,0.0001951949613292,0.06851485148514853,0.8733765483394488,0.08754361150400755,0.11516255693102288,0.011460894729528267,2019-06-11 06:15:00+00:00
8192,408,lowVol_midFine,2019-05-10 07:10:00+00:00,2019-07-03 06:30:00+00:00,869,878,10,10.0,0.00020237679466270997,0.000208181954455,0.1576237623762376,0.8860658190973272,0.5441980198019801,0.10302780930467967,0.01090637159799304,2019-07-03 06:30:00+00:00
8192,409,lowVol_midFine,2019-05-27 19:30:00+00:00,2019-07-10 06:35:00+00:00,880,883,4,4.0,0.00020586980681130002,0.0002066087076154,0.17475247524752474,0.890724744967023,0.7600990099009901,0.09809994042987873,0.011175314603097975,2019-07-08 06:35:00+00:00
8192,410,lowVol_highFine,2019-05-31 19:30:00+00:00,2019-07-25 06:45:00+00:00,884,894,11,11.0,0.0001963718732458,0.0002080819972571,0.1300450045004501,0.9005898102726945,0.9677047704770477,0.0891216076119752,0.01028858211533041,2019-07-12 06:35:00+00:00
8192,411,lowVol_midFine,2019-06-17 19:45:00+00:00,2019-07-31 06:50:00+00:00,895,898,4,4.0,0.00018767299987875,0.000192290916849,0.08920792079207922,0.8902083928996172,0.7378217821782178,0.09989118100460855,0.009900426095774123,2019-07-26 06:45:00+00:00
8192,412,lowVol_highFine,2019-06-21 19:45:00+00:00,2019-08-05 06:55:00+00:00,899,901,3,3.0,0.0001874767380444,0.000189136512347,0.09003300330033004,0.8960095696336169,0.926072607260726,0.09317977685321926,0.010810653513163833,2019-08-02 06:50:00+00:00
8192,413,lowVol_midFine,2019-06-26 19:50:00+00:00,2019-08-08 06:55:00+00:00,902,904,3,3.0,0.00019118851957339997,0.000193646982135,0.10508250825082509,0.8909521912211348,0.7700330033003301,0.09697958224906002,0.012068226529805132,2019-08-08 06:55:00+00:00
8192,414,lowVol_midFine,2019-07-03 19:55:00+00:00,2019-09-03 07:15:00+00:00,907,922,16,16.0,0.0002030464146506,0.0002077574239312,0.1613366336633663,0.8870272955050735,0.5916089108910891,0.1003775823027181,0.012595122192208237,2019-09-03 07:15:00+00:00
8192,415,lowVol_highFine,2019-07-31 20:15:00+00:00,2019-09-12 07:20:00+00:00,927,929,3,3.0,0.00020443324204363333,0.0002072618418904,0.1673927392739274,0.8951486331536355,0.909042904290429,0.090776336127525,0.014075030718839499,2019-09-10 07:20:00+00:00
8192,416,lowVol_midFine,2019-08-07 20:20:00+00:00,2019-10-01 07:35:00+00:00,932,942,11,11.0,0.00020698907817788182,0.0002093025137496,0.18120612061206118,0.8810379086477164,0.30847884788478847,0.10621968391303532,0.012742407439248092,2019-09-17 07:25:00+00:00
8192,417,midVol_midFine,2019-08-26 20:35:00+00:00,2019-10-11 07:40:00+00:00,945,950,6,6.0,0.00021103067005144997,0.0002120571366988,0.2083828382838284,0.8848704694282001,0.48495049504950494,0.10373651366042551,0.011393016911374183,2019-10-08 07:40:00+00:00
8192,418,midVol_lowFine,2019-09-05 20:40:00+00:00,2019-10-22 07:50:00+00:00,953,957,5,5.0,0.00021347433041118,0.0002150655316336,0.22059405940594062,0.8774575140860215,0.1668910891089109,0.11149703620475804,0.01104544970922024,2019-10-21 07:50:00+00:00
8192,419,lowVol_midFine,2019-09-12 20:45:00+00:00,2019-10-30 06:55:00+00:00,958,963,6,6.0,0.00020016632319319998,0.0002036983603042,0.14752475247524752,0.8890162090722256,0.6872607260726071,0.10022110377482389,0.010762687152950366,2019-10-23 07:50:00+00:00
8192,420,lowVol_highFine,2019-09-20 20:50:00+00:00,2019-11-18 08:10:00+00:00,964,976,13,13.0,0.00019030421134526922,0.0001980112737242,0.10236100533130238,0.8945346199065802,0.888926123381569,0.09553771908276362,0.009927661010656062,2019-11-04 08:00:00+00:00
8192,421,lowVol_highFine,2019-10-11 21:05:00+00:00,2019-12-10 08:25:00+00:00,979,992,14,14.0,0.00015482456142739288,0.0001705090815624,0.010862800565770865,0.8961870388789969,0.9186704384724188,0.0919413412831266,0.011871619837876235,2019-11-21 08:10:00+00:00
8192,422,lowVol_midFine,2019-10-31 20:20:00+00:00,2020-01-24 00:05:00+00:00,993,1023,31,31.0,0.0001622650435321613,0.000171381461836,0.01963589907377835,0.8852262348942396,0.5024592781858831,0.10096615961079465,0.01380760549496568,2020-01-13 00:00:00+00:00
8192,423,lowVol_highFine,2019-12-13 21:50:00+00:00,2020-02-05 00:15:00+00:00,1024,1031,8,8.0,0.0001517405064545,0.0001534198785107,0.006683168316831684,0.8933047125797502,0.8556435643564357,0.09439597649166356,0.012299310928586087,2020-01-27 00:10:00+00:00
8192,424,lowVol_highFine,2019-12-27 13:05:00+00:00,2020-02-19 00:50:00+00:00,1033,1041,9,9.0,0.0001532620390254,0.0001550530070411,0.009372937293729374,0.8927901249573043,0.8404840484048406,0.09512191736345642,0.0120879576792392,2020-02-07 00:15:00+00:00
8192,425,lowVol_midFine,2020-01-10 13:20:00+00:00,2020-03-03 01:00:00+00:00,1042,1050,9,9.0,0.00016930712418465556,0.0002047815954859,0.045148514851485154,0.8874498501423759,0.6089768976897689,0.1003740890210411,0.012176060836582845,2020-03-03 01:00:00+00:00
8192,426,midVol_midFine,2020-01-23 13:30:00+00:00,2020-03-12 00:05:00+00:00,1051,1057,7,7.0,0.00026470553195371427,0.0003166459882992,0.4930693069306931,0.8859795802280966,0.5392362093352193,0.10362840017010197,0.010392019601801286,2020-03-12 00:05:00+00:00
8192,427,highVol_midFine,2020-02-10 13:45:00+00:00,2020-05-01 02:55:00+00:00,1063,1093,31,31.0,0.0005283064642584838,0.0005780816071035,0.9854104120089427,0.8888916374201253,0.6773043755988504,0.09953560888100746,0.011572753698867134,2020-04-09 02:35:00+00:00
8192,428,highVol_midFine,2020-03-25 13:45:00+00:00,2020-05-08 03:00:00+00:00,1095,1098,4,4.0,0.00035042739924475005,0.0003645730118206,0.8339603960396039,0.8865004497201185,0.5614851485148514,0.10035518023024241,0.013144370049638974,2020-05-05 03:00:00+00:00
8192,429,midVol_midFine,2020-03-31 15:55:00+00:00,2020-06-02 03:20:00+00:00,1099,1115,17,17.0,0.00029823658361103527,0.0003266612405274,0.6972626674432149,0.8842983000269075,0.46150262085032034,0.10386974127954009,0.01183195869355239,2020-05-11 03:05:00+00:00
8192,430,midVol_highFine,2020-04-28 16:20:00+00:00,2020-06-11 03:25:00+00:00,1119,1122,4,4.0,0.000294030530362475,0.0002959547445329,0.6801980198019802,0.8930277059856111,0.849009900990099,0.0948255877562988,0.012146706258090048,2020-06-09 03:25:00+00:00
8192,431,midVol_midFine,2020-05-04 16:25:00+00:00,2020-07-16 03:50:00+00:00,1123,1147,25,25.0,0.00030537197694302,0.0003125065028991,0.7320237623762378,0.8859160418390363,0.5383287128712871,0.10133834905028113,0.012745609110682421,2020-06-25 03:35:00+00:00
8192,432,midVol_midFine,2020-06-09 16:50:00+00:00,2020-08-27 04:30:00+00:00,1149,1177,29,29.0,0.00028235659901395177,0.0002990797606792,0.6288562649368385,0.8824389562173451,0.3723864800273131,0.10479254435495564,0.012768499427699205,2020-08-24 04:20:00+00:00
8192,433,midVol_lowFine,2020-07-20 17:20:00+00:00,2020-09-02 04:45:00+00:00,1178,1181,4,4.0,0.000303625903297375,0.0003054877494148,0.7252475247524752,0.8764843539927097,0.13821782178217823,0.11038464924897848,0.013130996758311727,2020-09-02 04:45:00+00:00
8192,434,midVol_lowFine,2020-07-28 17:25:00+00:00,2020-09-09 04:50:00+00:00,1184,1186,3,3.0,0.00030365680819113334,0.0003056800556994,0.7251485148514852,0.8780189888889431,0.1846864686468647,0.1092671225879821,0.012713888523074701,2020-09-07 04:50:00+00:00
8192,435,midVol_midFine,2020-07-31 17:25:00+00:00,2020-10-01 05:20:00+00:00,1187,1202,16,16.0,0.0002898345511524375,0.0002982299786839,0.6623762376237623,0.8847757324993422,0.4812376237623762,0.10297097647868036,0.01225329102197743,2020-09-11 05:05:00+00:00
8192,436,midVol_highFine,2020-08-24 17:45:00+00:00,2020-10-13 05:30:00+00:00,1203,1210,8,8.0,0.00027282943110895,0.0002831462633649,0.5808415841584158,0.8938633173221875,0.868910891089109,0.09568718174892288,0.0104495009288895,2020-10-02 05:20:00+00:00
8192,437,midVol_midFine,2020-09-03 18:10:00+00:00,2020-10-19 05:35:00+00:00,1211,1214,4,4.0,0.00025050864478922503,0.0002541812034781,0.41940594059405945,0.8915306999458239,0.790990099009901,0.09725249388715662,0.011216806167019325,2020-10-14 05:30:00+00:00
8192,438,midVol_midFine,2020-09-10 18:30:00+00:00,2020-10-29 04:40:00+00:00,1216,1222,7,7.0,0.0002355525498302429,0.0002395746997812,0.3185855728429986,0.8905061588172519,0.7503818953323903,0.09740337995836548,0.012090461224382515,2020-10-21 05:35:00+00:00
8192,439,midVol_highFine,2020-09-21 18:40:00+00:00,2020-11-04 05:45:00+00:00,1223,1226,4,4.0,0.0002277058396788,0.0002332978084997,0.28,0.8925176355025448,0.8326732673267326,0.09538768411572005,0.012094680381734977,2020-11-04 05:45:00+00:00
8192,440,midVol_midFine,2020-09-25 18:40:00+00:00,2020-11-09 05:50:00+00:00,1227,1229,3,3.0,0.0002448754413508,0.0002478062686642,0.3778217821782179,0.8901284264322739,0.735973597359736,0.09723781457199383,0.012633758995732268,2020-11-09 05:50:00+00:00
8192,441,midVol_highFine,2020-09-30 18:45:00+00:00,2020-11-23 06:00:00+00:00,1230,1239,10,10.0,0.00025353374171863997,0.0002554203566855,0.44617821782178224,0.8942721608897086,0.8850297029702971,0.09225982152369303,0.013468017586598371,2020-11-13 05:50:00+00:00
8192,442,midVol_highFine,2020-10-16 18:55:00+00:00,2020-12-09 01:15:00+00:00,1242,1250,9,9.0,0.00025857305808935554,0.0002624884898408,0.49751375137513754,0.8930989298609333,0.8499889988998901,0.09350986347929517,0.0133912066597714,2020-12-08 01:15:00+00:00
8192,443,midVol_highFine,2020-10-30 18:05:00+00:00,2020-12-16 01:20:00+00:00,1252,1255,4,4.0,0.000258804895455525,0.000263769191563,0.5016831683168317,0.8925143114794509,0.8311881188118811,0.09483335614171698,0.012652332378831949,2020-12-15 01:20:00+00:00
8192,444,midVol_midFine,2020-11-05 19:10:00+00:00,2021-01-04 16:20:00+00:00,1256,1267,12,12.0,0.00023835650117792499,0.0002473272199,0.33323432343234316,0.8837674268999925,0.43623762376237635,0.1040922872471207,0.012140285852886566,2020-12-17 01:20:00+00:00
8192,445,midVol_highFine,2020-11-26 19:25:00+00:00,2021-02-22 17:25:00+00:00,1271,1302,32,32.0,0.00024666902548026875,0.0002611152921162,0.40629950495049505,0.8984139722761648,0.9431188118811881,0.09064988643092389,0.010936141292911126,2021-01-12 16:25:00+00:00
8192,446,midVol_midFine,2021-01-20 05:55:00+00:00,2021-03-17 16:40:00+00:00,1307,1319,13,13.0,0.0002240637004770231,0.0002277204637355,0.264889565879665,0.8867433467265984,0.5764813404417365,0.1014440562350187,0.011812597038382947,2021-03-08 17:35:00+00:00
8192,447,midVol_lowFine,2021-02-08 06:20:00+00:00,2021-03-29 18:55:00+00:00,1320,1327,8,8.0,0.0002294220969083375,0.0002324797620633,0.2882673267326733,0.8766494742710863,0.1427722772277228,0.11016126085725769,0.013189264871655913,2021-03-26 16:45:00+00:00
8192,448,midVol_lowFine,2021-02-19 06:45:00+00:00,2021-04-06 19:00:00+00:00,1329,1333,5,5.0,0.00023095465992858003,0.0002326212706025,0.2947326732673267,0.8773620035851003,0.16491089108910892,0.11010451008231414,0.01253348633258534,2021-04-01 18:55:00+00:00
8192,449,midVol_lowFine,2021-03-01 06:55:00+00:00,2021-04-14 19:05:00+00:00,1335,1339,5,5.0,0.00021535370468801998,0.0002187224389285,0.23009900990099008,0.8763141367436905,0.13544554455445543,0.11105987326422924,0.01262598999208012,2021-04-08 19:00:00+00:00
8192,450,lowVol_midFine,2021-03-08 07:00:00+00:00,2021-04-19 19:30:00+00:00,1340,1342,3,3.0,0.00020599941395253336,0.0002062187257171,0.17557755775577558,0.8797402943534517,0.2528052805280528,0.10768401239038006,0.012575693256168266,2021-04-15 19:15:00+00:00
8192,451,lowVol_lowFine,2021-03-11 07:00:00+00:00,2021-04-26 20:05:00+00:00,1343,1347,5,5.0,0.00020092592591622002,0.0002042858015591,0.1512079207920792,0.8742647336119657,0.1066930693069307,0.11189007697536373,0.013845189412670562,2021-04-20 19:30:00+00:00
8192,452,lowVol_midFine,2021-03-18 06:05:00+00:00,2021-04-29 20:15:00+00:00,1348,1350,3,3.0,0.0001957717966431,0.0001958148671556,0.126996699669967,0.8792789223604465,0.23326732673267325,0.10829160441656537,0.012429473222988,2021-04-28 20:15:00+00:00
8192,453,lowVol_midFine,2021-03-30 08:20:00+00:00,2021-05-11 20:45:00+00:00,1356,1358,3,3.0,0.00020445706619126667,0.0002051297217758,0.16633663366336635,0.8806656431885154,0.29201320132013203,0.10642177615744956,0.012912580654035033,2021-05-11 20:45:00+00:00
8192,454,midVol_midFine,2021-04-02 08:20:00+00:00,2021-06-02 17:25:00+00:00,1359,1373,15,15.0,0.00021516237086435997,0.0002167508898764,0.22920132013201328,0.8873377164157219,0.6065742574257426,0.10069079321813636,0.011971490366141547,2021-05-25 21:15:00+00:00
8192,455,midVol_midFine,2021-04-26 09:30:00+00:00,2021-06-09 17:30:00+00:00,1375,1378,4,4.0,0.000216896033447025,0.0002182327267383,0.2382178217821782,0.8896241581129181,0.7139603960396039,0.09766652743055425,0.012709314456527525,2021-06-04 17:25:00+00:00
8192,456,midVol_highFine,2021-04-30 09:50:00+00:00,2021-06-16 17:35:00+00:00,1379,1383,5,5.0,0.00021238391127342002,0.0002156285169918,0.2152871287128713,0.894667799112311,0.8948910891089108,0.09301760892626829,0.012314591961420578,2021-06-10 17:30:00+00:00
8192,457,midVol_midFine,2021-05-07 10:05:00+00:00,2021-06-23 17:40:00+00:00,1384,1388,5,5.0,0.00021721271860774004,0.0002230307842632,0.23675247524752474,0.8857697014575663,0.5312475247524753,0.10018819583525643,0.014042102707177161,2021-06-17 17:35:00+00:00
8192,458,lowVol_midFine,2021-05-25 10:40:00+00:00,2021-07-07 17:50:00+00:00,1396,1398,3,3.0,0.00020913929760343333,0.0002095388989793,0.1936633663366337,0.8839191980634268,0.4366996699669967,0.10140486582579349,0.014675936110779634,2021-07-06 17:50:00+00:00
8192,459,midVol_midFine,2021-05-28 10:40:00+00:00,2021-07-14 17:55:00+00:00,1399,1403,5,5.0,0.00021129415056046,0.0002130225960376,0.20966336633663368,0.8859007082871276,0.533940594059406,0.09960997609142648,0.014489315621445781,2021-07-13 17:55:00+00:00
8192,460,midVol_midFine,2021-06-09 06:55:00+00:00,2021-07-23 18:00:00+00:00,1406,1410,5,5.0,0.00021223506410402004,0.0002142392890968,0.21473267326732676,0.8806719429269977,0.292990099009901,0.10670106976105198,0.01262698731195038,2021-07-23 18:00:00+00:00
8192,461,lowVol_midFine,2021-06-17 07:00:00+00:00,2021-08-17 18:30:00+00:00,1412,1427,16,16.0,0.00019489537034424377,0.0002051980078482,0.12396039603960397,0.8822940555622069,0.3666831683168317,0.10684074624455252,0.010865198193240494,2021-07-27 18:05:00+00:00
8192,462,lowVol_midFine,2021-07-12 07:20:00+00:00,2021-09-03 18:40:00+00:00,1429,1440,12,12.0,0.00018197055806993333,0.0001864033933758,0.061485148514851505,0.8852075977261048,0.4983498349834983,0.10403825715469171,0.010754145119203357,2021-08-19 18:30:00+00:00
8192,463,lowVol_midFine,2021-07-29 07:30:00+00:00,2021-09-13 18:50:00+00:00,1442,1446,5,5.0,0.00017515085742392,0.0001762968054386,0.04015841584158416,0.8874923875245919,0.6116435643564356,0.10257326431471894,0.00993434816068898,2021-09-09 18:45:00+00:00
8192,464,lowVol_highFine,2021-08-05 07:35:00+00:00,2021-09-17 18:50:00+00:00,1447,1450,4,4.0,0.0001741946307454,0.0001744740328946,0.036237623762376235,0.8921675943075322,0.8192079207920793,0.0977148840205102,0.0101175216719576,2021-09-17 18:50:00+00:00
8192,465,lowVol_highFine,2021-08-12 07:50:00+00:00,2021-10-22 19:15:00+00:00,1452,1475,24,24.0,0.0001818916546400792,0.0001858269283098,0.061798679867986796,0.8963962078590365,0.9206435643564355,0.09363460148619777,0.009969190654765675,2021-10-06 19:05:00+00:00
8192,466,lowVol_midFine,2021-09-15 08:15:00+00:00,2021-11-01 18:25:00+00:00,1476,1481,6,6.0,0.00018189099729495003,0.0001867334938765,0.06231023102310231,0.8854617408590206,0.516897689768977,0.10118437000717766,0.013353889133801533,2021-11-01 18:25:00+00:00
8192,467,lowVol_lowFine,2021-09-23 08:20:00+00:00,2021-11-19 19:35:00+00:00,1482,1495,14,14.0,0.0001894188173348857,0.0002065891935041,0.09753889674681751,0.870958876834169,0.049844413012729856,0.11306925171851082,0.015971871447320048,2021-11-19 19:35:00+00:00
8192,468,midVol_lowFine,2021-10-13 08:35:00+00:00,2021-11-26 19:40:00+00:00,1496,1500,5,5.0,0.00021602525243668002,0.0002214220668326,0.23239603960396038,0.8746520918419158,0.11144554455445546,0.11125107908725936,0.014096829070824718,2021-11-26 19:40:00+00:00
8192,469,midVol_lowFine,2021-10-21 08:40:00+00:00,2021-12-02 19:45:00+00:00,1502,1504,3,3.0,0.00023625121560863334,0.0002385111810696,0.3209240924092409,0.876519422096082,0.14363036303630364,0.10934920043324926,0.014131377470668666,2021-12-02 19:45:00+00:00
8192,470,midVol_midFine,2021-10-29 08:45:00+00:00,2022-02-02 20:40:00+00:00,1508,1548,41,41.0,0.0002338649512069415,0.0002509703238866,0.31753682685341705,0.8860623228106997,0.5433663366336633,0.10076845653698352,0.013169220652316727,2021-12-20 20:05:00+00:00
8192,471,midVol_lowFine,2021-12-27 09:40:00+00:00,2022-02-21 20:55:00+00:00,1549,1561,13,13.0,0.0002501206158317,0.0002634016080999,0.42729626808834725,0.8715630379218381,0.06495049504950495,0.11450165383518018,0.01393530824298159,2022-02-21 20:55:00+00:00
8192,472,midVol_lowFine,2022-01-14 09:50:00+00:00,2022-02-25 20:55:00+00:00,1563,1565,3,3.0,0.00027673672295046666,0.0002853095172036,0.6011881188118813,0.876911491073158,0.151023102310231,0.11008589463377684,0.013002614293065033,2022-02-25 20:55:00+00:00
8192,473,midVol_midFine,2022-01-19 09:55:00+00:00,2022-03-04 21:00:00+00:00,1566,1570,5,5.0,0.00030780541427024005,0.0003198539897368,0.7386930693069307,0.8834198706620103,0.4161584158415842,0.10451472308429417,0.012065406253695319,2022-03-04 21:00:00+00:00
8192,474,highVol_midFine,2022-01-31 10:05:00+00:00,2022-04-04 22:30:00+00:00,1574,1591,18,18.0,0.00037743455018375,0.0003866174241534,0.8865566556655666,0.8872700120467909,0.6047964796479648,0.10201027060321079,0.010719717349998194,2022-04-03 22:30:00+00:00
8192,475,highVol_midFine,2022-02-25 10:20:00+00:00,2022-04-18 22:40:00+00:00,1593,1601,9,9.0,0.0003577769574197444,0.000375622656703,0.8463366336633663,0.8868673553553533,0.5798899889988999,0.10186844085101858,0.011264203793627955,2022-04-06 22:30:00+00:00
8192,476,midVol_midFine,2022-03-11 10:30:00+00:00,2022-05-03 22:50:00+00:00,1603,1612,10,10.0,0.00031336421231929,0.0003230864053661,0.7612673267326733,0.8854526666905193,0.5147722772277228,0.1020895617029737,0.01245777160650704,2022-05-03 22:50:00+00:00
8192,477,highVol_midFine,2022-03-25 09:40:00+00:00,2022-05-12 22:55:00+00:00,1613,1619,7,7.0,0.00034102385951458573,0.0003485138344703,0.8189533239038189,0.8832131705790942,0.40644978783592645,0.10532946649618215,0.011457362924723685,2022-05-12 22:55:00+00:00
8192,478,highVol_midFine,2022-04-06 11:55:00+00:00,2022-06-13 23:20:00+00:00,1621,1641,21,21.0,0.00036443085015587615,0.0003726876908909,0.858180103724658,0.8874177118379917,0.6098632720414899,0.1017871790372222,0.010795109124786125,2022-06-01 23:10:00+00:00
8192,479,highVol_highFine,2022-05-05 12:15:00+00:00,2022-06-30 23:30:00+00:00,1642,1654,13,13.0,0.00036649916079878455,0.0003717143565492,0.8621477532368622,0.8947750603162827,0.8966336633663369,0.09214002197154304,0.013084917712174291,2022-06-19 23:25:00+00:00
8192,480,highVol_midFine,2022-05-24 12:30:00+00:00,2022-07-06 23:35:00+00:00,1655,1658,4,4.0,0.00036438086330819997,0.0003682591825805,0.8568316831683168,0.8910689957283312,0.7726732673267327,0.09357427118337208,0.015356733088296649,2022-07-06 23:35:00+00:00
8192,481,highVol_highFine,2022-05-30 12:35:00+00:00,2022-07-19 23:45:00+00:00,1659,1667,9,9.0,0.00039174284679543335,0.0004142674846848,0.9053465346534654,0.8935031357996883,0.8618261826182617,0.09171364364715855,0.01478322055315299,2022-07-19 23:45:00+00:00
8192,482,highVol_lowFine,2022-06-13 12:45:00+00:00,2022-08-12 00:10:00+00:00,1669,1684,16,16.0,0.00041790641750029996,0.0004249550190761,0.935470297029703,0.8753231977214142,0.11554455445544554,0.11196736600081263,0.012709436277773017,2022-08-11 00:10:00+00:00
8192,483,highVol_lowFine,2022-07-06 13:00:00+00:00,2022-08-31 00:35:00+00:00,1686,1697,12,12.0,0.00040404043675305,0.0004203652978287,0.9231353135313531,0.872839524436475,0.07821782178217823,0.1156831030533575,0.011477372510167385,2022-08-16 00:15:00+00:00
8192,484,highVol_midFine,2022-07-22 13:10:00+00:00,2022-09-12 00:45:00+00:00,1698,1705,8,8.0,0.00038406230008663746,0.0003894124108247,0.9015841584158416,0.881132107473102,0.312029702970297,0.10613737820145934,0.012730514325438588,2022-09-05 00:40:00+00:00
8192,485,highVol_lowFine,2022-08-03 13:30:00+00:00,2022-09-26 00:55:00+00:00,1706,1715,10,10.0,0.00040100926760254,0.000419334286727,0.9205940594059407,0.8667703152489759,0.03417821782178219,0.11908299598654792,0.01414668876447609,2022-09-26 00:55:00+00:00
8192,486,highVol_midFine,2022-08-17 13:50:00+00:00,2022-10-21 01:30:00+00:00,1716,1734,19,19.0,0.0004876205460594579,0.0005099980779679,0.9768212610734756,0.8848888955634441,0.48890046899426787,0.10280811027189178,0.012302994164663905,2022-10-18 01:30:00+00:00
8192,487,highVol_highFine,2022-09-13 14:10:00+00:00,2022-11-02 00:40:00+00:00,1735,1742,8,8.0,0.0005130946867005751,0.0005182750708205,0.9896534653465346,0.8954324431005762,0.9156435643564357,0.09391739562783738,0.010650161271586288,2022-10-31 00:40:00+00:00
8192,488,highVol_midFine,2022-09-23 14:15:00+00:00,2022-11-09 01:55:00+00:00,1743,1747,5,5.0,0.0004937439450454001,0.0005154949667192,0.9815445544554455,0.8830539834256736,0.40300990099009903,0.10506242963211439,0.01188358694221188,2022-11-03 00:50:00+00:00
8192,489,highVol_lowFine,2022-09-30 14:20:00+00:00,2022-11-15 02:00:00+00:00,1748,1751,4,4.0,0.000487946408169775,0.0004939443086408,0.9788118811881188,0.8743046050653371,0.09396039603960396,0.11272329210952063,0.012972102825142124,2022-11-11 01:55:00+00:00
8192,490,highVol_lowFine,2022-10-10 14:40:00+00:00,2022-12-13 02:20:00+00:00,1754,1771,18,18.0,0.00047856098705855555,0.000507264563794,0.9721232123212322,0.8765068367384049,0.1433883388338834,0.1098518319287364,0.01364133133285863,2022-11-18 02:00:00+00:00
8192,491,highVol_midFine,2022-11-03 14:15:00+00:00,2023-01-18 03:35:00+00:00,1772,1797,26,26.0,0.0003979997689793038,0.000461541553178,0.9041888804265041,0.8831536927807063,0.406016755521706,0.10542279172780367,0.011423515491490064,2022-12-14 02:20:00+00:00
8192,492,highVol_midFine,2022-12-13 15:45:00+00:00,2023-01-26 03:50:00+00:00,1800,1803,4,4.0,0.00034000977751932497,0.0003483307700039,0.8164356435643565,0.8804434553106218,0.2816831683168317,0.10801352612524182,0.011543018564136174,2023-01-23 03:40:00+00:00
8192,493,midVol_midFine,2022-12-20 15:50:00+00:00,2023-02-01 05:00:00+00:00,1805,1807,3,3.0,0.0003224501908676667,0.0003241742195367,0.7865346534653467,0.8810792018649294,0.3086468646864686,0.10524871687318417,0.013672081261886333,2023-01-30 05:00:00+00:00
8192,494,highVol_midFine,2022-12-27 16:20:00+00:00,2023-02-21 19:45:00+00:00,1810,1821,12,12.0,0.0003418438522328584,0.0003497263654386,0.8201980198019801,0.8844763261683006,0.47042904290429033,0.10277290876854828,0.012750765063151,2023-02-08 05:30:00+00:00
8192,495,midVol_highFine,2023-01-13 16:55:00+00:00,2023-04-06 14:25:00+00:00,1823,1843,21,21.0,0.0003115421634999,0.0003251205808146,0.7514757190004715,0.8954274904200461,0.9087977369165489,0.09279820772183373,0.011774301858120076,2023-03-23 15:50:00+00:00
8192,496,midVol_midFine,2023-02-13 19:00:00+00:00,2023-04-26 06:55:00+00:00,1844,1852,9,9.0,0.0002866432750157889,0.0002936947064639,0.6469086908690869,0.8835804512156106,0.42503850385038505,0.1025504377941339,0.013869110990255479,2023-04-10 13:55:00+00:00
8192,497,midVol_lowFine,2023-03-01 01:10:00+00:00,2023-06-05 01:20:00+00:00,1853,1871,19,19.0,0.0002703631183482105,0.0002930741450815,0.5534966128191767,0.8752314173571508,0.11112037519541426,0.11130070646318077,0.01346787617966829,2023-05-05 15:15:00+00:00
8192,498,midVol_midFine,2023-04-20 18:30:00+00:00,2023-07-03 14:25:00+00:00,1878,1885,8,8.0,0.000235438845352275,0.0002407915188256,0.3174752475247524,0.8795464538502473,0.24435643564356435,0.1056372538380351,0.014816292311717525,2023-06-19 06:30:00+00:00
8192,499,midVol_midFine,2023-05-11 08:45:00+00:00,2023-07-19 07:05:00+00:00,1888,1893,6,6.0,0.00023069775475968333,0.0002328545298925,0.2936633663366337,0.8805588686999672,0.28811881188118815,0.10422451209657015,0.015216619203462498,2023-07-19 07:05:00+00:00
8192,500,midVol_midFine,2023-05-30 09:25:00+00:00,2023-08-01 17:25:00+00:00,1897,1900,4,4.0,0.0002424066909642,0.0002443399696429,0.3592079207920792,0.8793969128572142,0.23663366336633662,0.10630676439484088,0.014296322747944826,2023-08-01 17:25:00+00:00
8192,501,midVol_lowFine,2023-06-12 05:15:00+00:00,2023-08-08 17:30:00+00:00,1903,1905,3,3.0,0.00025259780099303337,0.0002539792945461,0.43683168316831683,0.8733362266096348,0.07366336633663366,0.11183849444888883,0.014825278941476233,2023-08-04 17:25:00+00:00
8192,502,midVol_lowFine,2023-06-20 03:45:00+00:00,2023-08-14 17:45:00+00:00,1907,1909,3,3.0,0.0002532520624432,0.0002546463469286,0.44382838283828385,0.8770596481831516,0.15564356435643564,0.10929517380788102,0.013645178008967232,2023-08-14 17:45:00+00:00
8192,503,midVol_midFine,2023-06-26 12:05:00+00:00,2023-08-24 17:50:00+00:00,1910,1917,8,8.0,0.0002528752420859625,0.0002557512365523,0.4400990099009901,0.8800968044256299,0.2665841584158416,0.1069937389411551,0.012909456633214987,2023-08-23 17:50:00+00:00
8192,504,midVol_lowFine,2023-07-12 06:00:00+00:00,2023-09-13 18:05:00+00:00,1918,1931,14,14.0,0.00025423447027990713,0.0002628957524679,0.4553606789250355,0.8741446605470545,0.09001414427157003,0.11221983761794922,0.013635501834996072,2023-09-01 17:55:00+00:00
8192,505,midVol_midFine,2023-08-07 06:55:00+00:00,2023-10-02 19:50:00+00:00,1932,1944,13,13.0,0.0002482309739157461,0.0002545466515465,0.40155369383092165,0.8864924876180549,0.5637776085300836,0.1006431661054509,0.012864346276494215,2023-10-02 19:50:00+00:00
8192,506,midVol_midFine,2023-08-29 07:20:00+00:00,2023-10-13 19:55:00+00:00,1948,1953,6,6.0,0.00025855289434839997,0.0002624679886706,0.4972937293729373,0.8908681502067545,0.7657425742574256,0.09820891236213698,0.010922937431108332,2023-10-06 19:50:00+00:00
8192,507,midVol_midFine,2023-09-07 07:25:00+00:00,2023-11-07 20:15:00+00:00,1955,1970,16,16.0,0.00026744469755235625,0.0002727922133447,0.5610891089108911,0.8860252085270592,0.5443316831683168,0.1021582878525576,0.011816503620383043,2023-11-06 20:15:00+00:00
8192,508,midVol_lowFine,2023-10-04 09:15:00+00:00,2023-11-15 20:20:00+00:00,1974,1976,3,3.0,0.0002684296555475333,0.0002710552773325,0.5673927392739274,0.8767777172097047,0.14653465346534653,0.10607088650044745,0.017151396289847732,2023-11-15 20:20:00+00:00
8192,509,midVol_midFine,2023-10-09 09:20:00+00:00,2023-12-06 20:35:00+00:00,1977,1991,15,15.0,0.0002564853565888934,0.0002626544898986,0.4762772277227725,0.881516931133023,0.32963696369636963,0.10138322866767585,0.017099840199301018,2023-11-17 20:20:00+00:00
8192,510,midVol_midFine,2023-10-31 08:35:00+00:00,2023-12-12 20:40:00+00:00,1993,1995,3,3.0,0.0002542170338208333,0.0002570221805343,0.4533333333333333,0.8816228239455928,0.33504950495049507,0.10447016247491381,0.013907013579493267,2023-12-08 20:35:00+00:00
8192,511,midVol_midFine,2023-11-08 09:40:00+00:00,2024-01-05 13:35:00+00:00,1999,2011,13,13.0,0.00025508477858473844,0.0002632626036962,0.4626351865955828,0.8806935784596972,0.29407463823305413,0.10664395506940533,0.012662466470897353,2023-12-19 20:45:00+00:00
8192,512,midVol_lowFine,2023-11-27 09:55:00+00:00,2024-01-15 13:45:00+00:00,2012,2017,6,6.0,0.00025640688804335,0.0002590348135152,0.47518151815181514,0.8769395873850706,0.15346534653465346,0.1104296308130575,0.012630781801871731,2024-01-09 13:40:00+00:00
8192,513,midVol_midFine,2023-12-05 10:00:00+00:00,2024-01-22 19:05:00+00:00,2018,2022,5,5.0,0.00025131397384914,0.0002531771721577,0.425980198019802,0.8796194451690962,0.24863366336633663,0.10816846719328624,0.01221208763761744,2024-01-16 14:50:00+00:00
8192,514,midVol_midFine,2023-12-14 10:05:00+00:00,2024-01-31 19:10:00+00:00,2025,2029,5,5.0,0.00023494243886638,0.0002408915933961,0.31366336633663366,0.8827107866504733,0.3828910891089109,0.10477001427053287,0.01251919907899374,2024-01-25 19:05:00+00:00
8192,515,midVol_lowFine,2023-12-21 10:10:00+00:00,2024-03-11 18:40:00+00:00,2030,2057,28,28.0,0.0002321263989128786,0.0002477510010576,0.3074398868458274,0.8689865721598249,0.04878359264497878,0.11732861068573583,0.013684817154439099,2024-02-02 19:10:00+00:00
8192,516,lowVol_lowFine,2024-02-01 08:35:00+00:00,2024-04-15 21:10:00+00:00,2058,2082,25,25.0,0.000181679497738972,0.0002053238619098,0.0708910891089109,0.8688388775400623,0.045100990099009905,0.11575071054163553,0.015410411918302247,2024-03-12 18:40:00+00:00
8192,517,lowVol_midFine,2024-03-07 09:00:00+00:00,2024-04-22 21:15:00+00:00,2083,2087,5,5.0,0.00020264929613504,0.0002042101004838,0.15754455445544555,0.8806667657402674,0.2931485148514852,0.10222334702700124,0.0171098872327313,2024-04-22 21:15:00+00:00
8192,518,midVol_lowFine,2024-03-20 08:10:00+00:00,2024-05-01 21:30:00+00:00,2092,2094,3,3.0,0.00021712298782543336,0.000218557385148,0.23907590759075906,0.8757863296526706,0.1221122112211221,0.10877225493697651,0.015441415410352868,2024-05-01 21:30:00+00:00
8192,519,midVol_lowFine,2024-03-26 08:15:00+00:00,2024-05-20 21:55:00+00:00,2096,2107,12,12.0,0.00022627488910095003,0.0002284636950474,0.2745874587458746,0.8767158961374034,0.1436963696369637,0.10971607870191837,0.013568025160678248,2024-05-03 21:30:00+00:00
8192,520,lowVol_lowFine,2024-04-11 10:30:00+00:00,2024-06-18 22:15:00+00:00,2108,2128,21,21.0,0.00019020774251818096,0.000207132969981,0.10112211221122112,0.875352136296051,0.11377652050919379,0.11029813023191283,0.014349733472036105,2024-05-21 21:55:00+00:00
8192,521,lowVol_midFine,2024-05-10 11:00:00+00:00,2024-07-24 23:20:00+00:00,2129,2154,26,26.0,0.00019206937489229614,0.0001994582024391,0.11133282559025133,0.8834262273197996,0.4198324447829398,0.10060996163919475,0.015963811041005506,2024-07-11 23:10:00+00:00
8192,522,lowVol_highFine,2024-06-17 11:40:00+00:00,2024-08-01 23:25:00+00:00,2155,2160,6,6.0,0.00016805350450281665,0.0001692625370053,0.02475247524752475,0.8933101893274905,0.857029702970297,0.09600981649704382,0.010679994175465633,2024-07-25 23:20:00+00:00
8192,523,lowVol_midFine,2024-06-25 12:05:00+00:00,2024-08-18 23:40:00+00:00,2161,2171,11,11.0,0.0001849894730140909,0.0001882563035853,0.07848784878487848,0.8839011130156109,0.4424482448244824,0.1032485685170467,0.012850318467342265,2024-08-18 23:40:00+00:00
8192,524,lowVol_lowFine,2024-07-10 12:35:00+00:00,2024-08-29 23:45:00+00:00,2172,2180,9,9.0,0.0001941029822128,0.0002045592454218,0.1196919691969197,0.8757933528770793,0.12501650165016504,0.11027442340361174,0.013932223719308955,2024-08-29 23:45:00+00:00
8192,525,midVol_midFine,2024-07-29 12:50:00+00:00,2024-09-11 23:55:00+00:00,2185,2189,5,5.0,0.00021597090253344,0.0002184202293237,0.2335049504950495,0.881234944098632,0.31794059405940595,0.10661242138974814,0.012152634511619801,2024-09-08 23:55:00+00:00
8192,526,lowVol_midFine,2024-08-05 12:55:00+00:00,2024-09-19 00:00:00+00:00,2190,2194,5,5.0,0.00020496624320008,0.000209974970903,0.1706930693069307,0.8873148792039063,0.6076039603960396,0.10208869638948011,0.0105964244066135,2024-09-19 00:00:00+00:00
8192,527,midVol_lowFine,2024-08-14 13:00:00+00:00,2024-09-26 00:05:00+00:00,2197,2199,3,3.0,0.0002167766613373,0.0002174719419674,0.23735973597359736,0.8771710944760894,0.15867986798679867,0.11150531006441516,0.011323595459495331,2024-09-24 00:05:00+00:00
8192,528,midVol_lowFine,2024-08-20 13:05:00+00:00,2024-10-29 00:30:00+00:00,2201,2222,22,22.0,0.00022345839655339543,0.0002306421939773,0.26356435643564363,0.8750888245612344,0.11204320432043206,0.11445487864599016,0.010456296792775524,2024-10-07 00:15:00+00:00
8192,529,midVol_midFine,2024-09-24 13:30:00+00:00,2024-11-22 01:45:00+00:00,2226,2240,15,15.0,0.0002357691002359533,0.0002565694099573,0.3305874587458746,0.8840748286216192,0.45032343234323435,0.1022030455989761,0.013722125779404534,2024-11-22 01:45:00+00:00
8192,530,midVol_midFine,2024-10-16 13:45:00+00:00,2024-12-13 02:00:00+00:00,2242,2255,14,14.0,0.0003140211443001215,0.0003283520533335,0.757029702970297,0.8867413716567378,0.5768316831683168,0.10055042058534407,0.01270820775791798,2024-12-13 02:00:00+00:00
8192,531,midVol_midFine,2024-11-06 15:00:00+00:00,2025-01-03 19:30:00+00:00,2257,2269,13,13.0,0.00031482020877874613,0.0003236541998329,0.7648743335872049,0.8873876850671388,0.6095354150799696,0.10139263379590398,0.0112196811369571,2024-12-23 02:10:00+00:00
8192,532,midVol_lowFine,2024-11-25 15:15:00+00:00,2025-01-14 19:40:00+00:00,2270,2276,7,7.0,0.0003010488655636857,0.0003072260668264,0.7129278642149929,0.8744291350833053,0.09934936350777934,0.1125272655496281,0.013043599367066656,2025-01-10 19:35:00+00:00
8192,533,highVol_midFine,2024-12-10 15:25:00+00:00,2025-01-29 19:50:00+00:00,2281,2287,7,7.0,0.00033390953826114287,0.0003370703052063,0.8080339462517679,0.8794772789907147,0.2403960396039604,0.10815111268644528,0.012371608322839914,2025-01-29 19:50:00+00:00
8192,534,highVol_midFine,2024-12-20 15:30:00+00:00,2025-02-24 20:10:00+00:00,2289,2305,17,17.0,0.0003507616536161529,0.000364239110984,0.8332906231799652,0.8857260268984969,0.5262434478741992,0.10480144690655113,0.009472526194951864,2025-02-13 20:00:00+00:00
8192,535,midVol_midFine,2025-01-16 09:05:00+00:00,2025-03-04 20:15:00+00:00,2306,2311,6,6.0,0.0003156259833714833,0.0003280174453705,0.7612541254125412,0.8897738095642532,0.7197359735973596,0.09992155635373008,0.010304634082016683,2025-02-25 20:10:00+00:00
8192,536,midVol_highFine,2025-01-24 09:10:00+00:00,2025-03-07 20:15:00+00:00,2312,2314,3,3.0,0.0003213392493534334,0.0003262969812827,0.7837623762376239,0.8971944604094103,0.93003300330033,0.09181807746421033,0.010987462126379332,2025-03-07 20:15:00+00:00
8192,537,midVol_highFine,2025-01-31 09:15:00+00:00,2025-04-02 21:40:00+00:00,2317,2332,16,16.0,0.0003082883507115375,0.0003294205363728,0.7421287128712871,0.9042470422470716,0.9938861386138613,0.0847723579198364,0.010980599833091924,2025-03-12 19:20:00+00:00
8192,538,highVol_midFine,2025-02-26 09:35:00+00:00,2025-05-20 22:15:00+00:00,2335,2366,32,32.0,0.0004513340205961312,0.0004855715261675,0.9520915841584158,0.8865621771892442,0.5665470297029704,0.10132740536621146,0.012110417444544129,2025-05-12 22:10:00+00:00
8192,539,highVol_midFine,2025-04-17 11:15:00+00:00,2025-06-02 22:25:00+00:00,2371,2375,5,5.0,0.0003445587409709,0.0003481714547263,0.8234455445544555,0.8884432979683456,0.6552871287128713,0.09834353008988928,0.013213171941764962,2025-05-27 22:20:00+00:00
8192,540,midVol_midFine,2025-04-24 11:20:00+00:00,2025-07-09 22:50:00+00:00,2376,2402,27,27.0,0.0003074043946814629,0.0003268348841311,0.7344187752108544,0.886678735198233,0.5730693069306931,0.09961949337338202,0.013701771428384772,2025-06-03 22:25:00+00:00
8192,541,midVol_highFine,2025-06-02 11:50:00+00:00,2025-07-15 22:55:00+00:00,2403,2406,4,4.0,0.00028279922880355003,0.0002836593988155,0.6267326732673267,0.8932574694198783,0.8554455445544554,0.09515220415742642,0.01159032642269525,2025-07-10 22:50:00+00:00
8192,542,midVol_midFine,2025-06-06 11:50:00+00:00,2025-07-22 23:00:00+00:00,2407,2411,5,5.0,0.00028631531901616005,0.0002891158463756,0.6457821782178218,0.8841633457044644,0.4519603960396039,0.10489162388095066,0.010945030414584899,2025-07-16 22:55:00+00:00
8192,543,midVol_midFine,2025-06-16 12:00:00+00:00,2025-07-28 23:05:00+00:00,2413,2415,3,3.0,0.00027039454000199996,0.0002710684585563,0.5758415841584158,0.8793344489362349,0.23458745874587458,0.10988892001473431,0.010776631049030634,2025-07-24 23:00:00+00:00
8192,544,midVol_lowFine,2025-06-19 12:00:00+00:00,2025-10-02 00:00:00+00:00,2416,2462,47,47.0,0.0002721235036212404,0.000296640608627,0.5541015378133558,0.8632457570291879,0.02325679376448284,0.12250572765523143,0.014248515315580518,2025-08-04 23:10:00+00:00
8192,545,midVol_midFine,2025-08-25 12:50:00+00:00,2025-10-17 00:10:00+00:00,2463,2473,11,11.0,0.00024030400394930908,0.0002426864435581,0.3456345634563456,0.8845860013378217,0.4727272727272727,0.10437964857529664,0.011034350086881419,2025-10-13 00:10:00+00:00
8192,546,midVol_midFine,2025-09-10 13:10:00+00:00,2025-10-27 23:20:00+00:00,2475,2480,6,6.0,0.00023258762705505003,0.0002366304812773,0.30165016501650166,0.890047960823854,0.7303630363036304,0.09809213147356022,0.011859907702585734,2025-10-21 00:15:00+00:00
8192,547,midVol_highFine,2025-09-18 13:15:00+00:00,2025-11-12 00:30:00+00:00,2481,2491,11,11.0,0.00022014231295727275,0.0002242316530226,0.2481368136813682,0.8976396837189771,0.9534473447344735,0.09133799895074322,0.011022317330279557,2025-11-03 00:25:00+00:00
8192,548,lowVol_highFine,2025-10-08 13:30:00+00:00,2025-12-01 00:45:00+00:00,2495,2504,10,10.0,0.00019749878558938,0.0002034135227534,0.13409900990099013,0.8951124995470792,0.9016633663366337,0.09508564014458196,0.009801860308338819,2025-11-18 00:35:00+00:00
8192,549,lowVol_midFine,2025-10-24 13:40:00+00:00,2025-12-29 19:45:00+00:00,2507,2524,18,18.0,0.00018556475377753888,0.0001932408493958,0.07876787678767877,0.888150721441072,0.6443564356435644,0.10104828812417434,0.010800990434753667,2025-12-04 00:45:00+00:00
